signal,entry,exit,group,sector,ticker,skew90,mom20,dd60,stock_ret,pnl,vs_sector
2018-06-01,2018-06-04,2018-06-25,G1,XLK,AMD,0.33,0.3175,0.0,0.0175,0.0155,0.0466
2018-06-01,2018-06-04,2018-06-25,G1,XLY,GM,3.24,0.195,0.0,-0.0643,-0.0663,-0.0778
2018-06-01,2018-06-04,2018-06-25,G1,XLV,MRK,3.41,0.0527,0.0,-0.0075,-0.0095,-0.017
2018-06-01,2018-06-04,2018-06-25,G1,XLI,DE,3.82,0.1207,-0.083,-0.0785,-0.0805,-0.0362
2018-06-01,2018-06-04,2018-06-25,G1,XLC,MTCH,1.51,0.174,-0.1146,-0.0416,-0.0436,
2018-06-01,2018-06-04,2018-06-25,G1,XLB,FCX,2.65,0.1256,-0.1252,-0.0854,-0.0874,-0.0596
2018-06-01,2018-06-04,2018-06-25,G1,XLE,DVN,3.03,0.1129,-0.0227,0.0469,0.0449,0.0678
2018-06-01,2018-06-04,2018-06-25,G1,XLP,KO,2.41,0.0294,-0.0392,0.011,0.009,-0.0334
2018-06-01,2018-06-04,2018-06-25,G1,XLU,NRG,4.0,0.0482,-0.0286,-0.0824,-0.0844,-0.1274
2018-06-01,2018-06-04,2018-06-25,G2,XLC,CHTR,0.14,-0.035,-0.271,0.1028,-0.1048,
2018-06-01,2018-06-04,2018-06-25,G2,XLB,NEM,0.35,-0.0294,-0.0787,-0.0294,0.0274,0.0036
2018-06-01,2018-06-04,2018-06-25,G2,XLE,HAL,3.9,-0.0617,-0.0978,-0.053,0.051,0.0321
2018-06-01,2018-06-04,2018-06-25,G2,XLP,MNST,2.26,-0.0155,-0.1231,0.0935,-0.0955,-0.0491
2018-06-01,2018-06-04,2018-06-25,G2,XLU,DUK,3.86,-0.0348,-0.0437,0.0492,-0.0512,-0.0042
2018-06-01,2018-06-04,2018-06-25,G3,XLK,IBM,6.88,0.0108,-0.108,-0.0297,-0.0317,-0.0006
2018-06-01,2018-06-04,2018-06-25,G3,XLY,RCL,6.42,0.0057,-0.1554,-0.0105,-0.0125,-0.024
2018-06-01,2018-06-04,2018-06-25,G3,XLI,MMM,5.26,0.027,-0.1674,-0.0262,-0.0282,0.0161
2018-06-01,2018-06-04,2018-06-25,G3,XLC,TMUS,5.89,0.017,-0.1284,0.0457,0.0437,
2018-06-01,2018-06-04,2018-06-25,G3,XLB,PPG,5.76,-0.024,-0.1293,0.0262,0.0242,0.0519
2018-06-01,2018-06-04,2018-06-25,G3,XLP,GIS,7.21,0.0337,-0.1717,0.0631,0.0611,0.0187
2018-06-01,2018-06-04,2018-06-25,G3,XLU,PCG,8.98,-0.0473,-0.0968,0.0069,0.0049,-0.0381
2018-06-01,2018-06-04,2018-06-25,G4,XLK,MSFT,6.26,0.0761,0.0,-0.0323,0.0303,0.0032
2018-06-01,2018-06-04,2018-06-25,G4,XLY,HD,5.39,0.0284,-0.014,0.0262,-0.0282,-0.0127
2018-06-01,2018-06-04,2018-06-25,G4,XLV,PFE,7.01,0.053,-0.0123,-0.0019,-0.0001,0.0114
2018-06-01,2018-06-04,2018-06-25,G4,XLI,TDG,5.81,0.0569,0.0,0.0,-0.002,-0.0422
2018-06-01,2018-06-04,2018-06-25,G4,XLB,IP,6.69,0.0889,0.0,-0.0739,0.0719,0.0481
2018-06-01,2018-06-04,2018-06-25,G4,XLE,XOM,6.07,0.08,-0.0055,-0.0152,0.0132,-0.0057
2018-06-22,2018-06-25,2018-07-17,G1,XLK,AMD,-0.77,0.1782,-0.0766,0.1165,0.1145,0.0648
2018-06-22,2018-06-25,2018-07-17,G1,XLY,TSLA,3.94,0.2008,-0.1003,-0.031,-0.033,-0.0685
2018-06-22,2018-06-25,2018-07-17,G1,XLV,BSX,1.68,0.073,-0.0495,0.057,0.055,0.0189
2018-06-22,2018-06-25,2018-07-17,G1,XLC,NFLX,2.11,0.1769,-0.0136,-0.013,-0.015,-0.0555
2018-06-22,2018-06-25,2018-07-17,G1,XLE,EQT,1.61,0.0561,-0.0548,0.021,0.019,0.0014
2018-06-22,2018-06-25,2018-07-17,G1,XLP,PG,3.48,0.0496,-0.0143,0.0288,0.0268,0.0086
2018-06-22,2018-06-25,2018-07-17,G1,XLU,D,2.45,0.0597,0.0,0.0368,0.0348,0.0202
2018-06-22,2018-06-25,2018-07-17,G2,XLK,LRCX,3.49,-0.1406,-0.1728,0.0364,-0.0384,0.0152
2018-06-22,2018-06-25,2018-07-17,G2,XLV,DHR,3.61,-0.0292,-0.0382,0.0089,-0.0109,0.0291
2018-06-22,2018-06-25,2018-07-17,G2,XLC,T,2.44,-0.0333,-0.1151,0.0223,-0.0243,0.0202
2018-06-22,2018-06-25,2018-07-17,G2,XLB,NEM,2.06,-0.0594,-0.1036,-0.0014,-0.0006,0.0232
2018-06-22,2018-06-25,2018-07-17,G2,XLU,PCG,1.37,-0.0208,-0.0829,0.0066,-0.0086,0.01
2018-06-22,2018-06-25,2018-07-17,G3,XLK,ORCL,5.37,-0.0508,-0.0898,0.1087,0.1067,0.057
2018-06-22,2018-06-25,2018-07-17,G3,XLY,GM,6.04,0.0839,-0.0803,-0.0143,-0.0163,-0.0517
2018-06-22,2018-06-25,2018-07-17,G3,XLI,GD,6.01,-0.0927,-0.1619,0.022,0.02,-0.0066
2018-06-22,2018-06-25,2018-07-17,G3,XLB,IP,5.79,-0.0293,-0.1018,0.0015,-0.0005,-0.0204
2018-06-22,2018-06-25,2018-07-17,G3,XLE,MPC,6.77,-0.082,-0.1191,0.0247,0.0227,0.0052
2018-06-22,2018-06-25,2018-07-17,G3,XLP,MO,9.66,0.0328,-0.1056,0.0049,0.0029,-0.0153
2018-06-22,2018-06-25,2018-07-17,G4,XLK,AVGO,7.29,0.0807,-0.026,-0.1747,0.1727,0.2264
2018-06-22,2018-06-25,2018-07-17,G4,XLY,HD,7.15,0.0607,-0.0194,0.024,-0.026,0.0134
2018-06-22,2018-06-25,2018-07-17,G4,XLV,ISRG,6.98,0.0555,-0.0248,0.1062,-0.1082,-0.0682
2018-06-22,2018-06-25,2018-07-17,G4,XLI,TDG,6.24,0.0193,-0.0109,0.0738,-0.0758,-0.0452
2018-06-22,2018-06-25,2018-07-17,G4,XLC,OMC,5.11,0.0616,0.0,-0.0565,0.0545,0.0989
2018-06-22,2018-06-25,2018-07-17,G4,XLB,VMC,6.6,0.0286,-0.0125,-0.0372,0.0352,0.0591
2018-06-22,2018-06-25,2018-07-17,G4,XLE,OKE,7.22,0.0544,-0.0011,0.0237,-0.0257,-0.0042
2018-06-22,2018-06-25,2018-07-17,G4,XLP,KO,8.76,0.0311,-0.0277,0.0383,-0.0403,-0.0181
2018-06-22,2018-06-25,2018-07-17,G4,XLU,SO,10.1,0.0353,0.0,0.0225,-0.0245,-0.0059
2018-07-16,2018-07-17,2018-08-07,G1,XLK,AMD,-0.3,0.0147,-0.031,0.1595,0.1575,0.1529
2018-07-16,2018-07-17,2018-08-07,G1,XLY,AMZN,3.12,0.0621,0.0,0.0101,0.0081,0.0087
2018-07-16,2018-07-17,2018-08-07,G1,XLV,VRTX,3.5,0.169,0.0,-0.0278,-0.0298,-0.0579
2018-07-16,2018-07-17,2018-08-07,G1,XLC,LYV,3.53,0.0918,-0.0058,-0.0338,-0.0358,0.0067
2018-07-16,2018-07-17,2018-08-07,G1,XLB,IFF,2.04,0.0149,-0.1031,0.0406,0.0386,0.0304
2018-07-16,2018-07-17,2018-08-07,G1,XLE,FANG,2.74,0.1247,-0.0495,0.0313,0.0293,0.018
2018-07-16,2018-07-17,2018-08-07,G1,XLP,KDP,3.18,0.2677,-0.008,-0.0441,-0.0461,-0.0643
2018-07-16,2018-07-17,2018-08-07,G1,XLU,AEE,3.99,0.0767,-0.0111,0.0215,0.0195,0.0061
2018-07-16,2018-07-17,2018-08-07,G2,XLK,KLAC,3.79,-0.0769,-0.1183,0.1159,-0.1179,-0.1093
2018-07-16,2018-07-17,2018-08-07,G2,XLY,SBUX,3.27,-0.108,-0.1376,0.0154,-0.0174,-0.0141
2018-07-16,2018-07-17,2018-08-07,G2,XLI,DE,3.36,-0.0793,-0.1387,0.0588,-0.0608,-0.0214
2018-07-16,2018-07-17,2018-08-07,G2,XLC,MTCH,1.04,-0.0819,-0.1628,-0.0251,0.0231,-0.0155
2018-07-16,2018-07-17,2018-08-07,G2,XLB,NEM,1.97,-0.0495,-0.1141,-0.0236,0.0216,0.0337
2018-07-16,2018-07-17,2018-08-07,G2,XLE,HAL,3.01,-0.0352,-0.1704,-0.0672,0.0652,0.0806
2018-07-16,2018-07-17,2018-08-07,G3,XLY,TSLA,5.54,-0.1342,-0.1638,0.1763,0.1743,0.1749
2018-07-16,2018-07-17,2018-08-07,G3,XLV,MCK,5.82,-0.0961,-0.1406,-0.0582,-0.0602,-0.0883
2018-07-16,2018-07-17,2018-08-07,G3,XLI,PH,6.04,-0.0773,-0.1356,0.0966,0.0946,0.0592
2018-07-16,2018-07-17,2018-08-07,G3,XLB,LYB,6.61,-0.0789,-0.1005,0.0489,0.0469,0.0387
2018-07-16,2018-07-17,2018-08-07,G3,XLE,PSX,6.08,-0.0261,-0.0833,0.105,0.103,0.0917
2018-07-16,2018-07-17,2018-08-07,G4,XLK,NOW,5.01,0.0146,-0.0287,-0.0286,0.0266,0.0351
2018-07-16,2018-07-17,2018-08-07,G4,XLV,UNH,6.18,0.0039,-0.0066,0.0294,-0.0314,0.0007
2018-07-16,2018-07-17,2018-08-07,G4,XLI,CTAS,6.6,0.0104,-0.0164,0.0874,-0.0894,-0.0499
2018-07-16,2018-07-17,2018-08-07,G4,XLE,OKE,5.47,0.0329,-0.0195,-0.0179,0.0159,0.0312
2018-07-16,2018-07-17,2018-08-07,G4,XLP,PG,6.83,0.0278,-0.0036,0.042,-0.044,-0.0218
2018-07-16,2018-07-17,2018-08-07,G4,XLU,DTE,10.63,0.0952,-0.0068,0.0373,-0.0393,-0.0219
2018-08-06,2018-08-07,2018-08-28,G1,XLK,AMD,-0.37,0.1698,0.0,0.2807,0.2787,0.2575
2018-08-06,2018-08-07,2018-08-28,G1,XLY,ORLY,2.44,0.0902,0.0,0.0518,0.0498,0.0277
2018-08-06,2018-08-07,2018-08-28,G1,XLV,PFE,3.81,0.1138,0.0,0.0162,0.0142,-0.0093
2018-08-06,2018-08-07,2018-08-28,G1,XLI,WM,2.22,0.0894,-0.0032,0.0059,0.0039,-0.0076
2018-08-06,2018-08-07,2018-08-28,G1,XLC,DIS,3.73,0.0936,0.0,-0.0341,-0.0361,-0.039
2018-08-06,2018-08-07,2018-08-28,G1,XLE,MPC,2.61,0.1117,-0.0255,0.0384,0.0364,0.0557
2018-08-06,2018-08-07,2018-08-28,G1,XLP,HSY,3.14,0.0655,0.0,0.0091,0.0071,0.0109
2018-08-06,2018-08-07,2018-08-28,G1,XLU,DTE,3.7,0.0713,0.0,0.0034,0.0014,0.0029
2018-08-06,2018-08-07,2018-08-28,G2,XLK,AVGO,3.84,-0.1232,-0.1864,-0.0267,0.0247,0.0499
2018-08-06,2018-08-07,2018-08-28,G2,XLY,F,-0.15,-0.0919,-0.1601,-0.0069,0.0049,0.0311
2018-08-06,2018-08-07,2018-08-28,G2,XLV,SYK,2.94,-0.0431,-0.0734,0.0285,-0.0305,-0.0031
2018-08-06,2018-08-07,2018-08-28,G2,XLI,GE,2.8,-0.0609,-0.1356,-0.0304,0.0284,0.0439
2018-08-06,2018-08-07,2018-08-28,G2,XLC,NFLX,2.23,-0.1624,-0.1624,0.0474,-0.0494,-0.0425
2018-08-06,2018-08-07,2018-08-28,G2,XLB,FCX,3.33,-0.1472,-0.1514,-0.0456,0.0436,0.0496
2018-08-06,2018-08-07,2018-08-28,G2,XLE,HAL,2.7,-0.0844,-0.2258,-0.0324,0.0304,0.0151
2018-08-06,2018-08-07,2018-08-28,G3,XLY,MAR,5.4,-0.0068,-0.0868,0.0053,0.0033,-0.0188
2018-08-06,2018-08-07,2018-08-28,G3,XLV,MCK,5.9,-0.0833,-0.1587,0.0256,0.0236,0.0002
2018-08-06,2018-08-07,2018-08-28,G3,XLI,CAT,5.32,-0.0045,-0.1169,-0.0027,-0.0047,-0.0161
2018-08-06,2018-08-07,2018-08-28,G3,XLB,IP,5.5,-0.0028,-0.1035,-0.0171,-0.0191,-0.0211
2018-08-06,2018-08-07,2018-08-28,G4,XLK,APH,5.37,0.0515,-0.0163,0.0004,-0.0024,0.0227
2018-08-06,2018-08-07,2018-08-28,G4,XLY,RCL,8.82,0.0327,-0.0256,0.0709,-0.0729,-0.0467
2018-08-06,2018-08-07,2018-08-28,G4,XLV,DHR,6.93,0.0282,-0.0143,0.0043,-0.0063,0.0211
2018-08-06,2018-08-07,2018-08-28,G4,XLI,LMT,5.96,0.0341,-0.0282,0.0218,-0.0238,-0.0084
2018-08-06,2018-08-07,2018-08-28,G4,XLC,VZ,5.71,0.0343,-0.0002,0.0417,-0.0437,-0.0369
2018-08-06,2018-08-07,2018-08-28,G4,XLB,SHW,7.32,0.0705,-0.0102,0.0212,-0.0232,-0.0172
2018-08-06,2018-08-07,2018-08-28,G4,XLE,WMB,7.11,0.1367,0.0,-0.0472,0.0452,0.03
2018-08-06,2018-08-07,2018-08-28,G4,XLP,KR,11.17,0.0403,-0.0007,0.0419,-0.0439,-0.0437
2018-08-06,2018-08-07,2018-08-28,G4,XLU,XEL,14.25,0.0469,0.0,0.0078,-0.0098,-0.0073
2018-08-27,2018-08-28,2018-09-19,G1,XLK,AMD,-0.34,0.3007,0.0,0.2459,0.2439,0.2567
2018-08-27,2018-08-28,2018-09-19,G1,XLY,TJX,3.51,0.1148,-0.0056,0.0164,0.0144,0.0067
2018-08-27,2018-08-28,2018-09-19,G1,XLV,CVS,3.74,0.1117,0.0,0.0539,0.0519,0.0395
2018-08-27,2018-08-28,2018-09-19,G1,XLI,ADP,3.84,0.0693,0.0,0.0266,0.0246,-0.002
2018-08-27,2018-08-28,2018-09-19,G1,XLC,MTCH,1.66,0.442,-0.0004,0.1532,0.1512,0.1799
2018-08-27,2018-08-28,2018-09-19,G1,XLB,ECL,2.06,0.0645,0.0,0.0585,0.0565,0.0481
2018-08-27,2018-08-28,2018-09-19,G1,XLE,VLO,3.05,0.0409,-0.0192,-0.0888,-0.0908,-0.0932
2018-08-27,2018-08-28,2018-09-19,G1,XLP,SYY,2.93,0.118,-0.0164,-0.0199,-0.0219,-0.0332
2018-08-27,2018-08-28,2018-09-19,G1,XLU,DTE,3.11,0.033,-0.0201,-0.0071,-0.0091,-0.0054
2018-08-27,2018-08-28,2018-09-19,G2,XLK,AMAT,2.75,-0.0826,-0.1693,-0.1005,0.0985,0.0897
2018-08-27,2018-08-28,2018-09-19,G2,XLY,BKNG,3.31,-0.0464,-0.1013,-0.0023,0.0003,0.0121
2018-08-27,2018-08-28,2018-09-19,G2,XLV,GILD,2.35,-0.0197,-0.052,-0.0064,0.0044,0.0208
2018-08-27,2018-08-28,2018-09-19,G2,XLI,GE,3.71,-0.0296,-0.0988,0.0174,-0.0194,0.0112
2018-08-27,2018-08-28,2018-09-19,G2,XLB,NEM,1.73,-0.122,-0.1765,-0.0054,0.0034,0.0157
2018-08-27,2018-08-28,2018-09-19,G2,XLE,FANG,3.15,-0.0812,-0.1011,0.0616,-0.0636,-0.0572
2018-08-27,2018-08-28,2018-09-19,G3,XLY,TSLA,8.69,0.1003,-0.1589,-0.0412,-0.0432,-0.0509
2018-08-27,2018-08-28,2018-09-19,G3,XLV,MCK,5.07,0.0351,-0.1312,0.036,0.034,0.0215
2018-08-27,2018-08-28,2018-09-19,G3,XLC,OMC,5.03,0.0157,-0.1115,-0.0063,-0.0083,0.0204
2018-08-27,2018-08-28,2018-09-19,G3,XLB,VMC,5.68,-0.0287,-0.1454,0.0199,0.0179,0.0095
2018-08-27,2018-08-28,2018-09-19,G3,XLE,EOG,5.7,-0.0866,-0.0866,0.0186,0.0166,0.0142
2018-08-27,2018-08-28,2018-09-19,G4,XLK,IBM,6.64,0.0191,-0.0065,0.0168,-0.0188,-0.0276
2018-08-27,2018-08-28,2018-09-19,G4,XLY,RCL,5.43,0.0806,0.0,0.0923,-0.0943,-0.0825
2018-08-27,2018-08-28,2018-09-19,G4,XLV,MDT,6.16,0.0714,-0.0018,0.0072,-0.0092,0.0072
2018-08-27,2018-08-28,2018-09-19,G4,XLI,PH,7.12,0.0729,-0.0002,0.0876,-0.0896,-0.059
2018-08-27,2018-08-28,2018-09-19,G4,XLC,T,8.47,0.0259,-0.0245,0.0214,-0.0234,-0.0482
2018-08-27,2018-08-28,2018-09-19,G4,XLB,PPG,8.15,0.0171,0.0,0.0471,-0.0491,-0.0368
2018-08-27,2018-08-28,2018-09-19,G4,XLP,PG,7.88,0.0404,-0.0055,0.0062,-0.0082,0.0071
2018-08-27,2018-08-28,2018-09-19,G4,XLU,ED,9.61,0.0189,-0.0277,-0.0017,-0.0003,-0.0
2018-09-18,2018-09-19,2018-10-10,G1,XLK,AMD,-1.66,0.5981,-0.0241,-0.199,-0.201,-0.1379
2018-09-18,2018-09-19,2018-10-10,G1,XLY,TJX,2.7,0.073,-0.0213,-0.0068,-0.0088,0.0637
2018-09-18,2018-09-19,2018-10-10,G1,XLV,BSX,2.91,0.0882,0.0,-0.0368,-0.0388,-0.0255
2018-09-18,2018-09-19,2018-10-10,G1,XLI,UNP,1.33,0.091,0.0,-0.0512,-0.0532,-0.0013
2018-09-18,2018-09-19,2018-10-10,G1,XLC,MTCH,1.34,0.2343,0.0,-0.149,-0.151,-0.0974
2018-09-18,2018-09-19,2018-10-10,G1,XLB,ECL,3.93,0.0591,-0.0004,-0.0445,-0.0465,0.0522
2018-09-18,2018-09-19,2018-10-10,G1,XLE,MPC,1.46,0.0662,-0.0044,0.0014,-0.0006,-0.0089
2018-09-18,2018-09-19,2018-10-10,G1,XLP,TGT,3.55,0.0523,-0.0177,-0.0225,-0.0245,-0.0071
2018-09-18,2018-09-19,2018-10-10,G1,XLU,NRG,3.83,0.0497,-0.0099,0.0242,0.0222,0.0
2018-09-18,2018-09-19,2018-10-10,G2,XLK,LRCX,3.86,-0.0967,-0.1884,-0.0875,0.0855,0.0265
2018-09-18,2018-09-19,2018-10-10,G2,XLY,AZO,2.32,-0.0445,-0.0642,0.0317,-0.0337,-0.1022
2018-09-18,2018-09-19,2018-10-10,G2,XLV,ABBV,3.46,-0.0514,-0.0627,0.0226,-0.0246,-0.034
2018-09-18,2018-09-19,2018-10-10,G2,XLC,META,3.34,-0.0707,-0.263,-0.0716,0.0696,0.02
2018-09-18,2018-09-19,2018-10-10,G2,XLB,NEM,2.92,-0.028,-0.1934,-0.0305,0.0285,-0.0662
2018-09-18,2018-09-19,2018-10-10,G2,XLE,DVN,3.47,-0.0398,-0.136,-0.0645,0.0625,0.0747
2018-09-18,2018-09-19,2018-10-10,G2,XLP,MNST,3.54,-0.0435,-0.0447,-0.0914,0.0894,0.0759
2018-09-18,2018-09-19,2018-10-10,G3,XLK,TXN,6.11,-0.0378,-0.0968,-0.0757,-0.0777,-0.0147
2018-09-18,2018-09-19,2018-10-10,G3,XLY,TSLA,8.31,-0.0761,-0.2493,-0.1409,-0.1429,-0.0704
2018-09-18,2018-09-19,2018-10-10,G3,XLI,GE,5.41,0.0391,-0.098,0.0327,0.0307,0.0826
2018-09-18,2018-09-19,2018-10-10,G3,XLC,NWSA,5.79,-0.0774,-0.2061,0.02,0.018,0.0716
2018-09-18,2018-09-19,2018-10-10,G3,XLB,VMC,5.74,0.0283,-0.1325,-0.0801,-0.0821,0.0165
2018-09-18,2018-09-19,2018-10-10,G4,XLK,ORCL,6.46,0.0126,-0.0063,-0.0411,0.0391,-0.02
2018-09-18,2018-09-19,2018-10-10,G4,XLY,SBUX,6.89,0.0213,-0.0009,0.0105,-0.0125,-0.0809
2018-09-18,2018-09-19,2018-10-10,G4,XLV,ABT,6.44,0.0583,-0.0013,0.0061,-0.0081,-0.0175
2018-09-18,2018-09-19,2018-10-10,G4,XLI,LMT,7.15,0.0652,0.0,-0.0075,0.0055,-0.0425
2018-09-18,2018-09-19,2018-10-10,G4,XLB,PPG,7.78,0.0323,0.0,-0.1343,0.1323,0.0376
2018-09-18,2018-09-19,2018-10-10,G4,XLE,XOM,6.22,0.0612,0.0,-0.0013,-0.0007,0.0115
2018-09-18,2018-09-19,2018-10-10,G4,XLP,PG,6.4,0.0043,-0.003,-0.0305,0.0285,0.015
2018-09-18,2018-09-19,2018-10-10,G4,XLU,CNP,8.97,0.0088,-0.0111,-0.0011,-0.0009,0.0252
2018-10-09,2018-10-10,2018-10-31,G1,XLK,IBM,3.44,0.0051,-0.0423,-0.191,-0.193,-0.188
2018-10-09,2018-10-10,2018-10-31,G1,XLY,AZO,3.27,0.0239,-0.0075,-0.0574,-0.0594,-0.0294
2018-10-09,2018-10-10,2018-10-31,G1,XLV,LLY,3.31,0.0929,-0.0001,-0.0432,-0.0452,-0.0055
2018-10-09,2018-10-10,2018-10-31,G1,XLI,GE,2.76,0.1094,-0.0052,-0.2395,-0.2415,-0.1662
2018-10-09,2018-10-10,2018-10-31,G1,XLC,NWSA,-9.05,0.0758,-0.1262,0.0329,0.0309,0.0266
2018-10-09,2018-10-10,2018-10-31,G1,XLB,NUE,3.4,0.0221,-0.0573,-0.0315,-0.0335,-0.0014
2018-10-09,2018-10-10,2018-10-31,G1,XLE,FANG,3.04,0.1609,-0.0342,-0.1309,-0.1329,-0.0222
2018-10-09,2018-10-10,2018-10-31,G1,XLP,ADM,3.45,0.0342,-0.0066,-0.0576,-0.0596,-0.0876
2018-10-09,2018-10-10,2018-10-31,G1,XLU,VST,-0.52,0.1014,-0.0121,-0.0912,-0.0932,-0.0854
2018-10-09,2018-10-10,2018-10-31,G2,XLK,KLAC,3.7,-0.0613,-0.1656,-0.0246,0.0226,0.0216
2018-10-09,2018-10-10,2018-10-31,G2,XLY,AMZN,3.75,-0.0588,-0.083,-0.0896,0.0876,0.0615
2018-10-09,2018-10-10,2018-10-31,G2,XLC,META,2.92,-0.0485,-0.274,0.0027,-0.0047,0.0036
2018-10-09,2018-10-10,2018-10-31,G2,XLB,IP,3.37,-0.1349,-0.1821,0.042,-0.044,-0.0721
2018-10-09,2018-10-10,2018-10-31,G2,XLE,DVN,2.85,-0.0459,-0.1256,-0.1314,0.1294,0.0227
2018-10-09,2018-10-10,2018-10-31,G2,XLP,KR,3.5,-0.1105,-0.1425,0.0732,-0.0752,-0.0432
2018-10-09,2018-10-10,2018-10-31,G3,XLK,TXN,5.67,-0.03,-0.1144,-0.0565,-0.0585,-0.0535
2018-10-09,2018-10-10,2018-10-31,G3,XLY,TSLA,10.42,-0.0595,-0.3076,0.3131,0.3111,0.3412
2018-10-09,2018-10-10,2018-10-31,G3,XLB,PKG,5.59,-0.1673,-0.2117,0.0322,0.0302,0.0622
2018-10-09,2018-10-10,2018-10-31,G3,XLE,WMB,7.0,-0.0329,-0.1207,-0.1055,-0.1075,0.0032
2018-10-09,2018-10-10,2018-10-31,G3,XLP,GIS,6.7,-0.0637,-0.0837,-0.0032,-0.0052,-0.0331
2018-10-09,2018-10-10,2018-10-31,G3,XLU,SO,6.4,-0.0011,-0.0896,0.0248,0.0228,0.0305
2018-10-09,2018-10-10,2018-10-31,G4,XLK,CSCO,5.18,0.0166,-0.027,0.0026,-0.0046,-0.0057
2018-10-09,2018-10-10,2018-10-31,G4,XLY,MCD,6.75,0.0316,0.0,0.0507,-0.0527,-0.0787
2018-10-09,2018-10-10,2018-10-31,G4,XLV,MRK,6.95,0.0543,0.0,0.0449,-0.0469,-0.0826
2018-10-09,2018-10-10,2018-10-31,G4,XLI,GD,8.41,0.046,-0.0145,-0.1276,0.1256,0.0544
2018-10-09,2018-10-10,2018-10-31,G4,XLC,T,6.67,0.0457,0.0,-0.0661,0.0641,0.0724
2018-10-09,2018-10-10,2018-10-31,G4,XLB,ECL,5.9,0.003,-0.0279,0.0155,-0.0175,-0.0456
2018-10-09,2018-10-10,2018-10-31,G4,XLE,OKE,5.71,0.0569,-0.0243,-0.0254,0.0234,-0.0833
2018-10-09,2018-10-10,2018-10-31,G4,XLP,PM,7.69,0.1082,-0.0116,0.0408,-0.0428,-0.0108
2018-10-09,2018-10-10,2018-10-31,G4,XLU,PEG,6.96,0.0248,0.0,-0.0202,0.0182,0.0144
2018-10-30,2018-10-31,2018-11-21,G1,XLV,LLY,3.38,0.0035,-0.0617,0.0402,0.0382,0.031
2018-10-30,2018-10-31,2018-11-21,G1,XLC,CMCSA,3.9,0.0563,0.0,-0.0165,-0.0185,0.0395
2018-10-30,2018-10-31,2018-11-21,G1,XLP,HSY,2.41,0.052,-0.0012,-0.0026,-0.0046,0.0049
2018-10-30,2018-10-31,2018-11-21,G1,XLU,XEL,3.9,0.0406,-0.0113,0.0355,0.0335,0.0282
2018-10-30,2018-10-31,2018-11-21,G2,XLK,AMD,3.75,-0.4073,-0.4743,0.0286,-0.0306,-0.0954
2018-10-30,2018-10-31,2018-11-21,G2,XLY,RCL,2.73,-0.2071,-0.2295,0.0252,-0.0272,-0.0527
2018-10-30,2018-10-31,2018-11-21,G2,XLV,BMY,3.57,-0.1984,-0.2089,0.0526,-0.0546,-0.0435
2018-10-30,2018-10-31,2018-11-21,G2,XLI,UNP,2.92,-0.1034,-0.1134,-0.0145,0.0125,0.0144
2018-10-30,2018-10-31,2018-11-21,G2,XLB,FCX,3.42,-0.1754,-0.2558,-0.0206,0.0186,0.0449
2018-10-30,2018-10-31,2018-11-21,G2,XLE,SLB,1.45,-0.1546,-0.2091,-0.0715,0.0695,0.054
2018-10-30,2018-10-31,2018-11-21,G2,XLP,CL,3.9,-0.1009,-0.123,0.0398,-0.0418,-0.0473
2018-10-30,2018-10-31,2018-11-21,G2,XLU,VST,2.88,-0.1399,-0.1456,0.0075,-0.0095,-0.0002
2018-10-30,2018-10-31,2018-11-21,G3,XLK,AMAT,5.24,-0.1666,-0.351,0.0763,0.0743,0.1431
2018-10-30,2018-10-31,2018-11-21,G3,XLY,LOW,5.93,-0.1544,-0.1852,-0.0719,-0.0739,-0.0444
2018-10-30,2018-10-31,2018-11-21,G3,XLV,ABBV,6.04,-0.1249,-0.1654,0.1066,0.1046,0.0975
2018-10-30,2018-10-31,2018-11-21,G3,XLI,CAT,5.95,-0.2365,-0.2529,0.021,0.019,0.0212
2018-10-30,2018-10-31,2018-11-21,G3,XLC,NFLX,6.06,-0.2422,-0.2507,-0.1314,-0.1334,-0.0753
2018-10-30,2018-10-31,2018-11-21,G3,XLB,PKG,6.03,-0.1541,-0.2133,0.0431,0.0411,0.0188
2018-10-30,2018-10-31,2018-11-21,G3,XLE,VLO,5.01,-0.22,-0.2567,-0.1222,-0.1242,-0.1046
2018-10-30,2018-10-31,2018-11-21,G4,XLY,SBUX,6.87,0.054,-0.0086,0.152,-0.154,-0.1795
2018-10-30,2018-10-31,2018-11-21,G4,XLV,MRK,6.92,0.0156,0.0,0.016,-0.018,-0.0069
2018-10-30,2018-10-31,2018-11-21,G4,XLB,IFF,5.26,0.0358,0.0,-0.0357,0.0337,0.0601
2018-10-30,2018-10-31,2018-11-21,G4,XLP,PG,8.63,0.0666,-0.003,0.0308,-0.0328,-0.0382
2018-10-30,2018-10-31,2018-11-21,G4,XLU,DTE,7.89,0.0325,-0.0284,0.0387,-0.0407,-0.0314
2018-11-20,2018-11-21,2018-12-14,G1,XLC,CMCSA,3.14,0.0311,-0.0474,-0.0312,-0.0332,-0.0346
2018-11-20,2018-11-21,2018-12-14,G1,XLB,NEM,2.62,0.0151,-0.0126,-0.0042,-0.0062,0.0435
2018-11-20,2018-11-21,2018-12-14,G1,XLP,KMB,3.82,0.0716,-0.0469,0.0705,0.0685,0.0723
2018-11-20,2018-11-21,2018-12-14,G1,XLU,DUK,3.98,0.0873,0.0,0.0497,0.0477,-0.0009
2018-11-20,2018-11-21,2018-12-14,G2,XLK,AMD,3.03,-0.2344,-0.4129,0.0625,-0.0645,-0.064
2018-11-20,2018-11-21,2018-12-14,G2,XLY,AMZN,3.35,-0.1545,-0.2668,0.0496,-0.0516,-0.051
2018-11-20,2018-11-21,2018-12-14,G2,XLV,GILD,3.81,-0.0572,-0.1447,-0.0092,0.0072,0.0031
2018-11-20,2018-11-21,2018-12-14,G2,XLC,TMUS,1.87,-0.0391,-0.0556,-0.0169,0.0149,0.0204
2018-11-20,2018-11-21,2018-12-14,G2,XLB,FCX,3.09,-0.0629,-0.2555,-0.0736,0.0716,0.0259
2018-11-20,2018-11-21,2018-12-14,G2,XLE,EQT,2.27,-0.2758,-0.4006,0.0905,-0.0925,-0.1495
2018-11-20,2018-11-21,2018-12-14,G2,XLP,CL,2.41,-0.0172,-0.0921,0.0525,-0.0545,-0.0543
2018-11-20,2018-11-21,2018-12-14,G2,XLU,VST,3.26,-0.0058,-0.1269,0.0838,-0.0858,-0.0331
2018-11-20,2018-11-21,2018-12-14,G3,XLK,NVDA,5.56,-0.3256,-0.4848,0.013,0.011,0.0146
2018-11-20,2018-11-21,2018-12-14,G3,XLY,LOW,5.78,-0.1217,-0.2588,0.0565,0.0545,0.0579
2018-11-20,2018-11-21,2018-12-14,G3,XLV,VRTX,6.94,-0.0827,-0.1711,0.0612,0.0592,0.0674
2018-11-20,2018-11-21,2018-12-14,G3,XLI,GE,10.03,-0.3972,-0.4379,-0.0909,-0.0929,-0.0505
2018-11-20,2018-11-21,2018-12-14,G3,XLC,NFLX,5.68,-0.1986,-0.3001,0.018,0.016,0.0145
2018-11-20,2018-11-21,2018-12-14,G3,XLB,STLD,5.28,-0.0669,-0.1952,-0.1632,-0.1652,-0.1155
2018-11-20,2018-11-21,2018-12-14,G3,XLE,VLO,5.13,-0.1341,-0.342,-0.0745,-0.0765,-0.0155
2018-11-20,2018-11-21,2018-12-14,G3,XLP,TGT,5.45,-0.1581,-0.2202,-0.0302,-0.0322,-0.0283
2018-11-20,2018-11-21,2018-12-14,G3,XLU,PCG,10.95,-0.5029,-0.5198,0.0704,0.0684,0.0197
2018-11-20,2018-11-21,2018-12-14,G4,XLY,TSLA,9.54,0.1814,-0.0192,0.0814,-0.0834,-0.0828
2018-11-20,2018-11-21,2018-12-14,G4,XLV,MRK,6.58,0.0372,-0.0206,0.0298,-0.0318,-0.0359
2018-11-20,2018-11-21,2018-12-14,G4,XLC,VZ,9.11,0.0393,-0.0191,-0.0352,0.0332,0.0386
2018-11-20,2018-11-21,2018-12-14,G4,XLB,ECL,6.94,0.0545,-0.0269,-0.0035,0.0015,-0.0441
2018-11-20,2018-11-21,2018-12-14,G4,XLP,MDLZ,6.72,0.0589,-0.0171,0.0016,-0.0036,-0.0034
2018-11-20,2018-11-21,2018-12-14,G4,XLU,XEL,10.13,0.0597,0.0,0.0471,-0.0491,0.0036
2018-12-13,2018-12-14,2019-01-08,G1,XLY,AZO,3.06,0.0861,-0.0066,-0.0687,-0.0707,-0.0915
2018-12-13,2018-12-14,2019-01-08,G1,XLB,NEM,2.97,0.0882,-0.0012,0.0228,0.0208,0.003
2018-12-13,2018-12-14,2019-01-08,G1,XLP,CL,1.9,0.0584,-0.0461,-0.0709,-0.0729,-0.0275
2018-12-13,2018-12-14,2019-01-08,G1,XLU,EXC,3.37,0.0304,-0.0011,-0.0355,-0.0375,0.0228
2018-12-13,2018-12-14,2019-01-08,G2,XLK,LRCX,3.56,-0.0294,-0.1323,0.0115,-0.0135,-0.0383
2018-12-13,2018-12-14,2019-01-08,G2,XLY,NKE,3.48,-0.0273,-0.145,0.0579,-0.0599,-0.0352
2018-12-13,2018-12-14,2019-01-08,G2,XLV,GILD,3.63,-0.0423,-0.1403,0.0384,-0.0404,-0.0565
2018-12-13,2018-12-14,2019-01-08,G2,XLI,CTAS,3.92,-0.0353,-0.1839,0.0293,-0.0313,-0.0302
2018-12-13,2018-12-14,2019-01-08,G2,XLC,TMUS,3.53,-0.03,-0.0586,0.0323,-0.0343,-0.0173
2018-12-13,2018-12-14,2019-01-08,G2,XLB,FCX,3.25,-0.0293,-0.2497,0.0596,-0.0616,-0.0398
2018-12-13,2018-12-14,2019-01-08,G2,XLE,FANG,3.88,-0.1059,-0.3108,0.132,-0.134,-0.1367
2018-12-13,2018-12-14,2019-01-08,G2,XLP,MO,2.36,-0.1013,-0.1814,-0.0542,0.0522,0.0108
2018-12-13,2018-12-14,2019-01-08,G3,XLK,IBM,5.64,-0.0009,-0.2048,-0.0006,-0.0026,0.0262
2018-12-13,2018-12-14,2019-01-08,G3,XLY,ROST,5.99,-0.1916,-0.2157,0.1557,0.1537,0.1329
2018-12-13,2018-12-14,2019-01-08,G3,XLV,VRTX,5.47,0.0183,-0.1002,0.0478,0.0458,0.0659
2018-12-13,2018-12-14,2019-01-08,G3,XLI,GE,14.5,-0.1638,-0.471,0.2073,0.2053,0.2082
2018-12-13,2018-12-14,2019-01-08,G3,XLC,NFLX,5.47,-0.0624,-0.2764,0.2002,0.1982,0.1852
2018-12-13,2018-12-14,2019-01-08,G3,XLB,STLD,5.18,-0.1961,-0.3111,0.0291,0.0271,0.0093
2018-12-13,2018-12-14,2019-01-08,G3,XLE,VLO,6.01,-0.1125,-0.3819,0.0554,0.0534,0.06
2018-12-13,2018-12-14,2019-01-08,G3,XLP,GIS,6.24,-0.1618,-0.1655,0.0993,0.0973,0.1427
2018-12-13,2018-12-14,2019-01-08,G3,XLU,PCG,9.77,-0.1898,-0.4585,-0.3249,-0.3269,-0.2666
2018-12-13,2018-12-14,2019-01-08,G4,XLK,CSCO,6.04,0.0521,-0.0275,-0.042,0.04,0.0152
2018-12-13,2018-12-14,2019-01-08,G4,XLY,TSLA,9.28,0.1124,0.0,-0.083,0.081,0.1058
2018-12-13,2018-12-14,2019-01-08,G4,XLV,MRK,8.63,0.059,-0.0042,-0.0064,0.0044,-0.0116
2018-12-13,2018-12-14,2019-01-08,G4,XLI,WM,5.21,0.0117,-0.0253,0.0132,-0.0152,-0.014
2018-12-13,2018-12-14,2019-01-08,G4,XLC,OMC,5.11,0.0116,-0.0071,-0.0022,0.0002,0.0172
2018-12-13,2018-12-14,2019-01-08,G4,XLP,PG,6.69,0.0323,0.0,-0.0433,0.0413,-0.0002
2018-12-13,2018-12-14,2019-01-08,G4,XLU,NEE,9.31,0.0262,-0.0043,-0.0425,0.0405,-0.0158
2019-01-07,2019-01-08,2019-01-30,G1,XLE,EQT,3.5,0.0973,-0.2362,-0.0246,-0.0266,-0.0595
2019-01-07,2019-01-08,2019-01-30,G2,XLK,MU,3.41,-0.0974,-0.2131,0.1334,-0.1354,-0.073
2019-01-07,2019-01-08,2019-01-30,G2,XLV,BMY,1.26,-0.0837,-0.1971,0.0181,-0.0201,0.0117
2019-01-07,2019-01-08,2019-01-30,G2,XLB,PPG,2.8,-0.0525,-0.0933,0.0394,-0.0414,0.0022
2019-01-07,2019-01-08,2019-01-30,G2,XLE,DVN,3.45,-0.0838,-0.3184,0.083,-0.085,-0.048
2019-01-07,2019-01-08,2019-01-30,G2,XLP,KR,3.23,-0.0555,-0.1066,-0.007,0.005,0.0217
2019-01-07,2019-01-08,2019-01-30,G3,XLK,NVDA,5.62,-0.0941,-0.4178,-0.0174,-0.0194,-0.0779
2019-01-07,2019-01-08,2019-01-30,G3,XLY,RCL,5.88,-0.0701,-0.1571,0.1641,0.1621,0.13
2019-01-07,2019-01-08,2019-01-30,G3,XLV,UNH,8.21,-0.1328,-0.1615,0.1113,0.1093,0.0815
2019-01-07,2019-01-08,2019-01-30,G3,XLI,GE,17.44,0.1908,-0.341,0.0631,0.0611,-0.0102
2019-01-07,2019-01-08,2019-01-30,G3,XLC,NFLX,6.11,0.1147,-0.1353,0.0637,0.0617,0.0591
2019-01-07,2019-01-08,2019-01-30,G3,XLB,STLD,5.65,-0.0322,-0.2603,0.1193,0.1173,0.0778
2019-01-07,2019-01-08,2019-01-30,G3,XLE,SLB,5.13,-0.0508,-0.3323,0.1065,0.1045,0.0715
2019-01-07,2019-01-08,2019-01-30,G3,XLP,PM,5.58,-0.1973,-0.2446,0.0974,0.0954,0.0827
2019-01-07,2019-01-08,2019-01-30,G3,XLU,PCG,14.32,-0.272,-0.6129,-0.2215,-0.2235,-0.2323
2019-01-07,2019-01-08,2019-01-30,G4,XLY,CMG,5.51,0.0324,-0.0114,0.0716,-0.0736,-0.0375
2019-01-07,2019-01-08,2019-01-30,G4,XLC,TMUS,7.51,0.0169,-0.027,0.0081,-0.0101,-0.0036
2019-01-07,2019-01-08,2019-01-30,G4,XLU,CNP,6.38,0.022,-0.0187,0.0297,-0.0317,-0.0189
2019-01-29,2019-01-30,2019-02-21,G1,XLK,MU,3.7,0.1844,-0.0865,0.086,0.084,0.0348
2019-01-29,2019-01-30,2019-02-21,G1,XLY,CMG,3.64,0.2496,-0.0245,0.128,0.126,0.1028
2019-01-29,2019-01-30,2019-02-21,G1,XLV,VRTX,3.9,0.1546,-0.0427,-0.0213,-0.0233,-0.0455
2019-01-29,2019-01-30,2019-02-21,G1,XLC,NWSA,2.24,0.1307,-0.1067,0.0103,0.0083,-0.0195
2019-01-29,2019-01-30,2019-02-21,G1,XLB,MLM,3.53,0.072,-0.0885,0.0664,0.0644,0.0409
2019-01-29,2019-01-30,2019-02-21,G1,XLE,DVN,3.2,0.1955,-0.2047,0.0788,0.0768,0.0441
2019-01-29,2019-01-30,2019-02-21,G1,XLP,MNST,3.43,0.1313,-0.0753,0.0473,0.0453,0.004
2019-01-29,2019-01-30,2019-02-21,G1,XLU,AEE,-1.99,0.039,-0.0422,0.048,0.046,-0.0093
2019-01-29,2019-01-30,2019-02-21,G2,XLY,AZO,3.59,-0.01,-0.066,0.0749,-0.0769,-0.0498
2019-01-29,2019-01-30,2019-02-21,G2,XLV,BMY,0.03,-0.044,-0.0993,0.026,-0.028,-0.0019
2019-01-29,2019-01-30,2019-02-21,G3,XLK,QCOM,5.34,-0.1304,-0.2162,0.0435,0.0415,-0.0078
2019-01-29,2019-01-30,2019-02-21,G3,XLY,TSLA,7.45,-0.1091,-0.2105,-0.0568,-0.0588,-0.0819
2019-01-29,2019-01-30,2019-02-21,G3,XLV,ABBV,6.68,-0.1394,-0.1681,-0.0039,-0.0059,-0.028
2019-01-29,2019-01-30,2019-02-21,G3,XLI,ADP,6.23,0.0369,-0.0932,0.083,0.081,0.0235
2019-01-29,2019-01-30,2019-02-21,G3,XLC,TTWO,5.04,-0.036,-0.218,-0.1463,-0.1483,-0.1761
2019-01-29,2019-01-30,2019-02-21,G3,XLB,STLD,5.94,0.2015,-0.1337,0.0469,0.0449,0.0215
2019-01-29,2019-01-30,2019-02-21,G3,XLE,TRGP,5.74,0.2471,-0.1758,-0.0266,-0.0286,-0.0613
2019-01-29,2019-01-30,2019-02-21,G3,XLP,MO,7.54,-0.061,-0.2861,0.0538,0.0518,0.0105
2019-01-29,2019-01-30,2019-02-21,G3,XLU,PCG,6.47,-0.4144,-0.7133,0.4192,0.4172,0.3619
2019-01-29,2019-01-30,2019-02-21,G4,XLK,ORCL,7.68,0.1113,-0.0266,0.0347,-0.0367,0.0165
2019-01-29,2019-01-30,2019-02-21,G4,XLY,RCL,6.92,0.1667,-0.0127,-0.0001,-0.0019,0.0252
2019-01-29,2019-01-30,2019-02-21,G4,XLI,UNP,6.62,0.171,-0.0048,0.0581,-0.0601,0.0013
2019-01-29,2019-01-30,2019-02-21,G4,XLC,T,8.35,0.1025,-0.0105,0.0497,-0.0517,-0.0199
2019-01-29,2019-01-30,2019-02-21,G4,XLB,LIN,5.66,0.0314,-0.0286,0.0521,-0.0541,-0.0266
2019-01-29,2019-01-30,2019-02-21,G4,XLE,OKE,6.19,0.2172,-0.0039,0.0561,-0.0581,-0.0214
2019-01-29,2019-01-30,2019-02-21,G4,XLP,PG,8.69,0.034,-0.0244,0.0556,-0.0576,-0.0123
2019-01-29,2019-01-30,2019-02-21,G4,XLU,SO,7.27,0.0826,-0.0079,0.062,-0.064,-0.0048
2019-02-20,2019-02-21,2019-03-14,G1,XLK,AMD,2.45,0.212,-0.0228,-0.046,-0.048,-0.0833
2019-02-20,2019-02-21,2019-03-14,G1,XLY,CMG,2.29,0.1493,-0.0135,0.0685,0.0665,0.0707
2019-02-20,2019-02-21,2019-03-14,G1,XLV,BMY,-0.03,0.0318,-0.0361,-0.0048,-0.0068,-0.007
2019-02-20,2019-02-21,2019-03-14,G1,XLI,LMT,3.86,0.0988,-0.0001,-0.0126,-0.0146,0.001
2019-02-20,2019-02-21,2019-03-14,G1,XLC,MTCH,3.17,0.1713,-0.0225,-0.0453,-0.0473,-0.0782
2019-02-20,2019-02-21,2019-03-14,G1,XLB,APD,3.28,0.1264,0.0,0.0366,0.0346,0.0361
2019-02-20,2019-02-21,2019-03-14,G1,XLE,DVN,3.66,0.1367,0.0,-0.009,-0.011,-0.0163
2019-02-20,2019-02-21,2019-03-14,G1,XLP,MDLZ,3.52,0.1127,-0.0035,-0.0219,-0.0239,-0.0219
2019-02-20,2019-02-21,2019-03-14,G1,XLU,PCG,3.77,1.3649,-0.3369,0.0057,0.0037,-0.0245
2019-02-20,2019-02-21,2019-03-14,G2,XLV,CVS,3.95,-0.0032,-0.1939,-0.1038,0.1018,0.1059
2019-02-20,2019-02-21,2019-03-14,G2,XLC,TTWO,1.7,-0.1739,-0.2077,0.0553,-0.0573,-0.0224
2019-02-20,2019-02-21,2019-03-14,G2,XLB,IFF,3.99,-0.0587,-0.1091,-0.0294,0.0274,0.0299
2019-02-20,2019-02-21,2019-03-14,G2,XLE,EQT,2.32,-0.0305,-0.085,0.0436,-0.0456,-0.0363
2019-02-20,2019-02-21,2019-03-14,G3,XLY,TSLA,6.98,0.0122,-0.197,-0.0044,-0.0064,-0.0022
2019-02-20,2019-02-21,2019-03-14,G3,XLV,AMGN,7.01,-0.0674,-0.0955,0.0122,0.0102,0.01
2019-02-20,2019-02-21,2019-03-14,G3,XLP,ADM,6.9,-0.0285,-0.0965,0.0183,0.0163,0.0183
2019-02-20,2019-02-21,2019-03-14,G4,XLK,IBM,9.47,0.1395,-0.005,0.0069,-0.0089,0.0304
2019-02-20,2019-02-21,2019-03-14,G4,XLY,HD,6.01,0.0832,-0.0028,-0.0462,0.0442,0.044
2019-02-20,2019-02-21,2019-03-14,G4,XLV,ABT,6.32,0.0567,0.0,0.0511,-0.0531,-0.0489
2019-02-20,2019-02-21,2019-03-14,G4,XLI,HON,7.65,0.1056,0.0,0.0173,-0.0193,-0.0309
2019-02-20,2019-02-21,2019-03-14,G4,XLC,T,7.61,0.0088,-0.0057,-0.0178,0.0158,0.0507
2019-02-20,2019-02-21,2019-03-14,G4,XLB,PPG,8.39,0.0517,-0.0074,-0.0041,0.0021,0.0046
2019-02-20,2019-02-21,2019-03-14,G4,XLE,PSX,8.33,0.0567,0.0,0.0171,-0.0191,-0.0098
2019-02-20,2019-02-21,2019-03-14,G4,XLP,PG,6.97,0.0977,-0.0071,0.0154,-0.0174,-0.0154
2019-02-20,2019-02-21,2019-03-14,G4,XLU,XEL,8.54,0.0681,0.0,0.0326,-0.0346,-0.0024
2019-03-13,2019-03-14,2019-04-04,G1,XLK,NVDA,3.55,0.1166,0.0,0.1371,0.1351,0.0894
2019-03-13,2019-03-14,2019-04-04,G1,XLY,CMG,2.98,0.0731,0.0,0.0949,0.0929,0.0318
2019-03-13,2019-03-14,2019-04-04,G1,XLV,BMY,0.43,0.0253,-0.0526,-0.0563,-0.0583,-0.0541
2019-03-13,2019-03-14,2019-04-04,G1,XLC,LYV,3.72,0.1382,-0.0071,-0.0074,-0.0094,-0.0313
2019-03-13,2019-03-14,2019-04-04,G1,XLB,FCX,2.6,0.1018,-0.0517,0.1006,0.0986,0.0553
2019-03-13,2019-03-14,2019-04-04,G1,XLE,DVN,2.62,0.1298,-0.0311,0.0512,0.0492,0.0374
2019-03-13,2019-03-14,2019-04-04,G1,XLP,KMB,3.88,0.0304,-0.0017,0.0299,0.0279,0.0114
2019-03-13,2019-03-14,2019-04-04,G1,XLU,PCG,3.08,0.2612,-0.2518,-0.0333,-0.0353,-0.0261
2019-03-13,2019-03-14,2019-04-04,G2,XLV,CVS,3.65,-0.1558,-0.207,-0.0444,0.0424,0.0422
2019-03-13,2019-03-14,2019-04-04,G2,XLB,IFF,3.7,-0.1401,-0.1401,0.0613,-0.0633,-0.016
2019-03-13,2019-03-14,2019-04-04,G2,XLE,EOG,3.84,-0.0738,-0.1235,0.0444,-0.0464,-0.0306
2019-03-13,2019-03-14,2019-04-04,G3,XLY,TSLA,8.72,-0.0733,-0.2099,-0.0765,-0.0785,-0.1396
2019-03-13,2019-03-14,2019-04-04,G3,XLV,MCK,6.01,-0.1207,-0.1355,-0.023,-0.025,-0.0208
2019-03-13,2019-03-14,2019-04-04,G3,XLI,BA,6.31,-0.0818,-0.1441,0.0604,0.0584,0.0263
2019-03-13,2019-03-14,2019-04-04,G3,XLE,TRGP,5.76,-0.0653,-0.1485,-0.0079,-0.0099,-0.0217
2019-03-13,2019-03-14,2019-04-04,G3,XLP,KR,5.15,-0.1305,-0.1701,-0.0432,-0.0452,-0.0618
2019-03-13,2019-03-14,2019-04-04,G4,XLK,IBM,9.18,0.0184,-0.0083,0.0287,-0.0307,0.019
2019-03-13,2019-03-14,2019-04-04,G4,XLY,RCL,5.97,0.0131,-0.0262,-0.005,0.003,0.0681
2019-03-13,2019-03-14,2019-04-04,G4,XLV,JNJ,8.87,0.046,0.0,-0.0178,0.0158,0.0156
2019-03-13,2019-03-14,2019-04-04,G4,XLI,MMM,6.3,0.0074,-0.0186,0.0369,-0.0389,-0.0027
2019-03-13,2019-03-14,2019-04-04,G4,XLC,CHTR,5.19,0.0227,-0.0056,-0.0198,0.0178,0.0437
2019-03-13,2019-03-14,2019-04-04,G4,XLB,PPG,6.4,0.0391,-0.0127,0.0485,-0.0505,-0.0032
2019-03-13,2019-03-14,2019-04-04,G4,XLE,OKE,8.4,0.0322,-0.0185,0.0352,-0.0372,-0.0214
2019-03-13,2019-03-14,2019-04-04,G4,XLP,TGT,8.4,0.105,0.0,0.0639,-0.0659,-0.0454
2019-03-13,2019-03-14,2019-04-04,G4,XLU,AEP,8.39,0.0359,0.0,-0.0043,0.0023,-0.0029
2019-04-03,2019-04-04,2019-04-26,G1,XLK,AMD,1.63,0.295,0.0,-0.0416,-0.0436,-0.0813
2019-04-03,2019-04-04,2019-04-26,G1,XLY,CMG,3.73,0.1504,-0.0066,-0.0378,-0.0398,-0.0707
2019-04-03,2019-04-04,2019-04-26,G1,XLI,GE,3.93,0.1098,-0.0707,-0.0459,-0.0479,-0.0554
2019-04-03,2019-04-04,2019-04-26,G1,XLC,TTWO,3.01,0.1228,-0.1099,0.0272,0.0252,-0.0263
2019-04-03,2019-04-04,2019-04-26,G1,XLB,LIN,1.18,0.0861,0.0,-0.0307,-0.0327,-0.0174
2019-04-03,2019-04-04,2019-04-26,G1,XLE,DVN,3.18,0.0722,-0.0367,0.0542,0.0522,0.0575
2019-04-03,2019-04-04,2019-04-26,G1,XLP,MDLZ,3.82,0.0643,-0.0038,0.0129,0.0109,-0.0156
2019-04-03,2019-04-04,2019-04-26,G1,XLU,ETR,0.79,0.0213,-0.0255,0.0162,0.0142,0.0069
2019-04-03,2019-04-04,2019-04-26,G2,XLV,BMY,1.12,-0.1136,-0.1286,-0.0167,0.0147,-0.0091
2019-04-03,2019-04-04,2019-04-26,G2,XLC,NWSA,3.09,-0.0407,-0.0501,-0.0032,0.0012,0.0567
2019-04-03,2019-04-04,2019-04-26,G2,XLP,KR,3.79,-0.1632,-0.2013,0.0557,-0.0577,-0.0272
2019-04-03,2019-04-04,2019-04-26,G3,XLY,TSLA,6.34,0.0564,-0.1598,-0.1219,-0.1239,-0.1548
2019-04-03,2019-04-04,2019-04-26,G3,XLV,MCK,6.6,0.0138,-0.1531,0.0223,0.0203,0.0482
2019-04-03,2019-04-04,2019-04-26,G3,XLI,BA,5.18,-0.0936,-0.1268,-0.0381,-0.0401,-0.0476
2019-04-03,2019-04-04,2019-04-26,G3,XLB,STLD,5.58,-0.0263,-0.0866,-0.1036,-0.1056,-0.0903
2019-04-03,2019-04-04,2019-04-26,G3,XLE,TRGP,6.63,0.0072,-0.1529,0.0089,0.0069,0.0123
2019-04-03,2019-04-04,2019-04-26,G4,XLK,AVGO,6.07,0.1311,-0.0052,0.0278,-0.0298,0.0119
2019-04-03,2019-04-04,2019-04-26,G4,XLY,HD,7.23,0.0848,0.0,0.0158,-0.0178,0.0171
2019-04-03,2019-04-04,2019-04-26,G4,XLV,MRK,8.15,0.037,-0.0014,-0.0638,0.0618,0.0379
2019-04-03,2019-04-04,2019-04-26,G4,XLI,ADP,6.83,0.0617,-0.006,0.0274,-0.0294,-0.0179
2019-04-03,2019-04-04,2019-04-26,G4,XLC,T,6.0,0.0691,-0.0025,-0.0202,0.0182,0.0738
2019-04-03,2019-04-04,2019-04-26,G4,XLB,LYB,7.81,0.0148,0.0,-0.0454,0.0434,0.0321
2019-04-03,2019-04-04,2019-04-26,G4,XLE,WMB,8.83,0.0719,-0.015,-0.0115,0.0095,0.0081
2019-04-03,2019-04-04,2019-04-26,G4,XLP,GIS,7.52,0.0743,-0.0292,0.0263,-0.0283,0.0022
2019-04-03,2019-04-04,2019-04-26,G4,XLU,VST,11.62,0.0431,-0.0213,0.0372,-0.0392,-0.0279
2019-04-25,2019-04-26,2019-05-17,G1,XLK,QCOM,0.96,0.4948,-0.0203,-0.0593,-0.0613,-0.0188
2019-04-25,2019-04-26,2019-05-17,G1,XLY,AMZN,2.71,0.0773,-0.0112,-0.0418,-0.0438,-0.0024
2019-04-25,2019-04-26,2019-05-17,G1,XLC,DIS,3.7,0.2445,0.0,-0.0349,-0.0369,-0.0002
2019-04-25,2019-04-26,2019-05-17,G1,XLE,FANG,2.9,0.0709,-0.0197,0.0355,0.0335,0.0728
2019-04-25,2019-04-26,2019-05-17,G1,XLP,CHD,3.39,0.0584,-0.0066,-0.0002,-0.0022,-0.0137
2019-04-25,2019-04-26,2019-05-17,G2,XLK,IBM,2.16,-0.0044,-0.0449,-0.0253,0.0233,-0.0152
2019-04-25,2019-04-26,2019-05-17,G2,XLY,ORLY,3.05,-0.0178,-0.0702,-0.0709,0.0689,0.0315
2019-04-25,2019-04-26,2019-05-17,G2,XLV,BMY,1.13,-0.0404,-0.1442,0.0209,-0.0229,-0.0273
2019-04-25,2019-04-26,2019-05-17,G2,XLI,MMM,3.61,-0.0794,-0.1311,-0.1178,0.1158,0.083
2019-04-25,2019-04-26,2019-05-17,G2,XLB,NEM,3.51,-0.0922,-0.1157,-0.0172,0.0152,-0.0252
2019-04-25,2019-04-26,2019-05-17,G2,XLE,CVX,3.74,-0.0398,-0.0693,0.0393,-0.0413,-0.0766
2019-04-25,2019-04-26,2019-05-17,G2,XLU,CNP,-0.73,-0.001,-0.0283,-0.0134,0.0114,0.0251
2019-04-25,2019-04-26,2019-05-17,G3,XLY,TSLA,7.24,-0.099,-0.2294,-0.1025,-0.1045,-0.0631
2019-04-25,2019-04-26,2019-05-17,G3,XLV,MCK,7.43,-0.0043,-0.1521,0.0631,0.0611,0.0695
2019-04-25,2019-04-26,2019-05-17,G3,XLB,STLD,6.23,-0.0817,-0.1856,-0.0494,-0.0514,-0.007
2019-04-25,2019-04-26,2019-05-17,G3,XLE,TRGP,5.11,-0.0135,-0.1599,0.0614,0.0594,0.0987
2019-04-25,2019-04-26,2019-05-17,G3,XLP,MO,9.11,-0.0869,-0.1095,-0.0083,-0.0103,-0.0218
2019-04-25,2019-04-26,2019-05-17,G4,XLK,NOW,7.18,0.08,0.0,0.0221,-0.0241,-0.0626
2019-04-25,2019-04-26,2019-05-17,G4,XLY,RCL,7.99,0.088,-0.027,0.0307,-0.0327,-0.0701
2019-04-25,2019-04-26,2019-05-17,G4,XLV,DHR,6.44,0.0063,-0.0131,0.0013,-0.0033,-0.0077
2019-04-25,2019-04-26,2019-05-17,G4,XLI,ETN,6.86,0.0558,-0.0209,-0.0517,0.0497,0.0169
2019-04-25,2019-04-26,2019-05-17,G4,XLC,CHTR,7.09,0.0316,0.0,0.0439,-0.0459,-0.0786
2019-04-25,2019-04-26,2019-05-17,G4,XLB,ECL,6.12,0.0465,-0.0106,-0.0182,0.0162,-0.0242
2019-04-25,2019-04-26,2019-05-17,G4,XLE,VLO,5.56,0.0559,-0.0035,-0.0603,0.0583,0.023
2019-04-25,2019-04-26,2019-05-17,G4,XLP,PG,9.11,0.0108,-0.0261,0.015,-0.017,-0.0015
2019-04-25,2019-04-26,2019-05-17,G4,XLU,SO,8.41,0.004,-0.0053,0.0362,-0.0382,-0.0245
2019-05-16,2019-05-17,2019-06-10,G1,XLK,QCOM,3.33,0.0472,-0.0726,-0.1266,-0.1286,-0.1477
2019-05-16,2019-05-17,2019-06-10,G1,XLV,DHR,3.19,0.0592,-0.0172,0.0524,0.0504,0.0203
2019-05-16,2019-05-17,2019-06-10,G1,XLC,MTCH,3.5,0.2631,0.0,-0.0351,-0.0371,-0.0051
2019-05-16,2019-05-17,2019-06-10,G1,XLB,VMC,3.51,0.069,0.0,0.0457,0.0437,-0.0088
2019-05-16,2019-05-17,2019-06-10,G1,XLE,TRGP,2.78,0.0974,0.0,-0.0877,-0.0897,-0.0517
2019-05-16,2019-05-17,2019-06-10,G1,XLP,HSY,2.76,0.1006,0.0,0.0667,0.0647,0.0511
2019-05-16,2019-05-17,2019-06-10,G1,XLU,WEC,2.03,0.058,0.0,0.0227,0.0207,0.0079
2019-05-16,2019-05-17,2019-06-10,G2,XLK,NVDA,3.66,-0.1447,-0.1661,-0.0507,0.0487,0.0718
2019-05-16,2019-05-17,2019-06-10,G2,XLY,AZO,2.76,-0.0666,-0.0816,0.1292,-0.1312,-0.1219
2019-05-16,2019-05-17,2019-06-10,G2,XLI,MMM,3.73,-0.2106,-0.2173,0.0038,-0.0058,0.0096
2019-05-16,2019-05-17,2019-06-10,G2,XLC,NWSA,3.46,-0.0842,-0.1231,0.0316,-0.0336,-0.0616
2019-05-16,2019-05-17,2019-06-10,G2,XLB,FCX,2.66,-0.2493,-0.2493,0.0231,-0.0251,0.0314
2019-05-16,2019-05-17,2019-06-10,G2,XLE,HAL,3.68,-0.1808,-0.1864,-0.1286,0.1266,0.0925
2019-05-16,2019-05-17,2019-06-10,G2,XLP,TGT,3.95,-0.1362,-0.1422,0.235,-0.237,-0.2194
2019-05-16,2019-05-17,2019-06-10,G2,XLU,DUK,3.53,-0.0212,-0.0476,-0.0104,0.0084,0.0252
2019-05-16,2019-05-17,2019-06-10,G3,XLK,KLAC,5.66,-0.1147,-0.1474,0.0448,0.0428,0.0237
2019-05-16,2019-05-17,2019-06-10,G3,XLY,TSLA,6.54,-0.1582,-0.2862,0.0088,0.0068,0.0014
2019-05-16,2019-05-17,2019-06-10,G3,XLV,ISRG,5.58,-0.0634,-0.1607,0.0399,0.0379,0.0078
2019-05-16,2019-05-17,2019-06-10,G3,XLI,BA,5.45,-0.0574,-0.1924,-0.0034,-0.0054,-0.0168
2019-05-16,2019-05-17,2019-06-10,G3,XLB,STLD,5.21,-0.0948,-0.2029,-0.1319,-0.1339,-0.1864
2019-05-16,2019-05-17,2019-06-10,G3,XLE,MPC,5.34,-0.1134,-0.1785,-0.0822,-0.0842,-0.0461
2019-05-16,2019-05-17,2019-06-10,G3,XLP,MO,9.49,-0.0739,-0.0987,-0.0218,-0.0238,-0.0374
2019-05-16,2019-05-17,2019-06-10,G3,XLU,NRG,7.25,-0.13,-0.1739,-0.0388,-0.0408,-0.0536
2019-05-16,2019-05-17,2019-06-10,G4,XLK,ORCL,7.3,0.0029,-0.0139,-0.009,0.007,0.0301
2019-05-16,2019-05-17,2019-06-10,G4,XLI,CTAS,5.85,0.0656,0.0,0.0498,-0.0518,-0.0364
2019-05-16,2019-05-17,2019-06-10,G4,XLC,CHTR,8.66,0.0567,0.0,0.0233,-0.0253,-0.0533
2019-05-16,2019-05-17,2019-06-10,G4,XLB,LIN,5.94,0.043,0.0,0.0655,-0.0675,-0.011
2019-05-16,2019-05-17,2019-06-10,G4,XLE,KMI,5.11,0.0501,0.0,0.0332,-0.0352,-0.0692
2019-05-16,2019-05-17,2019-06-10,G4,XLP,GIS,8.46,0.0068,-0.0059,-0.0202,0.0182,0.0358
2019-05-16,2019-05-17,2019-06-10,G4,XLU,ED,7.49,0.0384,0.0,0.0033,-0.0053,0.0115
2019-06-07,2019-06-10,2019-07-01,G1,XLK,AMD,1.11,0.1911,0.0,-0.0611,-0.0631,-0.0947
2019-06-07,2019-06-10,2019-07-01,G1,XLY,CMG,3.98,0.0067,-0.0125,0.0068,0.0048,-0.0267
2019-06-07,2019-06-10,2019-07-01,G1,XLC,TTWO,3.2,0.0933,0.0,0.0374,0.0354,-0.0091
2019-06-07,2019-06-10,2019-07-01,G1,XLB,NEM,1.65,0.1967,0.0,0.0742,0.0722,0.0452
2019-06-07,2019-06-10,2019-07-01,G1,XLP,HSY,3.92,0.1058,0.0,-0.0182,-0.0202,-0.0219
2019-06-07,2019-06-10,2019-07-01,G1,XLU,WEC,3.06,0.0789,-0.0074,0.0047,0.0027,-0.0004
2019-06-07,2019-06-10,2019-07-01,G2,XLK,QCOM,3.36,-0.1726,-0.2237,0.099,-0.101,-0.0653
2019-06-07,2019-06-10,2019-07-01,G2,XLY,LOW,3.33,-0.0897,-0.1708,0.0612,-0.0632,-0.0277
2019-06-07,2019-06-10,2019-07-01,G2,XLC,FOXA,3.83,-0.1111,-0.1793,0.0555,-0.0575,-0.0091
2019-06-07,2019-06-10,2019-07-01,G2,XLB,FCX,1.55,-0.0824,-0.2711,0.0792,-0.0812,-0.0501
2019-06-07,2019-06-10,2019-07-01,G2,XLE,DVN,3.36,-0.1779,-0.2693,0.1104,-0.1124,-0.0631
2019-06-07,2019-06-10,2019-07-01,G2,XLP,KR,3.15,-0.0512,-0.0684,-0.1144,0.1124,0.1181
2019-06-07,2019-06-10,2019-07-01,G2,XLU,CNP,3.55,-0.0051,-0.0658,-0.0149,0.0129,0.02
2019-06-07,2019-06-10,2019-07-01,G3,XLK,AVGO,5.28,-0.096,-0.1425,0.0822,0.0802,0.0485
2019-06-07,2019-06-10,2019-07-01,G3,XLY,TSLA,7.03,-0.1549,-0.2992,0.0671,0.0651,0.0337
2019-06-07,2019-06-10,2019-07-01,G3,XLI,PH,6.72,-0.0363,-0.1239,0.0191,0.0171,-0.0074
2019-06-07,2019-06-10,2019-07-01,G3,XLC,FOX,22.65,-0.1073,-0.1737,0.0658,0.0638,0.0193
2019-06-07,2019-06-10,2019-07-01,G3,XLB,STLD,6.34,-0.2002,-0.2765,0.1866,0.1846,0.1576
2019-06-07,2019-06-10,2019-07-01,G3,XLE,EOG,5.68,-0.1023,-0.2099,0.0926,0.0906,0.0454
2019-06-07,2019-06-10,2019-07-01,G3,XLP,PM,5.52,-0.0686,-0.1387,0.0286,0.0266,0.0249
2019-06-07,2019-06-10,2019-07-01,G3,XLU,NRG,5.26,-0.0532,-0.1986,0.036,0.034,0.0309
2019-06-07,2019-06-10,2019-07-01,G4,XLK,NOW,5.84,0.015,-0.0123,0.0277,-0.0297,0.006
2019-06-07,2019-06-10,2019-07-01,G4,XLY,SBUX,7.14,0.0588,0.0,0.032,-0.034,0.0015
2019-06-07,2019-06-10,2019-07-01,G4,XLV,ABT,6.87,0.0565,0.0,0.0396,-0.0416,-0.0153
2019-06-07,2019-06-10,2019-07-01,G4,XLI,NOC,6.16,0.0836,0.0,0.0232,-0.0252,0.0032
2019-06-07,2019-06-10,2019-07-01,G4,XLC,T,7.04,0.0695,0.0,0.047,-0.049,-0.0005
2019-06-07,2019-06-10,2019-07-01,G4,XLB,APD,5.97,0.0911,0.0,0.0392,-0.0412,-0.0102
2019-06-07,2019-06-10,2019-07-01,G4,XLE,KMI,5.79,0.071,0.0,0.0,-0.002,0.0472
2019-06-07,2019-06-10,2019-07-01,G4,XLP,PEP,6.84,0.0666,0.0,-0.0129,0.0109,0.0165
2019-06-07,2019-06-10,2019-07-01,G4,XLU,SO,9.6,0.057,-0.0121,0.0066,-0.0086,-0.0015
2019-06-28,2019-07-01,2019-07-23,G1,XLK,NVDA,3.5,0.2124,-0.1441,0.0571,0.0551,0.0219
2019-06-28,2019-07-01,2019-07-23,G1,XLY,AZO,3.44,0.0705,-0.0255,0.066,0.064,0.0426
2019-06-28,2019-07-01,2019-07-23,G1,XLV,AMGN,3.4,0.1055,-0.0488,-0.0555,-0.0575,-0.0452
2019-06-28,2019-07-01,2019-07-23,G1,XLC,META,3.98,0.0875,-0.0126,0.0485,0.0465,0.0414
2019-06-28,2019-07-01,2019-07-23,G1,XLB,FCX,3.12,0.1957,-0.1824,0.0221,0.0201,0.0134
2019-06-28,2019-07-01,2019-07-23,G1,XLP,COST,3.98,0.103,-0.0116,0.0628,0.0608,0.0354
2019-06-28,2019-07-01,2019-07-23,G1,XLU,WEC,3.7,0.035,-0.024,0.0316,0.0296,0.0252
2019-06-28,2019-07-01,2019-07-23,G2,XLV,ABBV,2.44,-0.052,-0.1226,-0.0632,0.0612,0.0529
2019-06-28,2019-07-01,2019-07-23,G2,XLC,GOOGL,3.52,-0.0214,-0.1646,0.0437,-0.0457,-0.0366
2019-06-28,2019-07-01,2019-07-23,G2,XLE,EQT,0.31,-0.1361,-0.2714,-0.0249,0.0229,0.0163
2019-06-28,2019-07-01,2019-07-23,G2,XLP,KR,1.62,-0.0482,-0.1548,-0.0361,0.0341,0.0635
2019-06-28,2019-07-01,2019-07-23,G2,XLU,VST,3.51,-0.0341,-0.1649,-0.0584,0.0564,0.0648
2019-06-28,2019-07-01,2019-07-23,G3,XLK,QCOM,5.54,0.1488,-0.1403,-0.0439,-0.0459,-0.0791
2019-06-28,2019-07-01,2019-07-23,G3,XLY,TSLA,6.54,0.2068,-0.1905,0.1453,0.1433,0.1219
2019-06-28,2019-07-01,2019-07-23,G3,XLI,MMM,6.72,0.0851,-0.2035,0.0172,0.0152,0.0043
2019-06-28,2019-07-01,2019-07-23,G3,XLB,DOW,6.95,0.0545,-0.1621,0.049,0.047,0.0404
2019-06-28,2019-07-01,2019-07-23,G3,XLE,HAL,5.75,0.0771,-0.2791,0.0388,0.0368,0.0474
2019-06-28,2019-07-01,2019-07-23,G3,XLP,MO,8.92,-0.0197,-0.1553,0.0493,0.0473,0.0219
2019-06-28,2019-07-01,2019-07-23,G4,XLK,TXN,5.77,0.1002,-0.0246,0.0246,-0.0266,0.0106
2019-06-28,2019-07-01,2019-07-23,G4,XLY,HD,7.4,0.1031,-0.0155,0.0133,-0.0153,0.0101
2019-06-28,2019-07-01,2019-07-23,G4,XLV,MRK,7.96,0.0656,-0.0194,-0.0321,0.0301,0.0218
2019-06-28,2019-07-01,2019-07-23,G4,XLI,ETN,7.34,0.118,-0.0185,-0.0165,0.0145,0.0294
2019-06-28,2019-07-01,2019-07-23,G4,XLC,NWSA,7.36,0.1844,-0.0052,-0.0162,0.0142,0.0232
2019-06-28,2019-07-01,2019-07-23,G4,XLB,LIN,7.43,0.1122,-0.0158,0.0188,-0.0208,-0.0102
2019-06-28,2019-07-01,2019-07-23,G4,XLE,CVX,8.84,0.093,-0.008,0.0079,-0.0099,-0.0165
2019-06-28,2019-07-01,2019-07-23,G4,XLP,KO,7.09,0.0445,-0.0193,0.0529,-0.0549,-0.0255
2019-06-28,2019-07-01,2019-07-23,G4,XLU,D,7.73,0.0408,-0.024,-0.021,0.019,0.0274
2019-07-22,2019-07-23,2019-08-13,G1,XLK,MU,2.24,0.4192,0.0,-0.0592,-0.0612,-0.0267
2019-07-22,2019-07-23,2019-08-13,G1,XLY,ORLY,3.94,0.0492,-0.0266,-0.048,-0.05,-0.0109
2019-07-22,2019-07-23,2019-08-13,G1,XLV,CVS,3.14,0.0341,-0.043,0.0732,0.0712,0.078
2019-07-22,2019-07-23,2019-08-13,G1,XLC,MTCH,3.03,0.1497,0.0,0.0558,0.0538,0.059
2019-07-22,2019-07-23,2019-08-13,G1,XLB,NEM,1.04,0.0643,0.0,-0.0495,-0.0515,-0.0155
2019-07-22,2019-07-23,2019-08-13,G1,XLE,OKE,3.85,0.0029,-0.0303,0.0294,0.0274,0.0971
2019-07-22,2019-07-23,2019-08-13,G1,XLP,HSY,3.12,0.0724,-0.003,0.0548,0.0528,0.062
2019-07-22,2019-07-23,2019-08-13,G1,XLU,ETR,3.69,0.0109,-0.0126,0.0371,0.0351,0.0215
2019-07-22,2019-07-23,2019-08-13,G2,XLV,BMY,2.04,-0.1255,-0.1255,0.0799,-0.0819,-0.0848
2019-07-22,2019-07-23,2019-08-13,G2,XLC,NFLX,2.52,-0.1587,-0.1933,0.0162,-0.0182,-0.0194
2019-07-22,2019-07-23,2019-08-13,G2,XLB,IP,0.16,-0.0199,-0.082,-0.0799,0.0779,0.046
2019-07-22,2019-07-23,2019-08-13,G2,XLP,KR,1.22,-0.0621,-0.1879,0.1071,-0.1091,-0.1143
2019-07-22,2019-07-23,2019-08-13,G2,XLU,VST,3.51,-0.1033,-0.2029,0.0541,-0.0561,-0.0386
2019-07-22,2019-07-23,2019-08-13,G3,XLY,RCL,7.28,-0.028,-0.1422,-0.0413,-0.0433,-0.0042
2019-07-22,2019-07-23,2019-08-13,G3,XLV,ABBV,6.24,-0.1237,-0.1539,-0.0402,-0.0422,-0.0353
2019-07-22,2019-07-23,2019-08-13,G3,XLI,MMM,5.53,0.0074,-0.0811,-0.0712,-0.0732,-0.0302
2019-07-22,2019-07-23,2019-08-13,G3,XLB,DD,5.03,-0.0358,-0.1123,-0.0611,-0.0631,-0.0272
2019-07-22,2019-07-23,2019-08-13,G3,XLE,EOG,5.01,-0.0528,-0.1061,-0.1036,-0.1056,-0.0359
2019-07-22,2019-07-23,2019-08-13,G3,XLP,ADM,6.32,-0.017,-0.0868,-0.0686,-0.0706,-0.0614
2019-07-22,2019-07-23,2019-08-13,G3,XLU,PCG,5.91,-0.2313,-0.263,-0.1027,-0.1047,-0.1182
2019-07-22,2019-07-23,2019-08-13,G4,XLK,APH,7.36,0.0172,-0.0262,-0.1052,0.1032,0.0727
2019-07-22,2019-07-23,2019-08-13,G4,XLY,ROST,8.75,0.019,-0.0126,0.0031,-0.0051,-0.0402
2019-07-22,2019-07-23,2019-08-13,G4,XLV,ABT,6.56,0.04,0.0,-0.0208,0.0188,0.016
2019-07-22,2019-07-23,2019-08-13,G4,XLI,CTAS,7.43,0.1147,-0.0062,0.0206,-0.0226,-0.0617
2019-07-22,2019-07-23,2019-08-13,G4,XLC,CHTR,6.61,0.0334,-0.0187,-0.0691,0.0671,0.0659
2019-07-22,2019-07-23,2019-08-13,G4,XLB,PPG,7.15,0.0076,-0.0179,-0.0452,0.0432,0.0112
2019-07-22,2019-07-23,2019-08-13,G4,XLE,CVX,6.36,0.003,-0.0053,-0.0273,0.0253,-0.0404
2019-07-22,2019-07-23,2019-08-13,G4,XLP,PG,8.68,0.0436,-0.0012,0.0299,-0.0319,-0.037
2019-07-22,2019-07-23,2019-08-13,G4,XLU,SRE,5.69,0.0037,-0.0043,-0.0115,0.0095,0.0271
2019-08-12,2019-08-13,2019-09-04,G1,XLV,AMGN,2.63,0.1684,0.0,0.0081,0.0061,0.0251
2019-08-12,2019-08-13,2019-09-04,G1,XLC,MTCH,2.27,0.1308,-0.0995,0.0625,0.0605,0.0589
2019-08-12,2019-08-13,2019-09-04,G1,XLP,KR,1.54,0.0448,-0.0645,0.0773,0.0753,0.0433
2019-08-12,2019-08-13,2019-09-04,G1,XLU,WEC,3.66,0.0422,0.0,0.089,0.087,0.0403
2019-08-12,2019-08-13,2019-09-04,G2,XLY,TJX,3.41,-0.0841,-0.0877,0.0204,-0.0224,-0.0054
2019-08-12,2019-08-13,2019-09-04,G2,XLV,JNJ,2.71,-0.0206,-0.0853,-0.0269,0.0249,0.0099
2019-08-12,2019-08-13,2019-09-04,G2,XLI,UBER,2.37,-0.1691,-0.2022,-0.1224,0.1204,0.1278
2019-08-12,2019-08-13,2019-09-04,G2,XLC,DIS,2.72,-0.0642,-0.0727,0.0064,-0.0084,-0.0028
2019-08-12,2019-08-13,2019-09-04,G2,XLB,FCX,3.22,-0.1454,-0.2027,-0.0607,0.0587,0.0518
2019-08-12,2019-08-13,2019-09-04,G2,XLU,CNP,-0.44,-0.0424,-0.0759,0.0158,-0.0178,0.0329
2019-08-12,2019-08-13,2019-09-04,G3,XLK,NOW,6.68,-0.1412,-0.1447,0.0241,0.0221,0.0178
2019-08-12,2019-08-13,2019-09-04,G3,XLY,RCL,7.86,-0.0492,-0.1366,-0.0393,-0.0413,-0.0544
2019-08-12,2019-08-13,2019-09-04,G3,XLV,ABBV,7.51,-0.0817,-0.197,0.0211,0.0191,0.0381
2019-08-12,2019-08-13,2019-09-04,G3,XLI,CAT,6.29,-0.1577,-0.1577,0.0008,-0.0012,-0.0047
2019-08-12,2019-08-13,2019-09-04,G3,XLC,META,5.23,-0.0909,-0.0952,-0.007,-0.009,-0.0106
2019-08-12,2019-08-13,2019-09-04,G3,XLB,IFF,6.09,-0.1704,-0.2069,-0.0574,-0.0594,-0.0485
2019-08-12,2019-08-13,2019-09-04,G3,XLE,EQT,5.03,-0.219,-0.4313,-0.1398,-0.1418,-0.1239
2019-08-12,2019-08-13,2019-09-04,G3,XLP,MNST,7.15,-0.1345,-0.1442,0.0003,-0.0017,-0.0337
2019-08-12,2019-08-13,2019-09-04,G3,XLU,PCG,7.85,-0.0558,-0.3006,-0.3693,-0.3713,-0.418
2019-08-12,2019-08-13,2019-09-04,G4,XLY,MCD,6.05,0.0138,-0.018,-0.0003,-0.0017,0.0154
2019-08-12,2019-08-13,2019-09-04,G4,XLV,MRK,7.59,0.0501,-0.0216,-0.0003,-0.0017,-0.0167
2019-08-12,2019-08-13,2019-09-04,G4,XLI,LMT,8.39,0.0253,-0.0005,0.0374,-0.0394,-0.0319
2019-08-12,2019-08-13,2019-09-04,G4,XLC,T,8.59,0.0228,-0.0017,0.0247,-0.0267,-0.0211
2019-08-12,2019-08-13,2019-09-04,G4,XLB,ECL,8.24,0.0299,-0.0053,-0.003,0.001,-0.0058
2019-08-12,2019-08-13,2019-09-04,G4,XLP,GIS,8.64,0.0216,-0.0042,-0.0013,-0.0007,0.0354
2019-08-12,2019-08-13,2019-09-04,G4,XLU,NEE,7.29,0.0316,-0.0048,0.0453,-0.0473,0.0034
2019-09-03,2019-09-04,2019-09-25,G1,XLC,MTCH,1.93,0.176,-0.0849,-0.1658,-0.1678,-0.1748
2019-09-03,2019-09-04,2019-09-25,G1,XLB,NEM,1.37,0.0794,-0.0117,-0.0318,-0.0338,-0.0557
2019-09-03,2019-09-04,2019-09-25,G1,XLP,HSY,3.32,0.0777,-0.0034,-0.0498,-0.0518,-0.0431
2019-09-03,2019-09-04,2019-09-25,G1,XLU,WEC,1.62,0.1304,0.0,-0.0236,-0.0256,-0.0446
2019-09-03,2019-09-04,2019-09-25,G2,XLV,GILD,3.08,-0.0062,-0.0924,0.0242,-0.0262,-0.0189
2019-09-03,2019-09-04,2019-09-25,G2,XLI,UBER,1.85,-0.2138,-0.3381,-0.0097,0.0077,0.0421
2019-09-03,2019-09-04,2019-09-25,G2,XLC,FOX,-2.94,-0.0928,-0.1371,-0.0364,0.0344,0.0454
2019-09-03,2019-09-04,2019-09-25,G2,XLB,FCX,3.02,-0.0993,-0.2404,0.084,-0.086,-0.06
2019-09-03,2019-09-04,2019-09-25,G2,XLE,EQT,3.12,-0.2315,-0.4197,0.0558,-0.0578,-0.0043
2019-09-03,2019-09-04,2019-09-25,G2,XLP,MO,3.76,-0.0559,-0.1422,-0.0668,0.0648,0.0601
2019-09-03,2019-09-04,2019-09-25,G3,XLK,CSCO,7.26,-0.0948,-0.199,0.0484,0.0464,0.0355
2019-09-03,2019-09-04,2019-09-25,G3,XLY,RCL,6.49,-0.0449,-0.1724,0.0543,0.0523,0.0481
2019-09-03,2019-09-04,2019-09-25,G3,XLV,PFE,6.55,-0.0227,-0.1789,0.002,-0.0,-0.0033
2019-09-03,2019-09-04,2019-09-25,G3,XLI,GE,6.61,-0.1377,-0.22,0.042,0.04,0.0096
2019-09-03,2019-09-04,2019-09-25,G3,XLB,IFF,6.29,-0.2285,-0.2791,0.0979,0.0959,0.074
2019-09-03,2019-09-04,2019-09-25,G3,XLE,DVN,5.51,-0.0819,-0.2356,0.0858,0.0838,0.0344
2019-09-03,2019-09-04,2019-09-25,G3,XLP,PM,8.37,-0.0947,-0.1811,0.048,0.046,0.0546
2019-09-03,2019-09-04,2019-09-25,G3,XLU,PCG,7.26,-0.4111,-0.5587,0.0075,0.0055,-0.0135
2019-09-03,2019-09-04,2019-09-25,G4,XLK,INTU,8.09,0.0784,-0.0144,-0.0694,0.0674,0.0823
2019-09-03,2019-09-04,2019-09-25,G4,XLY,SBUX,8.03,0.0367,-0.0199,-0.0599,0.0579,0.0661
2019-09-03,2019-09-04,2019-09-25,G4,XLV,MRK,7.56,0.0425,-0.003,-0.0279,0.0259,0.0331
2019-09-03,2019-09-04,2019-09-25,G4,XLI,TDG,8.48,0.2275,-0.0066,-0.0159,0.0139,0.0483
2019-09-03,2019-09-04,2019-09-25,G4,XLC,VZ,9.89,0.0511,-0.0021,0.0359,-0.0379,-0.027
2019-09-03,2019-09-04,2019-09-25,G4,XLB,SHW,6.62,0.0666,-0.0055,0.0185,-0.0205,0.0055
2019-09-03,2019-09-04,2019-09-25,G4,XLE,OKE,8.42,0.0434,-0.0094,0.0365,-0.0385,0.015
2019-09-03,2019-09-04,2019-09-25,G4,XLP,GIS,8.42,0.0282,-0.0163,-0.0026,0.0006,-0.0041
2019-09-03,2019-09-04,2019-09-25,G4,XLU,ED,9.19,0.0694,0.0,0.0346,-0.0366,-0.0136
2019-09-24,2019-09-25,2019-10-16,G1,XLY,ROST,3.53,0.0319,-0.0157,0.0371,0.0351,0.0249
2019-09-24,2019-09-25,2019-10-16,G1,XLV,LLY,4.0,0.0132,-0.0251,-0.0309,-0.0329,-0.0441
2019-09-24,2019-09-25,2019-10-16,G1,XLB,NEM,1.34,0.0251,-0.0142,-0.044,-0.046,-0.0347
2019-09-24,2019-09-25,2019-10-16,G1,XLE,MPC,3.75,0.205,-0.0263,0.0422,0.0402,0.0942
2019-09-24,2019-09-25,2019-10-16,G1,XLU,VST,0.94,0.1174,-0.0059,-0.018,-0.02,-0.0004
2019-09-24,2019-09-25,2019-10-16,G2,XLK,AMD,3.28,-0.0251,-0.1416,0.043,-0.045,-0.0285
2019-09-24,2019-09-25,2019-10-16,G2,XLV,VRTX,3.75,-0.045,-0.0779,0.0268,-0.0288,-0.0136
2019-09-24,2019-09-25,2019-10-16,G2,XLI,UBER,1.37,-0.0603,-0.2971,0.006,-0.008,-0.0123
2019-09-24,2019-09-25,2019-10-16,G2,XLC,MTCH,1.07,-0.1524,-0.2064,0.0725,-0.0745,-0.0671
2019-09-24,2019-09-25,2019-10-16,G3,XLK,NOW,5.5,-0.034,-0.1482,-0.0184,-0.0204,-0.0329
2019-09-24,2019-09-25,2019-10-16,G3,XLY,TSLA,5.5,0.0382,-0.1573,0.1358,0.1338,0.1235
2019-09-24,2019-09-25,2019-10-16,G3,XLV,PFE,6.47,0.0336,-0.1814,0.0123,0.0103,-0.0009
2019-09-24,2019-09-25,2019-10-16,G3,XLI,GE,6.56,0.1155,-0.1592,-0.0284,-0.0304,-0.0221
2019-09-24,2019-09-25,2019-10-16,G3,XLC,FOX,12.28,0.0013,-0.1611,-0.013,-0.015,-0.0183
2019-09-24,2019-09-25,2019-10-16,G3,XLB,IFF,6.36,0.1169,-0.1701,-0.0242,-0.0262,-0.0148
2019-09-24,2019-09-25,2019-10-16,G3,XLE,EOG,5.48,0.0873,-0.1533,-0.1082,-0.1102,-0.0562
2019-09-24,2019-09-25,2019-10-16,G3,XLP,PM,7.79,-0.0642,-0.1802,0.0507,0.0487,0.0591
2019-09-24,2019-09-25,2019-10-16,G3,XLU,PCG,5.46,-0.0737,-0.5319,-0.2683,-0.2703,-0.2507
2019-09-24,2019-09-25,2019-10-16,G4,XLK,MSFT,7.33,0.0142,-0.0262,0.0075,-0.0095,0.007
2019-09-24,2019-09-25,2019-10-16,G4,XLY,NKE,6.85,0.0627,-0.0232,0.0448,-0.0468,-0.0325
2019-09-24,2019-09-25,2019-10-16,G4,XLV,ABBV,6.78,0.0977,-0.012,0.052,-0.054,-0.0388
2019-09-24,2019-09-25,2019-10-16,G4,XLI,LMT,8.12,0.0292,-0.0198,-0.0194,0.0174,0.0131
2019-09-24,2019-09-25,2019-10-16,G4,XLC,VZ,6.73,0.067,0.0,0.0107,-0.0127,-0.0054
2019-09-24,2019-09-25,2019-10-16,G4,XLB,SHW,6.28,0.0566,-0.0146,0.0362,-0.0382,-0.0455
2019-09-24,2019-09-25,2019-10-16,G4,XLE,CVX,9.31,0.0691,-0.0121,-0.068,0.066,0.016
2019-09-24,2019-09-25,2019-10-16,G4,XLP,GIS,7.04,0.0037,-0.0254,-0.0192,0.0172,0.0108
2019-09-24,2019-09-25,2019-10-16,G4,XLU,PEG,9.2,0.056,0.0,-0.0058,0.0038,-0.0119
2019-10-15,2019-10-16,2019-11-06,G1,XLU,SO,3.87,0.0025,-0.0218,0.0124,0.0104,0.0217
2019-10-15,2019-10-16,2019-11-06,G2,XLI,UBER,2.4,-0.0668,-0.2812,-0.1547,0.1527,0.2083
2019-10-15,2019-10-16,2019-11-06,G2,XLC,MTCH,0.59,-0.056,-0.18,-0.125,0.123,0.1345
2019-10-15,2019-10-16,2019-11-06,G2,XLB,NEM,0.0,-0.0482,-0.0778,-0.0048,0.0028,0.0408
2019-10-15,2019-10-16,2019-11-06,G2,XLE,EQT,3.46,-0.2251,-0.393,0.1266,-0.1286,-0.0786
2019-10-15,2019-10-16,2019-11-06,G2,XLP,KR,3.55,-0.0522,-0.0732,0.1016,-0.1036,-0.0905
2019-10-15,2019-10-16,2019-11-06,G3,XLK,CSCO,6.06,-0.0546,-0.1906,0.0316,0.0296,-0.0065
2019-10-15,2019-10-16,2019-11-06,G3,XLY,MAR,6.7,-0.0724,-0.1393,0.0949,0.0929,0.0955
2019-10-15,2019-10-16,2019-11-06,G3,XLV,PFE,5.97,0.0,-0.145,0.0349,0.0329,0.0042
2019-10-15,2019-10-16,2019-11-06,G3,XLI,UNP,6.14,-0.0225,-0.0878,0.0798,0.0778,0.0262
2019-10-15,2019-10-16,2019-11-06,G3,XLC,FOX,14.51,-0.042,-0.1635,0.0236,0.0216,0.0141
2019-10-15,2019-10-16,2019-11-06,G3,XLB,IFF,7.69,-0.019,-0.1805,0.1162,0.1142,0.0802
2019-10-15,2019-10-16,2019-11-06,G3,XLE,WMB,7.82,-0.074,-0.1392,-0.025,-0.027,-0.073
2019-10-15,2019-10-16,2019-11-06,G3,XLP,MNST,5.78,-0.0293,-0.1407,-0.0094,-0.0114,-0.0205
2019-10-15,2019-10-16,2019-11-06,G3,XLU,PCG,8.16,-0.3091,-0.5918,-0.1218,-0.1238,-0.1125
2019-10-15,2019-10-16,2019-11-06,G4,XLK,APH,7.88,0.0351,0.0,0.0416,-0.0436,-0.0035
2019-10-15,2019-10-16,2019-11-06,G4,XLY,TJX,6.72,0.0463,-0.0015,-0.0078,0.0058,0.0072
2019-10-15,2019-10-16,2019-11-06,G4,XLV,MRK,8.0,0.0307,-0.015,-0.0142,0.0122,0.0449
2019-10-15,2019-10-16,2019-11-06,G4,XLI,CTAS,7.3,0.078,0.0,-0.0076,0.0056,0.0612
2019-10-15,2019-10-16,2019-11-06,G4,XLC,VZ,8.13,0.0219,0.0,-0.0027,0.0007,0.0121
2019-10-15,2019-10-16,2019-11-06,G4,XLB,PPG,11.07,0.0085,-0.0205,0.0909,-0.0929,-0.0548
2019-10-15,2019-10-16,2019-11-06,G4,XLE,PSX,7.08,0.0499,0.0,0.1144,-0.1164,-0.0664
2019-10-15,2019-10-16,2019-11-06,G4,XLP,SYY,7.19,0.014,0.0,0.0272,-0.0292,-0.0161
2019-10-15,2019-10-16,2019-11-06,G4,XLU,PEG,6.79,0.0113,-0.0079,0.0024,-0.0044,-0.0117
2019-11-05,2019-11-06,2019-11-27,G1,XLK,AMD,2.79,0.2806,-0.0039,0.0969,0.0949,0.0563
2019-11-05,2019-11-06,2019-11-27,G1,XLY,AMZN,3.9,0.0564,-0.0227,0.0127,0.0107,0.0026
2019-11-05,2019-11-06,2019-11-27,G1,XLV,VRTX,3.87,0.1627,-0.0189,0.1229,0.1209,0.0634
2019-11-05,2019-11-06,2019-11-27,G1,XLC,META,3.76,0.0932,-0.0021,0.0546,0.0526,0.0219
2019-11-05,2019-11-06,2019-11-27,G1,XLB,FCX,3.28,0.2892,0.0,0.0912,0.0892,0.0789
2019-11-05,2019-11-06,2019-11-27,G1,XLE,EQT,2.69,0.1739,-0.1373,-0.1564,-0.1584,-0.1473
2019-11-05,2019-11-06,2019-11-27,G1,XLU,PPL,-1.11,0.1112,-0.0006,0.0297,0.0277,0.0257
2019-11-05,2019-11-06,2019-11-27,G2,XLK,NOW,3.82,-0.063,-0.1181,0.1654,-0.1674,-0.1248
2019-11-05,2019-11-06,2019-11-27,G2,XLY,MCD,3.58,-0.0897,-0.1266,0.0109,-0.0129,-0.0008
2019-11-05,2019-11-06,2019-11-27,G2,XLC,MTCH,1.54,-0.0896,-0.2048,0.0464,-0.0484,-0.0137
2019-11-05,2019-11-06,2019-11-27,G2,XLB,NEM,1.01,-0.0352,-0.0812,0.0141,-0.0161,-0.0018
2019-11-05,2019-11-06,2019-11-27,G2,XLU,VST,3.89,-0.0287,-0.0369,0.0283,-0.0303,-0.0244
2019-11-05,2019-11-06,2019-11-27,G3,XLK,INTU,5.6,-0.028,-0.1322,0.0344,0.0324,-0.0062
2019-11-05,2019-11-06,2019-11-27,G3,XLV,SYK,5.64,-0.0457,-0.1036,0.0196,0.0176,-0.04
2019-11-05,2019-11-06,2019-11-27,G3,XLI,NOC,6.38,-0.083,-0.1159,0.0258,0.0238,0.0129
2019-11-05,2019-11-06,2019-11-27,G3,XLC,LYV,6.07,-0.0832,-0.1377,0.1483,0.1463,0.1156
2019-11-05,2019-11-06,2019-11-27,G3,XLE,WMB,7.74,0.0017,-0.082,0.0211,0.0191,0.0303
2019-11-05,2019-11-06,2019-11-27,G3,XLP,CHD,5.23,-0.111,-0.1621,0.0433,0.0413,0.0268
2019-11-05,2019-11-06,2019-11-27,G3,XLU,PCG,7.88,-0.2661,-0.528,0.091,0.089,0.0871
2019-11-05,2019-11-06,2019-11-27,G4,XLK,APH,8.69,0.1205,0.0,0.0086,-0.0106,0.032
2019-11-05,2019-11-06,2019-11-27,G4,XLY,MAR,7.05,0.1361,-0.0022,0.0699,-0.0719,-0.0598
2019-11-05,2019-11-06,2019-11-27,G4,XLV,ABBV,8.07,0.1292,-0.0139,0.0761,-0.0781,-0.0166
2019-11-05,2019-11-06,2019-11-27,G4,XLI,CAT,7.68,0.2505,-0.0037,0.0014,-0.0034,0.0115
2019-11-05,2019-11-06,2019-11-27,G4,XLC,VZ,8.74,0.0067,-0.0254,-0.0005,-0.0015,0.0332
2019-11-05,2019-11-06,2019-11-27,G4,XLB,PPG,7.56,0.1472,0.0,-0.0005,-0.0015,0.0128
2019-11-05,2019-11-06,2019-11-27,G4,XLE,PSX,6.79,0.1795,-0.0003,-0.0241,0.0221,0.015
2019-11-05,2019-11-06,2019-11-27,G4,XLP,ADM,8.03,0.119,-0.0021,0.0096,-0.0116,0.007
2019-11-05,2019-11-06,2019-11-27,G4,XLU,D,6.93,0.0078,-0.0231,0.0264,-0.0284,-0.0225
2019-11-26,2019-11-27,2019-12-19,G1,XLK,AMD,2.26,0.1804,-0.0557,0.0868,0.0848,0.0608
2019-11-26,2019-11-27,2019-12-19,G1,XLY,HLT,3.4,0.0839,0.0,0.0373,0.0353,0.025
2019-11-26,2019-11-27,2019-12-19,G1,XLV,DHR,3.54,0.0635,-0.0022,0.0263,0.0243,0.0006
2019-11-26,2019-11-27,2019-12-19,G1,XLI,GE,3.36,0.2514,-0.0199,-0.0221,-0.0241,-0.0106
2019-11-26,2019-11-27,2019-12-19,G1,XLC,DIS,1.51,0.1711,0.0,-0.0294,-0.0314,-0.051
2019-11-26,2019-11-27,2019-12-19,G1,XLB,FCX,2.52,0.1447,0.0,0.1197,0.1177,0.1088
2019-11-26,2019-11-27,2019-12-19,G1,XLE,HAL,2.44,0.0221,-0.0738,0.1534,0.1514,0.1218
2019-11-26,2019-11-27,2019-12-19,G1,XLP,KR,3.3,0.1044,-0.0226,0.0562,0.0542,0.0381
2019-11-26,2019-11-27,2019-12-19,G2,XLI,UBER,3.22,-0.0891,-0.1423,0.017,-0.019,-0.0285
2019-11-26,2019-11-27,2019-12-19,G2,XLC,TMUS,3.92,-0.0406,-0.0579,-0.0223,0.0203,0.0439
2019-11-26,2019-11-27,2019-12-19,G2,XLB,ECL,2.91,-0.0426,-0.0975,0.0284,-0.0304,-0.0175
2019-11-26,2019-11-27,2019-12-19,G2,XLE,EQT,3.05,-0.1431,-0.2898,0.1777,-0.1797,-0.1461
2019-11-26,2019-11-27,2019-12-19,G2,XLP,CHD,3.68,-0.0532,-0.1304,-0.0101,0.0081,0.0282
2019-11-26,2019-11-27,2019-12-19,G2,XLU,WEC,2.91,-0.0303,-0.0821,0.0345,-0.0365,-0.01
2019-11-26,2019-11-27,2019-12-19,G3,XLK,INTU,6.75,0.0286,-0.0886,0.0072,0.0052,-0.0188
2019-11-26,2019-11-27,2019-12-19,G3,XLY,SBUX,6.06,0.0101,-0.1158,0.0321,0.0301,0.0197
2019-11-26,2019-11-27,2019-12-19,G3,XLC,NWSA,11.85,-0.0659,-0.1038,0.065,0.063,0.0434
2019-11-26,2019-11-27,2019-12-19,G3,XLB,CTVA,5.9,-0.0336,-0.1408,0.0637,0.0617,0.0528
2019-11-26,2019-11-27,2019-12-19,G3,XLE,WMB,6.77,-0.0151,-0.0852,0.052,0.05,0.0204
2019-11-26,2019-11-27,2019-12-19,G3,XLP,CL,5.01,-0.0019,-0.0888,0.0098,0.0078,-0.0083
2019-11-26,2019-11-27,2019-12-19,G3,XLU,PCG,9.51,0.4851,-0.3877,0.4464,0.4444,0.422
2019-11-26,2019-11-27,2019-12-19,G4,XLK,MSFT,6.95,0.068,0.0,0.0223,-0.0243,0.0038
2019-11-26,2019-11-27,2019-12-19,G4,XLY,MAR,6.71,0.111,0.0,0.0616,-0.0636,-0.0492
2019-11-26,2019-11-27,2019-12-19,G4,XLV,JNJ,7.24,0.0697,-0.0001,0.0552,-0.0572,-0.0295
2019-11-26,2019-11-27,2019-12-19,G4,XLI,ADP,8.74,0.054,-0.0046,-0.0106,0.0086,-0.0009
2019-11-26,2019-11-27,2019-12-19,G4,XLC,CHTR,6.43,0.007,-0.0268,0.004,-0.006,0.0176
2019-11-26,2019-11-27,2019-12-19,G4,XLB,APD,7.7,0.0761,-0.0286,-0.0126,0.0106,0.0236
2019-11-26,2019-11-27,2019-12-19,G4,XLP,KDP,6.77,0.1212,0.0,-0.0859,0.0839,0.1039
2019-11-26,2019-11-27,2019-12-19,G4,XLU,D,8.03,0.021,0.0,-0.0043,0.0023,0.0287
2019-12-18,2019-12-19,2020-01-13,G1,XLK,MU,2.72,0.1387,0.0,0.0535,0.0515,-0.0029
2019-12-18,2019-12-19,2020-01-13,G1,XLY,TSLA,2.43,0.0935,0.0,0.299,0.297,0.2799
2019-12-18,2019-12-19,2020-01-13,G1,XLV,BMY,2.6,0.1181,-0.015,0.0599,0.0579,0.0489
2019-12-18,2019-12-19,2020-01-13,G1,XLI,UBER,1.89,0.1139,-0.1073,0.1384,0.1364,0.1092
2019-12-18,2019-12-19,2020-01-13,G1,XLC,FOX,-2.91,0.0161,-0.0066,0.0069,0.0049,-0.0287
2019-12-18,2019-12-19,2020-01-13,G1,XLB,FCX,1.93,0.1507,-0.0061,0.0408,0.0388,0.0447
2019-12-18,2019-12-19,2020-01-13,G1,XLE,HAL,2.81,0.2439,-0.0061,-0.0298,-0.0318,-0.0437
2019-12-18,2019-12-19,2020-01-13,G1,XLP,MO,2.53,0.0944,0.0,0.016,0.014,0.0089
2019-12-18,2019-12-19,2020-01-13,G1,XLU,PPL,2.54,0.0845,-0.0077,-0.0081,-0.0101,-0.0181
2019-12-18,2019-12-19,2020-01-13,G2,XLC,LYV,2.04,-0.0626,-0.1022,0.0362,-0.0382,-0.0006
2019-12-18,2019-12-19,2020-01-13,G2,XLB,IFF,2.71,-0.1052,-0.1377,0.0388,-0.0408,-0.0427
2019-12-18,2019-12-19,2020-01-13,G2,XLP,KDP,3.07,-0.054,-0.0846,-0.0205,0.0185,0.0276
2019-12-18,2019-12-19,2020-01-13,G3,XLY,MCD,7.3,0.0178,-0.083,0.048,0.046,0.0288
2019-12-18,2019-12-19,2020-01-13,G3,XLV,MCK,6.64,-0.0857,-0.1037,0.0593,0.0573,0.0482
2019-12-18,2019-12-19,2020-01-13,G3,XLI,BA,5.83,-0.099,-0.1403,-0.0098,-0.0118,-0.039
2019-12-18,2019-12-19,2020-01-13,G3,XLB,DD,7.14,-0.0273,-0.1156,-0.0555,-0.0575,-0.0516
2019-12-18,2019-12-19,2020-01-13,G3,XLU,VST,5.63,-0.0921,-0.123,-0.0702,-0.0722,-0.0802
2019-12-18,2019-12-19,2020-01-13,G4,XLK,MSFT,7.0,0.03,-0.0075,0.0486,-0.0506,0.0078
2019-12-18,2019-12-19,2020-01-13,G4,XLY,SBUX,6.39,0.0518,-0.0213,0.0289,-0.0309,-0.0098
2019-12-18,2019-12-19,2020-01-13,G4,XLV,MRK,8.49,0.066,0.0,-0.0053,0.0033,0.0164
2019-12-18,2019-12-19,2020-01-13,G4,XLI,ETN,7.55,0.0468,-0.0002,0.0066,-0.0086,0.0226
2019-12-18,2019-12-19,2020-01-13,G4,XLC,NWSA,10.05,0.0916,0.0,0.0467,-0.0487,-0.011
2019-12-18,2019-12-19,2020-01-13,G4,XLB,NUE,9.14,0.0409,-0.0186,-0.0491,0.0471,0.0452
2019-12-18,2019-12-19,2020-01-13,G4,XLE,OKE,7.24,0.0592,0.0,0.0305,-0.0325,-0.0167
2019-12-18,2019-12-19,2020-01-13,G4,XLP,GIS,8.74,0.0051,-0.0264,0.0067,-0.0087,0.0004
2019-12-18,2019-12-19,2020-01-13,G4,XLU,XEL,8.66,0.0403,-0.0271,-0.0011,-0.0009,0.0111
2020-01-10,2020-01-13,2020-02-04,G1,XLK,AMD,1.3,0.2204,-0.0189,0.0144,0.0124,-0.0232
2020-01-10,2020-01-13,2020-02-04,G1,XLY,TSLA,1.85,0.3557,-0.0284,0.6901,0.6881,0.6761
2020-01-10,2020-01-13,2020-02-04,G1,XLV,BMY,2.72,0.0526,-0.0034,-0.0281,-0.0301,-0.0219
2020-01-10,2020-01-13,2020-02-04,G1,XLI,UBER,1.63,0.1967,0.0,0.1286,0.1266,0.1384
2020-01-10,2020-01-13,2020-02-04,G1,XLC,MTCH,-2.22,0.2697,0.0,-0.0742,-0.0762,-0.0642
2020-01-10,2020-01-13,2020-02-04,G1,XLB,NEM,2.3,0.0335,-0.0338,0.0419,0.0399,0.0497
2020-01-10,2020-01-13,2020-02-04,G1,XLE,OXY,2.7,0.2227,0.0,-0.1303,-0.1323,-0.015
2020-01-10,2020-01-13,2020-02-04,G1,XLP,MO,3.66,0.0149,-0.0097,-0.0835,-0.0855,-0.0913
2020-01-10,2020-01-13,2020-02-04,G1,XLU,DTE,3.54,0.0371,-0.0072,0.0271,0.0251,-0.0303
2020-01-10,2020-01-13,2020-02-04,G2,XLV,GILD,3.11,-0.0316,-0.0384,0.048,-0.05,-0.0543
2020-01-10,2020-01-13,2020-02-04,G2,XLI,BA,3.45,-0.0574,-0.1167,-0.0372,0.0352,0.0274
2020-01-10,2020-01-13,2020-02-04,G2,XLB,DD,3.53,-0.0718,-0.1737,-0.1275,0.1255,0.1197
2020-01-10,2020-01-13,2020-02-04,G2,XLE,EQT,3.88,-0.0011,-0.2373,-0.3166,0.3146,0.2013
2020-01-10,2020-01-13,2020-02-04,G2,XLP,KDP,0.94,-0.0279,-0.102,0.0313,-0.0333,-0.0235
2020-01-10,2020-01-13,2020-02-04,G3,XLY,GM,5.86,-0.0167,-0.0955,-0.0174,-0.0194,-0.0314
2020-01-10,2020-01-13,2020-02-04,G3,XLB,NUE,5.84,-0.0855,-0.0855,-0.0849,-0.0869,-0.0771
2020-01-10,2020-01-13,2020-02-04,G3,XLE,PSX,7.09,-0.0654,-0.1172,-0.1575,-0.1595,-0.0421
2020-01-10,2020-01-13,2020-02-04,G3,XLU,PCG,12.32,-0.1598,-0.1721,0.5131,0.5111,0.4557
2020-01-10,2020-01-13,2020-02-04,G4,XLK,IBM,6.68,0.0219,-0.0268,0.0916,-0.0936,-0.054
2020-01-10,2020-01-13,2020-02-04,G4,XLY,MCD,7.56,0.0645,-0.006,0.0393,-0.0413,-0.0253
2020-01-10,2020-01-13,2020-02-04,G4,XLV,AMGN,8.11,0.0182,-0.0203,-0.0638,0.0618,0.0575
2020-01-10,2020-01-13,2020-02-04,G4,XLI,UNP,8.37,0.02,-0.0238,0.0186,-0.0206,-0.0284
2020-01-10,2020-01-13,2020-02-04,G4,XLC,NWSA,15.19,0.0781,-0.0131,-0.0522,0.0502,0.0421
2020-01-10,2020-01-13,2020-02-04,G4,XLE,WMB,7.77,0.0303,-0.0184,-0.0967,0.0947,-0.0186
2020-01-10,2020-01-13,2020-02-04,G4,XLP,KO,8.31,0.0293,0.0,0.0483,-0.0503,-0.0405
2020-01-10,2020-01-13,2020-02-04,G4,XLU,SO,9.12,0.0489,-0.0031,0.0775,-0.0795,-0.0201
2020-02-03,2020-02-04,2020-02-26,G1,XLK,CRM,3.95,0.1158,-0.0013,-0.0503,-0.0523,0.0145
2020-02-03,2020-02-04,2020-02-26,G1,XLY,TSLA,0.37,0.7607,0.0,-0.122,-0.124,-0.0674
2020-02-03,2020-02-04,2020-02-26,G1,XLV,GILD,2.1,0.0198,-0.0188,0.1083,0.1063,0.1543
2020-02-03,2020-02-04,2020-02-26,G1,XLI,UBER,1.4,0.1983,-0.0003,-0.1059,-0.1079,-0.0417
2020-02-03,2020-02-04,2020-02-26,G1,XLC,NFLX,2.83,0.0985,0.0,0.0277,0.0257,0.0718
2020-02-03,2020-02-04,2020-02-26,G1,XLB,APD,3.45,0.0753,-0.0039,-0.0468,-0.0488,0.0193
2020-02-03,2020-02-04,2020-02-26,G1,XLP,CL,3.93,0.1083,0.0,-0.0329,-0.0349,-0.0032
2020-02-03,2020-02-04,2020-02-26,G1,XLU,WEC,0.96,0.1058,0.0,0.0129,0.0109,0.0297
2020-02-03,2020-02-04,2020-02-26,G2,XLK,QCOM,2.5,-0.0062,-0.0983,-0.1042,0.1022,0.0395
2020-02-03,2020-02-04,2020-02-26,G2,XLY,F,3.12,-0.0084,-0.0427,-0.2146,0.2126,0.16
2020-02-03,2020-02-04,2020-02-26,G2,XLC,LYV,3.55,-0.0424,-0.0919,-0.1441,0.1421,0.1
2020-02-03,2020-02-04,2020-02-26,G2,XLB,FCX,2.61,-0.1029,-0.1513,-0.1312,0.1292,0.0651
2020-02-03,2020-02-04,2020-02-26,G2,XLE,EQT,2.29,-0.4294,-0.4909,-0.1279,0.1259,0.0323
2020-02-03,2020-02-04,2020-02-26,G2,XLP,TGT,3.92,-0.0982,-0.1292,-0.0173,0.0153,-0.0124
2020-02-03,2020-02-04,2020-02-26,G2,XLU,VST,2.38,-0.0221,-0.1499,-0.0163,0.0143,-0.0005
2020-02-03,2020-02-04,2020-02-26,G3,XLK,APH,6.02,-0.0753,-0.0896,-0.0787,-0.0807,-0.0139
2020-02-03,2020-02-04,2020-02-26,G3,XLY,RCL,7.01,-0.1276,-0.1377,-0.3022,-0.3042,-0.2476
2020-02-03,2020-02-04,2020-02-26,G3,XLV,AMGN,7.46,-0.0905,-0.1082,-0.0259,-0.0279,0.0201
2020-02-03,2020-02-04,2020-02-26,G3,XLI,MMM,5.0,-0.1225,-0.1366,-0.0441,-0.0461,0.0201
2020-02-03,2020-02-04,2020-02-26,G3,XLC,CMCSA,6.87,-0.0477,-0.1019,-0.0465,-0.0485,-0.0024
2020-02-03,2020-02-04,2020-02-26,G3,XLB,DD,5.1,-0.1665,-0.2831,-0.1032,-0.1052,-0.0371
2020-02-03,2020-02-04,2020-02-26,G3,XLE,PSX,6.79,-0.1799,-0.2511,-0.0855,-0.0875,0.0101
2020-02-03,2020-02-04,2020-02-26,G3,XLP,SYY,5.97,-0.0909,-0.1016,-0.0292,-0.0312,0.0006
2020-02-03,2020-02-04,2020-02-26,G4,XLK,IBM,6.91,0.0888,0.0,-0.053,0.051,-0.0118
2020-02-03,2020-02-04,2020-02-26,G4,XLY,MCD,5.94,0.0755,-0.0046,-0.0211,0.0191,-0.0336
2020-02-03,2020-02-04,2020-02-26,G4,XLV,SYK,6.62,0.0098,-0.025,-0.0679,0.0659,0.0219
2020-02-03,2020-02-04,2020-02-26,G4,XLI,ADP,7.62,0.0234,-0.0246,-0.0545,0.0525,-0.0096
2020-02-03,2020-02-04,2020-02-26,G4,XLC,CHTR,6.36,0.076,0.0,-0.0257,0.0237,-0.0184
2020-02-03,2020-02-04,2020-02-26,G4,XLB,CTVA,5.79,0.0606,0.0,-0.0792,0.0772,0.013
2020-02-03,2020-02-04,2020-02-26,G4,XLP,GIS,8.52,0.0297,-0.0248,-0.0078,0.0058,-0.0219
2020-02-03,2020-02-04,2020-02-26,G4,XLU,PCG,8.33,0.6339,0.0,-0.0018,-0.0002,-0.015
2020-02-25,2020-02-26,2020-03-18,G1,XLK,CRM,3.96,0.0031,-0.0625,-0.2607,-0.2627,-0.0652
2020-02-25,2020-02-26,2020-03-18,G1,XLY,TSLA,-0.01,0.4335,-0.1281,-0.5362,-0.5382,-0.256
2020-02-25,2020-02-26,2020-03-18,G1,XLV,GILD,-3.8,0.0982,-0.0384,0.0731,0.0711,0.2085
2020-02-25,2020-02-26,2020-03-18,G1,XLC,TMUS,1.41,0.1717,-0.0588,-0.2064,-0.2084,0.009
2020-02-25,2020-02-26,2020-03-18,G1,XLB,NEM,0.58,0.1028,-0.0223,-0.1561,-0.1581,0.1082
2020-02-25,2020-02-26,2020-03-18,G1,XLP,CHD,3.62,0.0362,-0.0241,-0.0678,-0.0698,0.0281
2020-02-25,2020-02-26,2020-03-18,G1,XLU,AEE,3.24,0.0431,-0.0372,-0.1009,-0.1029,0.0804
2020-02-25,2020-02-26,2020-03-18,G2,XLK,QCOM,3.04,-0.0785,-0.1636,-0.2258,0.2238,0.0303
2020-02-25,2020-02-26,2020-03-18,G2,XLY,TJX,3.71,-0.0162,-0.065,-0.3616,0.3596,0.0814
2020-02-25,2020-02-26,2020-03-18,G2,XLV,BMY,3.84,-0.0245,-0.0785,-0.1902,0.1882,0.0548
2020-02-25,2020-02-26,2020-03-18,G2,XLC,MTCH,-2.65,-0.1968,-0.2672,-0.2126,0.2106,-0.0028
2020-02-25,2020-02-26,2020-03-18,G2,XLB,IFF,3.13,-0.0749,-0.1313,-0.1218,0.1198,-0.1425
2020-02-25,2020-02-26,2020-03-18,G2,XLE,EQT,-0.25,-0.2125,-0.5239,0.752,-0.754,-1.2511
2020-02-25,2020-02-26,2020-03-18,G2,XLU,CNP,1.64,-0.0555,-0.0922,-0.4821,0.4801,0.3009
2020-02-25,2020-02-26,2020-03-18,G3,XLK,KLAC,5.87,-0.1302,-0.1886,-0.1036,-0.1056,0.0919
2020-02-25,2020-02-26,2020-03-18,G3,XLY,RCL,7.96,-0.234,-0.3369,-0.7261,-0.7281,-0.4459
2020-02-25,2020-02-26,2020-03-18,G3,XLV,PFE,6.74,-0.1465,-0.158,-0.068,-0.07,0.0674
2020-02-25,2020-02-26,2020-03-18,G3,XLI,MMM,6.41,-0.1563,-0.183,-0.0802,-0.0822,0.2205
2020-02-25,2020-02-26,2020-03-18,G3,XLC,TTWO,6.88,-0.0983,-0.1489,-0.026,-0.028,0.1894
2020-02-25,2020-02-26,2020-03-18,G3,XLB,DD,6.92,-0.1729,-0.2828,-0.3173,-0.3193,-0.053
2020-02-25,2020-02-26,2020-03-18,G3,XLE,DVN,5.28,-0.214,-0.3301,-0.6729,-0.6749,-0.1739
2020-02-25,2020-02-26,2020-03-18,G3,XLP,MO,9.06,-0.1463,-0.1709,-0.0902,-0.0922,0.0058
2020-02-25,2020-02-26,2020-03-18,G3,XLU,VST,9.01,0.0226,-0.1611,-0.4137,-0.4157,-0.2324
2020-02-25,2020-02-26,2020-03-18,G4,XLY,MCD,5.54,0.0132,-0.0246,-0.3424,0.3404,0.0622
2020-02-25,2020-02-26,2020-03-18,G4,XLP,HSY,5.24,0.0342,-0.0187,-0.2669,0.2649,0.1709
2020-02-25,2020-02-26,2020-03-18,G4,XLU,D,6.17,0.0536,-0.0224,-0.0649,0.0629,-0.1164
2020-03-17,2020-03-18,2020-04-08,G1,XLV,GILD,-2.45,0.1224,-0.0624,-0.0558,-0.0578,-0.1844
2020-03-17,2020-03-18,2020-04-08,G1,XLE,EQT,-3.2,0.6567,-0.1318,0.2474,0.2454,-0.2115
2020-03-17,2020-03-18,2020-04-08,G2,XLC,FOX,0.78,-0.3562,-0.3788,0.206,-0.208,-0.0845
2020-03-17,2020-03-18,2020-04-08,G2,XLB,IP,3.63,-0.2159,-0.2674,0.0701,-0.0721,0.1362
2020-03-17,2020-03-18,2020-04-08,G2,XLE,MPC,-6.42,-0.6405,-0.6688,0.4513,-0.4533,0.0076
2020-03-17,2020-03-18,2020-04-08,G2,XLU,CNP,0.32,-0.4532,-0.457,0.3488,-0.3508,-0.285
2020-03-17,2020-03-18,2020-04-08,G3,XLK,AVGO,11.72,-0.358,-0.3856,0.5818,0.5798,0.4337
2020-03-17,2020-03-18,2020-04-08,G3,XLY,RCL,23.52,-0.7493,-0.7932,0.682,0.68,0.4779
2020-03-17,2020-03-18,2020-04-08,G3,XLV,SYK,13.99,-0.3684,-0.3773,0.2739,0.2719,0.1453
2020-03-17,2020-03-18,2020-04-08,G3,XLI,BA,12.23,-0.6337,-0.6406,0.4415,0.4395,0.2807
2020-03-17,2020-03-18,2020-04-08,G3,XLC,LYV,23.61,-0.5424,-0.5542,0.28,0.278,0.1586
2020-03-17,2020-03-18,2020-04-08,G3,XLB,LYB,5.63,-0.4793,-0.5558,0.3673,0.3653,0.1609
2020-03-17,2020-03-18,2020-04-08,G3,XLE,TRGP,6.15,-0.8044,-0.824,0.6892,0.6872,0.2303
2020-03-17,2020-03-18,2020-04-08,G3,XLP,SYY,12.65,-0.5437,-0.5892,0.5289,0.5269,0.49
2020-03-17,2020-03-18,2020-04-08,G3,XLU,PCG,5.1,-0.427,-0.4886,0.4993,0.4973,0.4355
2020-03-17,2020-03-18,2020-04-08,G4,XLV,LLY,14.09,0.0155,-0.0231,0.0219,-0.0239,0.1067
2020-03-17,2020-03-18,2020-04-08,G4,XLP,KMB,11.33,0.0089,-0.0211,-0.0127,0.0107,0.0516
2020-04-07,2020-04-08,2020-04-30,G1,XLV,GILD,0.42,0.0418,-0.0605,0.1201,0.1181,0.0627
2020-04-07,2020-04-08,2020-04-30,G1,XLC,MTCH,3.69,0.0662,-0.2409,0.112,0.11,0.0244
2020-04-07,2020-04-08,2020-04-30,G2,XLB,AMCR,2.27,-0.0936,-0.2535,0.0541,-0.0561,-0.0017
2020-04-07,2020-04-08,2020-04-30,G3,XLK,APH,9.4,-0.1607,-0.3082,0.1085,0.1065,0.0354
2020-04-07,2020-04-08,2020-04-30,G3,XLY,RCL,14.41,-0.3507,-0.7491,0.2452,0.2432,0.1325
2020-04-07,2020-04-08,2020-04-30,G3,XLV,SYK,11.36,-0.0935,-0.2608,0.0567,0.0547,-0.0008
2020-04-07,2020-04-08,2020-04-30,G3,XLI,BA,11.47,-0.3871,-0.5901,-0.0398,-0.0418,-0.0708
2020-04-07,2020-04-08,2020-04-30,G3,XLC,LYV,13.66,-0.2484,-0.5025,0.1883,0.1863,0.1007
2020-04-07,2020-04-08,2020-04-30,G3,XLB,FCX,6.3,-0.1567,-0.4369,0.0996,0.0976,0.0473
2020-04-07,2020-04-08,2020-04-30,G3,XLE,TRGP,6.68,-0.4445,-0.8049,0.6354,0.6334,0.5249
2020-04-07,2020-04-08,2020-04-30,G3,XLP,SYY,15.86,-0.2539,-0.4437,0.1909,0.1889,0.1793
2020-04-07,2020-04-08,2020-04-30,G3,XLU,PCG,8.29,-0.3835,-0.5247,-0.0239,-0.0259,-0.0096
2020-04-07,2020-04-08,2020-04-30,G4,XLV,VRTX,7.41,0.0744,-0.0299,0.0062,-0.0082,0.0513
2020-04-07,2020-04-08,2020-04-30,G4,XLE,EQT,14.84,0.5227,0.0,0.3459,-0.3479,-0.2355
2020-04-29,2020-04-30,2020-05-21,G1,XLK,AMD,3.28,0.1799,-0.089,0.0431,0.0411,-0.0086
2020-04-29,2020-04-30,2020-05-21,G1,XLY,TSLA,1.02,0.5277,-0.1274,0.0585,0.0565,0.0172
2020-04-29,2020-04-30,2020-05-21,G1,XLV,GILD,-0.67,0.1121,-0.0101,-0.125,-0.127,-0.1218
2020-04-29,2020-04-30,2020-05-21,G1,XLC,MTCH,0.77,0.2052,-0.0403,0.0915,0.0895,0.0296
2020-04-29,2020-04-30,2020-05-21,G1,XLB,NEM,2.51,0.377,-0.012,0.0672,0.0652,0.0455
2020-04-29,2020-04-30,2020-05-21,G1,XLE,HAL,0.09,0.6088,-0.5068,0.141,0.139,0.122
2020-04-29,2020-04-30,2020-05-21,G1,XLP,KDP,2.87,0.1067,-0.0895,0.0159,0.0139,0.0329
2020-04-29,2020-04-30,2020-05-21,G3,XLK,AMAT,8.08,0.1859,-0.1939,0.1119,0.1099,0.0602
2020-04-29,2020-04-30,2020-05-21,G3,XLY,RCL,11.55,0.4939,-0.5896,-0.0731,-0.0751,-0.1144
2020-04-29,2020-04-30,2020-05-21,G3,XLV,MDT,9.03,0.0994,-0.1776,-0.0227,-0.0247,-0.0195
2020-04-29,2020-04-30,2020-05-21,G3,XLI,BA,6.07,-0.068,-0.5976,-0.0143,-0.0163,-0.0093
2020-04-29,2020-04-30,2020-05-21,G3,XLC,LYV,11.36,0.0235,-0.3884,0.0147,0.0127,-0.0471
2020-04-29,2020-04-30,2020-05-21,G3,XLB,LYB,11.8,0.2075,-0.2894,0.0399,0.0379,0.0181
2020-04-29,2020-04-30,2020-05-21,G3,XLE,TRGP,9.55,0.7685,-0.6902,0.3356,0.3336,0.3167
2020-04-29,2020-04-30,2020-05-21,G3,XLP,SYY,10.5,0.2982,-0.2426,-0.0674,-0.0694,-0.0504
2020-04-29,2020-04-30,2020-05-21,G3,XLU,PCG,10.13,0.1691,-0.4171,0.1118,0.1098,0.1363
2020-04-29,2020-04-30,2020-05-21,G4,XLK,ORCL,9.59,0.1201,-0.0286,-0.0142,0.0122,0.0659
2020-04-29,2020-04-30,2020-05-21,G4,XLV,TMO,10.85,0.1834,-0.0207,0.0032,-0.0052,-0.0064
2020-04-29,2020-04-30,2020-05-21,G4,XLC,VZ,10.8,0.0933,-0.0248,-0.0606,0.0586,0.1224
2020-04-29,2020-04-30,2020-05-21,G4,XLP,GIS,9.7,0.1527,-0.0108,0.001,-0.003,-0.018
2020-05-20,2020-05-21,2020-06-12,G1,XLK,NVDA,3.13,0.2539,0.0,0.0184,0.0164,-0.0156
2020-05-20,2020-05-21,2020-06-12,G1,XLY,TSLA,1.91,0.114,-0.0047,0.1301,0.1281,0.0977
2020-05-20,2020-05-21,2020-06-12,G1,XLC,TTWO,2.97,0.1522,0.0,-0.0303,-0.0323,-0.044
2020-05-20,2020-05-21,2020-06-12,G1,XLB,FCX,2.69,0.1937,-0.1314,0.1787,0.1767,0.1404
2020-05-20,2020-05-21,2020-06-12,G2,XLV,GILD,-0.66,-0.0913,-0.1204,0.0048,-0.0068,-0.023
2020-05-20,2020-05-21,2020-06-12,G3,XLK,MU,5.31,0.0622,-0.1564,0.0767,0.0747,0.0427
2020-05-20,2020-05-21,2020-06-12,G3,XLY,RCL,11.23,0.1976,-0.5004,0.4113,0.4093,0.3789
2020-05-20,2020-05-21,2020-06-12,G3,XLV,MRK,7.87,-0.0386,-0.0844,0.0047,0.0027,0.0229
2020-05-20,2020-05-21,2020-06-12,G3,XLI,BA,6.1,-0.0122,-0.5637,0.3634,0.3614,0.2862
2020-05-20,2020-05-21,2020-06-12,G3,XLC,OMC,8.57,0.0345,-0.2686,0.0731,0.0711,0.0595
2020-05-20,2020-05-21,2020-06-12,G3,XLB,MLM,5.89,0.0116,-0.2914,0.1062,0.1042,0.0679
2020-05-20,2020-05-21,2020-06-12,G3,XLE,OXY,6.13,0.1513,-0.5487,0.299,0.297,0.2706
2020-05-20,2020-05-21,2020-06-12,G3,XLP,SYY,8.21,0.024,-0.2706,0.0339,0.0319,0.0191
2020-05-20,2020-05-21,2020-06-12,G3,XLU,CNP,7.84,0.0544,-0.2934,0.074,0.072,0.0237
2020-05-20,2020-05-21,2020-06-12,G4,XLK,AAPL,9.45,0.1593,0.0,0.0693,-0.0713,-0.0353
2020-05-20,2020-05-21,2020-06-12,G4,XLY,ORLY,9.25,0.1055,-0.0068,0.015,-0.017,0.0174
2020-05-20,2020-05-21,2020-06-12,G4,XLV,TMO,9.36,0.0166,-0.0168,0.0126,-0.0146,-0.0308
2020-05-20,2020-05-21,2020-06-12,G4,XLI,UNP,8.46,0.1287,0.0,0.0215,-0.0235,0.0556
2020-05-20,2020-05-21,2020-06-12,G4,XLC,DIS,8.36,0.1874,-0.0279,-0.0199,0.0179,0.0335
2020-05-20,2020-05-21,2020-06-12,G4,XLB,SHW,8.67,0.1286,-0.0177,-0.0393,0.0373,0.0776
2020-05-20,2020-05-21,2020-06-12,G4,XLE,WMB,7.76,0.1166,0.0,-0.0447,0.0427,0.0731
2020-05-20,2020-05-21,2020-06-12,G4,XLP,MNST,7.47,0.1545,0.0,-0.0009,-0.0011,0.0157
2020-05-20,2020-05-21,2020-06-12,G4,XLU,NRG,7.45,0.1518,-0.0008,-0.0459,0.0439,0.0962
2020-06-11,2020-06-12,2020-07-06,G1,XLK,MU,3.55,0.1146,-0.0968,0.0458,0.0438,-0.0346
2020-06-11,2020-06-12,2020-07-06,G1,XLY,F,3.88,0.2987,-0.1859,-0.0418,-0.0438,-0.102
2020-06-11,2020-06-12,2020-07-06,G1,XLI,BA,3.64,0.3992,-0.2625,-0.0084,-0.0104,-0.0297
2020-06-11,2020-06-12,2020-07-06,G1,XLC,MTCH,-0.06,0.1462,-0.092,0.0854,0.0834,0.0428
2020-06-11,2020-06-12,2020-07-06,G1,XLB,FCX,3.59,0.1798,-0.136,0.2154,0.2134,0.1495
2020-06-11,2020-06-12,2020-07-06,G1,XLE,OXY,2.33,0.2954,-0.2865,-0.0173,-0.0193,0.0302
2020-06-11,2020-06-12,2020-07-06,G2,XLV,PFE,0.67,-0.1012,-0.128,0.0225,-0.0245,0.0335
2020-06-11,2020-06-12,2020-07-06,G2,XLB,NEM,1.55,-0.1191,-0.1711,0.1033,-0.1053,-0.0374
2020-06-11,2020-06-12,2020-07-06,G2,XLU,PCG,-2.06,-0.0099,-0.1249,-0.1697,0.1677,0.1526
2020-06-11,2020-06-12,2020-07-06,G3,XLK,IBM,9.09,0.0197,-0.1307,-0.0141,-0.0161,-0.0945
2020-06-11,2020-06-12,2020-07-06,G3,XLY,RCL,5.94,0.5786,-0.2744,-0.1824,-0.1844,-0.2426
2020-06-11,2020-06-12,2020-07-06,G3,XLV,MDT,9.22,-0.0258,-0.1206,0.0066,0.0046,-0.0494
2020-06-11,2020-06-12,2020-07-06,G3,XLI,PH,8.93,0.1814,-0.1421,0.0352,0.0332,0.014
2020-06-11,2020-06-12,2020-07-06,G3,XLC,LYV,6.65,0.2748,-0.1638,-0.0745,-0.0765,-0.1171
2020-06-11,2020-06-12,2020-07-06,G3,XLB,LYB,7.63,0.2326,-0.1635,0.0246,0.0226,-0.0413
2020-06-11,2020-06-12,2020-07-06,G3,XLE,OKE,5.57,0.1591,-0.2646,-0.1701,-0.1721,-0.1227
2020-06-11,2020-06-12,2020-07-06,G3,XLP,SYY,8.92,0.1431,-0.1675,-0.001,-0.003,-0.0289
2020-06-11,2020-06-12,2020-07-06,G3,XLU,ED,9.06,0.0449,-0.1815,-0.0302,-0.0322,-0.0132
2020-06-11,2020-06-12,2020-07-06,G4,XLP,CHD,9.65,0.0165,-0.0191,0.0654,-0.0674,-0.0375
2020-07-02,2020-07-06,2020-07-27,G1,XLK,CRM,3.82,0.123,0.0,-0.0342,-0.0362,-0.0319
2020-07-02,2020-07-06,2020-07-27,G1,XLY,TSLA,0.56,0.3983,0.0,0.1225,0.1205,0.0938
2020-07-02,2020-07-06,2020-07-27,G1,XLC,NFLX,1.32,0.151,-0.018,0.0037,0.0017,-0.0128
2020-07-02,2020-07-06,2020-07-27,G1,XLB,NEM,1.31,0.0905,-0.0984,0.1285,0.1265,0.0598
2020-07-02,2020-07-06,2020-07-27,G1,XLE,OXY,2.24,0.1441,-0.2709,-0.0814,-0.0834,-0.0841
2020-07-02,2020-07-06,2020-07-27,G1,XLP,KR,2.86,0.0118,-0.0185,0.0305,0.0285,-0.0228
2020-07-02,2020-07-06,2020-07-27,G1,XLU,CNP,3.2,0.0781,0.0,-0.027,-0.029,-0.0683
2020-07-02,2020-07-06,2020-07-27,G2,XLK,AMD,2.11,-0.0055,-0.0888,0.2916,-0.2936,-0.2939
2020-07-02,2020-07-06,2020-07-27,G2,XLI,UBER,3.52,-0.1578,-0.1755,-0.047,0.045,0.0781
2020-07-02,2020-07-06,2020-07-27,G2,XLC,FOX,0.2,-0.1134,-0.1619,-0.0317,0.0297,0.0482
2020-07-02,2020-07-06,2020-07-27,G2,XLU,PCG,2.4,-0.2039,-0.2482,-0.0109,0.0089,0.0522
2020-07-02,2020-07-06,2020-07-27,G3,XLK,IBM,7.35,-0.0713,-0.1182,0.0501,0.0481,0.0524
2020-07-02,2020-07-06,2020-07-27,G3,XLY,RCL,7.76,-0.1418,-0.3409,-0.0144,-0.0164,-0.0431
2020-07-02,2020-07-06,2020-07-27,G3,XLV,SYK,7.45,-0.0683,-0.1086,0.0731,0.0711,0.0413
2020-07-02,2020-07-06,2020-07-27,G3,XLI,RTX,5.86,-0.0847,-0.1668,-0.0352,-0.0372,-0.0662
2020-07-02,2020-07-06,2020-07-27,G3,XLC,LYV,7.36,-0.1517,-0.2055,0.0414,0.0394,0.0248
2020-07-02,2020-07-06,2020-07-27,G3,XLB,ECL,6.41,-0.093,-0.1249,0.0511,0.0491,-0.0176
2020-07-02,2020-07-06,2020-07-27,G3,XLE,OKE,9.01,-0.2103,-0.3308,-0.0095,-0.0115,-0.0122
2020-07-02,2020-07-06,2020-07-27,G3,XLP,SYY,6.98,-0.0697,-0.1498,0.0043,0.0023,-0.049
2020-07-02,2020-07-06,2020-07-27,G3,XLU,ED,8.83,-0.0136,-0.1671,0.0227,0.0207,-0.0186
2020-07-02,2020-07-06,2020-07-27,G4,XLK,KLAC,7.7,0.0549,0.0,-0.032,0.03,0.0297
2020-07-02,2020-07-06,2020-07-27,G4,XLY,ORLY,8.23,0.0338,-0.0071,0.0578,-0.0598,-0.0291
2020-07-02,2020-07-06,2020-07-27,G4,XLV,TMO,9.63,0.0516,0.0,0.0815,-0.0835,-0.0498
2020-07-02,2020-07-06,2020-07-27,G4,XLC,GOOGL,6.73,0.0393,0.0,0.0199,-0.0219,-0.0033
2020-07-02,2020-07-06,2020-07-27,G4,XLB,VMC,8.47,0.0015,-0.0267,0.0356,-0.0376,0.0332
2020-07-02,2020-07-06,2020-07-27,G4,XLP,CL,8.31,0.0358,-0.0145,0.0223,-0.0243,0.031
2020-07-24,2020-07-27,2020-08-17,G1,XLK,AMD,0.06,0.3364,0.0,0.195,0.193,0.1222
2020-07-24,2020-07-27,2020-08-17,G1,XLY,TSLA,-0.55,0.4371,-0.1376,0.1923,0.1903,0.1259
2020-07-24,2020-07-27,2020-08-17,G1,XLI,LMT,1.76,0.0645,-0.0678,0.018,0.016,-0.0517
2020-07-24,2020-07-27,2020-08-17,G1,XLC,TTWO,3.7,0.1113,0.0,0.1003,0.0983,0.0538
2020-07-24,2020-07-27,2020-08-17,G1,XLB,NEM,0.73,0.1393,-0.0127,-0.01,-0.012,-0.0188
2020-07-24,2020-07-27,2020-08-17,G1,XLP,CHD,3.85,0.119,-0.0041,0.1017,0.0997,0.0684
2020-07-24,2020-07-27,2020-08-17,G2,XLV,GILD,2.39,-0.0245,-0.1155,-0.0723,0.0703,0.0869
2020-07-24,2020-07-27,2020-08-17,G2,XLU,PCG,2.58,-0.038,-0.2554,0.0133,-0.0153,-0.0007
2020-07-24,2020-07-27,2020-08-17,G3,XLK,KLAC,6.46,-0.0215,-0.0861,0.104,0.102,0.0312
2020-07-24,2020-07-27,2020-08-17,G3,XLY,RCL,6.01,0.0463,-0.3233,0.2229,0.2209,0.1565
2020-07-24,2020-07-27,2020-08-17,G3,XLV,CVS,5.7,-0.0029,-0.0961,0.0372,0.0352,0.0227
2020-07-24,2020-07-27,2020-08-17,G3,XLI,GE,5.49,0.0285,-0.1879,-0.0358,-0.0378,-0.1055
2020-07-24,2020-07-27,2020-08-17,G3,XLC,FOXA,6.17,-0.01,-0.1792,-0.0062,-0.0082,-0.0527
2020-07-24,2020-07-27,2020-08-17,G3,XLB,LYB,9.1,0.0703,-0.1033,-0.0178,-0.0198,-0.0266
2020-07-24,2020-07-27,2020-08-17,G3,XLE,DVN,7.9,-0.0855,-0.3149,0.1495,0.1475,0.1383
2020-07-24,2020-07-27,2020-08-17,G3,XLP,SYY,5.93,0.0072,-0.1359,0.1058,0.1038,0.0724
2020-07-24,2020-07-27,2020-08-17,G3,XLU,PPL,10.24,0.0047,-0.1497,0.1406,0.1386,0.128
2020-07-24,2020-07-27,2020-08-17,G4,XLK,CSCO,7.02,0.0342,-0.0284,-0.1081,0.1061,0.1809
2020-07-24,2020-07-27,2020-08-17,G4,XLY,HD,7.97,0.0812,0.0,0.0779,-0.0799,-0.0114
2020-07-24,2020-07-27,2020-08-17,G4,XLV,BSX,7.35,0.139,-0.013,0.0261,-0.0281,-0.0115
2020-07-24,2020-07-27,2020-08-17,G4,XLI,ETN,8.58,0.0952,-0.0215,0.0671,-0.0691,0.0026
2020-07-24,2020-07-27,2020-08-17,G4,XLC,CMCSA,9.25,0.1306,0.0,-0.0007,-0.0013,0.0472
2020-07-24,2020-07-27,2020-08-17,G4,XLB,AMCR,7.98,0.0659,-0.0211,0.0453,-0.0473,-0.0365
2020-07-24,2020-07-27,2020-08-17,G4,XLP,HSY,9.74,0.1322,-0.0044,0.0139,-0.0159,0.0194
2020-07-24,2020-07-27,2020-08-17,G4,XLU,DTE,9.72,0.092,-0.0147,0.0266,-0.0286,-0.014
2020-08-14,2020-08-17,2020-09-08,G1,XLK,AMD,1.55,0.4771,-0.0624,-0.0453,-0.0473,-0.029
2020-08-14,2020-08-17,2020-09-08,G1,XLY,TSLA,-0.28,0.0999,0.0,-0.1006,-0.1026,-0.0991
2020-08-14,2020-08-17,2020-09-08,G1,XLV,DHR,3.79,0.0728,-0.0112,-0.0458,-0.0478,-0.0135
2020-08-14,2020-08-17,2020-09-08,G1,XLI,TT,2.63,0.1604,-0.011,-0.0223,-0.0243,-0.0121
2020-08-14,2020-08-17,2020-09-08,G1,XLC,MTCH,2.78,0.2948,-0.0158,-0.1056,-0.1076,-0.1097
2020-08-14,2020-08-17,2020-09-08,G1,XLB,NEM,0.58,0.0148,-0.0927,-0.0377,-0.0397,-0.0428
2020-08-14,2020-08-17,2020-09-08,G1,XLE,EQT,3.58,0.359,-0.0122,-0.1525,-0.1545,-0.0375
2020-08-14,2020-08-17,2020-09-08,G1,XLP,TGT,3.06,0.1221,0.0,0.0468,0.0448,0.0524
2020-08-14,2020-08-17,2020-09-08,G2,XLK,MU,2.92,-0.0782,-0.1512,-0.0042,0.0022,-0.012
2020-08-14,2020-08-17,2020-09-08,G2,XLV,GILD,0.72,-0.1162,-0.1227,-0.0725,0.0705,0.0402
2020-08-14,2020-08-17,2020-09-08,G2,XLI,UBER,1.82,-0.0786,-0.194,0.1642,-0.1662,-0.1744
2020-08-14,2020-08-17,2020-09-08,G2,XLE,OXY,1.94,-0.1007,-0.3997,-0.2049,0.2029,0.0898
2020-08-14,2020-08-17,2020-09-08,G3,XLY,RCL,7.35,0.1385,-0.1946,0.1861,0.1841,0.1875
2020-08-14,2020-08-17,2020-09-08,G3,XLV,LLY,5.06,-0.0912,-0.1083,-0.0147,-0.0167,0.0176
2020-08-14,2020-08-17,2020-09-08,G3,XLI,ADP,8.18,-0.0585,-0.1326,-0.027,-0.029,-0.0168
2020-08-14,2020-08-17,2020-09-08,G3,XLC,FOXA,5.75,0.0182,-0.2075,0.0924,0.0904,0.0882
2020-08-14,2020-08-17,2020-09-08,G3,XLB,PKG,7.42,-0.0481,-0.1014,0.0428,0.0408,0.0377
2020-08-14,2020-08-17,2020-09-08,G3,XLE,PSX,5.15,-0.0028,-0.2905,-0.0706,-0.0726,0.0445
2020-08-14,2020-08-17,2020-09-08,G3,XLU,SO,8.42,-0.0071,-0.1009,-0.0138,-0.0158,0.0071
2020-08-14,2020-08-17,2020-09-08,G4,XLK,INTU,8.15,0.0562,-0.0214,0.0416,-0.0436,-0.0578
2020-08-14,2020-08-17,2020-09-08,G4,XLY,MCD,6.85,0.0812,0.0,0.0295,-0.0315,-0.031
2020-08-14,2020-08-17,2020-09-08,G4,XLV,TMO,7.81,0.0464,-0.0146,-0.0276,0.0256,-0.0047
2020-08-14,2020-08-17,2020-09-08,G4,XLI,UNP,7.68,0.0589,0.0,-0.022,0.02,0.0118
2020-08-14,2020-08-17,2020-09-08,G4,XLC,CMCSA,9.91,0.0377,-0.003,0.0064,-0.0084,-0.0023
2020-08-14,2020-08-17,2020-09-08,G4,XLB,NUE,7.88,0.1207,0.0,-0.0168,0.0148,0.0219
2020-08-14,2020-08-17,2020-09-08,G4,XLE,WMB,5.69,0.1194,0.0,-0.0833,0.0813,-0.0318
2020-08-14,2020-08-17,2020-09-08,G4,XLP,PM,9.47,0.0357,-0.0248,0.0098,-0.0118,-0.0154
2020-08-14,2020-08-17,2020-09-08,G4,XLU,SRE,12.1,0.0566,-0.0206,-0.0817,0.0797,0.0608
2020-09-04,2020-09-08,2020-09-29,G1,XLK,CRM,2.13,0.2668,-0.0944,0.0256,0.0236,-0.0028
2020-09-04,2020-09-08,2020-09-29,G1,XLY,TSLA,-1.7,0.4398,-0.1605,0.2691,0.2671,0.2631
2020-09-04,2020-09-08,2020-09-29,G1,XLV,ISRG,3.41,0.0721,-0.039,-0.0018,-0.0038,-0.0044
2020-09-04,2020-09-08,2020-09-29,G1,XLI,TDG,3.67,0.0588,-0.0068,-0.0256,-0.0276,-0.04
2020-09-04,2020-09-08,2020-09-29,G1,XLC,LYV,2.08,0.2084,-0.0192,-0.0782,-0.0802,-0.0671
2020-09-04,2020-09-08,2020-09-29,G1,XLB,DD,4.0,0.0524,-0.0226,-0.0287,-0.0307,-0.0297
2020-09-04,2020-09-08,2020-09-29,G1,XLE,HAL,3.98,0.0769,-0.0404,-0.185,-0.187,-0.0938
2020-09-04,2020-09-08,2020-09-29,G1,XLP,TGT,3.32,0.123,-0.0453,0.0899,0.0879,0.0969
2020-09-04,2020-09-08,2020-09-29,G1,XLU,PPL,3.92,0.0424,-0.0285,-0.0336,-0.0356,-0.039
2020-09-04,2020-09-08,2020-09-29,G2,XLK,MU,-0.7,-0.0466,-0.117,0.1261,-0.1281,-0.0977
2020-09-04,2020-09-08,2020-09-29,G2,XLV,CVS,3.89,-0.0727,-0.0832,-0.0334,0.0314,0.0361
2020-09-04,2020-09-08,2020-09-29,G2,XLB,IFF,3.84,-0.029,-0.0601,0.0053,-0.0073,-0.0043
2020-09-04,2020-09-08,2020-09-29,G2,XLE,OXY,2.89,-0.2071,-0.3963,-0.0959,0.0939,0.0046
2020-09-04,2020-09-08,2020-09-29,G2,XLU,VST,3.9,-0.0354,-0.1103,0.0456,-0.0476,-0.0402
2020-09-04,2020-09-08,2020-09-29,G3,XLK,LRCX,5.4,-0.1056,-0.1347,0.1199,0.1179,0.0915
2020-09-04,2020-09-08,2020-09-29,G3,XLY,LOW,5.87,0.0236,-0.0827,0.0554,0.0534,0.0494
2020-09-04,2020-09-08,2020-09-29,G3,XLV,ABBV,7.83,-0.0113,-0.0889,-0.0369,-0.0389,-0.0395
2020-09-04,2020-09-08,2020-09-29,G3,XLI,GE,5.2,0.0031,-0.1393,-0.0016,-0.0036,-0.016
2020-09-04,2020-09-08,2020-09-29,G3,XLE,TRGP,6.83,-0.1668,-0.2805,-0.0543,-0.0563,0.0369
2020-09-04,2020-09-08,2020-09-29,G3,XLU,PCG,6.32,0.0099,-0.1683,0.0184,0.0164,0.0131
2020-09-04,2020-09-08,2020-09-29,G4,XLY,MCD,8.16,0.0409,-0.0208,0.0239,-0.0259,-0.0179
2020-09-04,2020-09-08,2020-09-29,G4,XLV,MDT,7.17,0.0569,-0.0279,-0.0125,0.0105,0.0151
2020-09-04,2020-09-08,2020-09-29,G4,XLI,UNP,9.28,0.0501,-0.0262,0.0455,-0.0475,-0.0311
2020-09-04,2020-09-08,2020-09-29,G4,XLC,NWSA,11.41,0.0425,-0.0248,-0.045,0.043,0.0339
2020-09-04,2020-09-08,2020-09-29,G4,XLB,NUE,8.5,0.0577,-0.0118,-0.01,0.008,0.0111
2020-09-04,2020-09-08,2020-09-29,G4,XLP,CL,8.74,0.0127,-0.0284,0.0077,-0.0097,-0.0147
2020-09-04,2020-09-08,2020-09-29,G4,XLU,WEC,6.88,0.0295,-0.0094,0.0112,-0.0132,-0.0058
2020-09-28,2020-09-29,2020-10-20,G1,XLK,MU,2.43,0.0882,-0.0555,0.0556,0.0536,0.0247
2020-09-28,2020-09-29,2020-10-20,G1,XLY,TJX,3.61,0.0093,-0.0641,0.0142,0.0122,-0.0296
2020-09-28,2020-09-29,2020-10-20,G1,XLI,UBER,3.65,0.0521,-0.063,0.0248,0.0228,-0.0248
2020-09-28,2020-09-29,2020-10-20,G1,XLC,FOX,2.74,0.0076,-0.053,-0.059,-0.061,-0.0718
2020-09-28,2020-09-29,2020-10-20,G1,XLB,FCX,3.6,0.016,-0.0664,0.1495,0.1475,0.1074
2020-09-28,2020-09-29,2020-10-20,G1,XLP,TGT,3.63,0.0372,0.0,0.0505,0.0485,0.0204
2020-09-28,2020-09-29,2020-10-20,G2,XLK,MSFT,3.09,-0.0851,-0.0959,0.0357,-0.0377,-0.0047
2020-09-28,2020-09-29,2020-10-20,G2,XLY,BKNG,3.83,-0.1259,-0.1274,-0.0008,-0.0012,0.0446
2020-09-28,2020-09-29,2020-10-20,G2,XLV,CVS,3.9,-0.0834,-0.1182,0.0328,-0.0348,-0.0085
2020-09-28,2020-09-29,2020-10-20,G2,XLI,BA,2.96,-0.0553,-0.1163,0.0222,-0.0242,0.0274
2020-09-28,2020-09-29,2020-10-20,G2,XLC,META,3.31,-0.1255,-0.1549,0.022,-0.024,-0.0092
2020-09-28,2020-09-29,2020-10-20,G2,XLB,NEM,2.11,-0.0651,-0.1137,-0.0252,0.0232,0.0672
2020-09-28,2020-09-29,2020-10-20,G2,XLE,FANG,2.85,-0.2155,-0.3081,-0.0881,0.0861,0.0835
2020-09-28,2020-09-29,2020-10-20,G2,XLP,KR,3.54,-0.0453,-0.0792,-0.013,0.011,0.0432
2020-09-28,2020-09-29,2020-10-20,G3,XLK,KLAC,5.46,-0.0736,-0.1079,0.0641,0.0621,0.0332
2020-09-28,2020-09-29,2020-10-20,G3,XLY,RCL,5.81,-0.0575,-0.0814,-0.0405,-0.0425,-0.0844
2020-09-28,2020-09-29,2020-10-20,G3,XLV,ABBV,6.85,-0.0732,-0.1344,-0.0172,-0.0192,-0.0415
2020-09-28,2020-09-29,2020-10-20,G3,XLI,GD,6.85,-0.0745,-0.1129,0.007,0.005,-0.0426
2020-09-28,2020-09-29,2020-10-20,G3,XLB,LYB,5.18,0.0449,-0.1088,0.1074,0.1054,0.0654
2020-09-28,2020-09-29,2020-10-20,G3,XLE,TRGP,6.55,-0.1756,-0.2833,0.1471,0.1451,0.1517
2020-09-28,2020-09-29,2020-10-20,G3,XLP,KDP,5.29,-0.0742,-0.1094,0.0841,0.0821,0.0539
2020-09-28,2020-09-29,2020-10-20,G3,XLU,NRG,8.64,-0.1391,-0.182,0.1172,0.1152,0.0324
2020-09-28,2020-09-29,2020-10-20,G4,XLK,AVGO,7.45,0.0749,-0.0116,0.0349,-0.0369,-0.004
2020-09-28,2020-09-29,2020-10-20,G4,XLY,MCD,5.75,0.0309,-0.0202,0.0401,-0.0421,0.0037
2020-09-28,2020-09-29,2020-10-20,G4,XLV,DHR,6.49,0.0211,0.0,0.0759,-0.0779,-0.0516
2020-09-28,2020-09-29,2020-10-20,G4,XLI,UNP,8.65,0.0221,-0.0144,0.0484,-0.0504,0.0013
2020-09-28,2020-09-29,2020-10-20,G4,XLC,VZ,7.14,0.0017,-0.0206,-0.0233,0.0213,0.0361
2020-09-28,2020-09-29,2020-10-20,G4,XLB,PKG,7.32,0.0951,-0.0176,0.0715,-0.0735,-0.0295
2020-09-28,2020-09-29,2020-10-20,G4,XLP,ADM,6.01,0.0356,-0.0266,0.1064,-0.1084,-0.0762
2020-09-28,2020-09-29,2020-10-20,G4,XLU,PEG,9.41,0.0518,-0.0193,0.0929,-0.0949,-0.0081
2020-10-19,2020-10-20,2020-11-10,G1,XLK,LRCX,3.13,0.1588,-0.0519,0.1218,0.1198,0.1291
2020-10-19,2020-10-20,2020-11-10,G1,XLY,CMG,2.95,0.107,-0.0315,-0.0782,-0.0802,-0.0752
2020-10-19,2020-10-20,2020-11-10,G1,XLV,ABT,2.89,0.0231,-0.026,0.0226,0.0206,-0.0237
2020-10-19,2020-10-20,2020-11-10,G1,XLI,GE,2.59,0.1499,0.0,0.2234,0.2214,0.1669
2020-10-19,2020-10-20,2020-11-10,G1,XLC,NFLX,0.83,0.089,-0.0464,-0.086,-0.088,-0.1332
2020-10-19,2020-10-20,2020-11-10,G1,XLB,FCX,3.81,0.0952,-0.0052,0.1255,0.1235,0.0539
2020-10-19,2020-10-20,2020-11-10,G1,XLP,TGT,3.94,0.0947,-0.0096,-0.0412,-0.0432,-0.0563
2020-10-19,2020-10-20,2020-11-10,G1,XLU,PCG,1.39,0.1236,0.0,-0.0467,-0.0487,-0.0846
2020-10-19,2020-10-20,2020-11-10,G2,XLV,GILD,2.8,-0.0567,-0.1789,0.0012,-0.0032,0.0451
2020-10-19,2020-10-20,2020-11-10,G2,XLI,UBER,1.63,-0.0622,-0.0983,0.2944,-0.2964,-0.2379
2020-10-19,2020-10-20,2020-11-10,G2,XLC,FOXA,2.34,-0.0284,-0.1198,0.0307,-0.0327,0.0165
2020-10-19,2020-10-20,2020-11-10,G2,XLB,IFF,2.06,-0.0511,-0.1246,-0.0102,0.0082,0.0818
2020-10-19,2020-10-20,2020-11-10,G2,XLE,SLB,1.99,-0.1309,-0.2579,0.1821,-0.1841,-0.0406
2020-10-19,2020-10-20,2020-11-10,G3,XLK,CSCO,6.7,0.0159,-0.1754,-0.0122,-0.0142,-0.005
2020-10-19,2020-10-20,2020-11-10,G3,XLY,RCL,7.11,-0.0165,-0.1701,0.1932,0.1912,0.1963
2020-10-19,2020-10-20,2020-11-10,G3,XLV,ABBV,7.42,-0.0408,-0.1204,0.1735,0.1715,0.1273
2020-10-19,2020-10-20,2020-11-10,G3,XLI,GD,10.6,0.0102,-0.1203,0.0928,0.0908,0.0363
2020-10-19,2020-10-20,2020-11-10,G3,XLC,NWSA,17.58,-0.0549,-0.1196,0.1747,0.1727,0.1275
2020-10-19,2020-10-20,2020-11-10,G3,XLB,LIN,5.59,-0.0359,-0.1167,0.1235,0.1215,0.0519
2020-10-19,2020-10-20,2020-11-10,G3,XLE,VLO,6.03,-0.1704,-0.3301,0.2275,0.2255,0.086
2020-10-19,2020-10-20,2020-11-10,G3,XLP,MO,10.39,0.0093,-0.0924,0.023,0.021,0.008
2020-10-19,2020-10-20,2020-11-10,G4,XLK,AVGO,7.89,0.0682,-0.0174,-0.0368,0.0348,0.0296
2020-10-19,2020-10-20,2020-11-10,G4,XLY,HD,6.09,0.0418,-0.023,-0.0366,0.0346,0.0336
2020-10-19,2020-10-20,2020-11-10,G4,XLV,SYK,7.26,0.0916,-0.021,0.0442,-0.0462,0.002
2020-10-19,2020-10-20,2020-11-10,G4,XLI,UNP,9.66,0.0601,-0.02,-0.0267,0.0247,0.0832
2020-10-19,2020-10-20,2020-11-10,G4,XLB,PPG,8.32,0.1186,-0.0207,0.065,-0.067,0.0066
2020-10-19,2020-10-20,2020-11-10,G4,XLP,ADM,8.26,0.0817,0.0,-0.0142,0.0122,0.0292
2020-10-19,2020-10-20,2020-11-10,G4,XLU,ETR,10.4,0.1108,-0.0174,0.0374,-0.0394,0.0005
2020-11-09,2020-11-10,2020-12-02,G1,XLK,LRCX,3.18,0.1247,0.0,0.1749,0.1729,0.1207
2020-11-09,2020-11-10,2020-12-02,G1,XLY,GM,3.34,0.2096,0.0,0.0852,0.0832,0.0475
2020-11-09,2020-11-10,2020-12-02,G1,XLI,UBER,1.21,0.3287,0.0,0.1296,0.1276,0.1022
2020-11-09,2020-11-10,2020-12-02,G1,XLB,FCX,2.22,0.1773,0.0,0.2149,0.2129,0.2078
2020-11-09,2020-11-10,2020-12-02,G1,XLE,BKR,3.82,0.3614,0.0,0.1176,0.1156,0.0004
2020-11-09,2020-11-10,2020-12-02,G1,XLU,VST,3.87,0.0506,-0.0543,-0.0649,-0.0669,-0.0263
2020-11-09,2020-11-10,2020-12-02,G2,XLK,ADBE,3.64,-0.0778,-0.1174,0.0647,-0.0667,-0.0105
2020-11-09,2020-11-10,2020-12-02,G2,XLY,AMZN,1.18,-0.0869,-0.1098,0.0555,-0.0575,-0.0178
2020-11-09,2020-11-10,2020-12-02,G2,XLV,BSX,3.68,-0.0896,-0.0952,-0.106,0.104,0.108
2020-11-09,2020-11-10,2020-12-02,G2,XLC,NFLX,2.63,-0.1284,-0.1546,0.0482,-0.0502,0.0195
2020-11-09,2020-11-10,2020-12-02,G2,XLB,IFF,-0.74,-0.0528,-0.1021,0.0006,-0.0026,0.0065
2020-11-09,2020-11-10,2020-12-02,G2,XLE,EQT,3.79,-0.124,-0.2116,0.0269,-0.0289,0.0903
2020-11-09,2020-11-10,2020-12-02,G2,XLP,KR,3.21,-0.1045,-0.1527,0.0173,-0.0193,-0.0064
2020-11-09,2020-11-10,2020-12-02,G3,XLK,IBM,5.44,-0.0786,-0.1086,0.0569,0.0549,0.0027
2020-11-09,2020-11-10,2020-12-02,G3,XLY,LOW,6.24,-0.1086,-0.1335,-0.025,-0.027,-0.0627
2020-11-09,2020-11-10,2020-12-02,G3,XLV,VRTX,6.51,-0.1885,-0.2094,0.0527,0.0507,0.0507
2020-11-09,2020-11-10,2020-12-02,G3,XLI,NOC,7.53,-0.0484,-0.1351,-0.0456,-0.0476,-0.073
2020-11-09,2020-11-10,2020-12-02,G3,XLC,FOX,11.06,-0.1009,-0.1161,0.1255,0.1235,0.0578
2020-11-09,2020-11-10,2020-12-02,G3,XLB,VMC,5.86,-0.096,-0.1137,0.0083,0.0063,0.0012
2020-11-09,2020-11-10,2020-12-02,G3,XLE,WMB,5.04,-0.0051,-0.117,0.083,0.081,-0.0342
2020-11-09,2020-11-10,2020-12-02,G3,XLP,KMB,7.72,-0.1351,-0.1536,0.0131,0.0111,0.0022
2020-11-09,2020-11-10,2020-12-02,G3,XLU,NRG,6.99,-0.0163,-0.107,0.0304,0.0284,0.069
2020-11-09,2020-11-10,2020-12-02,G4,XLK,APH,9.09,0.0595,0.0,0.0758,-0.0778,-0.0216
2020-11-09,2020-11-10,2020-12-02,G4,XLY,RCL,5.72,0.0802,0.0,0.0937,-0.0957,-0.056
2020-11-09,2020-11-10,2020-12-02,G4,XLV,SYK,8.74,0.0386,0.0,0.016,-0.018,-0.014
2020-11-09,2020-11-10,2020-12-02,G4,XLI,TT,10.24,0.1039,0.0,0.0053,-0.0073,0.022
2020-11-09,2020-11-10,2020-12-02,G4,XLC,VZ,9.18,0.0049,-0.0022,0.0043,-0.0063,0.0634
2020-11-09,2020-11-10,2020-12-02,G4,XLB,ECL,9.57,0.0699,0.0,0.0326,-0.0346,-0.0255
2020-11-09,2020-11-10,2020-12-02,G4,XLE,DVN,5.84,0.1491,-0.0228,0.2585,-0.2605,-0.1413
2020-11-09,2020-11-10,2020-12-02,G4,XLP,HSY,11.84,0.0111,-0.0047,-0.0145,0.0125,0.0254
2020-11-09,2020-11-10,2020-12-02,G4,XLU,SRE,10.53,0.0285,-0.0259,-0.0333,0.0313,-0.0053
2020-12-01,2020-12-02,2020-12-23,G1,XLK,AMAT,2.3,0.401,0.0,-0.0148,-0.0168,-0.0439
2020-12-01,2020-12-02,2020-12-23,G1,XLY,TSLA,-2.23,0.46,-0.0017,0.1356,0.1336,0.1331
2020-12-01,2020-12-02,2020-12-23,G1,XLV,MCK,2.81,0.1802,-0.0231,-0.0596,-0.0616,-0.0607
2020-12-01,2020-12-02,2020-12-23,G1,XLI,BA,3.06,0.4334,-0.0251,-0.0186,-0.0206,-0.0234
2020-12-01,2020-12-02,2020-12-23,G1,XLC,TMUS,2.96,0.2114,0.0,-0.0068,-0.0088,0.0069
2020-12-01,2020-12-02,2020-12-23,G1,XLB,FCX,2.62,0.2961,0.0,0.0324,0.0304,0.0234
2020-12-01,2020-12-02,2020-12-23,G1,XLE,OXY,1.4,0.5679,-0.0983,0.1265,0.1245,0.108
2020-12-01,2020-12-02,2020-12-23,G1,XLP,TGT,2.06,0.1645,-0.0043,-0.0085,-0.0105,-0.0086
2020-12-01,2020-12-02,2020-12-23,G1,XLU,PCG,2.28,0.315,-0.0101,-0.0016,-0.0036,0.0362
2020-12-01,2020-12-02,2020-12-23,G2,XLV,BSX,2.72,-0.026,-0.1982,0.0064,-0.0084,-0.0054
2020-12-01,2020-12-02,2020-12-23,G2,XLB,NEM,1.05,-0.0698,-0.1168,0.0037,-0.0057,0.0053
2020-12-01,2020-12-02,2020-12-23,G3,XLV,TMO,5.52,-0.0197,-0.1072,-0.0425,-0.0445,-0.0435
2020-12-01,2020-12-02,2020-12-23,G3,XLI,NOC,6.72,0.0198,-0.1202,0.0063,0.0043,0.0015
2020-12-01,2020-12-02,2020-12-23,G3,XLB,APD,5.19,-0.0122,-0.0943,-0.0279,-0.0299,-0.0368
2020-12-01,2020-12-02,2020-12-23,G3,XLE,PSX,5.71,0.3103,-0.0862,0.0765,0.0745,0.0581
2020-12-01,2020-12-02,2020-12-23,G3,XLP,KMB,6.56,0.0516,-0.0845,-0.0275,-0.0295,-0.0276
2020-12-01,2020-12-02,2020-12-23,G3,XLU,XEL,6.13,-0.0469,-0.0843,-0.0574,-0.0594,-0.0197
2020-12-01,2020-12-02,2020-12-23,G4,XLK,CSCO,5.72,0.2128,0.0,0.0112,-0.0132,0.018
2020-12-01,2020-12-02,2020-12-23,G4,XLV,ABBV,6.53,0.1789,-0.0081,-0.0163,0.0143,0.0173
2020-12-01,2020-12-02,2020-12-23,G4,XLI,ETN,9.59,0.1323,-0.0207,-0.016,0.014,0.0208
2020-12-01,2020-12-02,2020-12-23,G4,XLC,NWSA,8.97,0.3597,-0.0055,-0.0386,0.0366,0.0249
2020-12-01,2020-12-02,2020-12-23,G4,XLB,NUE,7.72,0.124,-0.0264,-0.0459,0.0439,0.0549
2020-12-01,2020-12-02,2020-12-23,G4,XLP,COST,10.48,0.0914,0.0,-0.0563,0.0543,0.0564
2020-12-01,2020-12-02,2020-12-23,G4,XLU,NRG,5.7,0.037,-0.0105,0.0515,-0.0535,-0.0893
2020-12-22,2020-12-23,2021-01-15,G1,XLK,ORCL,0.71,0.1617,0.0,-0.0503,-0.0523,-0.0441
2020-12-22,2020-12-23,2021-01-15,G1,XLY,TSLA,1.07,0.2271,-0.0786,0.2789,0.2769,0.2266
2020-12-22,2020-12-23,2021-01-15,G1,XLV,LLY,1.88,0.1628,-0.0342,0.1528,0.1508,0.1005
2020-12-22,2020-12-23,2021-01-15,G1,XLI,UBER,1.24,0.0747,-0.0197,0.0337,0.0317,0.0242
2020-12-22,2020-12-23,2021-01-15,G1,XLC,DIS,1.64,0.1676,-0.03,-0.0122,-0.0142,0.0014
2020-12-22,2020-12-23,2021-01-15,G1,XLB,FCX,2.84,0.1068,-0.0323,0.2208,0.2188,0.1616
2020-12-22,2020-12-23,2021-01-15,G1,XLE,HAL,2.71,0.1068,-0.0506,0.0647,0.0627,-0.0509
2020-12-22,2020-12-23,2021-01-15,G1,XLP,MO,3.37,0.0585,-0.0281,-0.0193,-0.0213,-0.0078
2020-12-22,2020-12-23,2021-01-15,G2,XLK,CRM,0.8,-0.1027,-0.1344,-0.0628,0.0608,0.0567
2020-12-22,2020-12-23,2021-01-15,G2,XLV,GILD,3.33,-0.0375,-0.107,0.1037,-0.1057,-0.0513
2020-12-22,2020-12-23,2021-01-15,G2,XLC,T,3.16,-0.0077,-0.0973,0.0385,-0.0405,-0.0521
2020-12-22,2020-12-23,2021-01-15,G2,XLE,EQT,3.28,-0.1382,-0.1782,0.3037,-0.3057,-0.1881
2020-12-22,2020-12-23,2021-01-15,G2,XLP,KR,3.75,-0.0648,-0.1073,0.0736,-0.0756,-0.085
2020-12-22,2020-12-23,2021-01-15,G2,XLU,PPL,3.17,-0.1093,-0.1293,0.0668,-0.0688,-0.0305
2020-12-22,2020-12-23,2021-01-15,G3,XLY,RCL,5.16,-0.0804,-0.1743,0.021,0.019,-0.0314
2020-12-22,2020-12-23,2021-01-15,G3,XLI,LMT,5.57,-0.0553,-0.1033,-0.0123,-0.0143,-0.0219
2020-12-22,2020-12-23,2021-01-15,G3,XLC,FOXA,5.79,-0.0442,-0.1088,0.1202,0.1182,0.1338
2020-12-22,2020-12-23,2021-01-15,G3,XLE,VLO,5.1,-0.0426,-0.1236,0.045,0.043,-0.0706
2020-12-22,2020-12-23,2021-01-15,G3,XLP,KMB,5.74,-0.0396,-0.1336,-0.0166,-0.0186,-0.0051
2020-12-22,2020-12-23,2021-01-15,G3,XLU,CNP,6.21,-0.1318,-0.1679,-0.0019,-0.0039,-0.0382
2020-12-22,2020-12-23,2021-01-15,G4,XLK,AVGO,7.16,0.1287,-0.0034,0.0479,-0.0499,-0.0541
2020-12-22,2020-12-23,2021-01-15,G4,XLY,TJX,5.7,0.0837,-0.0108,0.0166,-0.0186,0.0357
2020-12-22,2020-12-23,2021-01-15,G4,XLV,MDT,6.65,0.0381,-0.0129,0.0252,-0.0272,0.0272
2020-12-22,2020-12-23,2021-01-15,G4,XLI,ADP,8.04,0.0304,-0.0162,-0.0803,0.0783,0.0899
2020-12-22,2020-12-23,2021-01-15,G4,XLB,CTVA,7.5,0.0315,-0.0176,0.1166,-0.1186,-0.0575
2020-12-22,2020-12-23,2021-01-15,G4,XLP,PEP,7.79,0.0142,-0.0198,-0.0209,0.0189,0.0095
2021-01-14,2021-01-15,2021-02-08,G1,XLK,AMAT,3.3,0.1959,0.0,0.0296,0.0276,-0.0436
2021-01-14,2021-01-15,2021-02-08,G1,XLY,TSLA,-0.63,0.3344,-0.0398,0.0451,0.0431,0.0004
2021-01-14,2021-01-15,2021-02-08,G1,XLV,LLY,2.43,0.115,0.0,0.0786,0.0766,0.0885
2021-01-14,2021-01-15,2021-02-08,G1,XLI,DE,3.63,0.1593,0.0,0.0733,0.0713,0.0629
2021-01-14,2021-01-15,2021-02-08,G1,XLC,FOXA,-1.64,0.0941,-0.0231,0.0381,0.0361,-0.0599
2021-01-14,2021-01-15,2021-02-08,G1,XLB,FCX,1.16,0.3165,0.0,0.0583,0.0563,0.0742
2021-01-14,2021-01-15,2021-02-08,G1,XLE,FANG,1.2,0.2859,-0.015,0.1636,0.1616,0.1264
2021-01-14,2021-01-15,2021-02-08,G1,XLP,TGT,2.83,0.1552,-0.0055,-0.0044,-0.0064,-0.0102
2021-01-14,2021-01-15,2021-02-08,G1,XLU,NRG,2.66,0.1987,-0.028,0.0388,0.0368,0.0371
2021-01-14,2021-01-15,2021-02-08,G2,XLK,ADBE,3.61,-0.0401,-0.0811,0.0779,-0.0799,-0.0047
2021-01-14,2021-01-15,2021-02-08,G2,XLY,AMZN,1.51,-0.0119,-0.0586,0.0704,-0.0724,-0.0258
2021-01-14,2021-01-15,2021-02-08,G2,XLV,PFE,-0.55,-0.0506,-0.1365,-0.0409,0.0389,0.031
2021-01-14,2021-01-15,2021-02-08,G2,XLI,WM,3.33,-0.0183,-0.0665,-0.003,0.001,0.0133
2021-01-14,2021-01-15,2021-02-08,G2,XLC,META,1.7,-0.1085,-0.1664,0.0606,-0.0626,0.0375
2021-01-14,2021-01-15,2021-02-08,G2,XLP,COST,2.75,-0.0256,-0.065,-0.0045,0.0025,0.0103
2021-01-14,2021-01-15,2021-02-08,G2,XLU,PCG,3.37,-0.0303,-0.0772,-0.0286,0.0266,0.0303
2021-01-14,2021-01-15,2021-02-08,G3,XLY,RCL,5.81,0.0242,-0.1014,-0.0304,-0.0324,-0.0751
2021-01-14,2021-01-15,2021-02-08,G3,XLI,CTAS,6.42,-0.0731,-0.1126,0.0708,0.0688,0.0604
2021-01-14,2021-01-15,2021-02-08,G3,XLP,KMB,7.0,-0.0313,-0.1072,0.0069,0.0049,0.0011
2021-01-14,2021-01-15,2021-02-08,G3,XLU,D,5.94,-0.0591,-0.1683,0.0243,0.0223,0.0225
2021-01-14,2021-01-15,2021-02-08,G4,XLK,APH,6.6,0.0174,-0.0152,0.0043,-0.0063,0.0689
2021-01-14,2021-01-15,2021-02-08,G4,XLV,MDT,5.71,0.0302,-0.0162,0.0108,-0.0128,-0.0207
2021-01-14,2021-01-15,2021-02-08,G4,XLI,GD,7.17,0.0039,-0.0053,0.0422,-0.0442,-0.0319
2021-01-14,2021-01-15,2021-02-08,G4,XLB,PPG,7.54,0.0529,-0.0017,-0.0528,0.0508,0.0369
2021-01-14,2021-01-15,2021-02-08,G4,XLE,WMB,7.67,0.0161,0.0,0.0,-0.002,0.0372
2021-01-14,2021-01-15,2021-02-08,G4,XLP,MDLZ,6.42,0.003,-0.0239,-0.021,0.019,0.0268
2021-02-05,2021-02-08,2021-03-02,G1,XLK,PLTR,-3.06,0.362,-0.1269,-0.3209,-0.3229,-0.2918
2021-02-05,2021-02-08,2021-03-02,G1,XLY,F,-2.12,0.2704,-0.0017,0.0856,0.0836,0.1444
2021-02-05,2021-02-08,2021-03-02,G1,XLV,LLY,1.88,0.2167,-0.0515,-0.0038,-0.0058,0.014
2021-02-05,2021-02-08,2021-03-02,G1,XLI,MMM,2.22,0.0547,-0.0409,-0.0121,-0.0141,-0.0445
2021-02-05,2021-02-08,2021-03-02,G1,XLC,GOOGL,2.72,0.1772,0.0,-0.0096,-0.0116,-0.0259
2021-02-05,2021-02-08,2021-03-02,G1,XLB,IFF,1.29,0.0709,-0.0237,0.0778,0.0758,0.055
2021-02-05,2021-02-08,2021-03-02,G1,XLE,FANG,1.55,0.1349,-0.0138,0.0302,0.0282,-0.0779
2021-02-05,2021-02-08,2021-03-02,G1,XLP,KR,0.7,0.0418,-0.1445,-0.0164,-0.0184,0.0167
2021-02-05,2021-02-08,2021-03-02,G1,XLU,NRG,3.31,0.1276,-0.0213,-0.0663,-0.0683,-0.0088
2021-02-05,2021-02-08,2021-03-02,G2,XLK,AMD,-1.1,-0.0763,-0.0961,-0.0802,0.0782,0.0511
2021-02-05,2021-02-08,2021-03-02,G2,XLY,BKNG,3.79,-0.064,-0.0811,0.087,-0.089,-0.1458
2021-02-05,2021-02-08,2021-03-02,G2,XLV,MRK,2.79,-0.0978,-0.1082,-0.0292,0.0272,0.0114
2021-02-05,2021-02-08,2021-03-02,G2,XLC,TMUS,3.04,-0.0594,-0.0724,-0.0289,0.0269,0.0453
2021-02-05,2021-02-08,2021-03-02,G2,XLB,APD,3.24,-0.1127,-0.1793,0.0487,-0.0507,-0.0259
2021-02-05,2021-02-08,2021-03-02,G2,XLE,HAL,1.51,-0.0673,-0.1423,0.114,-0.116,-0.0059
2021-02-05,2021-02-08,2021-03-02,G2,XLP,CHD,2.3,-0.0239,-0.0599,-0.0348,0.0328,0.0018
2021-02-05,2021-02-08,2021-03-02,G2,XLU,PCG,-8.79,-0.0366,-0.0749,-0.0849,0.0829,0.0274
2021-02-05,2021-02-08,2021-03-02,G3,XLY,RCL,5.36,-0.0324,-0.1519,0.3242,0.3222,0.383
2021-02-05,2021-02-08,2021-03-02,G3,XLI,BA,5.01,-0.0225,-0.127,0.0528,0.0508,0.0204
2021-02-05,2021-02-08,2021-03-02,G3,XLB,IP,5.47,-0.0968,-0.11,0.1041,0.1021,0.0813
2021-02-05,2021-02-08,2021-03-02,G3,XLU,WEC,6.05,-0.0163,-0.1669,-0.0174,-0.0194,0.0402
2021-02-05,2021-02-08,2021-03-02,G4,XLK,INTU,6.13,0.058,-0.0085,0.0308,-0.0328,-0.0599
2021-02-05,2021-02-08,2021-03-02,G4,XLY,SBUX,5.76,0.0303,-0.0047,0.0131,-0.0151,-0.0719
2021-02-05,2021-02-08,2021-03-02,G4,XLI,GD,8.16,0.0544,0.0,0.0504,-0.0524,-0.0179
2021-02-05,2021-02-08,2021-03-02,G4,XLC,CMCSA,5.43,0.0089,-0.0202,0.0463,-0.0483,-0.03
2021-02-05,2021-02-08,2021-03-02,G4,XLE,WMB,5.76,0.0255,-0.0264,0.0542,-0.0562,0.0538
2021-02-05,2021-02-08,2021-03-02,G4,XLP,PM,8.41,0.0157,-0.0069,-0.0107,0.0087,-0.0223
2021-02-05,2021-02-08,2021-03-02,G4,XLU,PEG,7.48,0.0574,-0.0172,-0.0714,0.0694,0.0139
2021-03-01,2021-03-02,2021-03-23,G1,XLK,AMAT,-0.19,0.2669,-0.0046,-0.0095,-0.0115,0.0013
2021-03-01,2021-03-02,2021-03-23,G1,XLY,RCL,3.03,0.4054,-0.0549,-0.1038,-0.1058,-0.1219
2021-03-01,2021-03-02,2021-03-23,G1,XLV,BSX,3.11,0.0976,-0.0194,-0.0392,-0.0412,-0.0493
2021-03-01,2021-03-02,2021-03-23,G1,XLI,GE,1.34,0.2275,-0.0008,-0.0239,-0.0259,-0.0463
2021-03-01,2021-03-02,2021-03-23,G1,XLC,DIS,3.05,0.1594,-0.0128,-0.0269,-0.0289,-0.0629
2021-03-01,2021-03-02,2021-03-23,G1,XLB,FCX,3.18,0.2969,-0.0835,-0.0847,-0.0867,-0.0925
2021-03-01,2021-03-02,2021-03-23,G1,XLE,MPC,-0.15,0.3149,-0.0097,-0.0641,-0.0661,-0.0479
2021-03-01,2021-03-02,2021-03-23,G1,XLP,ADM,2.29,0.1538,-0.0202,-0.0315,-0.0335,-0.0869
2021-03-01,2021-03-02,2021-03-23,G2,XLK,PLTR,-4.51,-0.2948,-0.3638,-0.0498,0.0478,0.039
2021-03-01,2021-03-02,2021-03-23,G2,XLY,TSLA,3.0,-0.0946,-0.1865,-0.0354,0.0334,0.0534
2021-03-01,2021-03-02,2021-03-23,G2,XLV,VRTX,-2.71,-0.0816,-0.1282,0.0072,-0.0092,0.0029
2021-03-01,2021-03-02,2021-03-23,G2,XLC,TTWO,3.14,-0.0649,-0.1214,-0.0761,0.0741,0.1121
2021-03-01,2021-03-02,2021-03-23,G2,XLB,NEM,0.37,-0.0831,-0.1623,0.0688,-0.0708,-0.061
2021-03-01,2021-03-02,2021-03-23,G2,XLP,WMT,3.1,-0.0649,-0.124,0.0337,-0.0357,0.0216
2021-03-01,2021-03-02,2021-03-23,G2,XLU,VST,-0.81,-0.1282,-0.2694,0.0081,-0.0101,0.0518
2021-03-01,2021-03-02,2021-03-23,G3,XLY,LOW,5.02,-0.0294,-0.0962,0.1064,0.1044,0.0884
2021-03-01,2021-03-02,2021-03-23,G3,XLV,UNH,6.35,0.0032,-0.0832,0.1051,0.1031,0.095
2021-03-01,2021-03-02,2021-03-23,G3,XLI,LMT,5.62,0.0441,-0.0834,0.0444,0.0424,0.022
2021-03-01,2021-03-02,2021-03-23,G3,XLC,VZ,5.62,0.0111,-0.0937,0.0351,0.0331,-0.0009
2021-03-01,2021-03-02,2021-03-23,G3,XLP,PEP,5.19,-0.0436,-0.1192,0.0725,0.0705,0.0172
2021-03-01,2021-03-02,2021-03-23,G3,XLU,ETR,6.62,-0.0702,-0.1839,0.1053,0.1033,0.0454
2021-03-01,2021-03-02,2021-03-23,G4,XLK,ORCL,5.16,0.095,0.0,0.0092,-0.0112,-0.0199
2021-03-01,2021-03-02,2021-03-23,G4,XLV,SYK,5.3,0.1122,-0.0121,-0.065,0.063,0.0751
2021-03-01,2021-03-02,2021-03-23,G4,XLI,GD,9.17,0.1389,-0.006,0.0429,-0.0449,-0.0205
2021-03-01,2021-03-02,2021-03-23,G4,XLC,FOX,9.76,0.1171,-0.0003,0.0939,-0.0959,-0.0579
2021-03-01,2021-03-02,2021-03-23,G4,XLB,IP,7.66,0.0397,-0.0101,-0.014,0.012,0.0218
2021-03-01,2021-03-02,2021-03-23,G4,XLE,OXY,7.85,0.3779,-0.0185,-0.0439,0.0419,0.0278
2021-03-01,2021-03-02,2021-03-23,G4,XLP,PM,8.54,0.0665,-0.0298,0.0489,-0.0509,0.0064
2021-03-22,2021-03-23,2021-04-14,G1,XLK,MU,2.2,0.058,-0.0367,0.0617,0.0597,-0.0135
2021-03-22,2021-03-23,2021-04-14,G1,XLY,AZO,3.66,0.1284,0.0,0.0962,0.0942,0.0267
2021-03-22,2021-03-23,2021-04-14,G1,XLV,MCK,2.3,0.0835,0.0,0.0116,0.0096,-0.0238
2021-03-22,2021-03-23,2021-04-14,G1,XLI,BA,1.19,0.1801,-0.0667,0.0463,0.0443,-0.018
2021-03-22,2021-03-23,2021-04-14,G1,XLC,NWSA,3.2,0.1478,-0.0216,0.0115,0.0095,0.0039
2021-03-22,2021-03-23,2021-04-14,G1,XLB,STLD,3.6,0.1187,-0.0439,0.1403,0.1383,0.0796
2021-03-22,2021-03-23,2021-04-14,G1,XLE,FANG,0.61,0.1073,-0.1168,0.1138,0.1118,0.0854
2021-03-22,2021-03-23,2021-04-14,G1,XLP,GIS,1.94,0.094,0.0,-0.0012,-0.0032,-0.0289
2021-03-22,2021-03-23,2021-04-14,G1,XLU,ETR,3.26,0.0965,-0.0127,0.0619,0.0599,0.008
2021-03-22,2021-03-23,2021-04-14,G2,XLK,PLTR,-3.76,-0.135,-0.379,0.0189,-0.0209,0.0563
2021-03-22,2021-03-23,2021-04-14,G2,XLY,DASH,1.35,-0.2368,-0.3683,0.0902,-0.0922,-0.0208
2021-03-22,2021-03-23,2021-04-14,G2,XLV,LLY,0.51,-0.0739,-0.1227,-0.0037,0.0017,0.0391
2021-03-22,2021-03-23,2021-04-14,G2,XLC,TTWO,3.17,-0.0947,-0.1943,0.0437,-0.0457,-0.0361
2021-03-22,2021-03-23,2021-04-14,G2,XLE,BKR,1.52,-0.0754,-0.1129,-0.0618,0.0598,0.0902
2021-03-22,2021-03-23,2021-04-14,G2,XLP,COST,2.61,-0.0449,-0.1184,0.0671,-0.0691,-0.0393
2021-03-22,2021-03-23,2021-04-14,G2,XLU,PCG,1.79,-0.0263,-0.1119,0.0797,-0.0817,-0.0258
2021-03-22,2021-03-23,2021-04-14,G3,XLV,ISRG,5.01,-0.036,-0.127,0.1055,0.1035,0.0702
2021-03-22,2021-03-23,2021-04-14,G3,XLB,DD,5.96,0.1224,-0.098,0.0166,0.0146,-0.0441
2021-03-22,2021-03-23,2021-04-14,G3,XLE,PSX,5.59,-0.0403,-0.0911,0.0052,0.0032,-0.0232
2021-03-22,2021-03-23,2021-04-14,G3,XLP,CL,6.51,-0.0194,-0.109,0.0212,0.0192,-0.0065
2021-03-22,2021-03-23,2021-04-14,G3,XLU,VST,5.35,-0.2696,-0.2935,0.0557,0.0537,0.0018
2021-03-22,2021-03-23,2021-04-14,G4,XLY,ORLY,5.16,0.0748,-0.0092,0.0668,-0.0688,0.0027
2021-03-22,2021-03-23,2021-04-14,G4,XLV,UNH,7.94,0.1237,0.0,0.0193,-0.0213,0.016
2021-03-22,2021-03-23,2021-04-14,G4,XLI,ADP,7.0,0.085,-0.0248,0.0386,-0.0406,0.0257
2021-03-22,2021-03-23,2021-04-14,G4,XLC,FOX,8.81,0.2395,-0.007,-0.078,0.076,0.0856
2021-03-22,2021-03-23,2021-04-14,G4,XLB,PPG,9.21,0.1003,-0.0229,0.0231,-0.0251,0.0377
2021-03-22,2021-03-23,2021-04-14,G4,XLP,MO,8.19,0.1625,0.0,0.0342,-0.0362,-0.0065
2021-03-22,2021-03-23,2021-04-14,G4,XLU,PEG,8.21,0.0231,-0.0175,0.0772,-0.0792,-0.0233
2021-04-13,2021-04-14,2021-05-05,G1,XLK,LRCX,2.78,0.2046,-0.0344,-0.046,-0.048,-0.0145
2021-04-13,2021-04-14,2021-05-05,G1,XLY,LOW,2.53,0.1465,-0.0046,-0.0046,-0.0066,0.0042
2021-04-13,2021-04-14,2021-05-05,G1,XLV,DHR,3.03,0.1201,-0.0115,0.0725,0.0705,0.0344
2021-04-13,2021-04-14,2021-05-05,G1,XLI,TT,2.88,0.0167,0.0,0.0553,0.0533,0.0253
2021-04-13,2021-04-14,2021-05-05,G1,XLC,META,2.02,0.1315,-0.0106,0.0403,0.0383,0.0288
2021-04-13,2021-04-14,2021-05-05,G1,XLB,NUE,2.3,0.1322,-0.0279,0.1742,0.1722,0.1053
2021-04-13,2021-04-14,2021-05-05,G1,XLE,KMI,1.98,0.0098,-0.026,0.0682,0.0662,0.0025
2021-04-13,2021-04-14,2021-05-05,G1,XLP,TGT,2.12,0.1316,-0.0024,0.0326,0.0306,0.0198
2021-04-13,2021-04-14,2021-05-05,G1,XLU,PEG,-0.98,0.0688,0.0,-0.024,-0.026,-0.0149
2021-04-13,2021-04-14,2021-05-05,G2,XLK,PLTR,-1.07,-0.0511,-0.3482,-0.1076,0.1056,0.0762
2021-04-13,2021-04-14,2021-05-05,G2,XLY,ABNB,-0.35,-0.1526,-0.1793,-0.0799,0.0779,0.0711
2021-04-13,2021-04-14,2021-05-05,G2,XLV,LLY,2.86,-0.035,-0.1383,0.0536,-0.0556,-0.0156
2021-04-13,2021-04-14,2021-05-05,G2,XLC,LYV,1.67,-0.0831,-0.1097,-0.04,0.038,0.0514
2021-04-13,2021-04-14,2021-05-05,G2,XLB,FCX,3.86,-0.0874,-0.1142,0.144,-0.146,-0.0752
2021-04-13,2021-04-14,2021-05-05,G2,XLE,BKR,1.69,-0.1792,-0.2095,0.1106,-0.1126,-0.0449
2021-04-13,2021-04-14,2021-05-05,G2,XLU,NRG,3.91,-0.1195,-0.1195,-0.079,0.077,0.0699
2021-04-13,2021-04-14,2021-05-05,G3,XLB,DD,6.76,-0.0068,-0.094,0.0568,0.0548,-0.0121
2021-04-13,2021-04-14,2021-05-05,G3,XLE,COP,7.86,-0.1267,-0.1511,0.0522,0.0502,-0.0135
2021-04-13,2021-04-14,2021-05-05,G4,XLK,APH,10.71,0.0324,-0.0144,-0.012,0.01,-0.0195
2021-04-13,2021-04-14,2021-05-05,G4,XLY,MCD,5.34,0.0493,-0.0055,0.0205,-0.0225,-0.0293
2021-04-13,2021-04-14,2021-05-05,G4,XLV,UNH,7.57,0.0583,-0.012,0.0982,-0.1002,-0.0601
2021-04-13,2021-04-14,2021-05-05,G4,XLI,PH,6.55,0.0022,-0.0173,-0.0062,0.0042,0.0361
2021-04-13,2021-04-14,2021-05-05,G4,XLC,T,8.07,0.0125,-0.0218,0.0774,-0.0794,-0.0659
2021-04-13,2021-04-14,2021-05-05,G4,XLB,PKG,7.71,0.0191,-0.0296,0.1062,-0.1082,-0.0373
2021-04-13,2021-04-14,2021-05-05,G4,XLP,MO,8.2,0.0445,-0.0253,-0.0584,0.0564,0.0712
2021-04-13,2021-04-14,2021-05-05,G4,XLU,XEL,8.28,0.0858,0.0,0.0301,-0.0321,-0.0392
2021-05-04,2021-05-05,2021-05-26,G1,XLK,IBM,3.12,0.0859,0.0,-0.0016,-0.0036,-0.0175
2021-05-04,2021-05-05,2021-05-26,G1,XLY,ROST,0.89,0.0687,-0.0011,-0.02,-0.022,-0.0014
2021-05-04,2021-05-05,2021-05-26,G1,XLV,BSX,3.35,0.1125,-0.0206,-0.0292,-0.0312,-0.0319
2021-05-04,2021-05-05,2021-05-26,G1,XLI,RTX,2.4,0.083,-0.0024,0.0344,0.0324,0.0327
2021-05-04,2021-05-05,2021-05-26,G1,XLC,OMC,2.51,0.077,0.0,-0.0156,-0.0176,-0.0412
2021-05-04,2021-05-05,2021-05-26,G1,XLB,STLD,2.62,0.1592,0.0,0.0162,0.0142,0.0118
2021-05-04,2021-05-05,2021-05-26,G1,XLE,TRGP,3.91,0.1419,-0.0017,0.0398,0.0378,0.0465
2021-05-04,2021-05-05,2021-05-26,G1,XLP,PM,3.55,0.0709,-0.0098,0.0196,0.0176,0.0001
2021-05-04,2021-05-05,2021-05-26,G1,XLU,CNP,1.47,0.0568,0.0,0.0409,0.0389,0.0423
2021-05-04,2021-05-05,2021-05-26,G2,XLK,KLAC,2.65,-0.1115,-0.1328,0.0206,-0.0226,-0.0048
2021-05-04,2021-05-05,2021-05-26,G2,XLY,F,1.98,-0.1169,-0.1466,0.1972,-0.1992,-0.2159
2021-05-04,2021-05-05,2021-05-26,G2,XLV,ABT,2.47,-0.0167,-0.08,-0.0149,0.0129,0.0175
2021-05-04,2021-05-05,2021-05-26,G2,XLI,UBER,0.63,-0.0872,-0.1613,-0.0012,-0.0008,0.0028
2021-05-04,2021-05-05,2021-05-26,G2,XLC,LYV,2.47,-0.1085,-0.1462,0.1464,-0.1484,-0.1209
2021-05-04,2021-05-05,2021-05-26,G2,XLE,HAL,3.42,-0.0141,-0.1396,0.0127,-0.0147,-0.0194
2021-05-04,2021-05-05,2021-05-26,G2,XLP,KR,3.41,-0.0271,-0.0575,0.0027,-0.0047,0.0168
2021-05-04,2021-05-05,2021-05-26,G2,XLU,VST,3.54,-0.0889,-0.3108,-0.0018,-0.0002,0.0005
2021-05-04,2021-05-05,2021-05-26,G3,XLK,AVGO,6.0,-0.0813,-0.09,0.0375,0.0355,0.0217
2021-05-04,2021-05-05,2021-05-26,G3,XLU,NEE,5.31,-0.0241,-0.0937,-0.0042,-0.0062,-0.0028
2021-05-04,2021-05-05,2021-05-26,G4,XLY,ORLY,6.02,0.0887,0.0,-0.0515,0.0495,0.0329
2021-05-04,2021-05-05,2021-05-26,G4,XLV,UNH,7.06,0.1289,0.0,0.0017,-0.0037,0.001
2021-05-04,2021-05-05,2021-05-26,G4,XLI,ADP,8.38,0.0241,-0.0098,0.0037,-0.0057,-0.0021
2021-05-04,2021-05-05,2021-05-26,G4,XLC,T,7.02,0.0571,0.0,-0.0774,0.0754,0.103
2021-05-04,2021-05-05,2021-05-26,G4,XLB,CTVA,7.29,0.0429,0.0,-0.0581,0.0561,0.0625
2021-05-04,2021-05-05,2021-05-26,G4,XLE,KMI,7.17,0.0443,-0.0069,0.048,-0.05,-0.0546
2021-05-04,2021-05-05,2021-05-26,G4,XLP,GIS,8.18,0.0094,-0.0153,0.0162,-0.0182,0.0033
2021-05-04,2021-05-05,2021-05-26,G4,XLU,ED,7.9,0.0321,-0.0155,0.0245,-0.0265,-0.0259
2021-05-25,2021-05-26,2021-06-17,G1,XLK,ORCL,3.1,0.048,-0.0195,-0.0214,-0.0234,-0.0558
2021-05-25,2021-05-26,2021-06-17,G1,XLY,F,2.38,0.0256,-0.0419,0.0626,0.0606,0.0586
2021-05-25,2021-05-26,2021-06-17,G1,XLV,CVS,2.84,0.1809,-0.0124,-0.0354,-0.0374,-0.0498
2021-05-25,2021-05-26,2021-06-17,G1,XLI,TT,1.15,0.0506,-0.0218,-0.0162,-0.0182,0.0106
2021-05-25,2021-05-26,2021-06-17,G1,XLC,META,3.96,0.0798,-0.0052,0.027,0.025,0.0174
2021-05-25,2021-05-26,2021-06-17,G1,XLB,NUE,1.15,0.2399,-0.059,-0.0555,-0.0575,-0.0026
2021-05-25,2021-05-26,2021-06-17,G1,XLE,BKR,1.84,0.2204,-0.076,-0.0079,-0.0099,-0.0447
2021-05-25,2021-05-26,2021-06-17,G1,XLP,TGT,3.49,0.106,-0.0005,0.0181,0.0161,0.033
2021-05-25,2021-05-26,2021-06-17,G1,XLU,CNP,1.38,0.0543,-0.0036,0.0092,0.0072,0.0006
2021-05-25,2021-05-26,2021-06-17,G2,XLK,NOW,3.2,-0.147,-0.147,0.0927,-0.0947,-0.0584
2021-05-25,2021-05-26,2021-06-17,G2,XLY,ABNB,1.4,-0.247,-0.3619,0.1184,-0.1204,-0.1144
2021-05-25,2021-05-26,2021-06-17,G2,XLV,VRTX,-1.29,-0.0314,-0.0558,-0.0892,0.0872,0.1036
2021-05-25,2021-05-26,2021-06-17,G2,XLI,UBER,1.81,-0.1172,-0.1692,-0.0278,0.0258,0.001
2021-05-25,2021-05-26,2021-06-17,G2,XLC,MTCH,-0.75,-0.0858,-0.0934,0.0388,-0.0408,-0.0291
2021-05-25,2021-05-26,2021-06-17,G2,XLE,FANG,-0.6,-0.0436,-0.1104,0.1098,-0.1118,-0.073
2021-05-25,2021-05-26,2021-06-17,G2,XLP,KR,3.75,-0.0035,-0.0571,0.0767,-0.0787,-0.0916
2021-05-25,2021-05-26,2021-06-17,G2,XLU,PCG,3.91,-0.0545,-0.1665,0.0199,-0.0219,-0.0114
2021-05-25,2021-05-26,2021-06-17,G3,XLI,DE,5.16,-0.0567,-0.0851,-0.0821,-0.0841,-0.0553
2021-05-25,2021-05-26,2021-06-17,G3,XLC,FOXA,5.19,-0.0295,-0.1591,-0.0096,-0.0116,-0.0192
2021-05-25,2021-05-26,2021-06-17,G3,XLU,NRG,6.6,-0.0866,-0.2478,0.169,0.167,0.1604
2021-05-25,2021-05-26,2021-06-17,G4,XLK,IBM,5.87,0.0238,-0.0204,0.0155,-0.0175,0.0188
2021-05-25,2021-05-26,2021-06-17,G4,XLV,UNH,6.97,0.047,-0.0186,-0.0384,0.0364,0.0528
2021-05-25,2021-05-26,2021-06-17,G4,XLI,RTX,7.52,0.0479,-0.0025,0.0073,-0.0093,-0.0341
2021-05-25,2021-05-26,2021-06-17,G4,XLC,GOOGL,5.48,0.0314,-0.0125,0.0229,-0.0249,-0.0133
2021-05-25,2021-05-26,2021-06-17,G4,XLB,LIN,7.11,0.038,-0.0001,-0.0384,0.0364,-0.0145
2021-05-25,2021-05-26,2021-06-17,G4,XLE,WMB,6.13,0.0835,-0.0222,0.0503,-0.0523,-0.0134
2021-05-25,2021-05-26,2021-06-17,G4,XLP,PG,7.57,0.0553,0.0,-0.0299,0.0279,0.015
2021-05-25,2021-05-26,2021-06-17,G4,XLU,PPL,9.82,0.0076,-0.0195,-0.0046,0.0026,0.0132
2021-06-16,2021-06-17,2021-07-09,G1,XLK,NVDA,1.02,0.271,-0.0116,0.0747,0.0727,0.0183
2021-06-16,2021-06-17,2021-07-09,G1,XLY,F,-0.7,0.2372,-0.0607,-0.0196,-0.0216,-0.0756
2021-06-16,2021-06-17,2021-07-09,G1,XLV,LLY,2.41,0.1343,-0.0547,0.0575,0.0555,0.0252
2021-06-16,2021-06-17,2021-07-09,G1,XLI,BA,2.05,0.0647,-0.0659,0.0015,-0.0005,-0.0272
2021-06-16,2021-06-17,2021-07-09,G1,XLC,META,3.82,0.0681,-0.0169,0.0413,0.0393,0.0127
2021-06-16,2021-06-17,2021-07-09,G1,XLE,TRGP,2.28,0.271,0.0,-0.0071,-0.0091,0.0041
2021-06-16,2021-06-17,2021-07-09,G1,XLU,VST,0.66,0.1325,-0.0183,0.0645,0.0625,0.0752
2021-06-16,2021-06-17,2021-07-09,G2,XLK,ORCL,3.27,-0.0205,-0.089,0.1315,-0.1335,-0.0752
2021-06-16,2021-06-17,2021-07-09,G2,XLY,NKE,3.16,-0.0361,-0.0519,0.2488,-0.2508,-0.1928
2021-06-16,2021-06-17,2021-07-09,G2,XLV,VRTX,0.1,-0.1265,-0.152,0.052,-0.054,-0.0197
2021-06-16,2021-06-17,2021-07-09,G2,XLI,UBER,1.3,-0.0057,-0.1951,-0.0127,0.0107,0.0414
2021-06-16,2021-06-17,2021-07-09,G2,XLC,NWSA,2.82,-0.0208,-0.0619,0.0008,-0.0028,0.0279
2021-06-16,2021-06-17,2021-07-09,G2,XLB,FCX,0.66,-0.1506,-0.1728,0.0384,-0.0404,-0.0229
2021-06-16,2021-06-17,2021-07-09,G2,XLP,KDP,2.57,-0.0489,-0.0758,0.0202,-0.0222,-0.0122
2021-06-16,2021-06-17,2021-07-09,G3,XLY,TJX,8.82,-0.0835,-0.1131,0.0566,0.0546,0.0006
2021-06-16,2021-06-17,2021-07-09,G3,XLV,ABT,5.58,-0.0592,-0.1162,0.0727,0.0707,0.0404
2021-06-16,2021-06-17,2021-07-09,G3,XLI,PH,6.85,-0.0487,-0.0804,0.0923,0.0903,0.0636
2021-06-16,2021-06-17,2021-07-09,G3,XLC,T,5.58,-0.0166,-0.1094,0.014,0.012,-0.0146
2021-06-16,2021-06-17,2021-07-09,G3,XLB,CTVA,5.14,-0.0454,-0.1198,-0.0014,-0.0034,-0.0169
2021-06-16,2021-06-17,2021-07-09,G3,XLP,MO,10.29,-0.0357,-0.0818,0.0113,0.0093,0.0032
2021-06-16,2021-06-17,2021-07-09,G3,XLU,PCG,10.58,-0.0501,-0.1524,0.0137,0.0117,0.0244
2021-06-16,2021-06-17,2021-07-09,G4,XLK,MSFT,6.54,0.0613,-0.0153,0.0653,-0.0673,-0.009
2021-06-16,2021-06-17,2021-07-09,G4,XLY,MCD,5.68,0.0213,-0.0059,0.0077,-0.0097,0.0483
2021-06-16,2021-06-17,2021-07-09,G4,XLV,ISRG,5.99,0.0697,-0.0224,0.0743,-0.0763,-0.042
2021-06-16,2021-06-17,2021-07-09,G4,XLI,CTAS,8.32,0.0254,-0.0086,0.0736,-0.0756,-0.0449
2021-06-16,2021-06-17,2021-07-09,G4,XLC,CMCSA,6.04,0.0395,-0.0266,0.0132,-0.0152,0.0154
2021-06-16,2021-06-17,2021-07-09,G4,XLB,APD,5.65,0.0014,-0.0184,-0.0197,0.0177,0.0352
2021-06-16,2021-06-17,2021-07-09,G4,XLE,OKE,6.83,0.0563,0.0,0.062,-0.064,-0.0731
2021-06-16,2021-06-17,2021-07-09,G4,XLP,HSY,7.67,0.004,-0.0128,0.0187,-0.0207,-0.0106
2021-06-16,2021-06-17,2021-07-09,G4,XLU,ETR,8.55,0.0177,-0.0168,-0.0439,0.0419,0.0332
2021-07-08,2021-07-09,2021-07-30,G1,XLK,NOW,3.28,0.2061,-0.0038,0.038,0.036,0.0234
2021-07-08,2021-07-09,2021-07-30,G1,XLY,DASH,3.26,0.3035,-0.0356,-0.033,-0.035,-0.0217
2021-07-08,2021-07-09,2021-07-30,G1,XLV,TMO,4.0,0.1577,-0.0079,0.044,0.042,0.0173
2021-07-08,2021-07-09,2021-07-30,G1,XLI,TT,2.23,0.0272,-0.0127,0.0698,0.0678,0.0711
2021-07-08,2021-07-09,2021-07-30,G1,XLC,MTCH,2.84,0.1162,-0.0366,-0.0207,-0.0227,-0.03
2021-07-08,2021-07-09,2021-07-30,G1,XLB,IFF,2.95,0.0101,-0.0146,0.0199,0.0179,0.0074
2021-07-08,2021-07-09,2021-07-30,G1,XLE,OXY,1.62,0.0462,-0.0988,-0.1369,-0.1389,-0.0714
2021-07-08,2021-07-09,2021-07-30,G1,XLP,TGT,2.68,0.0717,0.0,0.0502,0.0482,0.0308
2021-07-08,2021-07-09,2021-07-30,G1,XLU,NRG,2.09,0.1211,-0.0072,-0.0097,-0.0117,-0.0309
2021-07-08,2021-07-09,2021-07-30,G2,XLK,PLTR,-0.17,-0.0451,-0.157,-0.0678,0.0658,0.0824
2021-07-08,2021-07-09,2021-07-30,G2,XLY,RCL,3.45,-0.1438,-0.1808,-0.0663,0.0643,0.055
2021-07-08,2021-07-09,2021-07-30,G2,XLV,VRTX,-3.06,-0.0741,-0.1057,0.0173,-0.0193,0.0095
2021-07-08,2021-07-09,2021-07-30,G2,XLI,CAT,2.64,-0.0961,-0.1335,-0.044,0.042,0.0427
2021-07-08,2021-07-09,2021-07-30,G2,XLC,TTWO,2.77,-0.0704,-0.0861,0.0179,-0.0199,-0.0086
2021-07-08,2021-07-09,2021-07-30,G2,XLB,FCX,1.52,-0.1477,-0.2257,0.046,-0.048,-0.0335
2021-07-08,2021-07-09,2021-07-30,G2,XLE,BKR,2.11,-0.1488,-0.1637,-0.0656,0.0636,0.0001
2021-07-08,2021-07-09,2021-07-30,G2,XLP,SYY,3.8,-0.0594,-0.1335,-0.0255,0.0235,0.0449
2021-07-08,2021-07-09,2021-07-30,G3,XLY,TSLA,6.23,0.0902,-0.1227,0.046,0.044,0.0573
2021-07-08,2021-07-09,2021-07-30,G3,XLC,T,5.42,-0.0049,-0.1153,-0.0141,-0.0161,-0.0234
2021-07-08,2021-07-09,2021-07-30,G3,XLB,LYB,6.35,-0.1164,-0.1518,-0.0331,-0.0351,-0.0456
2021-07-08,2021-07-09,2021-07-30,G3,XLE,EOG,5.51,-0.069,-0.0885,-0.1019,-0.1039,-0.0364
2021-07-08,2021-07-09,2021-07-30,G3,XLP,MO,10.55,-0.0532,-0.0968,0.0135,0.0115,-0.0059
2021-07-08,2021-07-09,2021-07-30,G3,XLU,PCG,6.96,-0.0117,-0.1441,-0.1524,-0.1544,-0.1736
2021-07-08,2021-07-09,2021-07-30,G4,XLK,MSFT,6.46,0.094,-0.009,0.0251,-0.0271,-0.0105
2021-07-08,2021-07-09,2021-07-30,G4,XLV,SYK,5.68,0.0452,-0.0091,0.0246,-0.0266,0.0021
2021-07-08,2021-07-09,2021-07-30,G4,XLI,WM,6.0,0.0186,-0.013,0.0365,-0.0385,-0.0377
2021-07-08,2021-07-09,2021-07-30,G4,XLP,PEP,6.53,0.0257,0.0,0.05,-0.052,-0.0306
2021-07-29,2021-07-30,2021-08-20,G1,XLK,AMD,-0.59,0.096,0.0,-0.0145,-0.0165,-0.0298
2021-07-29,2021-07-30,2021-08-20,G1,XLY,CMG,3.19,0.1908,0.0,0.0151,0.0131,0.0307
2021-07-29,2021-07-30,2021-08-20,G1,XLV,PFE,3.0,0.1026,-0.0063,0.1381,0.1361,0.1081
2021-07-29,2021-07-30,2021-08-20,G1,XLI,TT,0.73,0.1003,0.0,-0.0501,-0.0521,-0.043
2021-07-29,2021-07-30,2021-08-20,G1,XLC,META,3.79,0.0305,-0.0401,0.0086,0.0066,0.0046
2021-07-29,2021-07-30,2021-08-20,G1,XLB,STLD,2.72,0.0847,-0.0236,0.0393,0.0373,0.0421
2021-07-29,2021-07-30,2021-08-20,G1,XLP,TGT,2.76,0.0824,0.0,-0.026,-0.028,-0.0435
2021-07-29,2021-07-30,2021-08-20,G1,XLU,AEE,2.75,0.0528,-0.0217,0.0676,0.0656,0.0075
2021-07-29,2021-07-30,2021-08-20,G2,XLK,PLTR,0.6,-0.1586,-0.1899,0.1059,-0.1079,-0.0907
2021-07-29,2021-07-30,2021-08-20,G2,XLY,ABNB,1.0,-0.0631,-0.1162,-0.0022,0.0002,-0.0134
2021-07-29,2021-07-30,2021-08-20,G2,XLV,VRTX,1.16,-0.0062,-0.077,-0.0284,0.0264,0.0584
2021-07-29,2021-07-30,2021-08-20,G2,XLI,UBER,1.73,-0.1083,-0.1361,-0.0808,0.0788,0.0737
2021-07-29,2021-07-30,2021-08-20,G2,XLC,NWSA,3.53,-0.0462,-0.1107,-0.1027,0.1007,0.1067
2021-07-29,2021-07-30,2021-08-20,G2,XLB,CTVA,1.73,-0.0255,-0.1129,-0.0166,0.0146,0.0138
2021-07-29,2021-07-30,2021-08-20,G2,XLE,EQT,1.91,-0.1604,-0.192,-0.1196,0.1176,0.0488
2021-07-29,2021-07-30,2021-08-20,G2,XLU,PCG,3.49,-0.1072,-0.173,0.0557,-0.0577,0.0043
2021-07-29,2021-07-30,2021-08-20,G3,XLI,DE,5.93,0.0201,-0.085,-0.0281,-0.0301,-0.021
2021-07-29,2021-07-30,2021-08-20,G3,XLC,OMC,5.15,-0.0845,-0.1308,-0.0162,-0.0182,-0.0202
2021-07-29,2021-07-30,2021-08-20,G3,XLB,LYB,6.57,-0.0227,-0.1388,-0.0113,-0.0133,-0.0084
2021-07-29,2021-07-30,2021-08-20,G3,XLE,PSX,5.46,-0.1286,-0.1921,-0.0905,-0.0925,-0.0196
2021-07-29,2021-07-30,2021-08-20,G3,XLP,ADM,5.11,-0.0165,-0.1333,-0.0072,-0.0092,-0.0247
2021-07-29,2021-07-30,2021-08-20,G4,XLK,CSCO,7.61,0.0463,-0.0072,0.0515,-0.0535,-0.0362
2021-07-29,2021-07-30,2021-08-20,G4,XLY,MCD,6.67,0.0564,-0.0095,-0.0174,0.0154,0.0018
2021-07-29,2021-07-30,2021-08-20,G4,XLV,UNH,7.94,0.0291,-0.019,0.0424,-0.0444,-0.0125
2021-07-29,2021-07-30,2021-08-20,G4,XLI,WM,8.45,0.0435,-0.0051,0.0316,-0.0336,-0.0386
2021-07-29,2021-07-30,2021-08-20,G4,XLC,CMCSA,6.79,0.0235,-0.0101,0.0099,-0.0119,-0.0059
2021-07-29,2021-07-30,2021-08-20,G4,XLB,LIN,7.1,0.0358,-0.0058,0.021,-0.023,-0.0239
2021-07-29,2021-07-30,2021-08-20,G4,XLP,MO,7.9,0.0193,-0.0242,0.009,-0.011,0.0085
2021-07-29,2021-07-30,2021-08-20,G4,XLU,DTE,10.35,0.071,-0.0293,0.0355,-0.0375,0.0246
2021-08-19,2021-08-20,2021-09-13,G1,XLK,AMD,-0.11,0.1369,-0.1269,0.0014,-0.0006,-0.0046
2021-08-19,2021-08-20,2021-09-13,G1,XLY,CMG,3.53,0.0402,-0.0154,-0.0129,-0.0149,-0.0451
2021-08-19,2021-08-20,2021-09-13,G1,XLV,PFE,-1.12,0.1874,-0.0321,-0.085,-0.087,-0.0575
2021-08-19,2021-08-20,2021-09-13,G1,XLC,CHTR,2.77,0.0907,-0.0036,-0.0013,-0.0033,-0.0223
2021-08-19,2021-08-20,2021-09-13,G1,XLB,NUE,1.79,0.2513,-0.0693,-0.062,-0.064,-0.0645
2021-08-19,2021-08-20,2021-09-13,G1,XLP,KR,3.85,0.1617,-0.0071,-0.0865,-0.0885,-0.0769
2021-08-19,2021-08-20,2021-09-13,G1,XLU,AEE,3.5,0.0858,-0.0046,-0.033,-0.035,-0.0102
2021-08-19,2021-08-20,2021-09-13,G2,XLK,MU,2.78,-0.0695,-0.173,0.0587,-0.0607,-0.0526
2021-08-19,2021-08-20,2021-09-13,G2,XLY,GM,3.84,-0.1179,-0.2322,0.0414,-0.0434,-0.0091
2021-08-19,2021-08-20,2021-09-13,G2,XLV,VRTX,1.32,-0.005,-0.1002,-0.0262,0.0242,-0.0013
2021-08-19,2021-08-20,2021-09-13,G2,XLI,UBER,3.02,-0.1621,-0.2295,0.003,-0.005,-0.0069
2021-08-19,2021-08-20,2021-09-13,G2,XLC,MTCH,2.46,-0.1679,-0.1948,0.2212,-0.2232,-0.2002
2021-08-19,2021-08-20,2021-09-13,G2,XLB,NEM,1.44,-0.0613,-0.23,0.0219,-0.0239,-0.0194
2021-08-19,2021-08-20,2021-09-13,G2,XLE,EQT,1.61,-0.205,-0.2941,0.2335,-0.2355,-0.1622
2021-08-19,2021-08-20,2021-09-13,G2,XLP,TGT,3.88,-0.0419,-0.0675,-0.0406,0.0386,0.031
2021-08-19,2021-08-20,2021-09-13,G2,XLU,VST,1.87,-0.0547,-0.0858,0.0259,-0.0279,-0.0488
2021-08-19,2021-08-20,2021-09-13,G3,XLK,AMAT,5.64,-0.0582,-0.095,0.0982,0.0962,0.0922
2021-08-19,2021-08-20,2021-09-13,G3,XLY,BKNG,5.01,-0.054,-0.121,0.1192,0.1172,0.087
2021-08-19,2021-08-20,2021-09-13,G3,XLV,AMGN,6.61,-0.0761,-0.0908,-0.0305,-0.0325,-0.003
2021-08-19,2021-08-20,2021-09-13,G3,XLI,TDG,6.62,-0.0892,-0.1365,0.0274,0.0254,0.0313
2021-08-19,2021-08-20,2021-09-13,G3,XLC,NWSA,6.19,-0.1041,-0.193,-0.01,-0.012,-0.031
2021-08-19,2021-08-20,2021-09-13,G3,XLB,LYB,7.15,0.0132,-0.1667,-0.0277,-0.0297,-0.0302
2021-08-19,2021-08-20,2021-09-13,G3,XLE,VLO,5.26,-0.0374,-0.2759,0.0993,0.0973,0.0281
2021-08-19,2021-08-20,2021-09-13,G4,XLK,APH,7.33,0.0584,-0.0051,0.0195,-0.0215,-0.0134
2021-08-19,2021-08-20,2021-09-13,G4,XLY,ROST,7.28,0.0444,-0.0053,-0.0755,0.0735,0.1077
2021-08-19,2021-08-20,2021-09-13,G4,XLV,ABBV,9.9,0.0033,-0.0145,-0.0954,0.0934,0.068
2021-08-19,2021-08-20,2021-09-13,G4,XLI,WM,8.45,0.0458,-0.002,0.0181,-0.0201,-0.022
2021-08-19,2021-08-20,2021-09-13,G4,XLC,GOOGL,5.7,0.0565,-0.019,0.0357,-0.0377,-0.0146
2021-08-19,2021-08-20,2021-09-13,G4,XLB,SHW,7.21,0.0769,-0.0148,-0.0163,0.0143,0.0188
2021-08-19,2021-08-20,2021-09-13,G4,XLP,MO,7.09,0.0266,-0.0278,0.0332,-0.0352,-0.0428
2021-08-19,2021-08-20,2021-09-13,G4,XLU,AEP,9.22,0.0739,-0.0015,-0.0303,0.0283,0.0074
2021-09-10,2021-09-13,2021-10-04,G1,XLK,NVDA,3.34,0.1295,-0.016,-0.1092,-0.1112,-0.0559
2021-09-10,2021-09-13,2021-10-04,G1,XLY,DASH,1.53,0.1177,0.0,-0.0525,-0.0545,-0.0323
2021-09-10,2021-09-13,2021-10-04,G1,XLV,MCK,3.59,0.0263,-0.0197,-0.0295,-0.0315,0.0199
2021-09-10,2021-09-13,2021-10-04,G1,XLC,MTCH,0.7,0.1817,-0.0089,-0.0578,-0.0598,-0.0029
2021-09-10,2021-09-13,2021-10-04,G1,XLB,AMCR,3.21,0.0303,-0.0338,-0.0545,-0.0565,-0.0114
2021-09-10,2021-09-13,2021-10-04,G1,XLE,BKR,2.78,0.1176,0.0,0.0435,0.0415,-0.0832
2021-09-10,2021-09-13,2021-10-04,G1,XLP,COST,3.99,0.0445,-0.0017,-0.0425,-0.0445,-0.0032
2021-09-10,2021-09-13,2021-10-04,G1,XLU,NRG,2.9,0.0095,-0.0482,-0.0853,-0.0873,-0.0402
2021-09-10,2021-09-13,2021-10-04,G2,XLY,GM,3.62,-0.0939,-0.1793,0.0622,-0.0642,-0.0824
2021-09-10,2021-09-13,2021-10-04,G2,XLV,VRTX,1.37,-0.032,-0.071,-0.0698,0.0678,0.0204
2021-09-10,2021-09-13,2021-10-04,G2,XLI,UBER,1.86,-0.0665,-0.2289,0.141,-0.143,-0.173
2021-09-10,2021-09-13,2021-10-04,G2,XLC,TTWO,2.87,-0.0401,-0.1399,0.0275,-0.0295,-0.0823
2021-09-10,2021-09-13,2021-10-04,G2,XLB,FCX,2.97,-0.0758,-0.0839,-0.0731,0.0711,0.03
2021-09-10,2021-09-13,2021-10-04,G2,XLE,OXY,3.27,-0.07,-0.2407,0.1936,-0.1956,-0.067
2021-09-10,2021-09-13,2021-10-04,G2,XLP,TGT,3.77,-0.063,-0.0708,-0.0708,0.0688,0.0315
2021-09-10,2021-09-13,2021-10-04,G3,XLY,ROST,7.14,-0.0984,-0.1113,-0.0294,-0.0314,-0.0092
2021-09-10,2021-09-13,2021-10-04,G3,XLV,AMGN,6.65,-0.0559,-0.1339,-0.0244,-0.0264,0.025
2021-09-10,2021-09-13,2021-10-04,G3,XLI,TDG,7.05,-0.0241,-0.1217,0.0528,0.0508,0.0848
2021-09-10,2021-09-13,2021-10-04,G3,XLC,NWSA,6.59,-0.0868,-0.1626,0.0767,0.0747,0.1315
2021-09-10,2021-09-13,2021-10-04,G3,XLB,LYB,6.7,-0.1055,-0.1135,0.0026,0.0006,0.0458
2021-09-10,2021-09-13,2021-10-04,G3,XLE,PSX,6.59,-0.097,-0.2534,0.1256,0.1236,-0.001
2021-09-10,2021-09-13,2021-10-04,G3,XLP,KR,5.87,0.0007,-0.0981,-0.0758,-0.0778,-0.0365
2021-09-10,2021-09-13,2021-10-04,G4,XLK,MSFT,7.55,0.0223,-0.0293,-0.0467,0.0447,-0.0066
2021-09-10,2021-09-13,2021-10-04,G4,XLY,MCD,6.35,0.0161,-0.0238,0.0078,-0.0098,-0.028
2021-09-10,2021-09-13,2021-10-04,G4,XLV,MDT,7.53,0.0284,-0.0298,-0.0337,0.0317,-0.0157
2021-09-10,2021-09-13,2021-10-04,G4,XLI,GD,6.65,0.0122,-0.0137,-0.0096,0.0076,-0.0224
2021-09-10,2021-09-13,2021-10-04,G4,XLC,META,5.58,0.0442,-0.0091,-0.1335,0.1315,0.0787
2021-09-10,2021-09-13,2021-10-04,G4,XLB,PKG,7.52,0.0437,-0.0138,-0.0749,0.0729,0.0318
2021-09-10,2021-09-13,2021-10-04,G4,XLP,PG,7.89,0.0083,-0.0066,-0.0473,0.0453,0.008
2021-09-10,2021-09-13,2021-10-04,G4,XLU,PPL,10.51,0.0323,-0.0145,-0.0423,0.0403,-0.0028
2021-10-01,2021-10-04,2021-10-25,G1,XLY,ABNB,2.59,0.1006,-0.0163,0.0288,0.0268,-0.0724
2021-10-01,2021-10-04,2021-10-25,G1,XLV,MRK,2.04,0.065,0.0,-0.0173,-0.0193,-0.0687
2021-10-01,2021-10-04,2021-10-25,G1,XLI,UBER,2.35,0.1365,-0.0412,0.0,-0.002,-0.0649
2021-10-01,2021-10-04,2021-10-25,G1,XLC,LYV,3.31,0.1389,0.0,0.026,0.024,0.0131
2021-10-01,2021-10-04,2021-10-25,G1,XLE,FANG,1.81,0.2911,0.0,0.0583,0.0563,-0.0162
2021-10-01,2021-10-04,2021-10-25,G1,XLU,PCG,2.15,0.0356,-0.0733,0.1874,0.1854,0.1534
2021-10-01,2021-10-04,2021-10-25,G2,XLK,PLTR,0.11,-0.0822,-0.1543,0.0967,-0.0987,-0.0233
2021-10-01,2021-10-04,2021-10-25,G2,XLV,ISRG,3.97,-0.0579,-0.0675,0.0621,-0.0641,-0.0107
2021-10-01,2021-10-04,2021-10-25,G2,XLB,NUE,3.15,-0.1496,-0.223,0.1306,-0.1326,-0.0599
2021-10-01,2021-10-04,2021-10-25,G2,XLP,KDP,2.71,-0.0691,-0.0745,0.0526,-0.0546,-0.0171
2021-10-01,2021-10-04,2021-10-25,G2,XLU,VST,1.94,-0.1187,-0.1273,0.1457,-0.1477,-0.1117
2021-10-01,2021-10-04,2021-10-25,G3,XLK,QCOM,6.59,-0.1131,-0.1436,0.0414,0.0394,-0.032
2021-10-01,2021-10-04,2021-10-25,G3,XLY,NKE,6.15,-0.1015,-0.1527,0.1161,0.1141,0.0148
2021-10-01,2021-10-04,2021-10-25,G3,XLV,LLY,5.62,-0.1155,-0.1581,0.0898,0.0878,0.0385
2021-10-01,2021-10-04,2021-10-25,G3,XLI,TT,6.32,-0.1309,-0.1515,0.0292,0.0272,-0.0357
2021-10-01,2021-10-04,2021-10-25,G3,XLC,TMUS,6.03,-0.0688,-0.1516,-0.076,-0.078,-0.0889
2021-10-01,2021-10-04,2021-10-25,G3,XLB,PPG,6.0,-0.0922,-0.1601,0.1115,0.1095,0.0408
2021-10-01,2021-10-04,2021-10-25,G3,XLE,PSX,6.86,0.0379,-0.1114,0.1059,0.1039,0.0314
2021-10-01,2021-10-04,2021-10-25,G3,XLP,KR,5.38,-0.1727,-0.1727,0.0177,0.0157,-0.0178
2021-10-01,2021-10-04,2021-10-25,G3,XLU,ETR,8.43,-0.1261,-0.1346,0.0238,0.0218,-0.0102
2021-10-01,2021-10-04,2021-10-25,G4,XLY,TSLA,10.41,0.0585,-0.0204,0.3114,-0.3134,-0.2101
2021-10-01,2021-10-04,2021-10-25,G4,XLI,TDG,8.43,0.0708,-0.0108,-0.0123,0.0103,0.0772
2021-10-01,2021-10-04,2021-10-25,G4,XLC,FOX,8.97,0.0915,0.0,0.0178,-0.0198,-0.0049
2021-10-01,2021-10-04,2021-10-25,G4,XLE,OKE,8.82,0.1156,0.0,0.0967,-0.0987,-0.0222
2021-10-01,2021-10-04,2021-10-25,G4,XLP,GIS,6.94,0.0466,-0.0039,0.0155,-0.0175,0.02
2021-10-22,2021-10-25,2021-11-15,G1,XLK,AMD,0.67,0.1325,0.0,0.1972,0.1952,0.1455
2021-10-22,2021-10-25,2021-11-15,G1,XLY,F,2.77,0.1814,-0.0163,0.2413,0.2393,0.2104
2021-10-22,2021-10-25,2021-11-15,G1,XLV,MCK,3.09,0.0292,0.0,0.0698,0.0678,0.0611
2021-10-22,2021-10-25,2021-11-15,G1,XLI,GE,3.71,0.0024,-0.0224,0.013,0.011,-0.0066
2021-10-22,2021-10-25,2021-11-15,G1,XLC,TTWO,3.2,0.2266,-0.0072,-0.0295,-0.0315,-0.0385
2021-10-22,2021-10-25,2021-11-15,G1,XLB,FCX,2.12,0.1709,-0.0324,0.0386,0.0366,-0.0082
2021-10-22,2021-10-25,2021-11-15,G1,XLE,HAL,1.82,0.2329,-0.0215,-0.1076,-0.1096,-0.0945
2021-10-22,2021-10-25,2021-11-15,G1,XLP,ADM,-1.6,0.1081,0.0,0.0048,0.0028,-0.0226
2021-10-22,2021-10-25,2021-11-15,G1,XLU,PCG,2.05,0.1972,0.0,0.0617,0.0597,0.0532
2021-10-22,2021-10-25,2021-11-15,G2,XLK,PLTR,0.02,-0.1446,-0.1509,-0.0787,0.0767,0.1304
2021-10-22,2021-10-25,2021-11-15,G2,XLY,CMG,2.48,-0.0749,-0.0781,0.0363,-0.0383,-0.0055
2021-10-22,2021-10-25,2021-11-15,G2,XLV,DHR,3.71,-0.0336,-0.0567,-0.021,0.019,0.0297
2021-10-22,2021-10-25,2021-11-15,G2,XLI,BA,3.25,-0.038,-0.1107,0.095,-0.097,-0.0754
2021-10-22,2021-10-25,2021-11-15,G2,XLC,DIS,2.87,-0.0374,-0.0887,-0.0789,0.0769,0.088
2021-10-22,2021-10-25,2021-11-15,G3,XLK,QCOM,5.35,-0.0169,-0.1173,0.2773,0.2753,0.2256
2021-10-22,2021-10-25,2021-11-15,G3,XLY,ROST,5.53,-0.0483,-0.1304,0.0206,0.0186,-0.0102
2021-10-22,2021-10-25,2021-11-15,G3,XLV,BMY,7.81,-0.0359,-0.1622,0.0313,0.0293,0.0226
2021-10-22,2021-10-25,2021-11-15,G3,XLI,DE,5.35,-0.0215,-0.1223,0.0239,0.0219,0.0043
2021-10-22,2021-10-25,2021-11-15,G3,XLC,CMCSA,6.4,-0.0317,-0.1181,-0.0129,-0.0149,-0.022
2021-10-22,2021-10-25,2021-11-15,G3,XLB,PKG,6.28,-0.0555,-0.1238,0.0067,0.0047,-0.0401
2021-10-22,2021-10-25,2021-11-15,G3,XLP,MNST,5.01,-0.0864,-0.1423,0.1022,0.1002,0.0748
2021-10-22,2021-10-25,2021-11-15,G3,XLU,ETR,8.85,0.0373,-0.089,0.0221,0.0201,0.0135
2021-10-22,2021-10-25,2021-11-15,G4,XLK,AVGO,7.38,0.0208,0.0,0.0837,-0.0857,-0.032
2021-10-22,2021-10-25,2021-11-15,G4,XLY,HLT,6.87,0.0456,-0.021,0.0052,-0.0072,0.0256
2021-10-22,2021-10-25,2021-11-15,G4,XLV,UNH,6.64,0.1034,0.0,0.0029,-0.0049,0.0058
2021-10-22,2021-10-25,2021-11-15,G4,XLI,UNP,7.73,0.1658,0.0,0.0049,-0.0069,0.0147
2021-10-22,2021-10-25,2021-11-15,G4,XLB,APD,6.72,0.1285,-0.0111,0.0336,-0.0356,0.0132
2021-10-22,2021-10-25,2021-11-15,G4,XLE,EOG,10.21,0.1834,-0.0118,-0.0089,0.0069,-0.0042
2021-10-22,2021-10-25,2021-11-15,G4,XLP,PEP,7.12,0.0374,-0.0083,0.0288,-0.0308,-0.0014
2021-10-22,2021-10-25,2021-11-15,G4,XLU,D,8.09,0.0363,-0.0267,-0.0081,0.0061,0.0166
2021-11-12,2021-11-15,2021-12-07,G1,XLK,NVDA,0.82,0.3901,-0.0134,0.0801,0.0781,0.0479
2021-11-12,2021-11-15,2021-12-07,G1,XLY,F,-0.26,0.242,-0.0323,0.0101,0.0081,-0.0047
2021-11-12,2021-11-15,2021-12-07,G1,XLV,PFE,-0.22,0.2091,-0.009,0.0417,0.0397,0.043
2021-11-12,2021-11-15,2021-12-07,G1,XLI,CAT,3.94,0.0573,-0.0232,-0.0155,-0.0175,0.0042
2021-11-12,2021-11-15,2021-12-07,G1,XLC,LYV,0.23,0.1058,-0.0927,-0.063,-0.065,-0.0047
2021-11-12,2021-11-15,2021-12-07,G1,XLB,NUE,1.81,0.1028,-0.0857,0.0368,0.0348,0.057
2021-11-12,2021-11-15,2021-12-07,G1,XLE,EQT,-0.56,0.0782,-0.0519,-0.0599,-0.0619,-0.0468
2021-11-12,2021-11-15,2021-12-07,G1,XLP,COST,3.73,0.145,0.0,0.0426,0.0406,0.0453
2021-11-12,2021-11-15,2021-12-07,G1,XLU,PCG,-0.42,0.0946,-0.0113,0.0048,0.0028,-0.016
2021-11-12,2021-11-15,2021-12-07,G2,XLK,PLTR,-0.85,-0.0488,-0.2065,-0.1687,0.1667,0.2009
2021-11-12,2021-11-15,2021-12-07,G2,XLY,RCL,3.06,-0.0203,-0.1252,-0.1597,0.1577,0.1746
2021-11-12,2021-11-15,2021-12-07,G2,XLV,BSX,2.46,-0.0306,-0.077,0.0015,-0.0035,-0.0028
2021-11-12,2021-11-15,2021-12-07,G2,XLC,DIS,1.85,-0.0954,-0.1414,-0.0481,0.0461,-0.0102
2021-11-12,2021-11-15,2021-12-07,G2,XLE,BKR,1.69,-0.0875,-0.0899,0.0061,-0.0081,-0.0192
2021-11-12,2021-11-15,2021-12-07,G2,XLU,WEC,3.53,-0.0072,-0.0837,0.0198,-0.0218,0.0011
2021-11-12,2021-11-15,2021-12-07,G3,XLK,IBM,5.99,-0.1281,-0.1281,0.0228,0.0208,-0.0094
2021-11-12,2021-11-15,2021-12-07,G3,XLV,BMY,6.1,0.0183,-0.1342,-0.0418,-0.0438,-0.0404
2021-11-12,2021-11-15,2021-12-07,G3,XLI,NOC,5.69,-0.0903,-0.1155,0.0118,0.0098,0.0315
2021-11-12,2021-11-15,2021-12-07,G3,XLC,OMC,6.43,-0.0998,-0.0998,0.0123,0.0103,0.0706
2021-11-12,2021-11-15,2021-12-07,G3,XLB,IP,5.36,-0.0665,-0.1289,-0.0566,-0.0586,-0.0364
2021-11-12,2021-11-15,2021-12-07,G3,XLP,MO,5.74,-0.0776,-0.1038,-0.0157,-0.0177,-0.013
2021-11-12,2021-11-15,2021-12-07,G3,XLU,ETR,5.58,0.0035,-0.1065,-0.0018,-0.0038,-0.0227
2021-11-12,2021-11-15,2021-12-07,G4,XLK,MSFT,5.96,0.1069,-0.0008,-0.0016,-0.0004,0.0338
2021-11-12,2021-11-15,2021-12-07,G4,XLY,ORLY,6.44,0.0318,-0.022,0.0354,-0.0374,-0.0206
2021-11-12,2021-11-15,2021-12-07,G4,XLV,UNH,8.14,0.0722,-0.0115,0.0343,-0.0363,-0.0356
2021-11-12,2021-11-15,2021-12-07,G4,XLI,WM,7.48,0.0304,-0.0088,0.0113,-0.0133,-0.031
2021-11-12,2021-11-15,2021-12-07,G4,XLB,ECL,8.57,0.0702,0.0,-0.02,0.018,-0.0002
2021-11-12,2021-11-15,2021-12-07,G4,XLE,EOG,9.61,0.0582,-0.0234,-0.0283,0.0263,0.0152
2021-11-12,2021-11-15,2021-12-07,G4,XLP,PG,8.89,0.0211,-0.0018,0.0295,-0.0315,-0.0322
2021-11-12,2021-11-15,2021-12-07,G4,XLU,ED,6.9,0.036,-0.0136,0.0457,-0.0477,-0.0248
2021-12-06,2021-12-07,2021-12-29,G1,XLK,MU,3.63,0.1307,-0.0436,0.1205,0.1185,0.0991
2021-12-06,2021-12-07,2021-12-29,G1,XLY,AZO,3.58,0.0341,-0.0167,0.0398,0.0378,0.043
2021-12-06,2021-12-07,2021-12-29,G1,XLV,VRTX,2.97,0.0633,0.0,0.0882,0.0862,0.0209
2021-12-06,2021-12-07,2021-12-29,G1,XLB,FCX,3.72,0.0089,-0.0936,0.0828,0.0808,0.0474
2021-12-06,2021-12-07,2021-12-29,G1,XLU,PCG,3.27,0.0764,0.0,-0.0362,-0.0382,-0.0752
2021-12-06,2021-12-07,2021-12-29,G2,XLK,PLTR,2.71,-0.2769,-0.3465,-0.0663,0.0643,0.0877
2021-12-06,2021-12-07,2021-12-29,G2,XLY,DASH,3.31,-0.1869,-0.3433,-0.0817,0.0797,0.0785
2021-12-06,2021-12-07,2021-12-29,G2,XLV,MRK,3.93,-0.1004,-0.1891,0.0747,-0.0767,-0.0074
2021-12-06,2021-12-07,2021-12-29,G2,XLI,UBER,2.53,-0.1844,-0.2041,0.115,-0.117,-0.1041
2021-12-06,2021-12-07,2021-12-29,G2,XLC,MTCH,2.97,-0.1947,-0.2626,-0.0331,0.0311,0.0578
2021-12-06,2021-12-07,2021-12-29,G2,XLB,STLD,3.42,-0.0775,-0.111,0.0029,-0.0049,0.0325
2021-12-06,2021-12-07,2021-12-29,G2,XLE,OXY,3.54,-0.1071,-0.1561,-0.0595,0.0575,0.0446
2021-12-06,2021-12-07,2021-12-29,G3,XLK,IBM,7.73,-0.017,-0.1211,0.0968,0.0948,0.0754
2021-12-06,2021-12-07,2021-12-29,G3,XLY,RCL,5.07,-0.2526,-0.2526,0.0918,0.0898,0.0951
2021-12-06,2021-12-07,2021-12-29,G3,XLV,MDT,6.56,-0.1036,-0.1585,-0.0682,-0.0702,-0.1355
2021-12-06,2021-12-07,2021-12-29,G3,XLI,GE,5.41,-0.1171,-0.1373,-0.0274,-0.0294,-0.0384
2021-12-06,2021-12-07,2021-12-29,G3,XLC,META,5.16,-0.0682,-0.1558,0.0624,0.0604,0.0377
2021-12-06,2021-12-07,2021-12-29,G3,XLB,IP,9.12,-0.0283,-0.1491,0.0015,-0.0005,-0.0339
2021-12-06,2021-12-07,2021-12-29,G3,XLE,PSX,6.31,-0.0754,-0.1412,0.0051,0.0031,0.0199
2021-12-06,2021-12-07,2021-12-29,G3,XLP,SYY,9.34,-0.1023,-0.1243,0.0688,0.0668,0.009
2021-12-06,2021-12-07,2021-12-29,G3,XLU,NRG,5.59,0.0499,-0.1292,0.1037,0.1017,0.0647
2021-12-06,2021-12-07,2021-12-29,G4,XLK,APH,10.64,0.0161,-0.0281,0.0513,-0.0533,-0.0299
2021-12-06,2021-12-07,2021-12-29,G4,XLY,MCD,8.14,0.0098,0.0,0.033,-0.035,-0.0362
2021-12-06,2021-12-07,2021-12-29,G4,XLV,JNJ,10.63,0.0035,-0.0108,0.0501,-0.0521,0.0172
2021-12-06,2021-12-07,2021-12-29,G4,XLI,UNP,7.85,0.0303,-0.0053,0.0192,-0.0212,-0.0083
2021-12-06,2021-12-07,2021-12-29,G4,XLB,SHW,8.47,0.071,-0.0037,0.0281,-0.0301,0.0073
2021-12-06,2021-12-07,2021-12-29,G4,XLE,CVX,6.77,0.0244,-0.0084,0.0003,-0.0023,-0.0151
2021-12-06,2021-12-07,2021-12-29,G4,XLP,HSY,9.5,0.0355,-0.0083,0.054,-0.056,0.0059
2021-12-06,2021-12-07,2021-12-29,G4,XLU,SO,12.03,0.0356,-0.0149,0.0558,-0.0578,-0.0168
2021-12-28,2021-12-29,2022-01-20,G1,XLK,AAPL,3.59,0.1189,-0.0058,-0.0829,-0.0849,0.0218
2021-12-28,2021-12-29,2022-01-20,G1,XLY,AZO,3.87,0.1203,0.0,-0.0814,-0.0834,0.0148
2021-12-28,2021-12-29,2022-01-20,G1,XLV,VRTX,2.29,0.1674,-0.0068,0.0237,0.0217,0.0974
2021-12-28,2021-12-29,2022-01-20,G1,XLI,UBER,1.91,0.0715,-0.1203,-0.1093,-0.1113,-0.0752
2021-12-28,2021-12-29,2022-01-20,G1,XLC,LYV,3.49,0.1135,-0.03,-0.0617,-0.0637,-0.0146
2021-12-28,2021-12-29,2022-01-20,G1,XLB,FCX,3.08,0.1056,0.0,0.0323,0.0303,0.0807
2021-12-28,2021-12-29,2022-01-20,G1,XLE,EQT,2.48,0.1043,0.0,-0.0737,-0.0757,-0.2175
2021-12-28,2021-12-29,2022-01-20,G1,XLP,CHD,1.75,0.0686,-0.0134,0.0099,0.0079,0.022
2021-12-28,2021-12-29,2022-01-20,G1,XLU,VST,2.12,0.1055,-0.0125,-0.0064,-0.0084,0.0231
2021-12-28,2021-12-29,2022-01-20,G2,XLK,PLTR,3.06,-0.1187,-0.3058,-0.1954,0.1934,0.0906
2021-12-28,2021-12-29,2022-01-20,G2,XLY,ABNB,2.83,-0.0576,-0.181,-0.0564,0.0544,-0.0399
2021-12-28,2021-12-29,2022-01-20,G2,XLC,NFLX,3.67,-0.08,-0.1171,-0.1675,0.1655,0.1205
2021-12-28,2021-12-29,2022-01-20,G2,XLE,OXY,3.21,-0.019,-0.166,0.1945,-0.1965,-0.0507
2021-12-28,2021-12-29,2022-01-20,G2,XLP,TGT,3.87,-0.0973,-0.1557,-0.0272,0.0252,0.0151
2021-12-28,2021-12-29,2022-01-20,G3,XLK,ORCL,5.02,-0.0462,-0.1447,-0.0588,-0.0608,0.046
2021-12-28,2021-12-29,2022-01-20,G3,XLY,RCL,5.21,0.1196,-0.1905,0.0378,0.0358,0.1341
2021-12-28,2021-12-29,2022-01-20,G3,XLV,MDT,9.04,-0.0461,-0.1765,0.0208,0.0188,0.0945
2021-12-28,2021-12-29,2022-01-20,G3,XLI,HON,7.75,-0.0029,-0.087,0.0067,0.0047,0.0407
2021-12-28,2021-12-29,2022-01-20,G3,XLC,FOX,5.59,0.0081,-0.1351,0.0259,0.0239,0.0729
2021-12-28,2021-12-29,2022-01-20,G3,XLB,IP,7.57,-0.0116,-0.156,0.031,0.029,0.0795
2021-12-28,2021-12-29,2022-01-20,G3,XLE,KMI,7.68,-0.0094,-0.1362,0.1011,0.0991,-0.0427
2021-12-28,2021-12-29,2022-01-20,G4,XLK,MSFT,6.72,0.0137,-0.0054,-0.118,0.116,0.0133
2021-12-28,2021-12-29,2022-01-20,G4,XLY,MCD,7.36,0.0762,-0.0013,-0.0572,0.0552,-0.0391
2021-12-28,2021-12-29,2022-01-20,G4,XLV,UNH,7.38,0.1163,0.0,-0.0842,0.0822,0.0105
2021-12-28,2021-12-29,2022-01-20,G4,XLI,MMM,8.12,0.008,-0.0249,-0.0271,0.0251,-0.0069
2021-12-28,2021-12-29,2022-01-20,G4,XLC,VZ,8.37,0.0205,-0.0219,0.0322,-0.0342,-0.0792
2021-12-28,2021-12-29,2022-01-20,G4,XLB,ECL,7.1,0.033,-0.0043,-0.0954,0.0934,0.0469
2021-12-28,2021-12-29,2022-01-20,G4,XLE,CVX,6.58,0.0323,-0.0019,0.089,-0.091,0.0548
2021-12-28,2021-12-29,2022-01-20,G4,XLP,KO,8.1,0.0871,0.0,0.0305,-0.0325,-0.0426
2021-12-28,2021-12-29,2022-01-20,G4,XLU,AEE,13.01,0.0458,-0.0027,-0.0116,0.0096,-0.018
2022-01-19,2022-01-20,2022-02-10,G1,XLK,MU,2.74,0.0983,-0.0756,0.0699,0.0679,0.0553
2022-01-19,2022-01-20,2022-02-10,G1,XLY,F,1.18,0.156,-0.1088,-0.1606,-0.1626,-0.1603
2022-01-19,2022-01-20,2022-02-10,G1,XLV,VRTX,3.1,0.0716,-0.0138,0.0318,0.0298,0.022
2022-01-19,2022-01-20,2022-02-10,G1,XLI,BA,3.06,0.1517,-0.0687,0.0213,0.0193,0.0334
2022-01-19,2022-01-20,2022-02-10,G1,XLC,LYV,3.6,0.06,-0.085,0.0577,0.0557,0.11
2022-01-19,2022-01-20,2022-02-10,G1,XLB,FCX,2.88,0.1819,-0.0204,0.0167,0.0147,0.0262
2022-01-19,2022-01-20,2022-02-10,G1,XLE,SLB,2.25,0.3031,-0.0188,0.0605,0.0585,-0.0134
2022-01-19,2022-01-20,2022-02-10,G1,XLP,KDP,3.95,0.0872,-0.0229,0.0045,0.0025,0.0095
2022-01-19,2022-01-20,2022-02-10,G1,XLU,VST,2.9,0.0659,-0.0196,0.0161,0.0141,0.0448
2022-01-19,2022-01-20,2022-02-10,G2,XLK,PLTR,3.32,-0.1893,-0.4557,-0.0725,0.0705,0.0872
2022-01-19,2022-01-20,2022-02-10,G2,XLY,CMG,3.69,-0.1263,-0.2122,0.1109,-0.1129,-0.1112
2022-01-19,2022-01-20,2022-02-10,G2,XLV,PFE,1.36,-0.1226,-0.1259,-0.0567,0.0547,0.0666
2022-01-19,2022-01-20,2022-02-10,G2,XLI,UBER,3.18,-0.0463,-0.1977,-0.0019,-0.0001,-0.0103
2022-01-19,2022-01-20,2022-02-10,G2,XLC,CHTR,3.26,-0.1012,-0.2048,0.0601,-0.0621,-0.1124
2022-01-19,2022-01-20,2022-02-10,G2,XLB,NUE,2.76,-0.0578,-0.1505,0.2118,-0.2138,-0.2213
2022-01-19,2022-01-20,2022-02-10,G3,XLK,CRM,5.04,-0.0847,-0.27,-0.0236,-0.0256,-0.0383
2022-01-19,2022-01-20,2022-02-10,G3,XLY,NKE,5.3,-0.0756,-0.1811,0.0146,0.0126,0.0149
2022-01-19,2022-01-20,2022-02-10,G3,XLV,DHR,5.68,-0.0861,-0.1276,-0.0027,-0.0047,-0.0125
2022-01-19,2022-01-20,2022-02-10,G3,XLI,CTAS,7.31,-0.0979,-0.154,0.0035,0.0015,0.0157
2022-01-19,2022-01-20,2022-02-10,G3,XLC,NFLX,5.27,-0.1312,-0.2542,-0.2006,-0.2026,-0.1483
2022-01-19,2022-01-20,2022-02-10,G3,XLB,SHW,6.66,-0.095,-0.1374,-0.0596,-0.0616,-0.05
2022-01-19,2022-01-20,2022-02-10,G3,XLP,COST,5.54,-0.1065,-0.1367,0.0755,0.0735,0.0805
2022-01-19,2022-01-20,2022-02-10,G3,XLU,NEE,6.6,-0.0817,-0.1154,-0.0965,-0.0985,-0.0678
2022-01-19,2022-01-20,2022-02-10,G4,XLV,AMGN,6.79,0.0514,-0.0173,-0.0003,-0.0017,0.0102
2022-01-19,2022-01-20,2022-02-10,G4,XLI,GD,8.14,0.0648,-0.0129,0.0122,-0.0142,-0.0243
2022-01-19,2022-01-20,2022-02-10,G4,XLC,VZ,7.46,0.0199,-0.0136,-0.0067,0.0047,-0.0456
2022-01-19,2022-01-20,2022-02-10,G4,XLB,DOW,8.32,0.1183,-0.0148,0.0543,-0.0563,-0.0638
2022-01-19,2022-01-20,2022-02-10,G4,XLE,PSX,6.27,0.2565,-0.016,0.0463,-0.0483,0.0276
2022-01-19,2022-01-20,2022-02-10,G4,XLP,HSY,8.05,0.0631,0.0,0.0214,-0.0234,-0.0264
2022-01-19,2022-01-20,2022-02-10,G4,XLU,SO,11.57,0.018,-0.0048,-0.0284,0.0264,-0.0003
2022-02-09,2022-02-10,2022-03-04,G1,XLY,AZO,3.72,0.0022,-0.0469,-0.0248,-0.0268,0.0517
2022-02-09,2022-02-10,2022-03-04,G1,XLC,OMC,1.8,0.1625,0.0,-0.0767,-0.0787,-0.0153
2022-02-09,2022-02-10,2022-03-04,G1,XLB,NUE,3.4,0.0834,-0.0215,0.1409,0.1389,0.1674
2022-02-09,2022-02-10,2022-03-04,G1,XLE,HAL,3.27,0.1986,0.0,0.0569,0.0549,-0.0427
2022-02-09,2022-02-10,2022-03-04,G1,XLP,MDLZ,2.36,0.0104,-0.0059,-0.044,-0.046,-0.0487
2022-02-09,2022-02-10,2022-03-04,G1,XLU,PCG,1.74,0.0107,-0.0546,-0.0167,-0.0187,-0.0749
2022-02-09,2022-02-10,2022-03-04,G2,XLK,PLTR,3.94,-0.1788,-0.4075,-0.1917,0.1897,0.129
2022-02-09,2022-02-10,2022-03-04,G2,XLY,F,3.2,-0.2425,-0.2678,-0.068,0.066,-0.0085
2022-02-09,2022-02-10,2022-03-04,G2,XLV,PFE,3.98,-0.0852,-0.1533,-0.0385,0.0365,0.0419
2022-02-09,2022-02-10,2022-03-04,G2,XLI,TT,3.94,-0.1618,-0.1999,-0.0269,0.0249,0.0218
2022-02-09,2022-02-10,2022-03-04,G2,XLC,META,3.62,-0.3062,-0.3325,-0.1228,0.1208,0.0614
2022-02-09,2022-02-10,2022-03-04,G2,XLB,AMCR,-3.05,-0.0273,-0.0508,-0.0185,0.0165,-0.008
2022-02-09,2022-02-10,2022-03-04,G2,XLP,KR,3.72,-0.0537,-0.0875,0.3108,-0.3128,-0.3062
2022-02-09,2022-02-10,2022-03-04,G2,XLU,WEC,2.15,-0.0105,-0.0411,0.0366,-0.0386,0.0216
2022-02-09,2022-02-10,2022-03-04,G3,XLK,CRM,5.41,-0.0545,-0.2791,-0.0673,-0.0693,-0.0046
2022-02-09,2022-02-10,2022-03-04,G3,XLY,SBUX,6.2,-0.0664,-0.1696,-0.0554,-0.0574,0.0211
2022-02-09,2022-02-10,2022-03-04,G3,XLV,GILD,5.31,-0.1242,-0.1393,0.0011,-0.0009,-0.0022
2022-02-09,2022-02-10,2022-03-04,G3,XLI,ADP,7.46,-0.1025,-0.1486,0.0142,0.0122,0.0193
2022-02-09,2022-02-10,2022-03-04,G3,XLB,ECL,7.35,-0.1557,-0.188,-0.1027,-0.1047,-0.0762
2022-02-09,2022-02-10,2022-03-04,G3,XLE,EQT,7.18,-0.0863,-0.1281,0.2235,0.2215,0.124
2022-02-09,2022-02-10,2022-03-04,G3,XLP,KMB,6.47,-0.0786,-0.0878,-0.005,-0.007,-0.0096
2022-02-09,2022-02-10,2022-03-04,G3,XLU,NEE,7.0,-0.0959,-0.1789,0.069,0.067,0.0108
2022-02-09,2022-02-10,2022-03-04,G4,XLK,IBM,7.4,0.037,-0.0031,-0.0517,0.0497,-0.011
2022-02-09,2022-02-10,2022-03-04,G4,XLY,MAR,5.67,0.0504,0.0,-0.0882,0.0862,0.0116
2022-02-09,2022-02-10,2022-03-04,G4,XLV,AMGN,7.99,0.0207,-0.0158,0.0266,-0.0286,-0.0233
2022-02-09,2022-02-10,2022-03-04,G4,XLI,GD,7.94,0.024,0.0,0.1597,-0.1617,-0.1647
2022-02-09,2022-02-10,2022-03-04,G4,XLC,NWSA,6.32,0.045,-0.0072,-0.085,0.083,0.0235
2022-02-09,2022-02-10,2022-03-04,G4,XLB,DOW,7.09,0.0475,0.0,-0.0231,0.0211,-0.0034
2022-02-09,2022-02-10,2022-03-04,G4,XLE,EOG,6.96,0.1169,-0.012,0.0541,-0.0561,0.0455
2022-02-09,2022-02-10,2022-03-04,G4,XLP,MO,12.41,0.0226,-0.0055,0.066,-0.068,-0.0613
2022-02-09,2022-02-10,2022-03-04,G4,XLU,XEL,11.58,0.0086,-0.0096,0.0623,-0.0643,-0.0041
2022-03-03,2022-03-04,2022-03-25,G1,XLI,LMT,2.19,0.1641,-0.0193,-0.0098,-0.0118,-0.0464
2022-03-03,2022-03-04,2022-03-25,G1,XLC,OMC,3.54,0.0784,-0.0767,0.0848,0.0828,0.0417
2022-03-03,2022-03-04,2022-03-25,G1,XLB,FCX,2.52,0.2463,0.0,0.0363,0.0343,-0.0427
2022-03-03,2022-03-04,2022-03-25,G1,XLE,OXY,2.22,0.2052,-0.0128,0.0481,0.0461,-0.0087
2022-03-03,2022-03-04,2022-03-25,G1,XLP,ADM,3.41,0.074,0.0,0.1291,0.1271,0.1356
2022-03-03,2022-03-04,2022-03-25,G2,XLK,PLTR,3.29,-0.1486,-0.4279,0.1834,-0.1854,-0.1249
2022-03-03,2022-03-04,2022-03-25,G2,XLC,TTWO,3.8,-0.0415,-0.1303,-0.0222,0.0202,0.0653
2022-03-03,2022-03-04,2022-03-25,G2,XLU,PCG,3.02,-0.0669,-0.1214,0.0696,-0.0716,-0.0361
2022-03-03,2022-03-04,2022-03-25,G3,XLK,ADBE,6.2,-0.1388,-0.3026,-0.0454,-0.0474,-0.1039
2022-03-03,2022-03-04,2022-03-25,G3,XLY,DASH,5.43,-0.0239,-0.3981,0.1717,0.1697,0.1015
2022-03-03,2022-03-04,2022-03-25,G3,XLV,PFE,5.44,-0.112,-0.2132,0.0849,0.0829,0.0534
2022-03-03,2022-03-04,2022-03-25,G3,XLI,UBER,5.47,-0.1466,-0.2859,0.1418,0.1398,0.1052
2022-03-03,2022-03-04,2022-03-25,G3,XLC,NFLX,5.25,-0.143,-0.414,0.0335,0.0315,-0.0096
2022-03-03,2022-03-04,2022-03-25,G3,XLB,ECL,9.29,-0.111,-0.2738,0.0598,0.0578,-0.0193
2022-03-03,2022-03-04,2022-03-25,G3,XLE,PSX,5.19,-0.0435,-0.0999,-0.0053,-0.0073,-0.0621
2022-03-03,2022-03-04,2022-03-25,G3,XLP,MNST,7.61,-0.0443,-0.1472,-0.0322,-0.0342,-0.0258
2022-03-03,2022-03-04,2022-03-25,G3,XLU,NEE,6.82,0.0193,-0.1514,0.0465,0.0445,0.013
2022-03-03,2022-03-04,2022-03-25,G4,XLV,BSX,7.96,0.0608,-0.0253,-0.0105,0.0085,0.042
2022-03-03,2022-03-04,2022-03-25,G4,XLI,UNP,6.66,0.0217,0.0,0.0331,-0.0351,0.0035
2022-03-03,2022-03-04,2022-03-25,G4,XLC,VZ,10.11,0.016,0.0,-0.0695,0.0675,0.1126
2022-03-03,2022-03-04,2022-03-25,G4,XLB,PKG,6.7,0.0094,-0.016,0.0506,-0.0526,0.0285
2022-03-03,2022-03-04,2022-03-25,G4,XLE,KMI,9.09,0.0563,0.0,0.0122,-0.0142,0.0446
2022-03-03,2022-03-04,2022-03-25,G4,XLP,MO,9.38,0.0529,0.0,0.0197,-0.0217,-0.0261
2022-03-03,2022-03-04,2022-03-25,G4,XLU,D,8.31,0.001,0.0,0.0154,-0.0174,0.0182
2022-03-24,2022-03-25,2022-04-18,G1,XLK,NVDA,3.23,0.1856,-0.0653,-0.2134,-0.2154,-0.1432
2022-03-24,2022-03-25,2022-04-18,G1,XLY,TSLA,2.43,0.2662,-0.1549,-0.0063,-0.0083,0.0178
2022-03-24,2022-03-25,2022-04-18,G1,XLI,NOC,3.78,0.154,-0.0489,0.0162,0.0142,0.056
2022-03-24,2022-03-25,2022-04-18,G1,XLB,STLD,2.96,0.4015,0.0,0.0155,0.0135,0.0172
2022-03-24,2022-03-25,2022-04-18,G1,XLE,OXY,0.73,0.4874,-0.0527,0.0453,0.0433,0.0165
2022-03-24,2022-03-25,2022-04-18,G1,XLP,ADM,2.7,0.1922,0.0,0.0318,0.0298,-0.0102
2022-03-24,2022-03-25,2022-04-18,G1,XLU,PCG,1.8,0.0668,-0.0915,0.0167,0.0147,-0.0232
2022-03-24,2022-03-25,2022-04-18,G2,XLK,MU,3.88,-0.1196,-0.1967,-0.0877,0.0857,0.0176
2022-03-24,2022-03-25,2022-04-18,G2,XLB,AMCR,2.78,-0.0174,-0.0818,0.0168,-0.0188,-0.0184
2022-03-24,2022-03-25,2022-04-18,G3,XLK,INTU,5.63,-0.0634,-0.2806,0.0225,0.0205,0.0927
2022-03-24,2022-03-25,2022-04-18,G3,XLY,SBUX,6.43,-0.0427,-0.2514,-0.0898,-0.0918,-0.0657
2022-03-24,2022-03-25,2022-04-18,G3,XLV,GILD,7.87,-0.0118,-0.1867,0.0453,0.0433,0.0392
2022-03-24,2022-03-25,2022-04-18,G3,XLI,TT,7.83,0.0276,-0.2326,-0.0618,-0.0638,-0.022
2022-03-24,2022-03-25,2022-04-18,G3,XLC,NFLX,5.7,-0.0367,-0.3862,-0.0963,-0.0983,-0.0541
2022-03-24,2022-03-25,2022-04-18,G3,XLB,SHW,7.2,-0.0326,-0.2886,0.0039,0.0019,0.0056
2022-03-24,2022-03-25,2022-04-18,G3,XLP,MNST,6.52,-0.0223,-0.1962,0.0475,0.0455,0.0055
2022-03-24,2022-03-25,2022-04-18,G3,XLU,NEE,7.37,0.1156,-0.0985,-0.0266,-0.0286,-0.0664
2022-03-24,2022-03-25,2022-04-18,G4,XLK,TXN,6.66,0.0862,-0.0282,-0.0451,0.0431,-0.0251
2022-03-24,2022-03-25,2022-04-18,G4,XLY,ORLY,6.63,0.099,-0.0112,0.026,-0.028,-0.0501
2022-03-24,2022-03-25,2022-04-18,G4,XLV,UNH,8.38,0.1296,0.0,0.041,-0.043,-0.0349
2022-03-24,2022-03-25,2022-04-18,G4,XLI,TDG,7.36,0.0409,0.0,-0.0627,0.0607,0.0229
2022-03-24,2022-03-25,2022-04-18,G4,XLC,TMUS,6.26,0.0164,-0.0253,0.0521,-0.0541,-0.0943
2022-03-24,2022-03-25,2022-04-18,G4,XLB,DOW,8.66,0.1046,0.0,0.0182,-0.0202,-0.0199
2022-03-24,2022-03-25,2022-04-18,G4,XLE,OKE,7.01,0.1446,0.0,0.0032,-0.0052,0.0256
2022-03-24,2022-03-25,2022-04-18,G4,XLP,MO,9.38,0.0773,-0.0016,0.0183,-0.0203,0.0237
2022-03-24,2022-03-25,2022-04-18,G4,XLU,SO,9.64,0.1021,0.0,0.0691,-0.0711,-0.0292
2022-04-14,2022-04-18,2022-05-09,G1,XLY,DASH,3.78,0.1376,-0.1407,-0.3775,-0.3795,-0.2236
2022-04-14,2022-04-18,2022-05-09,G1,XLV,VRTX,2.82,0.1519,-0.0102,-0.1695,-0.1715,-0.0915
2022-04-14,2022-04-18,2022-05-09,G1,XLI,LMT,3.9,0.0912,-0.0033,-0.0612,-0.0632,0.0029
2022-04-14,2022-04-18,2022-05-09,G1,XLB,NUE,3.07,0.2293,0.0,-0.2366,-0.2386,-0.1549
2022-04-14,2022-04-18,2022-05-09,G1,XLE,EQT,3.16,0.566,0.0,-0.1967,-0.1987,-0.1355
2022-04-14,2022-04-18,2022-05-09,G1,XLP,ADM,2.66,0.1567,0.0,-0.1254,-0.1274,-0.1063
2022-04-14,2022-04-18,2022-05-09,G1,XLU,PCG,2.64,0.0459,-0.0428,-0.0074,-0.0094,0.0456
2022-04-14,2022-04-18,2022-05-09,G2,XLK,AMD,3.61,-0.1668,-0.2995,-0.0802,0.0782,-0.0013
2022-04-14,2022-04-18,2022-05-09,G2,XLI,TT,3.7,-0.0596,-0.1564,-0.0783,0.0763,0.0142
2022-04-14,2022-04-18,2022-05-09,G2,XLC,OMC,3.21,-0.0714,-0.1186,-0.0156,0.0136,-0.1116
2022-04-14,2022-04-18,2022-05-09,G3,XLK,LRCX,6.01,-0.1333,-0.2641,-0.0497,-0.0517,0.0318
2022-04-14,2022-04-18,2022-05-09,G3,XLY,SBUX,6.63,-0.0931,-0.1909,-0.0768,-0.0788,0.0771
2022-04-14,2022-04-18,2022-05-09,G3,XLV,ABT,6.92,-0.0251,-0.0945,-0.0765,-0.0785,0.0014
2022-04-14,2022-04-18,2022-05-09,G3,XLI,MMM,6.95,-0.0021,-0.1436,0.0424,0.0404,0.1065
2022-04-14,2022-04-18,2022-05-09,G3,XLC,MTCH,6.54,-0.0332,-0.2238,-0.2184,-0.2204,-0.0912
2022-04-14,2022-04-18,2022-05-09,G3,XLB,PPG,7.05,-0.0032,-0.1937,0.0098,0.0078,0.0914
2022-04-14,2022-04-18,2022-05-09,G3,XLE,PSX,6.05,0.0683,-0.1016,0.0266,0.0246,0.0878
2022-04-14,2022-04-18,2022-05-09,G3,XLP,KMB,6.31,0.0419,-0.11,0.1231,0.1211,0.1423
2022-04-14,2022-04-18,2022-05-09,G4,XLY,ROST,6.94,0.1179,0.0,-0.106,0.104,-0.0478
2022-04-14,2022-04-18,2022-05-09,G4,XLV,UNH,10.1,0.0548,-0.0204,-0.0892,0.0872,0.0113
2022-04-14,2022-04-18,2022-05-09,G4,XLI,RTX,5.47,0.0667,0.0,-0.1203,0.1183,0.0563
2022-04-14,2022-04-18,2022-05-09,G4,XLC,VZ,7.67,0.0406,-0.0113,-0.0893,0.0873,-0.0379
2022-04-14,2022-04-18,2022-05-09,G4,XLB,PKG,9.16,0.0433,0.0,-0.0001,-0.0019,-0.0816
2022-04-14,2022-04-18,2022-05-09,G4,XLE,EOG,7.47,0.0493,-0.0252,-0.0436,0.0416,-0.0176
2022-04-14,2022-04-18,2022-05-09,G4,XLP,KO,9.82,0.082,0.0,0.0026,-0.0046,-0.0218
2022-04-14,2022-04-18,2022-05-09,G4,XLU,SO,8.45,0.1108,-0.0068,-0.0211,0.0191,-0.0319
2022-05-06,2022-05-09,2022-05-31,G1,XLB,AMCR,2.24,0.111,-0.0236,0.0485,0.0465,-0.0024
2022-05-06,2022-05-09,2022-05-31,G1,XLE,VLO,3.11,0.2502,0.0,0.1031,0.1011,-0.0434
2022-05-06,2022-05-09,2022-05-31,G1,XLU,VST,1.68,0.1036,0.0,0.0928,0.0908,0.0557
2022-05-06,2022-05-09,2022-05-31,G2,XLV,VRTX,2.95,-0.0794,-0.1272,0.1431,-0.1451,-0.0971
2022-05-06,2022-05-09,2022-05-31,G2,XLB,NEM,2.29,-0.1007,-0.1469,-0.0155,0.0135,0.0665
2022-05-06,2022-05-09,2022-05-31,G2,XLE,BKR,3.87,-0.1105,-0.1702,0.2032,-0.2052,-0.0567
2022-05-06,2022-05-09,2022-05-31,G3,XLK,PLTR,5.94,-0.2617,-0.352,0.1635,0.1615,0.1242
2022-05-06,2022-05-09,2022-05-31,G3,XLY,AMZN,7.01,-0.2726,-0.3221,0.105,0.103,0.0843
2022-05-06,2022-05-09,2022-05-31,G3,XLV,ISRG,6.05,-0.2295,-0.2641,0.0907,0.0887,0.0447
2022-05-06,2022-05-09,2022-05-31,G3,XLI,BA,5.93,-0.1633,-0.3199,-0.0143,-0.0163,-0.0303
2022-05-06,2022-05-09,2022-05-31,G3,XLC,NFLX,6.52,-0.5003,-0.5559,0.1406,0.1386,0.1
2022-05-06,2022-05-09,2022-05-31,G3,XLB,DD,6.61,-0.0615,-0.1999,0.0599,0.0579,0.009
2022-05-06,2022-05-09,2022-05-31,G3,XLE,OKE,6.38,-0.0615,-0.0963,0.0671,0.0651,-0.0794
2022-05-06,2022-05-09,2022-05-31,G3,XLP,COST,6.55,-0.1708,-0.1708,-0.0654,-0.0674,-0.0364
2022-05-06,2022-05-09,2022-05-31,G3,XLU,NEE,8.64,-0.1678,-0.1678,0.0765,0.0745,0.0394
2022-05-06,2022-05-09,2022-05-31,G4,XLK,IBM,6.99,0.0709,-0.0156,0.0327,-0.0347,0.0066
2022-05-06,2022-05-09,2022-05-31,G4,XLV,MRK,7.03,0.0183,-0.0034,0.0501,-0.0521,-0.0041
2022-05-06,2022-05-09,2022-05-31,G4,XLC,T,6.98,0.1337,-0.0089,0.089,-0.091,-0.0484
2022-05-06,2022-05-09,2022-05-31,G4,XLB,PKG,8.04,0.0738,-0.027,-0.0218,0.0198,0.0727
2022-05-06,2022-05-09,2022-05-31,G4,XLE,EOG,8.47,0.1028,0.0,0.1613,-0.1633,-0.0148
2022-05-06,2022-05-09,2022-05-31,G4,XLP,MO,12.78,0.0529,0.0,-0.0212,0.0192,-0.0078
2022-05-27,2022-05-31,2022-06-22,G1,XLB,AMCR,1.79,0.1327,0.0,-0.0947,-0.0967,0.0327
2022-05-27,2022-05-31,2022-06-22,G1,XLE,OXY,3.32,0.2863,0.0,-0.1938,-0.1958,-0.0448
2022-05-27,2022-05-31,2022-06-22,G1,XLU,VST,2.0,0.0516,-0.0116,-0.1319,-0.1339,-0.0306
2022-05-27,2022-05-31,2022-06-22,G2,XLY,TSLA,2.76,-0.1276,-0.3368,-0.0659,0.0639,-0.0299
2022-05-27,2022-05-31,2022-06-22,G2,XLC,NWSA,3.32,-0.1098,-0.23,-0.1322,0.1302,0.0347
2022-05-27,2022-05-31,2022-06-22,G2,XLB,NUE,3.87,-0.1101,-0.2156,-0.1859,0.1839,0.0585
2022-05-27,2022-05-31,2022-06-22,G3,XLK,PLTR,6.5,-0.149,-0.3951,0.038,0.036,0.132
2022-05-27,2022-05-31,2022-06-22,G3,XLY,AMZN,6.54,-0.0735,-0.3199,-0.0937,-0.0957,0.0022
2022-05-27,2022-05-31,2022-06-22,G3,XLV,ISRG,5.59,-0.0424,-0.25,-0.1187,-0.1207,-0.0627
2022-05-27,2022-05-31,2022-06-22,G3,XLI,UBER,5.6,-0.2481,-0.3635,-0.0733,-0.0753,0.0118
2022-05-27,2022-05-31,2022-06-22,G3,XLC,NFLX,6.07,0.0254,-0.5018,-0.094,-0.096,0.0036
2022-05-27,2022-05-31,2022-06-22,G3,XLB,MLM,7.23,-0.0135,-0.1362,-0.1092,-0.1112,0.0181
2022-05-27,2022-05-31,2022-06-22,G3,XLE,TRGP,5.01,-0.008,-0.0926,-0.1666,-0.1686,-0.0176
2022-05-27,2022-05-31,2022-06-22,G3,XLP,TGT,6.19,-0.266,-0.3269,-0.1302,-0.1322,-0.0784
2022-05-27,2022-05-31,2022-06-22,G3,XLU,NEE,7.29,0.0965,-0.1058,-0.0132,-0.0152,0.0881
2022-05-27,2022-05-31,2022-06-22,G4,XLK,IBM,8.8,0.0662,0.0,-0.0127,0.0107,-0.0813
2022-05-27,2022-05-31,2022-06-22,G4,XLY,MCD,7.12,0.0109,-0.0156,-0.0309,0.0289,-0.0649
2022-05-27,2022-05-31,2022-06-22,G4,XLV,BMY,8.29,0.0116,-0.0266,0.0146,-0.0166,-0.0706
2022-05-27,2022-05-31,2022-06-22,G4,XLI,MMM,6.4,0.0472,-0.0208,-0.1265,0.1245,0.0414
2022-05-27,2022-05-31,2022-06-22,G4,XLC,T,7.83,0.1288,-0.0014,-0.0456,0.0436,-0.052
2022-05-27,2022-05-31,2022-06-22,G4,XLB,IP,8.54,0.0759,0.0,-0.1488,0.1468,0.0215
2022-05-27,2022-05-31,2022-06-22,G4,XLE,EOG,9.98,0.1721,0.0,-0.1801,0.1781,0.0311
2022-05-27,2022-05-31,2022-06-22,G4,XLP,PM,8.08,0.0697,-0.0147,-0.0665,0.0645,0.0148
2022-05-27,2022-05-31,2022-06-22,G4,XLU,SO,10.58,0.0461,0.0,-0.1053,0.1033,0.004
2022-06-21,2022-06-22,2022-07-14,G1,XLV,VRTX,3.84,0.0448,-0.0714,0.0508,0.0488,0.0281
2022-06-21,2022-06-22,2022-07-14,G2,XLY,HLT,2.96,-0.1206,-0.2977,0.0115,-0.0135,0.011
2022-06-21,2022-06-22,2022-07-14,G2,XLV,BSX,3.24,-0.0745,-0.2293,-0.0086,0.0066,0.0314
2022-06-21,2022-06-22,2022-07-14,G2,XLB,AMCR,-1.32,-0.0696,-0.1164,0.0447,-0.0467,-0.0934
2022-06-21,2022-06-22,2022-07-14,G2,XLE,EQT,3.31,-0.0991,-0.261,0.0296,-0.0316,-0.1099
2022-06-21,2022-06-22,2022-07-14,G2,XLU,VST,2.98,-0.0903,-0.1621,0.0097,-0.0117,0.041
2022-06-21,2022-06-22,2022-07-14,G3,XLK,NVDA,6.01,-0.0075,-0.4218,-0.0604,-0.0624,-0.0854
2022-06-21,2022-06-22,2022-07-14,G3,XLY,RCL,6.62,-0.3317,-0.5617,-0.1475,-0.1495,-0.17
2022-06-21,2022-06-22,2022-07-14,G3,XLV,ISRG,5.32,-0.113,-0.364,0.0184,0.0164,-0.0044
2022-06-21,2022-06-22,2022-07-14,G3,XLI,GE,6.23,-0.1262,-0.3053,-0.0523,-0.0543,-0.0435
2022-06-21,2022-06-22,2022-07-14,G3,XLC,NFLX,5.32,-0.0829,-0.5638,-0.023,-0.025,-0.02
2022-06-21,2022-06-22,2022-07-14,G3,XLB,DD,7.19,-0.1051,-0.2674,-0.0433,-0.0453,0.0054
2022-06-21,2022-06-22,2022-07-14,G3,XLE,OKE,7.02,-0.1259,-0.2349,0.0191,0.0171,0.0994
2022-06-21,2022-06-22,2022-07-14,G3,XLP,TGT,6.1,-0.0686,-0.4172,0.0389,0.0369,0.0017
2022-06-21,2022-06-22,2022-07-14,G3,XLU,PCG,6.18,-0.1482,-0.2325,0.0111,0.0091,-0.0396
2022-06-21,2022-06-22,2022-07-14,G4,XLP,MNST,7.1,0.0366,-0.0057,0.0773,-0.0793,-0.04
2022-07-13,2022-07-14,2022-08-04,G2,XLB,NEM,3.82,-0.0999,-0.3132,-0.1766,0.1746,0.2599
2022-07-13,2022-07-14,2022-08-04,G2,XLE,HAL,3.89,-0.2459,-0.3414,-0.0026,0.0006,0.0643
2022-07-13,2022-07-14,2022-08-04,G2,XLU,VST,3.11,-0.0251,-0.1635,0.1173,-0.1193,-0.0474
2022-07-13,2022-07-14,2022-08-04,G3,XLK,NVDA,5.04,-0.0309,-0.3167,0.25,0.248,0.1172
2022-07-13,2022-07-14,2022-08-04,G3,XLY,RCL,7.39,-0.2102,-0.6139,0.2612,0.2592,0.0885
2022-07-13,2022-07-14,2022-08-04,G3,XLV,ISRG,7.06,0.0364,-0.3329,0.1867,0.1847,0.1524
2022-07-13,2022-07-14,2022-08-04,G3,XLI,GE,6.92,-0.0832,-0.3244,0.2059,0.2039,0.0835
2022-07-13,2022-07-14,2022-08-04,G3,XLC,DIS,5.76,-0.0289,-0.2954,0.1773,0.1753,0.1073
2022-07-13,2022-07-14,2022-08-04,G3,XLB,DOW,7.92,-0.1535,-0.2892,0.0427,0.0407,-0.0406
2022-07-13,2022-07-14,2022-08-04,G3,XLE,FANG,5.74,-0.2518,-0.3105,0.0913,0.0893,0.0295
2022-07-13,2022-07-14,2022-08-04,G3,XLP,TGT,5.98,0.0044,-0.4142,0.1386,0.1366,0.1095
2022-07-13,2022-07-14,2022-08-04,G3,XLU,PCG,6.12,-0.0308,-0.2264,0.1039,0.1019,0.034
2022-07-13,2022-07-14,2022-08-04,G4,XLY,MCD,7.38,0.0595,-0.007,0.0318,-0.0338,0.1409
2022-07-13,2022-07-14,2022-08-04,G4,XLV,GILD,9.04,0.0692,-0.0272,0.0016,-0.0036,0.0328
2022-07-13,2022-07-14,2022-08-04,G4,XLC,T,7.92,0.0487,-0.028,-0.1013,0.0993,0.1713
2022-07-13,2022-07-14,2022-08-04,G4,XLP,GIS,6.87,0.1479,0.0,0.011,-0.013,0.018
2022-07-13,2022-07-14,2022-08-04,G4,XLU,NEE,7.48,0.1084,-0.0136,0.098,-0.1,-0.028
2022-08-03,2022-08-04,2022-08-25,G1,XLK,AMD,3.47,0.3018,-0.0967,-0.0648,-0.0668,-0.0564
2022-08-03,2022-08-04,2022-08-25,G1,XLE,EQT,3.38,0.352,-0.1408,0.2038,0.2018,0.0341
2022-08-03,2022-08-04,2022-08-25,G1,XLP,CL,0.58,0.0112,-0.0005,0.0004,-0.0016,-0.0201
2022-08-03,2022-08-04,2022-08-25,G1,XLU,ETR,-0.77,0.054,-0.0326,0.0123,0.0103,-0.0198
2022-08-03,2022-08-04,2022-08-25,G2,XLB,NEM,2.47,-0.2532,-0.3563,-0.0031,0.0011,0.0525
2022-08-03,2022-08-04,2022-08-25,G3,XLK,MU,5.67,0.1221,-0.1459,-0.0563,-0.0583,-0.0479
2022-08-03,2022-08-04,2022-08-25,G3,XLY,RCL,5.98,0.1529,-0.3924,0.1184,0.1164,0.1253
2022-08-03,2022-08-04,2022-08-25,G3,XLV,MDT,5.16,0.0463,-0.1108,-0.0115,-0.0135,-0.0072
2022-08-03,2022-08-04,2022-08-25,G3,XLI,CAT,5.74,0.0687,-0.1987,0.083,0.081,0.0519
2022-08-03,2022-08-04,2022-08-25,G3,XLC,MTCH,7.46,-0.1438,-0.2528,-0.0956,-0.0976,-0.0814
2022-08-03,2022-08-04,2022-08-25,G3,XLB,FCX,5.02,0.0538,-0.335,0.1554,0.1534,0.106
2022-08-03,2022-08-04,2022-08-25,G3,XLE,EOG,7.63,0.0346,-0.2748,0.2545,0.2525,0.0848
2022-08-03,2022-08-04,2022-08-25,G3,XLP,TGT,5.48,0.1596,-0.2479,0.0119,0.0099,-0.0085
2022-08-03,2022-08-04,2022-08-25,G3,XLU,NRG,8.19,0.0113,-0.1948,0.095,0.093,0.063
2022-08-03,2022-08-04,2022-08-25,G4,XLK,AAPL,7.78,0.1624,0.0,0.0269,-0.0289,-0.0353
2022-08-03,2022-08-04,2022-08-25,G4,XLY,ORLY,7.63,0.0724,-0.0051,0.0096,-0.0116,-0.0166
2022-08-03,2022-08-04,2022-08-25,G4,XLV,UNH,7.21,0.0492,-0.0031,0.0147,-0.0167,-0.0189
2022-08-03,2022-08-04,2022-08-25,G4,XLI,ETN,8.17,0.1617,0.0,0.001,-0.003,0.0301
2022-08-03,2022-08-04,2022-08-25,G4,XLC,LYV,6.37,0.1588,0.0,-0.0221,0.0201,0.0079
2022-08-03,2022-08-04,2022-08-25,G4,XLB,MLM,7.76,0.1542,0.0,0.0064,-0.0084,0.0431
2022-08-03,2022-08-04,2022-08-25,G4,XLP,MDLZ,8.43,0.0436,-0.0132,0.0033,-0.0053,0.0172
2022-08-03,2022-08-04,2022-08-25,G4,XLU,DTE,9.35,0.0338,-0.0216,0.0449,-0.0469,-0.0128
2022-08-24,2022-08-25,2022-09-16,G1,XLK,AMD,3.81,0.0324,-0.1461,-0.2127,-0.2147,-0.0935
2022-08-24,2022-08-25,2022-09-16,G1,XLY,F,3.87,0.1884,-0.0554,-0.076,-0.078,-0.0274
2022-08-24,2022-08-25,2022-09-16,G1,XLB,STLD,3.91,0.1175,-0.0468,-0.1353,-0.1373,-0.0393
2022-08-24,2022-08-25,2022-09-16,G1,XLE,DVN,3.83,0.216,-0.0562,-0.0727,-0.0747,-0.0086
2022-08-24,2022-08-25,2022-09-16,G1,XLU,AEE,0.83,0.071,-0.0165,-0.0416,-0.0436,-0.0101
2022-08-24,2022-08-25,2022-09-16,G2,XLK,PLTR,3.29,-0.1916,-0.2926,-0.076,0.074,-0.0431
2022-08-24,2022-08-25,2022-09-16,G2,XLB,NEM,2.6,-0.0178,-0.3487,-0.0187,0.0167,-0.0772
2022-08-24,2022-08-25,2022-09-16,G3,XLK,MU,5.13,-0.0578,-0.2248,-0.1364,-0.1384,-0.0173
2022-08-24,2022-08-25,2022-09-16,G3,XLY,BKNG,5.1,0.0604,-0.1608,-0.0658,-0.0678,-0.0172
2022-08-24,2022-08-25,2022-09-16,G3,XLV,PFE,5.89,-0.0799,-0.1142,-0.039,-0.041,-0.0124
2022-08-24,2022-08-25,2022-09-16,G3,XLI,CAT,5.04,0.0481,-0.1492,-0.0976,-0.0996,0.0008
2022-08-24,2022-08-25,2022-09-16,G3,XLC,CMCSA,6.97,-0.1443,-0.1563,-0.0819,-0.0839,0.003
2022-08-24,2022-08-25,2022-09-16,G3,XLB,LYB,6.43,-0.0017,-0.2142,-0.1383,-0.1403,-0.0423
2022-08-24,2022-08-25,2022-09-16,G3,XLE,BKR,5.19,0.0642,-0.2948,-0.1069,-0.1089,-0.0428
2022-08-24,2022-08-25,2022-09-16,G3,XLP,MO,7.75,0.0393,-0.1377,-0.068,-0.07,-0.0024
2022-08-24,2022-08-25,2022-09-16,G3,XLU,NRG,6.32,0.1608,-0.084,0.0236,0.0216,0.055
2022-08-24,2022-08-25,2022-09-16,G4,XLY,MCD,6.97,0.0076,-0.0223,-0.0238,0.0218,-0.0247
2022-08-24,2022-08-25,2022-09-16,G4,XLV,ELV,6.62,0.0543,-0.0293,-0.022,0.02,-0.0046
2022-08-24,2022-08-25,2022-09-16,G4,XLI,HON,7.86,0.0823,-0.0291,-0.1152,0.1132,0.0167
2022-08-24,2022-08-25,2022-09-16,G4,XLC,TMUS,5.4,0.0314,-0.0104,-0.0484,0.0464,-0.0365
2022-08-24,2022-08-25,2022-09-16,G4,XLB,CTVA,7.02,0.0962,-0.009,-0.0299,0.0279,-0.0661
2022-08-24,2022-08-25,2022-09-16,G4,XLE,OKE,6.69,0.1138,-0.0288,-0.0965,0.0945,0.0323
2022-08-24,2022-08-25,2022-09-16,G4,XLP,GIS,8.4,0.0627,0.0,-0.034,0.032,-0.0316
2022-08-24,2022-08-25,2022-09-16,G4,XLU,SO,10.49,0.0861,-0.0161,-0.0236,0.0216,-0.0078
2022-09-15,2022-09-16,2022-10-07,G1,XLE,SLB,3.9,0.1247,-0.0152,0.11,0.108,0.0558
2022-09-15,2022-09-16,2022-10-07,G2,XLK,PLTR,3.95,-0.1506,-0.3004,0.0476,-0.0496,-0.1069
2022-09-15,2022-09-16,2022-10-07,G2,XLB,AMCR,-5.76,-0.0845,-0.1038,-0.0755,0.0735,0.0337
2022-09-15,2022-09-16,2022-10-07,G2,XLP,KDP,3.45,-0.0704,-0.0711,-0.0126,0.0106,-0.049
2022-09-15,2022-09-16,2022-10-07,G3,XLK,NVDA,6.12,-0.2946,-0.3269,-0.085,-0.087,-0.0256
2022-09-15,2022-09-16,2022-10-07,G3,XLY,HD,7.36,-0.161,-0.1652,0.0303,0.0283,0.1379
2022-09-15,2022-09-16,2022-10-07,G3,XLV,ISRG,7.48,-0.0875,-0.1354,-0.0853,-0.0873,-0.0513
2022-09-15,2022-09-16,2022-10-07,G3,XLI,MMM,10.14,-0.2022,-0.2274,-0.078,-0.08,-0.0371
2022-09-15,2022-09-16,2022-10-07,G3,XLC,CMCSA,7.84,-0.134,-0.216,-0.1445,-0.1465,-0.0811
2022-09-15,2022-09-16,2022-10-07,G3,XLB,NUE,5.11,-0.1652,-0.1868,-0.0131,-0.0151,0.0287
2022-09-15,2022-09-16,2022-10-07,G3,XLE,BKR,5.24,-0.017,-0.1848,-0.0387,-0.0407,-0.0929
2022-09-15,2022-09-16,2022-10-07,G3,XLP,CHD,9.05,-0.127,-0.1968,-0.076,-0.078,-0.0144
2022-09-15,2022-09-16,2022-10-07,G4,XLY,SBUX,6.31,0.0438,-0.0052,-0.0469,0.0449,-0.0607
2022-09-15,2022-09-16,2022-10-07,G4,XLV,SYK,7.66,0.0239,-0.022,-0.0543,0.0523,0.0203
2022-09-15,2022-09-16,2022-10-07,G4,XLB,CTVA,5.89,0.004,-0.0265,-0.0085,0.0065,-0.0333
2022-09-15,2022-09-16,2022-10-07,G4,XLE,CVX,5.84,0.0278,-0.0244,0.0229,-0.0249,0.0313
2022-09-15,2022-09-16,2022-10-07,G4,XLU,CEG,7.2,0.0891,-0.0151,-0.0138,0.0118,-0.1242
2022-10-06,2022-10-07,2022-10-28,G1,XLE,OXY,2.89,0.0934,-0.0614,0.0292,0.0272,-0.0618
2022-10-06,2022-10-07,2022-10-28,G2,XLC,FOX,3.04,-0.0624,-0.1336,-0.0653,0.0633,0.0714
2022-10-06,2022-10-07,2022-10-28,G2,XLB,AMCR,2.75,-0.0911,-0.1585,0.09,-0.092,-0.0138
2022-10-06,2022-10-07,2022-10-28,G2,XLU,VST,2.2,-0.0838,-0.1215,0.046,-0.048,0.0113
2022-10-06,2022-10-07,2022-10-28,G3,XLK,AMD,5.6,-0.1804,-0.347,0.0611,0.0591,-0.0119
2022-10-06,2022-10-07,2022-10-28,G3,XLY,DASH,5.06,-0.1069,-0.3487,-0.0472,-0.0492,-0.0778
2022-10-06,2022-10-07,2022-10-28,G3,XLV,ISRG,6.8,-0.0795,-0.1846,0.294,0.292,0.2105
2022-10-06,2022-10-07,2022-10-28,G3,XLI,MMM,6.85,-0.0683,-0.2626,0.1775,0.1755,0.0664
2022-10-06,2022-10-07,2022-10-28,G3,XLC,CHTR,6.59,-0.1818,-0.3426,0.1783,0.1763,0.1721
2022-10-06,2022-10-07,2022-10-28,G3,XLB,IFF,8.9,-0.2016,-0.286,0.0939,0.0919,0.0177
2022-10-06,2022-10-07,2022-10-28,G3,XLE,OKE,6.6,-0.0926,-0.1653,0.0952,0.0932,0.0041
2022-10-06,2022-10-07,2022-10-28,G3,XLP,CHD,5.32,-0.1116,-0.2513,0.0799,0.0779,-0.0204
2022-10-06,2022-10-07,2022-10-28,G3,XLU,D,7.08,-0.2031,-0.2235,0.078,0.076,0.0207
2022-10-06,2022-10-07,2022-10-28,G4,XLY,ORLY,5.83,0.0052,-0.0153,0.1766,-0.1786,-0.146
2022-10-06,2022-10-07,2022-10-28,G4,XLV,VRTX,8.82,0.0334,-0.0226,0.0632,-0.0652,0.0203
2022-10-06,2022-10-07,2022-10-28,G4,XLE,EOG,7.37,0.0912,0.0,0.0552,-0.0572,0.0359
2022-10-27,2022-10-28,2022-11-18,G1,XLK,APH,3.8,0.0879,-0.0754,0.0429,0.0409,0.0235
2022-10-27,2022-10-28,2022-11-18,G1,XLC,NWSA,-5.75,0.1123,-0.1059,0.0544,0.0524,0.0442
2022-10-27,2022-10-28,2022-11-18,G1,XLB,FCX,3.62,0.1683,-0.018,0.1286,0.1266,0.0585
2022-10-27,2022-10-28,2022-11-18,G1,XLE,SLB,3.88,0.4368,-0.0151,0.0593,0.0573,0.0326
2022-10-27,2022-10-28,2022-11-18,G2,XLV,VRTX,3.56,-0.0168,-0.0748,0.0024,-0.0044,0.0105
2022-10-27,2022-10-28,2022-11-18,G2,XLC,META,3.62,-0.282,-0.4586,0.1295,-0.1315,-0.1193
2022-10-27,2022-10-28,2022-11-18,G2,XLE,EQT,3.86,-0.0109,-0.2273,0.0644,-0.0664,-0.0377
2022-10-27,2022-10-28,2022-11-18,G2,XLU,WEC,3.47,-0.0337,-0.1762,0.0532,-0.0552,-0.0319
2022-10-27,2022-10-28,2022-11-18,G3,XLK,AMD,5.37,-0.0864,-0.4361,0.1864,0.1844,0.1671
2022-10-27,2022-10-28,2022-11-18,G3,XLY,DASH,5.78,-0.0702,-0.4304,0.2386,0.2366,0.266
2022-10-27,2022-10-28,2022-11-18,G3,XLV,DHR,6.36,-0.0536,-0.1787,0.0351,0.0331,0.0223
2022-10-27,2022-10-28,2022-11-18,G3,XLI,MMM,5.6,0.0935,-0.1851,0.013,0.011,-0.038
2022-10-27,2022-10-28,2022-11-18,G3,XLC,CHTR,5.05,0.1365,-0.2642,0.0167,0.0147,0.0065
2022-10-27,2022-10-28,2022-11-18,G3,XLB,PPG,5.4,0.0067,-0.1811,0.1314,0.1294,0.0613
2022-10-27,2022-10-28,2022-11-18,G3,XLE,OKE,5.28,0.1331,-0.1163,0.0967,0.0947,0.07
2022-10-27,2022-10-28,2022-11-18,G3,XLP,CL,5.93,0.0271,-0.1148,0.0244,0.0224,0.0037
2022-10-27,2022-10-28,2022-11-18,G3,XLU,D,5.8,-0.0519,-0.207,-0.1477,-0.1497,-0.169
2022-10-27,2022-10-28,2022-11-18,G4,XLY,MCD,7.02,0.131,-0.001,-0.0042,0.0022,-0.0232
2022-10-27,2022-10-28,2022-11-18,G4,XLV,ABBV,7.57,0.0865,0.0,0.0499,-0.0519,-0.0371
2022-10-27,2022-10-28,2022-11-18,G4,XLI,GD,7.73,0.163,0.0,-0.01,0.008,0.0609
2022-10-27,2022-10-28,2022-11-18,G4,XLC,T,7.76,0.1816,-0.0118,0.0265,-0.0285,-0.0163
2022-10-27,2022-10-28,2022-11-18,G4,XLE,COP,5.21,0.2217,0.0,0.015,-0.017,0.0116
2022-10-27,2022-10-28,2022-11-18,G4,XLP,MO,7.67,0.1032,-0.0192,-0.0456,0.0436,0.0662
2022-10-27,2022-10-28,2022-11-18,G4,XLU,NRG,5.73,0.1154,-0.0259,-0.0469,0.0449,0.0683
2022-11-17,2022-11-18,2022-12-12,G1,XLB,DD,3.73,0.2898,-0.0208,0.0119,0.0099,-0.0093
2022-11-17,2022-11-18,2022-12-12,G1,XLE,HAL,3.74,0.1835,-0.0524,-0.0625,-0.0645,0.0115
2022-11-17,2022-11-18,2022-12-12,G1,XLU,XEL,3.97,0.1241,-0.127,0.0469,0.0449,-0.0053
2022-11-17,2022-11-18,2022-12-12,G2,XLC,WBD,3.41,-0.1517,-0.1923,0.0464,-0.0484,-0.0404
2022-11-17,2022-11-18,2022-12-12,G3,XLK,INTU,6.11,-0.048,-0.1787,0.0808,0.0788,0.0681
2022-11-17,2022-11-18,2022-12-12,G3,XLY,TSLA,6.06,-0.1163,-0.4074,-0.0686,-0.0706,-0.0601
2022-11-17,2022-11-18,2022-12-12,G3,XLV,ELV,6.72,-0.0502,-0.1276,0.0811,0.0791,0.0448
2022-11-17,2022-11-18,2022-12-12,G3,XLI,UNP,5.46,0.1253,-0.1174,0.0249,0.0229,0.0116
2022-11-17,2022-11-18,2022-12-12,G3,XLC,META,5.05,-0.1527,-0.3411,0.0237,0.0217,0.0177
2022-11-17,2022-11-18,2022-12-12,G3,XLB,IP,6.08,0.1344,-0.1749,0.0288,0.0268,0.0077
2022-11-17,2022-11-18,2022-12-12,G3,XLP,CHD,6.32,0.0455,-0.1294,0.0624,0.0604,0.0355
2022-11-17,2022-11-18,2022-12-12,G3,XLU,D,5.56,-0.0938,-0.3068,0.0251,0.0231,-0.0272
2022-11-17,2022-11-18,2022-12-12,G4,XLK,APH,8.11,0.1416,-0.0097,0.006,-0.008,0.0067
2022-11-17,2022-11-18,2022-12-12,G4,XLY,SBUX,6.26,0.1237,-0.0088,0.0485,-0.0505,-0.0571
2022-11-17,2022-11-18,2022-12-12,G4,XLV,JNJ,6.92,0.0591,-0.0001,0.0158,-0.0178,0.0204
2022-11-17,2022-11-18,2022-12-12,G4,XLI,PH,6.71,0.1756,-0.0222,-0.032,0.03,0.0454
2022-11-17,2022-11-18,2022-12-12,G4,XLC,T,7.8,0.132,-0.0058,0.0174,-0.0194,-0.0113
2022-11-17,2022-11-18,2022-12-12,G4,XLB,LIN,6.05,0.1705,-0.0102,0.0069,-0.0089,0.0142
2022-11-17,2022-11-18,2022-12-12,G4,XLE,EOG,8.32,0.098,-0.0254,-0.1203,0.1183,0.0463
2022-11-17,2022-11-18,2022-12-12,G4,XLP,GIS,7.48,0.0404,-0.0222,0.0717,-0.0737,-0.0448
2022-12-09,2022-12-12,2023-01-04,G1,XLC,FOXA,2.39,0.0635,-0.0888,-0.0079,-0.0099,-0.0042
2022-12-09,2022-12-12,2023-01-04,G1,XLB,IFF,3.57,0.1166,-0.0078,0.0272,0.0252,0.0544
2022-12-09,2022-12-12,2023-01-04,G1,XLP,KMB,3.54,0.075,-0.0041,-0.0083,-0.0103,0.0125
2022-12-09,2022-12-12,2023-01-04,G1,XLU,DTE,3.63,0.0143,-0.1047,0.0031,0.0011,0.0132
2022-12-09,2022-12-12,2023-01-04,G2,XLE,EQT,2.99,-0.1685,-0.2439,-0.1002,0.0982,0.1051
2022-12-09,2022-12-12,2023-01-04,G3,XLK,PLTR,5.3,-0.0694,-0.1911,-0.0974,-0.0994,-0.0239
2022-12-09,2022-12-12,2023-01-04,G3,XLY,TSLA,5.16,-0.0612,-0.4207,-0.3228,-0.3248,-0.2572
2022-12-09,2022-12-12,2023-01-04,G3,XLV,MDT,5.02,-0.0397,-0.1222,0.0248,0.0228,0.0469
2022-12-09,2022-12-12,2023-01-04,G3,XLC,LYV,6.04,-0.0601,-0.1791,-0.0352,-0.0372,-0.0314
2022-12-09,2022-12-12,2023-01-04,G3,XLE,FANG,7.01,-0.1803,-0.2134,-0.0267,-0.0287,-0.0316
2022-12-09,2022-12-12,2023-01-04,G3,XLP,TGT,6.01,-0.0678,-0.1492,0.0179,0.0159,0.0387
2022-12-09,2022-12-12,2023-01-04,G3,XLU,NRG,5.65,-0.2841,-0.289,-0.0178,-0.0198,-0.0077
2022-12-09,2022-12-12,2023-01-04,G4,XLK,IBM,7.04,0.0412,-0.0141,-0.0443,0.0423,-0.0292
2022-12-09,2022-12-12,2023-01-04,G4,XLY,HD,6.93,0.0344,-0.0229,-0.0252,0.0232,-0.0405
2022-12-09,2022-12-12,2023-01-04,G4,XLV,JNJ,7.74,0.0138,-0.0176,0.0129,-0.0149,-0.0349
2022-12-09,2022-12-12,2023-01-04,G4,XLI,CTAS,7.22,0.0228,-0.0196,-0.0297,0.0277,0.0197
2022-12-09,2022-12-12,2023-01-04,G4,XLC,T,5.07,0.0133,-0.0109,-0.0083,0.0063,0.0045
2022-12-09,2022-12-12,2023-01-04,G4,XLB,VMC,6.63,0.0155,-0.0111,-0.0248,0.0228,-0.0023
2022-12-09,2022-12-12,2023-01-04,G4,XLP,HSY,7.4,0.0511,-0.0188,-0.0669,0.0649,0.0461
2022-12-09,2022-12-12,2023-01-04,G4,XLU,ED,9.11,0.0708,-0.0154,-0.0179,0.0159,0.0078
2023-01-03,2023-01-04,2023-01-26,G1,XLB,NEM,3.21,0.0307,0.0,0.0509,0.0489,-0.0089
2023-01-03,2023-01-04,2023-01-26,G1,XLU,DTE,2.81,0.0326,-0.0148,-0.0519,-0.0539,-0.0203
2023-01-03,2023-01-04,2023-01-26,G2,XLC,WBD,3.6,-0.174,-0.297,0.4451,-0.4471,-0.3362
2023-01-03,2023-01-04,2023-01-26,G2,XLE,EQT,3.45,-0.2031,-0.2804,-0.0033,0.0013,0.1066
2023-01-03,2023-01-04,2023-01-26,G2,XLP,KDP,3.83,-0.0823,-0.1011,-0.0199,0.0179,-0.0001
2023-01-03,2023-01-04,2023-01-26,G3,XLK,PLTR,5.65,-0.1658,-0.273,0.1003,0.0983,-0.0012
2023-01-03,2023-01-04,2023-01-26,G3,XLY,TSLA,5.56,-0.4452,-0.527,0.4103,0.4083,0.3001
2023-01-03,2023-01-04,2023-01-26,G3,XLV,CVS,5.81,-0.0943,-0.1048,-0.0404,-0.0424,-0.0253
2023-01-03,2023-01-04,2023-01-26,G3,XLI,ADP,6.16,-0.1152,-0.1152,-0.0559,-0.0579,-0.0703
2023-01-03,2023-01-04,2023-01-26,G3,XLC,MTCH,5.02,-0.1564,-0.2092,0.2253,0.2233,0.1164
2023-01-03,2023-01-04,2023-01-26,G3,XLB,CTVA,6.09,-0.1245,-0.1245,0.0576,0.0556,-0.0022
2023-01-03,2023-01-04,2023-01-26,G3,XLE,FANG,8.85,-0.0968,-0.2026,0.1475,0.1455,0.0442
2023-01-03,2023-01-04,2023-01-26,G3,XLP,COST,5.75,-0.0834,-0.1594,0.0914,0.0894,0.1114
2023-01-03,2023-01-04,2023-01-26,G3,XLU,NRG,5.8,-0.2259,-0.2967,0.0436,0.0416,0.0753
2023-01-03,2023-01-04,2023-01-26,G4,XLK,AVGO,5.14,0.032,-0.0284,0.0684,-0.0704,0.0331
2023-01-03,2023-01-04,2023-01-26,G4,XLY,NKE,5.42,0.0584,0.0,0.0521,-0.0541,0.0581
2023-01-03,2023-01-04,2023-01-26,G4,XLV,MRK,5.61,0.0167,-0.0087,-0.0465,0.0445,0.0314
2023-01-03,2023-01-04,2023-01-26,G4,XLI,TDG,6.75,0.0064,-0.0223,0.1209,-0.1229,-0.1065
2023-01-03,2023-01-04,2023-01-26,G4,XLC,VZ,6.77,0.0508,0.0,-0.0055,0.0035,0.1144
2023-01-03,2023-01-04,2023-01-26,G4,XLP,PG,6.02,0.0064,-0.0155,-0.067,0.065,0.047
2023-01-03,2023-01-04,2023-01-26,G4,XLU,SO,9.72,0.0677,-0.0051,-0.0688,0.0668,0.0372
2023-01-25,2023-01-26,2023-02-16,G1,XLK,APH,2.39,0.0468,-0.0292,0.0379,0.0359,-0.0022
2023-01-25,2023-01-26,2023-02-16,G1,XLV,BSX,3.53,0.0013,-0.0229,0.0028,0.0008,0.0249
2023-01-25,2023-01-26,2023-02-16,G1,XLC,WBD,1.63,0.5845,0.0,0.0207,0.0187,0.0116
2023-01-25,2023-01-26,2023-02-16,G1,XLB,FCX,3.24,0.2282,0.0,-0.0592,-0.0612,-0.0401
2023-01-25,2023-01-26,2023-02-16,G1,XLE,MPC,3.98,0.1276,-0.0031,-0.0598,-0.0618,-0.0008
2023-01-25,2023-01-26,2023-02-16,G1,XLP,PM,3.39,0.017,-0.0007,-0.0385,-0.0405,-0.034
2023-01-25,2023-01-26,2023-02-16,G1,XLU,D,3.41,0.0252,-0.0995,-0.0716,-0.0736,-0.055
2023-01-25,2023-01-26,2023-02-16,G2,XLV,PFE,3.39,-0.1304,-0.1727,-0.0294,0.0274,0.0073
2023-01-25,2023-01-26,2023-02-16,G2,XLE,EQT,3.48,-0.0826,-0.2455,-0.0384,0.0364,-0.0207
2023-01-25,2023-01-26,2023-02-16,G2,XLP,CL,3.97,-0.0403,-0.0467,-0.0365,0.0345,0.032
2023-01-25,2023-01-26,2023-02-16,G2,XLU,WEC,2.31,-0.0287,-0.0646,-0.0051,0.0031,-0.0114
2023-01-25,2023-01-26,2023-02-16,G3,XLK,AAPL,6.35,0.0758,-0.0876,0.0694,0.0674,0.0292
2023-01-25,2023-01-26,2023-02-16,G3,XLY,AZO,5.36,-0.03,-0.0858,0.0646,0.0626,0.0236
2023-01-25,2023-01-26,2023-02-16,G3,XLV,CVS,5.19,-0.0771,-0.1681,0.0035,0.0015,0.0256
2023-01-25,2023-01-26,2023-02-16,G3,XLI,NOC,5.6,-0.1337,-0.1533,0.0493,0.0473,0.0331
2023-01-25,2023-01-26,2023-02-16,G3,XLC,TTWO,5.6,0.1089,-0.1074,0.0056,0.0036,-0.0035
2023-01-25,2023-01-26,2023-02-16,G3,XLE,FANG,10.71,0.0733,-0.1074,-0.0542,-0.0562,0.0048
2023-01-25,2023-01-26,2023-02-16,G3,XLP,ADM,5.04,-0.0956,-0.1239,-0.0357,-0.0377,-0.0312
2023-01-25,2023-01-26,2023-02-16,G3,XLU,NRG,6.26,0.0389,-0.2698,0.0292,0.0272,0.0458
2023-01-25,2023-01-26,2023-02-16,G4,XLK,ORCL,6.63,0.1129,-0.0007,-0.0235,0.0215,0.0636
2023-01-25,2023-01-26,2023-02-16,G4,XLY,ROST,9.57,0.0409,-0.0113,-0.0447,0.0427,0.0857
2023-01-25,2023-01-26,2023-02-16,G4,XLV,ABT,5.43,0.0307,-0.0264,-0.0449,0.0429,0.0229
2023-01-25,2023-01-26,2023-02-16,G4,XLI,TDG,7.82,0.1293,0.0,0.0543,-0.0563,-0.038
2023-01-25,2023-01-26,2023-02-16,G4,XLC,T,8.05,0.1313,0.0,-0.037,0.035,0.0461
2023-01-25,2023-01-26,2023-02-16,G4,XLB,LYB,8.07,0.1184,-0.0081,0.041,-0.043,-0.0601
2023-02-15,2023-02-16,2023-03-10,G1,XLK,PLTR,0.0,0.4652,0.0,-0.243,-0.245,-0.2019
2023-02-15,2023-02-16,2023-03-10,G1,XLY,TSLA,2.16,0.6636,0.0,-0.1416,-0.1436,-0.0596
2023-02-15,2023-02-16,2023-03-10,G1,XLV,SYK,3.81,0.0526,-0.0631,0.0056,0.0036,0.0566
2023-02-15,2023-02-16,2023-03-10,G1,XLI,UBER,3.44,0.251,-0.0163,-0.1411,-0.1431,-0.1083
2023-02-15,2023-02-16,2023-03-10,G1,XLC,META,3.11,0.3318,-0.0755,0.041,0.039,0.0978
2023-02-15,2023-02-16,2023-03-10,G1,XLB,DD,3.22,0.0432,-0.0186,-0.0633,-0.0653,-0.016
2023-02-15,2023-02-16,2023-03-10,G1,XLE,BKR,3.6,0.054,-0.0234,-0.0989,-0.1009,-0.042
2023-02-15,2023-02-16,2023-03-10,G1,XLP,CHD,3.23,0.0204,-0.0116,0.0132,0.0112,0.0356
2023-02-15,2023-02-16,2023-03-10,G1,XLU,VST,3.58,0.0902,-0.0367,0.0745,0.0725,0.1236
2023-02-15,2023-02-16,2023-03-10,G2,XLV,BMY,3.72,-0.0093,-0.1121,-0.0725,0.0705,0.0216
2023-02-15,2023-02-16,2023-03-10,G2,XLB,NEM,2.23,-0.1015,-0.1596,-0.0717,0.0697,0.0243
2023-02-15,2023-02-16,2023-03-10,G2,XLE,EQT,3.62,-0.09,-0.3006,-0.0401,0.0381,-0.0168
2023-02-15,2023-02-16,2023-03-10,G2,XLP,KO,3.89,-0.0037,-0.074,-0.0002,-0.0018,-0.0222
2023-02-15,2023-02-16,2023-03-10,G3,XLK,IBM,6.18,-0.0166,-0.083,-0.0707,-0.0727,-0.0296
2023-02-15,2023-02-16,2023-03-10,G3,XLV,PFE,6.99,-0.0285,-0.1975,-0.0829,-0.0849,-0.0319
2023-02-15,2023-02-16,2023-03-10,G3,XLI,NOC,6.17,0.0334,-0.1552,-0.0084,-0.0104,0.0245
2023-02-15,2023-02-16,2023-03-10,G3,XLB,SHW,5.04,-0.0476,-0.1013,-0.0548,-0.0568,-0.0074
2023-02-15,2023-02-16,2023-03-10,G3,XLP,ADM,5.34,-0.0331,-0.1585,-0.0585,-0.0605,-0.0361
2023-02-15,2023-02-16,2023-03-10,G3,XLU,NRG,6.22,0.1457,-0.1463,-0.0719,-0.0739,-0.0227
2023-02-15,2023-02-16,2023-03-10,G4,XLK,CSCO,6.72,0.033,-0.0227,-0.0477,0.0457,0.0066
2023-02-15,2023-02-16,2023-03-10,G4,XLY,ORLY,6.5,0.0697,-0.0038,-0.0488,0.0468,-0.0332
2023-02-15,2023-02-16,2023-03-10,G4,XLI,GE,6.37,0.0694,0.0,0.0837,-0.0857,-0.1165
2023-02-15,2023-02-16,2023-03-10,G4,XLC,CHTR,6.0,0.057,-0.021,-0.177,0.175,0.1202
2023-02-15,2023-02-16,2023-03-10,G4,XLB,LYB,7.76,0.1023,-0.0089,-0.0883,0.0863,0.0409
2023-02-15,2023-02-16,2023-03-10,G4,XLE,XOM,5.99,0.0574,-0.0185,-0.0687,0.0667,0.0119
2023-02-15,2023-02-16,2023-03-10,G4,XLP,HSY,5.91,0.0955,-0.0159,0.0107,-0.0127,-0.0331
2023-03-09,2023-03-10,2023-03-31,G1,XLI,TT,3.78,0.0387,-0.0259,-0.0118,-0.0138,-0.038
2023-03-09,2023-03-10,2023-03-31,G1,XLC,WBD,3.42,0.0144,-0.0734,0.0523,0.0503,-0.06
2023-03-09,2023-03-10,2023-03-31,G1,XLB,LIN,3.21,0.0349,-0.0454,0.0446,0.0426,0.0084
2023-03-09,2023-03-10,2023-03-31,G1,XLP,KR,3.72,0.0735,-0.0042,0.0482,0.0462,-0.0075
2023-03-09,2023-03-10,2023-03-31,G1,XLU,PCG,3.95,0.0453,-0.0352,0.0215,0.0195,-0.037
2023-03-09,2023-03-10,2023-03-31,G2,XLK,MU,3.96,-0.0772,-0.1295,0.0985,-0.1005,0.0162
2023-03-09,2023-03-10,2023-03-31,G2,XLY,DASH,3.52,-0.1138,-0.1892,0.1941,-0.1961,-0.1087
2023-03-09,2023-03-10,2023-03-31,G2,XLV,LLY,4.0,-0.0671,-0.1362,0.0902,-0.0922,-0.0433
2023-03-09,2023-03-10,2023-03-31,G2,XLC,MTCH,3.61,-0.2353,-0.3228,0.0817,-0.0837,0.0306
2023-03-09,2023-03-10,2023-03-31,G2,XLB,NEM,3.51,-0.1285,-0.2351,0.1627,-0.1647,-0.1265
2023-03-09,2023-03-10,2023-03-31,G2,XLE,BKR,3.85,-0.0771,-0.0869,-0.0072,0.0052,0.0201
2023-03-09,2023-03-10,2023-03-31,G2,XLP,KDP,2.1,-0.0089,-0.0876,0.0338,-0.0358,0.0218
2023-03-09,2023-03-10,2023-03-31,G2,XLU,SRE,3.95,-0.044,-0.1016,0.0575,-0.0595,0.0011
2023-03-09,2023-03-10,2023-03-31,G3,XLK,IBM,7.57,-0.0608,-0.1518,0.045,0.043,-0.0697
2023-03-09,2023-03-10,2023-03-31,G3,XLY,HD,6.53,-0.0957,-0.1463,0.0308,0.0288,-0.0546
2023-03-09,2023-03-10,2023-03-31,G3,XLV,PFE,5.55,-0.1028,-0.269,0.0358,0.0338,-0.011
2023-03-09,2023-03-10,2023-03-31,G3,XLI,MMM,7.3,-0.0723,-0.1744,0.0101,0.0081,-0.0161
2023-03-09,2023-03-10,2023-03-31,G3,XLC,CHTR,6.42,-0.1495,-0.168,0.0853,0.0833,-0.027
2023-03-09,2023-03-10,2023-03-31,G3,XLB,AMCR,9.98,-0.0258,-0.1267,0.0596,0.0576,0.0234
2023-03-09,2023-03-10,2023-03-31,G3,XLE,CVX,5.53,-0.0475,-0.1377,0.0219,0.0199,0.009
2023-03-09,2023-03-10,2023-03-31,G3,XLP,KMB,8.34,-0.0478,-0.1101,0.0971,0.0951,0.0414
2023-03-09,2023-03-10,2023-03-31,G3,XLU,NEE,5.89,-0.0106,-0.1482,0.0557,0.0537,-0.0028
2023-03-09,2023-03-10,2023-03-31,G4,XLI,LMT,6.25,0.0196,-0.0181,-0.0058,0.0038,0.032
2023-03-09,2023-03-10,2023-03-31,G4,XLP,MO,9.0,0.0052,-0.0277,-0.0223,0.0203,0.078
2023-03-30,2023-03-31,2023-04-24,G1,XLK,AMD,3.9,0.2168,-0.0239,-0.1065,-0.1085,-0.0807
2023-03-30,2023-03-31,2023-04-24,G1,XLC,NFLX,3.91,0.0851,-0.0803,-0.0476,-0.0496,-0.0418
2023-03-30,2023-03-31,2023-04-24,G1,XLB,NEM,2.89,0.1221,-0.105,-0.0204,-0.0224,-0.0277
2023-03-30,2023-03-31,2023-04-24,G1,XLU,ETR,3.8,0.0314,-0.0224,0.012,0.01,-0.0217
2023-03-30,2023-03-31,2023-04-24,G2,XLI,GD,3.91,-0.0163,-0.0844,-0.0106,0.0086,0.0073
2023-03-30,2023-03-31,2023-04-24,G2,XLB,STLD,3.88,-0.1589,-0.1785,-0.0356,0.0336,0.0429
2023-03-30,2023-03-31,2023-04-24,G3,XLK,IBM,6.21,0.0022,-0.1034,-0.0434,-0.0454,-0.0176
2023-03-30,2023-03-31,2023-04-24,G3,XLY,GM,5.38,-0.0896,-0.1644,-0.0652,-0.0672,-0.0505
2023-03-30,2023-03-31,2023-04-24,G3,XLV,PFE,5.69,-0.0059,-0.1997,-0.0218,-0.0238,-0.065
2023-03-30,2023-03-31,2023-04-24,G3,XLI,MMM,7.13,-0.0648,-0.1959,-0.0005,-0.0025,0.0028
2023-03-30,2023-03-31,2023-04-24,G3,XLC,NWSA,9.86,-0.0105,-0.2045,-0.0012,-0.0032,0.0047
2023-03-30,2023-03-31,2023-04-24,G3,XLB,IFF,5.33,-0.0173,-0.2167,0.0555,0.0535,0.0481
2023-03-30,2023-03-31,2023-04-24,G3,XLE,HAL,5.18,-0.1909,-0.2688,0.0894,0.0874,0.0478
2023-03-30,2023-03-31,2023-04-24,G3,XLP,TGT,5.85,-0.0342,-0.1091,-0.0102,-0.0122,-0.0392
2023-03-30,2023-03-31,2023-04-24,G3,XLU,D,5.96,0.0127,-0.1141,0.0288,0.0268,-0.0049
2023-03-30,2023-03-31,2023-04-24,G4,XLK,AAPL,7.65,0.1127,0.0,0.0026,-0.0046,-0.0284
2023-03-30,2023-03-31,2023-04-24,G4,XLY,MCD,7.28,0.0382,0.0,0.0486,-0.0506,-0.0632
2023-03-30,2023-03-31,2023-04-24,G4,XLV,BSX,5.78,0.0497,0.0,0.0262,-0.0282,0.017
2023-03-30,2023-03-31,2023-04-24,G4,XLI,CTAS,8.29,0.0743,0.0,-0.0102,0.0082,0.0069
2023-03-30,2023-03-31,2023-04-24,G4,XLC,TTWO,5.83,0.0114,-0.0169,0.0712,-0.0732,-0.077
2023-03-30,2023-03-31,2023-04-24,G4,XLB,ECL,6.31,0.0118,-0.0007,0.0033,-0.0053,0.004
2023-03-30,2023-03-31,2023-04-24,G4,XLP,KO,7.51,0.0436,-0.017,0.031,-0.033,-0.0019
2023-03-30,2023-03-31,2023-04-24,G4,XLU,PEG,7.5,0.0435,-0.0234,0.028,-0.03,0.0057
2023-04-21,2023-04-24,2023-05-15,G1,XLY,AMZN,3.93,0.0836,-0.0527,0.047,0.045,0.0424
2023-04-21,2023-04-24,2023-05-15,G1,XLV,JNJ,3.71,0.0765,-0.0298,-0.0252,-0.0272,-0.0024
2023-04-21,2023-04-24,2023-05-15,G1,XLC,OMC,1.27,0.0589,-0.0238,-0.022,-0.024,-0.0629
2023-04-21,2023-04-24,2023-05-15,G1,XLE,TRGP,3.49,0.131,-0.0458,-0.0744,-0.0764,0.0109
2023-04-21,2023-04-24,2023-05-15,G1,XLP,WMT,3.9,0.0788,0.0,-0.002,-0.004,-0.0026
2023-04-21,2023-04-24,2023-05-15,G1,XLU,EXC,3.98,0.1026,-0.0009,-0.0539,-0.0559,-0.028
2023-04-21,2023-04-24,2023-05-15,G2,XLK,PLTR,2.49,-0.018,-0.1909,0.1753,-0.1773,-0.1407
2023-04-21,2023-04-24,2023-05-15,G2,XLC,FOXA,3.87,-0.0015,-0.0879,-0.0499,0.0479,0.0909
2023-04-21,2023-04-24,2023-05-15,G3,XLK,KLAC,5.81,-0.0433,-0.1296,0.089,0.087,0.0544
2023-04-21,2023-04-24,2023-05-15,G3,XLY,GM,5.85,-0.0056,-0.221,-0.056,-0.058,-0.0605
2023-04-21,2023-04-24,2023-05-15,G3,XLV,CVS,5.65,0.0148,-0.1846,-0.0625,-0.0645,-0.0396
2023-04-21,2023-04-24,2023-05-15,G3,XLI,CAT,6.58,0.0092,-0.1628,-0.0543,-0.0563,-0.0356
2023-04-21,2023-04-24,2023-05-15,G3,XLC,CHTR,5.64,-0.0276,-0.1929,0.0375,0.0355,-0.0034
2023-04-21,2023-04-24,2023-05-15,G3,XLB,NUE,5.3,0.0404,-0.1368,-0.0939,-0.0959,-0.0633
2023-04-21,2023-04-24,2023-05-15,G3,XLE,VLO,5.18,-0.0825,-0.1964,-0.0591,-0.0611,0.0262
2023-04-21,2023-04-24,2023-05-15,G3,XLU,CEG,6.32,0.0429,-0.115,0.0423,0.0403,0.0681
2023-04-21,2023-04-24,2023-05-15,G4,XLK,CRM,7.59,0.0618,-0.0038,0.0431,-0.0451,-0.0085
2023-04-21,2023-04-24,2023-05-15,G4,XLY,AZO,6.61,0.1619,-0.0076,0.011,-0.013,-0.0064
2023-04-21,2023-04-24,2023-05-15,G4,XLV,ABBV,7.99,0.0554,-0.0017,-0.1066,0.1046,0.0837
2023-04-21,2023-04-24,2023-05-15,G4,XLI,TDG,7.95,0.0902,-0.0074,0.056,-0.058,-0.0748
2023-04-21,2023-04-24,2023-05-15,G4,XLC,TTWO,5.42,0.0639,-0.0012,-0.0213,0.0193,0.0622
2023-04-21,2023-04-24,2023-05-15,G4,XLB,PKG,6.46,0.0927,-0.0033,-0.0999,0.0979,0.0692
2023-04-21,2023-04-24,2023-05-15,G4,XLP,HSY,6.42,0.0691,0.0,0.0362,-0.0382,-0.0356
2023-04-21,2023-04-24,2023-05-15,G4,XLU,AEE,15.76,0.116,-0.0023,-0.0624,0.0604,0.0365
2023-05-12,2023-05-15,2023-06-06,G1,XLK,PLTR,0.8,0.0783,-0.0443,0.6239,0.6219,0.5339
2023-05-12,2023-05-15,2023-06-06,G1,XLY,CMG,3.99,0.1768,-0.0106,0.0054,0.0034,-0.0695
2023-05-12,2023-05-15,2023-06-06,G1,XLC,NWSA,0.17,0.0437,-0.038,0.0096,0.0076,-0.0503
2023-05-12,2023-05-15,2023-06-06,G1,XLB,ECL,3.92,0.0597,-0.0042,-0.0033,-0.0053,-0.0065
2023-05-12,2023-05-15,2023-06-06,G1,XLE,EQT,3.58,0.0141,-0.0354,0.0632,0.0612,0.0494
2023-05-12,2023-05-15,2023-06-06,G1,XLP,CHD,2.71,0.0971,-0.0054,-0.0335,-0.0355,0.018
2023-05-12,2023-05-15,2023-06-06,G1,XLU,PCG,3.85,0.0332,0.0,-0.0076,-0.0096,0.0332
2023-05-12,2023-05-15,2023-06-06,G2,XLI,GD,3.98,-0.0779,-0.1024,0.0029,-0.0049,0.0164
2023-05-12,2023-05-15,2023-06-06,G2,XLB,NEM,1.81,-0.0723,-0.1177,-0.0994,0.0974,0.1026
2023-05-12,2023-05-15,2023-06-06,G2,XLE,TRGP,3.87,-0.0969,-0.112,0.004,-0.006,0.0099
2023-05-12,2023-05-15,2023-06-06,G3,XLK,QCOM,5.28,-0.1376,-0.199,0.1024,0.1004,0.0124
2023-05-12,2023-05-15,2023-06-06,G3,XLY,GM,5.11,-0.0606,-0.2477,0.0917,0.0897,0.0168
2023-05-12,2023-05-15,2023-06-06,G3,XLV,CVS,5.83,-0.0744,-0.2194,0.0241,0.0221,0.0412
2023-05-12,2023-05-15,2023-06-06,G3,XLI,CAT,6.44,-0.0581,-0.1748,0.0728,0.0708,0.0535
2023-05-12,2023-05-15,2023-06-06,G3,XLC,FOX,9.0,-0.0807,-0.1675,0.0639,0.0619,0.0041
2023-05-12,2023-05-15,2023-06-06,G3,XLB,NUE,5.6,-0.0486,-0.2176,0.0216,0.0196,0.0184
2023-05-12,2023-05-15,2023-06-06,G3,XLE,PSX,5.96,-0.1227,-0.1307,0.0389,0.0369,0.0251
2023-05-12,2023-05-15,2023-06-06,G3,XLP,TGT,5.66,-0.0187,-0.0948,-0.168,-0.17,-0.1165
2023-05-12,2023-05-15,2023-06-06,G4,XLK,AAPL,6.97,0.046,-0.0054,0.0415,-0.0435,0.0485
2023-05-12,2023-05-15,2023-06-06,G4,XLY,MAR,6.01,0.0357,-0.0273,0.034,-0.036,0.041
2023-05-12,2023-05-15,2023-06-06,G4,XLV,VRTX,6.6,0.0416,-0.0085,-0.0523,0.0503,0.0352
2023-05-12,2023-05-15,2023-06-06,G4,XLI,TDG,6.45,0.0582,-0.018,-0.0157,0.0137,0.035
2023-05-12,2023-05-15,2023-06-06,G4,XLC,TTWO,5.77,0.0178,-0.0198,0.0848,-0.0868,-0.025
2023-05-12,2023-05-15,2023-06-06,G4,XLB,PPG,7.83,0.0022,-0.0297,-0.01,0.008,0.0132
2023-05-12,2023-05-15,2023-06-06,G4,XLP,GIS,7.95,0.0468,0.0,-0.0721,0.0701,0.0206
2023-05-12,2023-05-15,2023-06-06,G4,XLU,SO,8.58,0.0293,-0.0214,-0.0421,0.0401,0.0013
2023-06-05,2023-06-06,2023-06-28,G1,XLK,PLTR,-1.04,1.0567,0.0,-0.0116,-0.0136,-0.0436
2023-06-05,2023-06-06,2023-06-28,G1,XLY,TSLA,1.19,0.2796,0.0,0.1578,0.1558,0.103
2023-06-05,2023-06-06,2023-06-28,G1,XLI,UBER,3.96,0.0707,0.0,0.0991,0.0971,0.0501
2023-06-05,2023-06-06,2023-06-28,G1,XLC,NFLX,2.2,0.2503,0.0,0.0765,0.0745,0.056
2023-06-05,2023-06-06,2023-06-28,G1,XLE,EQT,3.41,0.1193,-0.0217,0.064,0.062,0.0587
2023-06-05,2023-06-06,2023-06-28,G2,XLV,MDT,1.09,-0.0703,-0.0837,0.0411,-0.0431,-0.0306
2023-06-05,2023-06-06,2023-06-28,G2,XLC,DIS,3.86,-0.0947,-0.1162,-0.0361,0.0341,0.0567
2023-06-05,2023-06-06,2023-06-28,G2,XLB,NEM,2.37,-0.131,-0.1869,-0.0193,0.0173,0.0505
2023-06-05,2023-06-06,2023-06-28,G2,XLE,TRGP,3.85,-0.0136,-0.0838,0.0429,-0.0449,-0.0376
2023-06-05,2023-06-06,2023-06-28,G2,XLP,KMB,3.1,-0.059,-0.0667,0.0188,-0.0208,-0.003
2023-06-05,2023-06-06,2023-06-28,G2,XLU,PPL,2.98,-0.0737,-0.0763,-0.0058,0.0038,0.0037
2023-06-05,2023-06-06,2023-06-28,G3,XLY,NKE,5.32,-0.1662,-0.1749,0.0644,0.0624,0.0096
2023-06-05,2023-06-06,2023-06-28,G3,XLV,ABBV,6.15,-0.0755,-0.17,-0.0216,-0.0236,-0.0321
2023-06-05,2023-06-06,2023-06-28,G3,XLI,DE,5.3,-0.0458,-0.1237,0.0843,0.0823,0.0353
2023-06-05,2023-06-06,2023-06-28,G3,XLC,T,10.31,-0.1016,-0.229,0.007,0.005,-0.0135
2023-06-05,2023-06-06,2023-06-28,G3,XLB,IFF,5.41,-0.1744,-0.1803,-0.0414,-0.0434,-0.0726
2023-06-05,2023-06-06,2023-06-28,G3,XLE,OKE,5.41,-0.0898,-0.111,0.0204,0.0184,0.0151
2023-06-05,2023-06-06,2023-06-28,G3,XLP,TGT,5.07,-0.1588,-0.2246,-0.0017,-0.0037,-0.0175
2023-06-05,2023-06-06,2023-06-28,G3,XLU,AEP,8.16,-0.0798,-0.1067,-0.0218,-0.0238,-0.0197
2023-06-05,2023-06-06,2023-06-28,G4,XLK,IBM,6.72,0.0873,0.0,-0.007,0.005,0.0389
2023-06-05,2023-06-06,2023-06-28,G4,XLY,MAR,6.53,0.0068,-0.0181,-0.0179,0.0159,0.0728
2023-06-05,2023-06-06,2023-06-28,G4,XLV,ISRG,5.97,0.0414,0.0,0.0547,-0.0567,-0.0441
2023-06-05,2023-06-06,2023-06-28,G4,XLI,CTAS,6.43,0.0409,0.0,0.0098,-0.0118,0.0392
2023-06-05,2023-06-06,2023-06-28,G4,XLC,TTWO,5.07,0.0981,-0.0208,0.0759,-0.0779,-0.0554
2023-06-05,2023-06-06,2023-06-28,G4,XLB,VMC,6.05,0.0471,-0.0024,0.0873,-0.0893,-0.0561
2023-06-05,2023-06-06,2023-06-28,G4,XLU,VST,6.42,0.0632,-0.0158,0.049,-0.051,-0.0511
2023-06-27,2023-06-28,2023-07-20,G1,XLK,ADBE,2.28,0.1779,-0.0119,0.0714,0.0694,0.0399
2023-06-27,2023-06-28,2023-07-20,G1,XLY,TSLA,1.45,0.2953,-0.0883,0.026,0.024,0.0055
2023-06-27,2023-06-28,2023-07-20,G1,XLV,ISRG,3.75,0.0753,0.0,0.0441,0.0421,0.0108
2023-06-27,2023-06-28,2023-07-20,G1,XLI,UBER,2.6,0.1399,-0.0133,0.0527,0.0507,0.0083
2023-06-27,2023-06-28,2023-07-20,G1,XLC,MTCH,2.38,0.2313,-0.0478,0.0923,0.0903,0.07
2023-06-27,2023-06-28,2023-07-20,G1,XLB,NUE,3.91,0.1809,0.0,0.0337,0.0317,0.0009
2023-06-27,2023-06-28,2023-07-20,G1,XLE,SLB,3.51,0.0882,-0.0803,0.1784,0.1764,0.1304
2023-06-27,2023-06-28,2023-07-20,G1,XLP,PM,3.66,0.0772,-0.0361,0.0206,0.0186,-0.0035
2023-06-27,2023-06-28,2023-07-20,G1,XLU,NRG,3.19,0.0781,0.0,0.0588,0.0568,0.0166
2023-06-27,2023-06-28,2023-07-20,G2,XLY,AZO,3.66,-0.0085,-0.1075,0.0092,-0.0112,0.0114
2023-06-27,2023-06-28,2023-07-20,G2,XLV,PFE,2.76,-0.0314,-0.1191,0.0132,-0.0152,0.0201
2023-06-27,2023-06-28,2023-07-20,G2,XLB,IFF,3.97,-0.0103,-0.2027,0.0875,-0.0895,-0.0547
2023-06-27,2023-06-28,2023-07-20,G2,XLP,KR,4.0,-0.0114,-0.0642,0.0146,-0.0166,0.0094
2023-06-27,2023-06-28,2023-07-20,G3,XLV,TMO,5.67,-0.0231,-0.1373,0.0551,0.0531,0.0218
2023-06-27,2023-06-28,2023-07-20,G3,XLI,LMT,6.95,0.0173,-0.0902,0.0141,0.0121,-0.0303
2023-06-27,2023-06-28,2023-07-20,G3,XLB,IP,8.31,0.0343,-0.1211,0.0077,0.0057,-0.0252
2023-06-27,2023-06-28,2023-07-20,G3,XLE,MPC,5.04,0.0475,-0.154,0.0795,0.0775,0.0315
2023-06-27,2023-06-28,2023-07-20,G3,XLP,ADM,5.65,0.0159,-0.0996,0.1175,0.1155,0.0935
2023-06-27,2023-06-28,2023-07-20,G3,XLU,XEL,7.31,-0.0212,-0.1166,0.0542,0.0522,0.012
2023-06-27,2023-06-28,2023-07-20,G4,XLK,AAPL,5.33,0.072,0.0,0.0205,-0.0225,0.011
2023-06-27,2023-06-28,2023-07-20,G4,XLY,HD,6.39,0.0791,0.0,0.041,-0.043,-0.0205
2023-06-27,2023-06-28,2023-07-20,G4,XLV,VRTX,5.33,0.0519,-0.0094,0.0315,-0.0335,0.0019
2023-06-27,2023-06-28,2023-07-20,G4,XLI,PH,5.16,0.1421,0.0,0.0532,-0.0552,-0.0088
2023-06-27,2023-06-28,2023-07-20,G4,XLC,FOX,8.67,0.0991,0.0,-0.0112,0.0092,0.0334
2023-06-27,2023-06-28,2023-07-20,G4,XLB,PPG,8.77,0.08,0.0,0.0448,-0.0468,-0.012
2023-06-27,2023-06-28,2023-07-20,G4,XLE,EQT,7.86,0.1178,0.0,0.0269,-0.0289,0.0211
2023-06-27,2023-06-28,2023-07-20,G4,XLP,CHD,5.34,0.0512,0.0,-0.0125,0.0105,0.0365
2023-07-19,2023-07-20,2023-08-10,G1,XLK,PLTR,-1.56,0.1431,-0.0017,-0.1004,-0.1024,-0.0546
2023-07-19,2023-07-20,2023-08-10,G1,XLY,DASH,2.84,0.1658,-0.0028,-0.0149,-0.0169,-0.0112
2023-07-19,2023-07-20,2023-08-10,G1,XLV,CVS,3.13,0.0832,0.0,-0.0122,-0.0142,-0.0118
2023-07-19,2023-07-20,2023-08-10,G1,XLI,UBER,0.93,0.1174,-0.0061,-0.0423,-0.0443,-0.0299
2023-07-19,2023-07-20,2023-08-10,G1,XLC,CHTR,3.9,0.1709,0.0,0.083,0.081,0.0646
2023-07-19,2023-07-20,2023-08-10,G1,XLB,DD,3.4,0.094,0.0,0.0142,0.0122,0.0237
2023-07-19,2023-07-20,2023-08-10,G1,XLE,SLB,3.38,0.2137,-0.001,0.029,0.027,-0.0306
2023-07-19,2023-07-20,2023-08-10,G1,XLP,PM,3.02,0.0556,-0.0171,-0.0136,-0.0156,-0.0045
2023-07-19,2023-07-20,2023-08-10,G1,XLU,NRG,2.62,0.1337,-0.0091,-0.0363,-0.0383,0.0116
2023-07-19,2023-07-20,2023-08-10,G2,XLK,MU,2.24,-0.0272,-0.1197,0.0116,-0.0136,-0.0574
2023-07-19,2023-07-20,2023-08-10,G2,XLV,PFE,2.21,-0.0737,-0.0953,-0.0177,0.0157,0.0174
2023-07-19,2023-07-20,2023-08-10,G2,XLI,BA,3.88,-0.0178,-0.0585,0.1154,-0.1174,-0.1278
2023-07-19,2023-07-20,2023-08-10,G2,XLC,OMC,3.49,-0.0627,-0.1064,-0.0947,0.0927,0.1131
2023-07-19,2023-07-20,2023-08-10,G2,XLE,XOM,3.43,-0.0107,-0.1338,0.0649,-0.0669,-0.0053
2023-07-19,2023-07-20,2023-08-10,G2,XLP,TGT,3.52,-0.0002,-0.1851,-0.0276,0.0256,0.0185
2023-07-19,2023-07-20,2023-08-10,G3,XLV,GILD,5.35,0.0161,-0.0805,0.0008,-0.0012,0.0011
2023-07-19,2023-07-20,2023-08-10,G3,XLC,T,6.49,-0.0589,-0.1596,-0.0334,-0.0354,-0.0518
2023-07-19,2023-07-20,2023-08-10,G3,XLB,CTVA,5.55,-0.0062,-0.084,-0.0779,-0.0799,-0.0685
2023-07-19,2023-07-20,2023-08-10,G3,XLP,GIS,5.51,-0.0601,-0.1635,-0.0521,-0.0541,-0.043
2023-07-19,2023-07-20,2023-08-10,G3,XLU,XEL,7.0,0.0051,-0.102,-0.0784,-0.0804,-0.0305
2023-07-19,2023-07-20,2023-08-10,G4,XLK,CSCO,6.27,0.0248,0.0,0.0191,-0.0211,-0.0649
2023-07-19,2023-07-20,2023-08-10,G4,XLY,MCD,5.93,0.0037,-0.0143,-0.0321,0.0301,0.0283
2023-07-19,2023-07-20,2023-08-10,G4,XLI,MMM,5.29,0.0115,-0.011,-0.0037,0.0017,-0.0086
2023-07-19,2023-07-20,2023-08-10,G4,XLC,FOX,7.33,0.019,-0.0168,0.017,-0.019,0.0014
2023-07-19,2023-07-20,2023-08-10,G4,XLB,LYB,6.76,0.0201,-0.0272,0.1048,-0.1068,-0.1142
2023-07-19,2023-07-20,2023-08-10,G4,XLE,PSX,6.04,0.0961,-0.0012,0.1021,-0.1041,-0.0425
2023-07-19,2023-07-20,2023-08-10,G4,XLU,PEG,6.86,0.0223,-0.01,-0.0611,0.0591,0.0132
2023-08-09,2023-08-10,2023-08-31,G1,XLK,LRCX,3.1,0.1019,-0.0488,0.0233,0.0213,-0.0214
2023-08-09,2023-08-10,2023-08-31,G1,XLY,AMZN,3.52,0.0539,-0.0307,-0.004,-0.006,-0.0064
2023-08-09,2023-08-10,2023-08-31,G1,XLV,LLY,3.16,0.1943,0.0,0.0653,0.0633,0.0773
2023-08-09,2023-08-10,2023-08-31,G1,XLI,CAT,3.69,0.1275,-0.0143,-0.0095,-0.0115,-0.0051
2023-08-09,2023-08-10,2023-08-31,G1,XLC,CHTR,2.91,0.0973,-0.0067,0.023,0.021,0.0187
2023-08-09,2023-08-10,2023-08-31,G1,XLB,PKG,0.37,0.1405,-0.0195,-0.0245,-0.0265,-0.0237
2023-08-09,2023-08-10,2023-08-31,G1,XLE,VLO,3.02,0.1737,0.0,-0.0368,-0.0388,-0.0411
2023-08-09,2023-08-10,2023-08-31,G1,XLP,ADM,3.36,0.0904,-0.0156,-0.0719,-0.0739,-0.0462
2023-08-09,2023-08-10,2023-08-31,G1,XLU,VST,2.67,0.1327,0.0,0.0238,0.0218,0.0434
2023-08-09,2023-08-10,2023-08-31,G2,XLK,CRM,2.88,-0.0942,-0.1216,0.0634,-0.0654,-0.0187
2023-08-09,2023-08-10,2023-08-31,G2,XLY,TSLA,2.48,-0.1096,-0.1744,0.0519,-0.0539,-0.0495
2023-08-09,2023-08-10,2023-08-31,G2,XLV,SYK,3.26,-0.0538,-0.0757,0.0019,-0.0039,-0.0139
2023-08-09,2023-08-10,2023-08-31,G2,XLI,HON,3.9,-0.0925,-0.0975,-0.0042,0.0022,-0.0002
2023-08-09,2023-08-10,2023-08-31,G2,XLC,TTWO,3.04,-0.0702,-0.0922,0.027,-0.029,-0.0227
2023-08-09,2023-08-10,2023-08-31,G2,XLB,IFF,3.42,-0.2187,-0.2675,0.1137,-0.1157,-0.1144
2023-08-09,2023-08-10,2023-08-31,G2,XLP,KMB,-0.78,-0.0509,-0.111,0.0082,-0.0102,-0.0339
2023-08-09,2023-08-10,2023-08-31,G2,XLU,EXC,2.67,-0.0428,-0.0683,0.0072,-0.0092,-0.0268
2023-08-09,2023-08-10,2023-08-31,G3,XLV,BMY,5.34,-0.0267,-0.1029,0.0059,0.0039,0.0179
2023-08-09,2023-08-10,2023-08-31,G3,XLI,RTX,5.0,-0.0935,-0.1196,0.0049,0.0029,0.0093
2023-08-09,2023-08-10,2023-08-31,G3,XLC,OMC,5.09,-0.1562,-0.1823,0.0149,0.0129,0.0106
2023-08-09,2023-08-10,2023-08-31,G3,XLB,CTVA,5.03,-0.0122,-0.0888,-0.0295,-0.0315,-0.0288
2023-08-09,2023-08-10,2023-08-31,G3,XLP,GIS,5.73,-0.0372,-0.1946,-0.0652,-0.0672,-0.0395
2023-08-09,2023-08-10,2023-08-31,G3,XLU,AEP,6.12,-0.0653,-0.0948,-0.0331,-0.0351,-0.0134
2023-08-09,2023-08-10,2023-08-31,G4,XLK,IBM,6.05,0.085,-0.014,0.025,-0.027,0.0197
2023-08-09,2023-08-10,2023-08-31,G4,XLV,ABBV,6.09,0.1294,-0.0005,-0.0296,0.0276,0.0176
2023-08-09,2023-08-10,2023-08-31,G4,XLI,GD,5.1,0.0392,-0.0046,0.0043,-0.0063,-0.0088
2023-08-09,2023-08-10,2023-08-31,G4,XLC,NWSA,5.4,0.0089,-0.0121,0.0581,-0.0601,-0.0538
2023-08-09,2023-08-10,2023-08-31,G4,XLB,LYB,6.89,0.067,0.0,-0.0064,0.0044,0.0057
2023-08-09,2023-08-10,2023-08-31,G4,XLE,FANG,6.52,0.0844,0.0,0.0139,-0.0159,-0.0096
2023-08-09,2023-08-10,2023-08-31,G4,XLP,COST,5.27,0.0403,-0.0114,-0.0199,0.0179,-0.0058
2023-08-30,2023-08-31,2023-09-22,G1,XLK,NVDA,0.14,0.1128,0.0,-0.1569,-0.1589,-0.0948
2023-08-30,2023-08-31,2023-09-22,G1,XLY,ROST,2.66,0.0884,-0.0019,-0.0808,-0.0828,-0.0252
2023-08-30,2023-08-31,2023-09-22,G1,XLV,LLY,3.17,0.2083,-0.0107,-0.0066,-0.0086,0.0124
2023-08-30,2023-08-31,2023-09-22,G1,XLI,ADP,3.89,0.0306,0.0,-0.0552,-0.0572,0.0004
2023-08-30,2023-08-31,2023-09-22,G1,XLC,GOOGL,2.6,0.0584,0.0,-0.0435,-0.0455,-0.0147
2023-08-30,2023-08-31,2023-09-22,G1,XLB,STLD,3.34,0.0101,-0.0394,-0.0515,-0.0535,-0.0015
2023-08-30,2023-08-31,2023-09-22,G1,XLE,TRGP,3.82,0.062,0.0,-0.021,-0.023,-0.0328
2023-08-30,2023-08-31,2023-09-22,G1,XLP,WMT,3.92,0.016,0.0,-0.0016,-0.0036,0.0279
2023-08-30,2023-08-31,2023-09-22,G1,XLU,VST,2.75,0.1193,0.0,0.0638,0.0618,0.0504
2023-08-30,2023-08-31,2023-09-22,G2,XLK,AMD,0.47,-0.0252,-0.1749,-0.09,0.088,0.028
2023-08-30,2023-08-31,2023-09-22,G2,XLY,GM,3.74,-0.107,-0.1756,-0.0278,0.0258,-0.0279
2023-08-30,2023-08-31,2023-09-22,G2,XLV,JNJ,1.54,-0.0294,-0.0548,-0.0073,0.0053,-0.0117
2023-08-30,2023-08-31,2023-09-22,G2,XLC,META,2.46,-0.0611,-0.0933,0.0108,-0.0128,-0.0395
2023-08-30,2023-08-31,2023-09-22,G2,XLB,IFF,3.42,-0.1523,-0.1983,-0.0258,0.0238,-0.0242
2023-08-30,2023-08-31,2023-09-22,G2,XLP,HSY,3.1,-0.063,-0.1624,-0.0322,0.0302,0.0027
2023-08-30,2023-08-31,2023-09-22,G2,XLU,XEL,3.8,-0.0827,-0.1155,0.0549,-0.0569,-0.0416
2023-08-30,2023-08-31,2023-09-22,G3,XLV,CVS,5.27,-0.1254,-0.1254,0.0918,0.0898,0.1107
2023-08-30,2023-08-31,2023-09-22,G3,XLI,RTX,7.31,0.0184,-0.127,-0.1681,-0.1701,-0.1124
2023-08-30,2023-08-31,2023-09-22,G3,XLC,OMC,7.97,-0.0215,-0.1765,-0.0814,-0.0834,-0.0526
2023-08-30,2023-08-31,2023-09-22,G3,XLP,GIS,7.06,-0.095,-0.1787,-0.042,-0.044,-0.0125
2023-08-30,2023-08-31,2023-09-22,G3,XLU,NEE,5.06,-0.0606,-0.1099,0.0135,0.0115,0.0001
2023-08-30,2023-08-31,2023-09-22,G4,XLK,IBM,6.87,0.0304,0.0,0.0005,-0.0025,-0.0626
2023-08-30,2023-08-31,2023-09-22,G4,XLY,MAR,5.62,0.0116,-0.0127,-0.045,0.043,-0.0107
2023-08-30,2023-08-31,2023-09-22,G4,XLV,DHR,5.35,0.0244,-0.0026,-0.0628,0.0608,0.0438
2023-08-30,2023-08-31,2023-09-22,G4,XLI,PH,5.09,0.0358,-0.0111,-0.071,0.069,0.0153
2023-08-30,2023-08-31,2023-09-22,G4,XLC,CMCSA,5.2,0.045,0.0,-0.0312,0.0292,0.0025
2023-08-30,2023-08-31,2023-09-22,G4,XLB,DOW,8.28,0.0138,-0.018,-0.079,0.077,0.029
2023-08-30,2023-08-31,2023-09-22,G4,XLE,FANG,11.48,0.0366,0.0,-0.008,0.006,0.0198
2023-08-30,2023-08-31,2023-09-22,G4,XLU,CEG,6.47,0.1096,-0.0249,0.0595,-0.0615,-0.0461
2023-09-21,2023-09-22,2023-10-13,G1,XLK,MU,2.5,0.0416,-0.0542,0.0065,0.0045,-0.0192
2023-09-21,2023-09-22,2023-10-13,G1,XLY,AZO,3.73,0.0225,-0.0338,-0.0068,-0.0088,0.0053
2023-09-21,2023-09-22,2023-10-13,G1,XLV,CVS,3.9,0.0827,-0.0592,0.0055,0.0035,0.0052
2023-09-21,2023-09-22,2023-10-13,G1,XLC,CHTR,3.67,0.0759,-0.0196,0.0091,0.0071,-0.013
2023-09-21,2023-09-22,2023-10-13,G1,XLB,NEM,2.91,0.0447,-0.0996,-0.0322,-0.0342,-0.0228
2023-09-21,2023-09-22,2023-10-13,G1,XLE,VLO,2.5,0.1309,0.0,-0.1323,-0.1343,-0.1354
2023-09-21,2023-09-22,2023-10-13,G1,XLU,VST,1.6,0.1097,-0.0118,-0.0476,-0.0496,0.0155
2023-09-21,2023-09-22,2023-10-13,G2,XLK,NVDA,0.46,-0.1294,-0.1689,0.0925,-0.0945,-0.0669
2023-09-21,2023-09-22,2023-10-13,G2,XLY,RCL,3.45,-0.079,-0.14,-0.0562,0.0542,0.044
2023-09-21,2023-09-22,2023-10-13,G2,XLV,PFE,2.98,-0.1039,-0.1145,-0.0177,0.0157,0.018
2023-09-21,2023-09-22,2023-10-13,G2,XLI,ADP,2.49,-0.0439,-0.0619,0.0341,-0.0361,-0.0344
2023-09-21,2023-09-22,2023-10-13,G2,XLC,TKO,2.01,-0.2248,-0.2301,-0.0735,0.0715,0.0956
2023-09-21,2023-09-22,2023-10-13,G2,XLB,NUE,3.04,-0.0926,-0.124,-0.0365,0.0345,0.0272
2023-09-21,2023-09-22,2023-10-13,G2,XLE,EQT,2.76,-0.0721,-0.1308,0.128,-0.13,-0.1248
2023-09-21,2023-09-22,2023-10-13,G2,XLP,KVUE,0.14,-0.1102,-0.2045,-0.0574,0.0554,0.0098
2023-09-21,2023-09-22,2023-10-13,G3,XLY,MCD,6.44,-0.0326,-0.0862,-0.0878,-0.0898,-0.0757
2023-09-21,2023-09-22,2023-10-13,G3,XLV,TMO,5.78,-0.0794,-0.1262,-0.0397,-0.0417,-0.04
2023-09-21,2023-09-22,2023-10-13,G3,XLI,RTX,6.47,-0.1557,-0.2566,0.0233,0.0213,0.0237
2023-09-21,2023-09-22,2023-10-13,G3,XLC,VZ,5.95,0.003,-0.0959,-0.0588,-0.0608,-0.0809
2023-09-21,2023-09-22,2023-10-13,G3,XLE,EOG,6.85,-0.0489,-0.0896,0.0915,0.0895,0.0884
2023-09-21,2023-09-22,2023-10-13,G3,XLP,KO,6.17,-0.0377,-0.0802,-0.0818,-0.0838,-0.0342
2023-09-21,2023-09-22,2023-10-13,G3,XLU,NEE,5.53,-0.0076,-0.1123,-0.1951,-0.1971,-0.1321
2023-09-21,2023-09-22,2023-10-13,G4,XLV,AMGN,5.53,0.0468,-0.0076,0.0613,-0.0633,-0.061
2023-09-21,2023-09-22,2023-10-13,G4,XLE,CVX,5.17,0.0373,-0.0122,-0.0134,0.0114,0.0165
2023-09-21,2023-09-22,2023-10-13,G4,XLU,DUK,6.7,0.034,-0.0214,-0.0498,0.0478,-0.0132
2023-10-12,2023-10-13,2023-11-03,G1,XLK,PLTR,1.47,0.1333,-0.1026,0.0881,0.0861,0.0696
2023-10-12,2023-10-13,2023-11-03,G1,XLV,MCK,3.35,0.0944,0.0,-0.0212,-0.0232,0.0002
2023-10-12,2023-10-13,2023-11-03,G1,XLI,NOC,2.23,0.1041,0.0,-0.0399,-0.0419,-0.0385
2023-10-12,2023-10-13,2023-11-03,G1,XLC,META,2.63,0.0399,-0.0112,-0.0003,-0.0023,-0.0076
2023-10-12,2023-10-13,2023-11-03,G1,XLB,DD,3.15,0.0093,-0.0283,-0.0759,-0.0779,-0.0907
2023-10-12,2023-10-13,2023-11-03,G1,XLE,EQT,2.45,0.0193,-0.026,0.0311,0.0291,0.0636
2023-10-12,2023-10-13,2023-11-03,G1,XLU,NRG,2.6,0.057,0.0,0.1072,0.1052,0.064
2023-10-12,2023-10-13,2023-11-03,G2,XLK,TXN,3.77,-0.0665,-0.1612,-0.0075,0.0055,0.026
2023-10-12,2023-10-13,2023-11-03,G2,XLY,ABNB,3.46,-0.1259,-0.1784,-0.0116,0.0096,0.0195
2023-10-12,2023-10-13,2023-11-03,G2,XLV,MDT,1.63,-0.1228,-0.2047,0.0083,-0.0103,-0.0297
2023-10-12,2023-10-13,2023-11-03,G2,XLI,GE,3.74,-0.0367,-0.0491,-0.0042,0.0022,0.0027
2023-10-12,2023-10-13,2023-11-03,G2,XLC,TKO,1.7,-0.1764,-0.2841,0.094,-0.096,-0.0867
2023-10-12,2023-10-13,2023-11-03,G2,XLB,FCX,2.95,-0.1097,-0.1889,-0.0085,0.0065,0.0233
2023-10-12,2023-10-13,2023-11-03,G2,XLE,VLO,3.41,-0.1351,-0.1423,0.003,-0.005,-0.0355
2023-10-12,2023-10-13,2023-11-03,G2,XLP,HSY,3.9,-0.114,-0.235,-0.015,0.013,0.0442
2023-10-12,2023-10-13,2023-11-03,G2,XLU,PCG,2.94,-0.0726,-0.1114,0.0375,-0.0395,0.0057
2023-10-12,2023-10-13,2023-11-03,G3,XLY,MCD,5.81,-0.1354,-0.167,0.0788,0.0768,0.0709
2023-10-12,2023-10-13,2023-11-03,G3,XLV,ABT,6.04,-0.1165,-0.2088,0.0547,0.0527,0.076
2023-10-12,2023-10-13,2023-11-03,G3,XLI,MMM,5.27,-0.13,-0.1979,0.0584,0.0564,0.0599
2023-10-12,2023-10-13,2023-11-03,G3,XLC,VZ,7.73,-0.0726,-0.0975,0.1744,0.1724,0.1671
2023-10-12,2023-10-13,2023-11-03,G3,XLB,ECL,5.94,-0.0657,-0.1302,0.0616,0.0596,0.0468
2023-10-12,2023-10-13,2023-11-03,G3,XLP,GIS,6.51,-0.0639,-0.1959,0.0428,0.0408,0.0136
2023-10-12,2023-10-13,2023-11-03,G3,XLU,D,5.93,-0.1435,-0.2265,0.0413,0.0393,-0.0019
2023-10-12,2023-10-13,2023-11-03,G4,XLB,PKG,6.68,0.0141,-0.0196,0.0456,-0.0476,-0.0308
2023-10-12,2023-10-13,2023-11-03,G4,XLE,FANG,7.93,0.0281,0.0,-0.0268,0.0248,-0.0056
2023-11-02,2023-11-03,2023-11-27,G1,XLK,PLTR,2.17,0.1366,0.0,0.0101,0.0081,-0.0635
2023-11-02,2023-11-03,2023-11-27,G1,XLY,CMG,2.93,0.0934,0.0,0.0827,0.0807,0.0309
2023-11-02,2023-11-03,2023-11-27,G1,XLV,LLY,2.91,0.0717,-0.0589,0.0437,0.0417,0.0209
2023-11-02,2023-11-03,2023-11-27,G1,XLI,RTX,2.4,0.1931,-0.0422,-0.0322,-0.0342,-0.073
2023-11-02,2023-11-03,2023-11-27,G1,XLC,NFLX,3.79,0.1399,-0.0534,0.1083,0.1063,0.0645
2023-11-02,2023-11-03,2023-11-27,G1,XLB,LIN,2.6,0.0535,-0.0004,0.0517,0.0497,0.0234
2023-11-02,2023-11-03,2023-11-27,G1,XLE,TRGP,3.27,0.1327,0.0,-0.0017,-0.0037,0.0219
2023-11-02,2023-11-03,2023-11-27,G1,XLP,KO,2.5,0.0899,-0.0593,0.0303,0.0283,0.0091
2023-11-02,2023-11-03,2023-11-27,G1,XLU,NRG,2.21,0.177,0.0,0.0324,0.0304,0.0174
2023-11-02,2023-11-03,2023-11-27,G2,XLK,NVDA,2.19,-0.0265,-0.1184,0.0719,-0.0739,0.0017
2023-11-02,2023-11-03,2023-11-27,G2,XLY,TSLA,3.93,-0.1597,-0.2084,0.0733,-0.0753,-0.0215
2023-11-02,2023-11-03,2023-11-27,G2,XLV,PFE,3.37,-0.0887,-0.1759,-0.0228,0.0208,0.0456
2023-11-02,2023-11-03,2023-11-27,G2,XLC,MTCH,2.56,-0.2079,-0.3774,0.0751,-0.0771,-0.0313
2023-11-02,2023-11-03,2023-11-27,G2,XLB,DD,3.55,-0.0749,-0.1262,0.0222,-0.0242,0.0061
2023-11-02,2023-11-03,2023-11-27,G2,XLE,CVX,3.23,-0.0924,-0.1303,-0.0118,0.0098,-0.0119
2023-11-02,2023-11-03,2023-11-27,G2,XLP,HSY,2.41,-0.0305,-0.1505,0.0083,-0.0103,0.0129
2023-11-02,2023-11-03,2023-11-27,G3,XLK,ORCL,5.33,-0.0101,-0.1535,0.0779,0.0759,0.0043
2023-11-02,2023-11-03,2023-11-27,G3,XLY,MAR,5.67,-0.0466,-0.1071,0.0875,0.0855,0.0357
2023-11-02,2023-11-03,2023-11-27,G3,XLV,BMY,7.28,-0.0938,-0.1782,-0.0719,-0.0739,-0.0947
2023-11-02,2023-11-03,2023-11-27,G3,XLI,CAT,5.12,-0.0784,-0.1603,0.0276,0.0256,-0.0132
2023-11-02,2023-11-03,2023-11-27,G3,XLC,CMCSA,5.6,-0.0121,-0.0921,-0.0252,-0.0272,-0.0691
2023-11-02,2023-11-03,2023-11-27,G3,XLB,SHW,5.53,-0.0331,-0.1112,0.1,0.098,0.0717
2023-11-02,2023-11-03,2023-11-27,G3,XLP,SYY,5.31,0.0314,-0.0821,0.0728,0.0708,0.0516
2023-11-02,2023-11-03,2023-11-27,G4,XLK,MSFT,6.26,0.0907,0.0,0.0753,-0.0773,-0.0017
2023-11-02,2023-11-03,2023-11-27,G4,XLV,GILD,5.96,0.0874,0.0,-0.0818,0.0798,0.1045
2023-11-02,2023-11-03,2023-11-27,G4,XLI,CTAS,5.13,0.0607,-0.0235,0.0727,-0.0747,-0.032
2023-11-02,2023-11-03,2023-11-27,G4,XLC,VZ,9.09,0.1523,0.0,0.0369,-0.0389,0.0069
2023-11-02,2023-11-03,2023-11-27,G4,XLP,CL,6.27,0.087,-0.0209,0.0306,-0.0326,-0.0094
2023-11-02,2023-11-03,2023-11-27,G4,XLU,PEG,6.14,0.1213,0.0,0.0134,-0.0154,0.0017
2023-11-24,2023-11-27,2023-12-18,G1,XLK,AMD,1.82,0.3058,-0.0016,0.1325,0.1305,0.0898
2023-11-24,2023-11-27,2023-12-18,G1,XLY,DASH,3.49,0.3207,-0.0203,0.0932,0.0912,0.0231
2023-11-24,2023-11-27,2023-12-18,G1,XLV,ISRG,3.79,0.2254,0.0,0.0427,0.0407,0.0114
2023-11-24,2023-11-27,2023-12-18,G1,XLI,UBER,3.21,0.3619,-0.0009,0.1011,0.0991,0.0323
2023-11-24,2023-11-27,2023-12-18,G1,XLC,DIS,1.51,0.2041,0.0,-0.0211,-0.0231,-0.0406
2023-11-24,2023-11-27,2023-12-18,G1,XLB,ECL,2.31,0.1819,0.0,0.044,0.042,-0.0088
2023-11-24,2023-11-27,2023-12-18,G1,XLE,WMB,0.93,0.0503,0.0,-0.0344,-0.0364,-0.0386
2023-11-24,2023-11-27,2023-12-18,G1,XLP,TGT,3.1,0.198,0.0,0.0487,0.0467,0.0234
2023-11-24,2023-11-27,2023-12-18,G1,XLU,D,2.6,0.1462,-0.0343,0.042,0.04,0.0255
2023-11-24,2023-11-27,2023-12-18,G2,XLK,CSCO,3.29,-0.0586,-0.1579,0.0482,-0.0502,-0.0055
2023-11-24,2023-11-27,2023-12-18,G2,XLY,GM,3.43,-0.013,-0.1702,0.2471,-0.2491,-0.177
2023-11-24,2023-11-27,2023-12-18,G2,XLV,MRK,3.31,-0.0349,-0.0662,0.053,-0.055,-0.0218
2023-11-24,2023-11-27,2023-12-18,G2,XLC,MTCH,2.57,-0.0828,-0.3166,0.0749,-0.0769,-0.0554
2023-11-24,2023-11-27,2023-12-18,G2,XLB,DD,2.38,-0.0097,-0.0827,0.0385,-0.0405,0.0143
2023-11-24,2023-11-27,2023-12-18,G2,XLE,OXY,1.89,-0.0492,-0.1061,-0.0119,0.0099,0.0161
2023-11-24,2023-11-27,2023-12-18,G2,XLP,WMT,2.02,-0.0353,-0.0808,-0.0078,0.0058,0.033
2023-11-24,2023-11-27,2023-12-18,G3,XLK,TXN,5.19,0.0763,-0.0873,0.0971,0.0951,0.0544
2023-11-24,2023-11-27,2023-12-18,G3,XLC,CMCSA,5.76,0.0876,-0.0834,0.062,0.06,0.0425
2023-11-24,2023-11-27,2023-12-18,G3,XLB,CTVA,6.73,-0.0419,-0.1129,0.0353,0.0333,-0.0175
2023-11-24,2023-11-27,2023-12-18,G3,XLE,CVX,7.08,-0.0538,-0.1439,0.0369,0.0349,0.0326
2023-11-24,2023-11-27,2023-12-18,G3,XLP,HSY,8.02,0.0201,-0.1024,-0.0326,-0.0346,-0.0578
2023-11-24,2023-11-27,2023-12-18,G4,XLK,IBM,7.35,0.0917,0.0,0.0461,-0.0481,-0.0034
2023-11-24,2023-11-27,2023-12-18,G4,XLV,ELV,5.15,0.0643,-0.0026,-0.0138,0.0118,0.045
2023-11-24,2023-11-27,2023-12-18,G4,XLC,VZ,8.06,0.0853,0.0,0.0086,-0.0106,0.0109
2023-11-24,2023-11-27,2023-12-18,G4,XLE,KMI,6.9,0.0572,0.0,0.015,-0.017,-0.0108
2023-11-24,2023-11-27,2023-12-18,G4,XLP,PG,5.87,0.0105,-0.0157,-0.0335,0.0315,0.0588
2023-11-24,2023-11-27,2023-12-18,G4,XLU,ED,6.96,0.028,-0.0063,-0.0074,0.0054,0.0239
2023-12-15,2023-12-18,2024-01-10,G1,XLK,CRM,3.29,0.1813,0.0,0.002,0.0,0.0083
2023-12-15,2023-12-18,2024-01-10,G1,XLY,GM,3.04,0.3039,-0.0143,0.0245,0.0225,0.045
2023-12-15,2023-12-18,2024-01-10,G1,XLV,VRTX,3.0,0.1973,0.0,0.0472,0.0452,-0.0065
2023-12-15,2023-12-18,2024-01-10,G1,XLI,BA,0.15,0.2791,0.0,-0.1251,-0.1271,-0.1249
2023-12-15,2023-12-18,2024-01-10,G1,XLC,WBD,1.07,0.188,-0.0184,-0.0835,-0.0855,-0.111
2023-12-15,2023-12-18,2024-01-10,G1,XLB,FCX,1.55,0.1677,-0.0112,-0.0012,-0.0032,0.0117
2023-12-15,2023-12-18,2024-01-10,G1,XLE,VLO,2.45,0.0545,-0.1194,-0.0542,-0.0562,-0.023
2023-12-15,2023-12-18,2024-01-10,G1,XLP,KVUE,1.06,0.0704,-0.0033,0.0362,0.0342,0.0202
2023-12-15,2023-12-18,2024-01-10,G1,XLU,VST,0.64,0.0846,-0.0115,0.0243,0.0223,0.0049
2023-12-15,2023-12-18,2024-01-10,G2,XLK,ORCL,0.81,-0.099,-0.1181,-0.0065,0.0045,0.0002
2023-12-15,2023-12-18,2024-01-10,G2,XLY,SBUX,3.47,-0.0976,-0.0976,-0.0317,0.0297,0.0112
2023-12-15,2023-12-18,2024-01-10,G2,XLV,PFE,1.44,-0.1055,-0.2048,0.0713,-0.0733,-0.0176
2023-12-15,2023-12-18,2024-01-10,G2,XLI,NOC,1.8,-0.0021,-0.0568,0.014,-0.016,-0.0142
2023-12-15,2023-12-18,2024-01-10,G2,XLC,CHTR,2.9,-0.0797,-0.164,-0.044,0.042,0.0715
2023-12-15,2023-12-18,2024-01-10,G2,XLE,EQT,3.32,-0.0402,-0.1372,-0.0308,0.0288,-0.0004
2023-12-15,2023-12-18,2024-01-10,G2,XLP,HSY,3.33,-0.0722,-0.1208,0.0405,-0.0425,-0.0245
2023-12-15,2023-12-18,2024-01-10,G2,XLU,EXC,2.98,-0.1011,-0.1344,0.0636,-0.0656,-0.0441
2023-12-15,2023-12-18,2024-01-10,G3,XLU,AEE,10.46,-0.0582,-0.1179,0.0371,0.0351,0.0177
2023-12-15,2023-12-18,2024-01-10,G4,XLV,GILD,9.5,0.0878,-0.0244,0.0629,-0.0649,-0.0091
2023-12-15,2023-12-18,2024-01-10,G4,XLI,CTAS,5.81,0.0095,-0.0282,0.047,-0.049,-0.0472
2023-12-15,2023-12-18,2024-01-10,G4,XLC,OMC,6.37,0.1277,0.0,0.0305,-0.0325,-0.0031
2023-12-15,2023-12-18,2024-01-10,G4,XLB,LYB,5.1,0.0006,-0.0098,-0.0123,0.0103,-0.0006
2023-12-15,2023-12-18,2024-01-10,G4,XLP,KO,5.95,0.0335,-0.0222,0.02,-0.022,-0.004
2023-12-15,2023-12-18,2024-01-10,G4,XLU,AEP,8.9,0.0627,-0.016,0.0099,-0.0119,0.0095
2024-01-09,2024-01-10,2024-02-01,G1,XLK,AMD,0.87,0.1578,0.0,0.1477,0.1457,0.0978
2024-01-09,2024-01-10,2024-02-01,G1,XLY,GM,3.67,0.0827,-0.0044,0.0705,0.0685,0.0824
2024-01-09,2024-01-10,2024-02-01,G1,XLV,VRTX,2.91,0.2024,0.0,0.0239,0.0219,0.0151
2024-01-09,2024-01-10,2024-02-01,G1,XLI,CAT,2.84,0.1264,-0.0196,0.0537,0.0517,0.0321
2024-01-09,2024-01-10,2024-02-01,G1,XLC,MTCH,0.13,0.2162,0.0,-0.0137,-0.0157,-0.054
2024-01-09,2024-01-10,2024-02-01,G1,XLB,FCX,1.58,0.0931,-0.0347,-0.0236,-0.0256,-0.0231
2024-01-09,2024-01-10,2024-02-01,G1,XLE,MPC,3.19,0.0789,-0.0227,0.0961,0.0941,0.0734
2024-01-09,2024-01-10,2024-02-01,G1,XLP,COST,2.69,0.1172,0.0,0.0487,0.0467,0.0235
2024-01-09,2024-01-10,2024-02-01,G1,XLU,NRG,1.9,0.0818,-0.01,0.0731,0.0711,0.1016
2024-01-09,2024-01-10,2024-02-01,G2,XLK,ORCL,2.99,-0.0878,-0.1155,0.1117,-0.1137,-0.0618
2024-01-09,2024-01-10,2024-02-01,G2,XLY,NKE,3.86,-0.1136,-0.1623,-0.0194,0.0174,0.0075
2024-01-09,2024-01-10,2024-02-01,G2,XLI,BA,3.25,-0.0774,-0.1457,-0.0791,0.0771,0.1008
2024-01-09,2024-01-10,2024-02-01,G2,XLC,DIS,1.77,-0.0339,-0.0635,0.087,-0.089,-0.0467
2024-01-09,2024-01-10,2024-02-01,G2,XLB,NEM,3.21,-0.0102,-0.0873,-0.0617,0.0597,0.0612
2024-01-09,2024-01-10,2024-02-01,G2,XLE,TRGP,1.88,-0.0342,-0.0757,0.0326,-0.0346,-0.0099
2024-01-09,2024-01-10,2024-02-01,G2,XLP,ADM,2.38,-0.0418,-0.0752,-0.1813,0.1793,0.2065
2024-01-09,2024-01-10,2024-02-01,G2,XLU,EXC,3.8,-0.0706,-0.1112,-0.0442,0.0422,0.0157
2024-01-09,2024-01-10,2024-02-01,G3,XLV,BMY,6.06,0.0311,-0.0958,-0.0393,-0.0413,-0.048
2024-01-09,2024-01-10,2024-02-01,G3,XLE,FANG,11.37,0.0271,-0.0815,0.009,0.007,-0.0137
2024-01-09,2024-01-10,2024-02-01,G3,XLU,AEE,8.03,-0.0436,-0.0898,-0.0417,-0.0437,-0.0132
2024-01-09,2024-01-10,2024-02-01,G4,XLY,ROST,6.28,0.0289,-0.018,0.0526,-0.0546,-0.0645
2024-01-09,2024-01-10,2024-02-01,G4,XLI,LMT,5.12,0.0185,-0.0062,-0.0563,0.0543,0.0779
2024-01-09,2024-01-10,2024-02-01,G4,XLC,T,5.58,0.0181,-0.0139,0.0694,-0.0714,-0.029
2024-01-09,2024-01-10,2024-02-01,G4,XLB,LYB,5.92,0.028,-0.0183,0.003,-0.005,-0.0034
2024-01-09,2024-01-10,2024-02-01,G4,XLP,PM,5.68,0.0614,-0.0073,-0.0125,0.0105,0.0377
2024-01-09,2024-01-10,2024-02-01,G4,XLU,XEL,8.08,0.0475,-0.0072,-0.0252,0.0232,-0.0034
2024-01-31,2024-02-01,2024-02-23,G1,XLK,NVDA,0.64,0.2773,-0.0199,0.2505,0.2485,0.2249
2024-01-31,2024-02-01,2024-02-23,G1,XLY,ORLY,3.75,0.0826,-0.0174,0.0156,0.0136,-0.025
2024-01-31,2024-02-01,2024-02-23,G1,XLV,SYK,1.98,0.1325,0.0,0.0425,0.0405,0.0027
2024-01-31,2024-02-01,2024-02-23,G1,XLI,UBER,1.17,0.118,-0.0255,0.1719,0.1699,0.1248
2024-01-31,2024-02-01,2024-02-23,G1,XLC,NFLX,2.03,0.2041,-0.0203,0.0283,0.0263,-0.0116
2024-01-31,2024-02-01,2024-02-23,G1,XLB,NUE,3.54,0.0656,-0.0104,0.0235,0.0215,-0.0153
2024-01-31,2024-02-01,2024-02-23,G1,XLE,MPC,2.97,0.0869,-0.0253,0.0169,0.0149,-0.0138
2024-01-31,2024-02-01,2024-02-23,G1,XLP,SYY,2.5,0.0948,0.0,-0.0187,-0.0207,-0.0237
2024-01-31,2024-02-01,2024-02-23,G1,XLU,VST,2.47,0.0778,-0.0049,0.1239,0.1219,0.1344
2024-01-31,2024-02-01,2024-02-23,G2,XLK,TXN,3.36,-0.0465,-0.0769,0.025,-0.027,0.0005
2024-01-31,2024-02-01,2024-02-23,G2,XLY,TSLA,2.23,-0.2461,-0.2836,0.0165,-0.0185,0.0242
2024-01-31,2024-02-01,2024-02-23,G2,XLV,PFE,2.73,-0.0754,-0.1088,0.0172,-0.0192,0.0226
2024-01-31,2024-02-01,2024-02-23,G2,XLI,BA,2.94,-0.1617,-0.2014,-0.0428,0.0408,0.0899
2024-01-31,2024-02-01,2024-02-23,G2,XLC,WBD,2.43,-0.1407,-0.1978,-0.1769,0.1749,0.2168
2024-01-31,2024-02-01,2024-02-23,G2,XLB,DD,1.9,-0.2027,-0.2027,0.1291,-0.1311,-0.0902
2024-01-31,2024-02-01,2024-02-23,G2,XLE,BKR,3.5,-0.16,-0.1901,0.0516,-0.0536,-0.0209
2024-01-31,2024-02-01,2024-02-23,G2,XLP,ADM,1.44,-0.2361,-0.2727,-0.0494,0.0474,0.0544
2024-01-31,2024-02-01,2024-02-23,G2,XLU,PCG,0.73,-0.0654,-0.071,-0.0053,0.0033,-0.0053
2024-01-31,2024-02-01,2024-02-23,G3,XLB,CTVA,7.64,-0.0634,-0.0914,0.0155,0.0135,-0.0233
2024-01-31,2024-02-01,2024-02-23,G3,XLU,PEG,6.14,-0.0577,-0.1012,0.0291,0.0271,0.0397
2024-01-31,2024-02-01,2024-02-23,G4,XLV,ELV,6.65,0.0305,0.0,0.0377,-0.0397,0.0021
2024-01-31,2024-02-01,2024-02-23,G4,XLI,TDG,5.97,0.1013,0.0,0.0774,-0.0794,-0.0303
2024-01-31,2024-02-01,2024-02-23,G4,XLC,T,5.72,0.0422,0.0,-0.0687,0.0667,0.1087
2024-01-31,2024-02-01,2024-02-23,G4,XLB,VMC,5.38,0.0108,-0.0218,0.1166,-0.1186,-0.0778
2024-01-31,2024-02-01,2024-02-23,G4,XLP,PG,5.49,0.0631,-0.0022,0.0116,-0.0136,-0.0066
2024-02-22,2024-02-23,2024-03-15,G1,XLK,PLTR,0.58,0.4084,-0.0716,0.0226,0.0206,0.021
2024-02-22,2024-02-23,2024-03-15,G1,XLY,GM,3.12,0.1337,-0.0038,0.0298,0.0278,0.0477
2024-02-22,2024-02-23,2024-03-15,G1,XLV,LLY,0.68,0.2166,-0.0159,-0.02,-0.022,-0.0031
2024-02-22,2024-02-23,2024-03-15,G1,XLI,UBER,0.47,0.2238,-0.0413,-0.0272,-0.0292,-0.0424
2024-02-22,2024-02-23,2024-03-15,G1,XLC,META,2.31,0.2456,0.0,0.0001,-0.0019,0.0055
2024-02-22,2024-02-23,2024-03-15,G1,XLB,CTVA,3.1,0.2048,-0.006,0.0064,0.0044,-0.0393
2024-02-22,2024-02-23,2024-03-15,G1,XLE,TRGP,3.83,0.178,0.0,0.0921,0.0901,0.027
2024-02-22,2024-02-23,2024-03-15,G1,XLP,WMT,-0.02,0.0929,-0.0026,0.0404,0.0384,0.0304
2024-02-22,2024-02-23,2024-03-15,G1,XLU,CEG,0.94,0.1532,0.0,0.2377,0.2357,0.2135
2024-02-22,2024-02-23,2024-03-15,G2,XLK,ADBE,1.08,-0.1136,-0.1531,-0.1102,0.1082,0.1118
2024-02-22,2024-02-23,2024-03-15,G2,XLY,TSLA,0.84,-0.0501,-0.2449,-0.1479,0.1459,0.1301
2024-02-22,2024-02-23,2024-03-15,G2,XLV,GILD,-0.38,-0.0849,-0.1662,0.0122,-0.0142,-0.0291
2024-02-22,2024-02-23,2024-03-15,G2,XLI,DE,2.89,-0.0814,-0.1101,0.0514,-0.0534,-0.0362
2024-02-22,2024-02-23,2024-03-15,G2,XLC,CHTR,2.35,-0.2003,-0.261,-0.0293,0.0273,0.0239
2024-02-22,2024-02-23,2024-03-15,G2,XLB,NEM,0.64,-0.1031,-0.2711,0.0917,-0.0937,-0.0459
2024-02-22,2024-02-23,2024-03-15,G2,XLE,SLB,1.65,-0.0412,-0.0771,0.083,-0.085,-0.0178
2024-02-22,2024-02-23,2024-03-15,G2,XLP,KVUE,2.66,-0.051,-0.1159,0.0605,-0.0625,-0.0505
2024-02-22,2024-02-23,2024-03-15,G2,XLU,DUK,2.36,-0.0144,-0.0625,0.0214,-0.0234,0.0029
2024-02-22,2024-02-23,2024-03-15,G3,XLV,AMGN,5.51,-0.0592,-0.1145,-0.0702,-0.0722,-0.0533
2024-02-22,2024-02-23,2024-03-15,G3,XLC,FOX,6.2,-0.0568,-0.09,-0.0189,-0.0209,-0.0135
2024-02-22,2024-02-23,2024-03-15,G3,XLU,NEE,6.43,-0.006,-0.0993,0.0678,0.0658,0.0436
2024-02-22,2024-02-23,2024-03-15,G4,XLC,NWSA,6.91,0.0763,0.0,-0.0312,0.0292,0.0258
2024-02-22,2024-02-23,2024-03-15,G4,XLE,CVX,5.86,0.0842,-0.0001,0.0058,-0.0078,0.0594
2024-02-22,2024-02-23,2024-03-15,G4,XLU,AEP,7.13,0.0773,-0.0185,-0.0041,0.0021,0.0283
2024-03-14,2024-03-15,2024-04-08,G1,XLK,NVDA,-2.44,0.1901,-0.051,-0.008,-0.01,-0.0125
2024-03-14,2024-03-15,2024-04-08,G1,XLY,AZO,1.78,0.1438,-0.0016,-0.0154,-0.0174,-0.0316
2024-03-14,2024-03-15,2024-04-08,G1,XLV,BMY,0.53,0.0736,-0.0351,-0.0123,-0.0143,0.002
2024-03-14,2024-03-15,2024-04-08,G1,XLI,ETN,1.12,0.0929,0.0,0.0937,0.0917,0.0626
2024-03-14,2024-03-15,2024-04-08,G1,XLC,LYV,-0.5,0.1567,-0.0083,-0.0093,-0.0113,-0.053
2024-03-14,2024-03-15,2024-04-08,G1,XLB,FCX,0.11,0.1645,-0.0021,0.1208,0.1188,0.0947
2024-03-14,2024-03-15,2024-04-08,G1,XLE,TRGP,3.11,0.1958,-0.0073,0.0944,0.0924,0.0213
2024-03-14,2024-03-15,2024-04-08,G1,XLP,KR,0.66,0.2149,-0.0102,-0.0123,-0.0143,-0.0022
2024-03-14,2024-03-15,2024-04-08,G1,XLU,VST,2.99,0.4256,0.0,0.2131,0.2111,0.171
2024-03-14,2024-03-15,2024-04-08,G2,XLK,AAPL,2.92,-0.0605,-0.1204,-0.0242,0.0222,0.0286
2024-03-14,2024-03-15,2024-04-08,G2,XLY,TSLA,2.89,-0.1389,-0.3784,0.0575,-0.0595,-0.0413
2024-03-14,2024-03-15,2024-04-08,G2,XLV,UNH,3.29,-0.0503,-0.0999,-0.0709,0.0689,0.0566
2024-03-14,2024-03-15,2024-04-08,G2,XLI,BA,2.95,-0.1093,-0.3125,-0.0053,0.0033,0.0364
2024-03-14,2024-03-15,2024-04-08,G2,XLC,WBD,3.06,-0.1233,-0.3099,-0.0023,0.0003,0.046
2024-03-14,2024-03-15,2024-04-08,G2,XLB,PPG,1.49,-0.0035,-0.0716,0.0149,-0.0169,0.0113
2024-03-14,2024-03-15,2024-04-08,G3,XLV,GILD,5.12,0.0264,-0.1411,-0.0579,-0.0599,-0.0436
2024-03-14,2024-03-15,2024-04-08,G3,XLC,FOX,10.79,-0.0276,-0.1045,0.0647,0.0627,0.021
2024-03-14,2024-03-15,2024-04-08,G3,XLU,XEL,11.8,-0.1064,-0.1772,0.0402,0.0382,-0.0019
2024-03-14,2024-03-15,2024-04-08,G4,XLC,NWSA,5.89,0.0069,-0.0257,0.009,-0.011,0.0347
2024-03-14,2024-03-15,2024-04-08,G4,XLB,AMCR,14.93,0.0682,-0.0284,-0.0348,0.0328,0.061
2024-03-14,2024-03-15,2024-04-08,G4,XLE,WMB,9.21,0.1306,-0.0016,0.0527,-0.0547,0.0203
2024-03-14,2024-03-15,2024-04-08,G4,XLP,MNST,5.9,0.0793,-0.009,-0.0794,0.0774,0.0693
2024-03-14,2024-03-15,2024-04-08,G4,XLU,D,14.63,0.0762,-0.0156,0.0196,-0.0216,0.0225
2024-04-05,2024-04-08,2024-04-29,G1,XLK,MU,-0.39,0.2497,-0.0346,-0.0699,-0.0719,-0.0431
2024-04-05,2024-04-08,2024-04-29,G1,XLY,GM,2.16,0.124,-0.0258,0.0383,0.0363,0.0413
2024-04-05,2024-04-08,2024-04-29,G1,XLV,MRK,2.48,0.0388,-0.03,0.0281,0.0261,0.0445
2024-04-05,2024-04-08,2024-04-29,G1,XLI,GE,1.36,0.1762,0.0,0.0528,0.0508,0.0685
2024-04-05,2024-04-08,2024-04-29,G1,XLC,TKO,-5.19,0.1476,-0.0012,0.0065,0.0045,0.0471
2024-04-05,2024-04-08,2024-04-29,G1,XLB,FCX,0.61,0.2427,-0.0028,0.0513,0.0493,0.079
2024-04-05,2024-04-08,2024-04-29,G1,XLE,VLO,-3.14,0.2306,0.0,-0.074,-0.076,-0.063
2024-04-05,2024-04-08,2024-04-29,G1,XLP,ADM,-0.47,0.1698,-0.0791,-0.0394,-0.0414,-0.0611
2024-04-05,2024-04-08,2024-04-29,G1,XLU,VST,-0.78,0.2255,0.0,0.0476,0.0456,0.0247
2024-04-05,2024-04-08,2024-04-29,G2,XLK,AMD,-0.59,-0.1938,-0.1938,-0.0571,0.0551,0.0303
2024-04-05,2024-04-08,2024-04-29,G2,XLY,NKE,3.49,-0.0952,-0.1682,0.0451,-0.0471,-0.0481
2024-04-05,2024-04-08,2024-04-29,G2,XLV,ABT,1.55,-0.0804,-0.0807,-0.0246,0.0226,0.0083
2024-04-05,2024-04-08,2024-04-29,G2,XLI,BA,1.74,-0.098,-0.1962,-0.0444,0.0424,0.0287
2024-04-05,2024-04-08,2024-04-29,G2,XLC,CHTR,3.02,-0.0515,-0.3004,-0.0487,0.0467,0.0081
2024-04-05,2024-04-08,2024-04-29,G2,XLB,PPG,0.45,-0.0132,-0.0516,-0.0655,0.0635,0.0379
2024-04-05,2024-04-08,2024-04-29,G2,XLP,COST,2.01,-0.0915,-0.0915,0.022,-0.024,-0.0003
2024-04-05,2024-04-08,2024-04-29,G3,XLB,APD,5.23,-0.0193,-0.0994,0.0021,0.0001,0.0297
2024-04-05,2024-04-08,2024-04-29,G3,XLP,MNST,5.77,-0.0586,-0.0813,-0.0273,-0.0293,-0.049
2024-04-05,2024-04-08,2024-04-29,G3,XLU,XEL,10.92,0.0812,-0.1373,0.0074,0.0054,-0.0155
2024-04-05,2024-04-08,2024-04-29,G4,XLV,ELV,5.0,0.0115,-0.0243,0.047,-0.049,-0.0633
2024-04-05,2024-04-08,2024-04-29,G4,XLB,ECL,5.17,0.0167,-0.0173,-0.0226,0.0206,-0.0051
2024-04-05,2024-04-08,2024-04-29,G4,XLP,KO,6.08,0.0092,-0.0273,0.0467,-0.0487,-0.025
2024-04-05,2024-04-08,2024-04-29,G4,XLU,SO,7.32,0.0095,-0.0255,0.0618,-0.0638,-0.0389
2024-04-26,2024-04-29,2024-05-20,G1,XLK,APH,0.08,0.0446,0.0,0.092,0.09,0.0241
2024-04-26,2024-04-29,2024-05-20,G1,XLY,CMG,1.8,0.0964,0.0,-0.0103,-0.0123,0.0043
2024-04-26,2024-04-29,2024-05-20,G1,XLV,MCK,2.77,0.012,0.0,0.0521,0.0501,0.0124
2024-04-26,2024-04-29,2024-05-20,G1,XLI,GE,2.06,0.161,-0.0017,-0.0317,-0.0337,-0.0486
2024-04-26,2024-04-29,2024-05-20,G1,XLC,GOOGL,0.9,0.1393,0.0,0.0648,0.0628,0.0185
2024-04-26,2024-04-29,2024-05-20,G1,XLB,NEM,3.22,0.1922,-0.0157,0.0516,0.0496,0.0293
2024-04-26,2024-04-29,2024-05-20,G1,XLE,EOG,0.79,0.0687,-0.0096,-0.0469,-0.0489,-0.0256
2024-04-26,2024-04-29,2024-05-20,G1,XLP,KMB,1.03,0.0455,-0.0184,-0.017,-0.019,-0.0413
2024-04-26,2024-04-29,2024-05-20,G1,XLU,NRG,0.11,0.0756,-0.0239,0.1079,0.1059,0.0315
2024-04-26,2024-04-29,2024-05-20,G2,XLK,AMD,0.35,-0.1279,-0.2554,0.0383,-0.0403,0.0296
2024-04-26,2024-04-29,2024-05-20,G2,XLY,HD,3.57,-0.1265,-0.1521,0.003,-0.005,-0.0176
2024-04-26,2024-04-29,2024-05-20,G2,XLV,GILD,2.54,-0.1069,-0.1544,0.0297,-0.0317,0.0099
2024-04-26,2024-04-29,2024-05-20,G2,XLI,BA,3.06,-0.1335,-0.2109,0.0756,-0.0776,-0.0587
2024-04-26,2024-04-29,2024-05-20,G2,XLC,LYV,0.84,-0.1507,-0.159,0.0982,-0.1002,-0.0518
2024-04-26,2024-04-29,2024-05-20,G2,XLB,IP,1.05,-0.133,-0.1718,0.1659,-0.1679,-0.1436
2024-04-26,2024-04-29,2024-05-20,G2,XLE,PSX,2.04,-0.073,-0.1233,-0.0394,0.0374,0.0181
2024-04-26,2024-04-29,2024-05-20,G2,XLP,MNST,2.28,-0.0997,-0.1229,-0.0102,0.0082,0.0344
2024-04-26,2024-04-29,2024-05-20,G3,XLV,BMY,6.61,-0.1633,-0.166,-0.0287,-0.0307,-0.0683
2024-04-26,2024-04-29,2024-05-20,G3,XLE,SLB,5.4,-0.1024,-0.109,-0.0199,-0.0219,0.0014
2024-04-26,2024-04-29,2024-05-20,G3,XLU,XEL,10.63,0.0039,-0.1079,0.0292,0.0272,-0.0473
2024-04-26,2024-04-29,2024-05-20,G4,XLI,MMM,8.2,0.0354,-0.0233,0.1416,-0.1436,-0.1247
2024-04-26,2024-04-29,2024-05-20,G4,XLE,EQT,5.06,0.0955,0.0,0.0251,-0.0271,-0.0464
2024-04-26,2024-04-29,2024-05-20,G4,XLP,PG,6.72,0.0005,-0.0081,0.0349,-0.0369,-0.0107
2024-04-26,2024-04-29,2024-05-20,G4,XLU,CNP,8.28,0.0126,-0.0167,0.0333,-0.0353,0.0431
2024-05-17,2024-05-20,2024-06-11,G1,XLK,TXN,0.97,0.2301,-0.0026,-0.0088,-0.0108,-0.0362
2024-05-17,2024-05-20,2024-06-11,G1,XLY,TSLA,0.63,0.2068,-0.1243,-0.0245,-0.0265,-0.0267
2024-05-17,2024-05-20,2024-06-11,G1,XLV,VRTX,3.19,0.1292,0.0,0.08,0.078,0.0775
2024-05-17,2024-05-20,2024-06-11,G1,XLI,MMM,2.49,0.1408,0.0,-0.0303,-0.0323,-0.0019
2024-05-17,2024-05-20,2024-06-11,G1,XLC,GOOGL,1.23,0.1426,0.0,-0.0006,-0.0026,-0.0237
2024-05-17,2024-05-20,2024-06-11,G1,XLB,IFF,3.15,0.1872,0.0,-0.0168,-0.0188,0.0115
2024-05-17,2024-05-20,2024-06-11,G1,XLE,WMB,2.03,0.0717,0.0,0.0099,0.0079,0.0507
2024-05-17,2024-05-20,2024-06-11,G1,XLP,COST,0.15,0.1234,0.0,0.071,0.069,0.0724
2024-05-17,2024-05-20,2024-06-11,G1,XLU,VST,-0.59,0.4328,-0.0292,-0.0032,-0.0052,0.0219
2024-05-17,2024-05-20,2024-06-11,G2,XLK,CSCO,1.99,-0.0031,-0.0368,-0.0289,0.0269,0.0562
2024-05-17,2024-05-20,2024-06-11,G2,XLY,SBUX,2.73,-0.1047,-0.1797,0.0303,-0.0323,-0.0281
2024-05-17,2024-05-20,2024-06-11,G2,XLI,UBER,0.89,-0.051,-0.1923,0.0764,-0.0784,-0.1048
2024-05-17,2024-05-20,2024-06-11,G2,XLC,DIS,-0.72,-0.0831,-0.1593,-0.0197,0.0177,0.0429
2024-05-17,2024-05-20,2024-06-11,G2,XLB,NUE,2.28,-0.1005,-0.1436,-0.0907,0.0887,0.0624
2024-05-17,2024-05-20,2024-06-11,G2,XLE,MPC,2.61,-0.0807,-0.1762,-0.0092,0.0072,-0.0316
2024-05-17,2024-05-20,2024-06-11,G2,XLP,TGT,-1.66,-0.042,-0.0933,-0.0671,0.0651,0.0657
2024-05-17,2024-05-20,2024-06-11,G3,XLK,IBM,5.03,-0.0599,-0.1369,-0.0035,-0.0055,-0.0309
2024-05-17,2024-05-20,2024-06-11,G3,XLV,BMY,6.17,-0.1001,-0.1812,-0.0078,-0.0098,-0.0103
2024-05-17,2024-05-20,2024-06-11,G3,XLE,DVN,6.15,-0.0426,-0.0897,-0.0546,-0.0566,-0.0138
2024-05-17,2024-05-20,2024-06-11,G4,XLY,GM,5.08,0.08,-0.0061,0.0715,-0.0735,-0.0693
2024-05-17,2024-05-20,2024-06-11,G4,XLC,FOX,9.47,0.0575,-0.0139,0.017,-0.019,0.0062
2024-05-17,2024-05-20,2024-06-11,G4,XLB,CTVA,5.88,0.0301,-0.0239,-0.0873,0.0853,0.059
2024-05-17,2024-05-20,2024-06-11,G4,XLE,EQT,5.11,0.1277,0.0,-0.0179,0.0159,-0.0229
2024-05-17,2024-05-20,2024-06-11,G4,XLP,WMT,6.7,0.0898,0.0,0.0397,-0.0417,-0.0411
2024-05-17,2024-05-20,2024-06-11,G4,XLU,PCG,8.52,0.1039,0.0,-0.0182,0.0162,-0.0068
2024-06-10,2024-06-11,2024-07-03,G1,XLK,NVDA,0.3,0.3551,-0.0053,0.061,0.059,0.0046
2024-06-10,2024-06-11,2024-07-03,G1,XLY,RCL,2.03,0.1018,-0.0059,0.0143,0.0123,-0.0443
2024-06-10,2024-06-11,2024-07-03,G1,XLV,VRTX,1.65,0.1431,-0.0046,-0.0234,-0.0254,-0.0063
2024-06-10,2024-06-11,2024-07-03,G1,XLI,BA,1.67,0.065,-0.0149,-0.0064,-0.0084,-0.007
2024-06-10,2024-06-11,2024-07-03,G1,XLC,TMUS,1.97,0.1046,0.0,0.0003,-0.0017,-0.0179
2024-06-10,2024-06-11,2024-07-03,G1,XLB,IP,2.29,0.1739,-0.0167,-0.0335,-0.0355,-0.0169
2024-06-10,2024-06-11,2024-07-03,G1,XLE,TRGP,0.25,0.0593,0.0,0.1032,0.1012,0.0836
2024-06-10,2024-06-11,2024-07-03,G1,XLP,COST,0.85,0.0777,0.0,0.0157,0.0137,0.0227
2024-06-10,2024-06-11,2024-07-03,G1,XLU,NEE,2.56,0.0499,-0.0319,-0.0125,-0.0145,0.0078
2024-06-10,2024-06-11,2024-07-03,G2,XLK,CRM,1.6,-0.1259,-0.2158,0.0828,-0.0848,-0.0265
2024-06-10,2024-06-11,2024-07-03,G2,XLY,LOW,1.41,-0.072,-0.1604,-0.0231,0.0211,0.0817
2024-06-10,2024-06-11,2024-07-03,G2,XLV,BMY,2.87,-0.0527,-0.2059,-0.0688,0.0668,0.0517
2024-06-10,2024-06-11,2024-07-03,G2,XLI,DE,1.96,-0.0971,-0.1104,-0.0025,0.0005,0.0031
2024-06-10,2024-06-11,2024-07-03,G2,XLC,LYV,3.31,-0.0749,-0.1597,0.0558,-0.0578,-0.0375
2024-06-10,2024-06-11,2024-07-03,G2,XLB,NUE,2.07,-0.0984,-0.2172,0.0099,-0.0119,-0.0265
2024-06-10,2024-06-11,2024-07-03,G2,XLE,COP,3.49,-0.0706,-0.146,0.01,-0.012,0.0096
2024-06-10,2024-06-11,2024-07-03,G2,XLP,KVUE,1.11,-0.1095,-0.1387,-0.0087,0.0067,0.0017
2024-06-10,2024-06-11,2024-07-03,G2,XLU,ED,1.23,-0.047,-0.051,-0.0331,0.0311,0.0128
2024-06-10,2024-06-11,2024-07-03,G3,XLB,CTVA,6.24,-0.0978,-0.1032,0.0163,0.0143,0.0329
2024-06-10,2024-06-11,2024-07-03,G3,XLE,HAL,7.1,-0.0644,-0.159,-0.0203,-0.0223,-0.0399
2024-06-10,2024-06-11,2024-07-03,G4,XLC,NWSA,11.23,0.0871,-0.0244,0.0113,-0.0133,0.0069
2024-06-10,2024-06-11,2024-07-03,G4,XLP,WMT,8.23,0.1071,-0.0028,0.0226,-0.0246,-0.0296
2024-07-02,2024-07-03,2024-07-25,G1,XLK,ADBE,1.42,0.2931,0.0,-0.0666,-0.0686,0.0135
2024-07-02,2024-07-03,2024-07-25,G1,XLY,TSLA,-1.24,0.3118,0.0,-0.1061,-0.1081,-0.0679
2024-07-02,2024-07-03,2024-07-25,G1,XLV,GILD,3.52,0.0916,-0.0329,0.149,0.147,0.1084
2024-07-02,2024-07-03,2024-07-25,G1,XLI,UBER,-0.16,0.1079,-0.0723,-0.078,-0.08,-0.0987
2024-07-02,2024-07-03,2024-07-25,G1,XLC,NFLX,1.3,0.0722,-0.0095,-0.0709,-0.0729,-0.0253
2024-07-02,2024-07-03,2024-07-25,G1,XLB,ECL,2.93,0.0141,-0.0367,0.0331,0.0311,0.0092
2024-07-02,2024-07-03,2024-07-25,G1,XLE,TRGP,1.02,0.1242,-0.0021,-0.0121,-0.0141,-0.0162
2024-07-02,2024-07-03,2024-07-25,G1,XLP,COST,0.78,0.0539,-0.0131,-0.0541,-0.0561,-0.0706
2024-07-02,2024-07-03,2024-07-25,G2,XLY,NKE,2.03,-0.1945,-0.2175,-0.0509,0.0489,0.0127
2024-07-02,2024-07-03,2024-07-25,G2,XLV,DHR,1.96,-0.0792,-0.1019,0.1254,-0.1274,-0.0848
2024-07-02,2024-07-03,2024-07-25,G2,XLI,RTX,0.66,-0.0648,-0.0741,0.1264,-0.1284,-0.1057
2024-07-02,2024-07-03,2024-07-25,G2,XLC,WBD,3.74,-0.1357,-0.1715,0.1051,-0.1071,-0.1508
2024-07-02,2024-07-03,2024-07-25,G2,XLB,APD,0.91,-0.0671,-0.1142,0.0223,-0.0243,0.0016
2024-07-02,2024-07-03,2024-07-25,G2,XLE,EQT,1.48,-0.0981,-0.1183,-0.0718,0.0698,0.0759
2024-07-02,2024-07-03,2024-07-25,G2,XLP,GIS,2.68,-0.0676,-0.1179,0.0537,-0.0557,-0.0372
2024-07-02,2024-07-03,2024-07-25,G2,XLU,D,1.73,-0.0956,-0.0998,0.0628,-0.0648,-0.0328
2024-07-02,2024-07-03,2024-07-25,G3,XLB,PPG,5.57,-0.0515,-0.1175,0.0086,0.0066,-0.0154
2024-07-02,2024-07-03,2024-07-25,G3,XLU,PCG,6.7,-0.0631,-0.0967,0.0465,0.0445,0.0165
2024-07-02,2024-07-03,2024-07-25,G4,XLI,MMM,7.71,0.0186,-0.0279,0.0174,-0.0194,0.0033
2024-07-02,2024-07-03,2024-07-25,G4,XLC,NWSA,7.23,0.0125,-0.0093,-0.0184,0.0164,-0.0272
2024-07-02,2024-07-03,2024-07-25,G4,XLP,WMT,6.47,0.0342,-0.012,0.0261,-0.0281,-0.0096
2024-07-24,2024-07-25,2024-08-15,G1,XLK,PLTR,-0.45,0.0831,-0.0767,0.1724,0.1704,0.1374
2024-07-24,2024-07-25,2024-08-15,G1,XLY,TSLA,0.37,0.1529,-0.1796,-0.0277,-0.0297,-0.0394
2024-07-24,2024-07-25,2024-08-15,G1,XLV,UNH,1.77,0.1553,-0.0236,0.0356,0.0336,0.0115
2024-07-24,2024-07-25,2024-08-15,G1,XLI,LMT,0.76,0.1007,0.0,0.0746,0.0726,0.0507
2024-07-24,2024-07-25,2024-08-15,G1,XLC,WBD,-0.33,0.1699,-0.0231,-0.0939,-0.0959,-0.1406
2024-07-24,2024-07-25,2024-08-15,G1,XLB,NEM,-7.31,0.1384,-0.0128,0.079,0.077,0.0723
2024-07-24,2024-07-25,2024-08-15,G1,XLE,KMI,0.28,0.0473,-0.0366,0.0154,0.0134,0.0298
2024-07-24,2024-07-25,2024-08-15,G1,XLP,KR,-5.11,0.0875,-0.0257,-0.0018,-0.0038,-0.0352
2024-07-24,2024-07-25,2024-08-15,G1,XLU,AEE,-1.63,0.0982,0.0,0.0489,0.0469,-0.0026
2024-07-24,2024-07-25,2024-08-15,G2,XLK,MU,0.95,-0.2179,-0.2807,-0.0047,0.0027,0.0396
2024-07-24,2024-07-25,2024-08-15,G2,XLY,NKE,3.06,-0.2497,-0.2685,0.1553,-0.1573,-0.1436
2024-07-24,2024-07-25,2024-08-15,G2,XLV,MRK,3.88,-0.0527,-0.0529,-0.0996,0.0976,0.1237
2024-07-24,2024-07-25,2024-08-15,G2,XLI,GEV,2.62,-0.1022,-0.1086,0.1801,-0.1821,-0.1562
2024-07-24,2024-07-25,2024-08-15,G2,XLC,DIS,0.68,-0.1173,-0.2254,-0.0047,0.0027,0.0514
2024-07-24,2024-07-25,2024-08-15,G2,XLB,FCX,-2.38,-0.1117,-0.1923,-0.0213,0.0193,0.028
2024-07-24,2024-07-25,2024-08-15,G2,XLE,OXY,2.4,-0.048,-0.1163,-0.0449,0.0429,0.0305
2024-07-24,2024-07-25,2024-08-15,G2,XLP,CHD,3.63,-0.0429,-0.087,0.0042,-0.0062,0.0291
2024-07-24,2024-07-25,2024-08-15,G2,XLU,CEG,1.41,-0.2127,-0.2418,0.1192,-0.1212,-0.0677
2024-07-24,2024-07-25,2024-08-15,G3,XLK,AVGO,9.06,-0.0426,-0.1699,0.113,0.111,0.0781
2024-07-24,2024-07-25,2024-08-15,G3,XLY,CMG,6.36,-0.2114,-0.2447,0.062,0.06,0.0503
2024-07-24,2024-07-25,2024-08-15,G3,XLV,CVS,9.41,-0.0205,-0.1257,-0.0186,-0.0206,-0.0427
2024-07-24,2024-07-25,2024-08-15,G3,XLI,TDG,9.44,-0.0567,-0.0858,0.0358,0.0338,0.0118
2024-07-24,2024-07-25,2024-08-15,G3,XLE,DVN,6.09,-0.0378,-0.1347,-0.0182,-0.0202,-0.0037
2024-07-24,2024-07-25,2024-08-15,G3,XLP,KVUE,7.85,-0.0257,-0.1192,0.1934,0.1914,0.16
2024-07-24,2024-07-25,2024-08-15,G4,XLV,ABBV,6.66,0.0415,0.0,0.0616,-0.0636,-0.0376
2024-07-24,2024-07-25,2024-08-15,G4,XLI,MMM,7.21,0.0118,-0.0164,0.2299,-0.2319,-0.206
2024-07-24,2024-07-25,2024-08-15,G4,XLC,FOX,8.41,0.0702,-0.0109,0.0534,-0.0554,-0.0067
2024-07-24,2024-07-25,2024-08-15,G4,XLB,AMCR,26.23,0.0202,-0.0242,0.069,-0.071,-0.0623
2024-07-24,2024-07-25,2024-08-15,G4,XLP,MO,9.82,0.0646,-0.0006,0.0189,-0.0209,0.0145
2024-07-24,2024-07-25,2024-08-15,G4,XLU,XEL,5.21,0.0488,0.0,0.0357,-0.0377,0.0158
2024-08-14,2024-08-15,2024-09-06,G1,XLK,NOW,3.93,0.1127,-0.0118,-0.0085,-0.0105,0.0689
2024-08-14,2024-08-15,2024-09-06,G1,XLY,SBUX,-2.19,0.2503,-0.0209,-0.0335,-0.0355,-0.0319
2024-08-14,2024-08-15,2024-09-06,G1,XLV,DHR,2.72,0.067,-0.0452,-0.0116,-0.0136,-0.0197
2024-08-14,2024-08-15,2024-09-06,G1,XLI,LMT,1.07,0.1831,0.0,0.017,0.015,0.0269
2024-08-14,2024-08-15,2024-09-06,G1,XLC,META,3.34,0.1402,-0.0244,-0.069,-0.071,-0.043
2024-08-14,2024-08-15,2024-09-06,G1,XLB,SHW,2.35,0.0809,-0.0011,0.0143,0.0123,0.0206
2024-08-14,2024-08-15,2024-09-06,G1,XLE,MPC,3.0,0.0815,-0.0006,-0.0772,-0.0792,-0.0268
2024-08-14,2024-08-15,2024-09-06,G1,XLP,GIS,2.19,0.0774,-0.0049,0.0918,0.0898,0.0582
2024-08-14,2024-08-15,2024-09-06,G1,XLU,NRG,1.57,0.1418,-0.0369,-0.0754,-0.0774,-0.0997
2024-08-14,2024-08-15,2024-09-06,G2,XLK,MU,1.07,-0.1597,-0.3451,-0.1923,0.1903,0.1149
2024-08-14,2024-08-15,2024-09-06,G2,XLY,F,-0.43,-0.286,-0.2894,0.0115,-0.0135,-0.0131
2024-08-14,2024-08-15,2024-09-06,G2,XLV,CVS,3.04,-0.0808,-0.1138,0.0033,-0.0053,0.0048
2024-08-14,2024-08-15,2024-09-06,G2,XLI,HON,0.28,-0.1027,-0.1027,0.0038,-0.0058,-0.0137
2024-08-14,2024-08-15,2024-09-06,G2,XLC,WBD,2.78,-0.1635,-0.2073,-0.0028,0.0008,-0.0232
2024-08-14,2024-08-15,2024-09-06,G2,XLB,SW,0.65,-0.1388,-0.1779,0.0463,-0.0483,-0.0526
2024-08-14,2024-08-15,2024-09-06,G2,XLE,EQT,-0.17,-0.1112,-0.2452,0.0183,-0.0203,-0.0686
2024-08-14,2024-08-15,2024-09-06,G2,XLP,TGT,3.29,-0.1294,-0.1337,0.0763,-0.0783,-0.0426
2024-08-14,2024-08-15,2024-09-06,G2,XLU,CEG,3.11,-0.0009,-0.1924,-0.0908,0.0888,0.115
2024-08-14,2024-08-15,2024-09-06,G3,XLK,AVGO,8.54,0.011,-0.135,-0.1753,-0.1773,-0.0979
2024-08-14,2024-08-15,2024-09-06,G3,XLC,TTWO,5.47,-0.0331,-0.1345,0.0699,0.0679,0.0958
2024-08-14,2024-08-15,2024-09-06,G3,XLB,NUE,5.24,-0.1387,-0.1764,-0.0443,-0.0463,-0.038
2024-08-14,2024-08-15,2024-09-06,G3,XLE,HAL,9.92,-0.151,-0.1827,-0.0808,-0.0828,-0.0304
2024-08-14,2024-08-15,2024-09-06,G3,XLP,CHD,6.4,-0.0312,-0.0858,0.0519,0.0499,0.0183
2024-08-14,2024-08-15,2024-09-06,G4,XLY,DASH,5.12,0.2304,-0.0079,-0.0517,0.0497,0.05
2024-08-14,2024-08-15,2024-09-06,G4,XLI,MMM,6.63,0.2058,-0.0108,0.0168,-0.0188,-0.0267
2024-08-14,2024-08-15,2024-09-06,G4,XLC,TKO,5.74,0.1327,-0.0106,-0.0143,0.0123,-0.0117
2024-08-14,2024-08-15,2024-09-06,G4,XLP,CL,9.51,0.0333,-0.0061,0.0633,-0.0653,-0.0297
2024-08-14,2024-08-15,2024-09-06,G4,XLU,PPL,8.24,0.0815,0.0,0.0352,-0.0372,-0.0109
2024-09-05,2024-09-06,2024-09-27,G1,XLK,PLTR,1.13,0.1459,-0.0731,0.2146,0.2126,0.1088
2024-09-05,2024-09-06,2024-09-27,G1,XLY,TSLA,1.28,0.2003,-0.1257,0.236,0.234,0.1326
2024-09-05,2024-09-06,2024-09-27,G1,XLV,LLY,2.39,0.1838,-0.0492,-0.0276,-0.0296,-0.0253
2024-09-05,2024-09-06,2024-09-27,G1,XLI,GEV,3.77,0.1949,-0.0127,0.2598,0.2578,0.1853
2024-09-05,2024-09-06,2024-09-27,G1,XLC,NFLX,3.24,0.118,-0.0253,0.0625,0.0605,-0.0153
2024-09-05,2024-09-06,2024-09-27,G1,XLB,NEM,1.66,0.1246,-0.0226,0.0707,0.0687,-0.0123
2024-09-05,2024-09-06,2024-09-27,G1,XLE,TRGP,1.57,0.1241,-0.0007,0.0003,-0.0017,-0.0218
2024-09-05,2024-09-06,2024-09-27,G1,XLP,WMT,3.38,0.1535,-0.0036,0.041,0.039,0.0353
2024-09-05,2024-09-06,2024-09-27,G1,XLU,NRG,3.49,0.0896,-0.0762,0.1923,0.1903,0.1257
2024-09-05,2024-09-06,2024-09-27,G2,XLY,CMG,2.33,-0.0112,-0.2264,0.0682,-0.0702,0.0352
2024-09-05,2024-09-06,2024-09-27,G2,XLV,PFE,2.81,-0.0118,-0.0917,0.0186,-0.0206,-0.0209
2024-09-05,2024-09-06,2024-09-27,G2,XLC,GOOGL,3.09,-0.0107,-0.1775,0.0878,-0.0898,-0.01
2024-09-05,2024-09-06,2024-09-27,G2,XLB,STLD,1.86,-0.0655,-0.1644,0.135,-0.137,-0.0519
2024-09-05,2024-09-06,2024-09-27,G2,XLE,VLO,2.42,-0.086,-0.1655,0.0133,-0.0153,0.0088
2024-09-05,2024-09-06,2024-09-27,G2,XLU,CEG,3.83,-0.0182,-0.2067,0.4846,-0.4866,-0.418
2024-09-05,2024-09-06,2024-09-27,G3,XLK,AVGO,12.07,0.1215,-0.1617,0.2647,0.2627,0.1588
2024-09-05,2024-09-06,2024-09-27,G3,XLV,CVS,8.54,0.0283,-0.0809,0.0629,0.0609,0.0652
2024-09-05,2024-09-06,2024-09-27,G3,XLC,CHTR,5.18,-0.0654,-0.1365,-0.0037,-0.0057,-0.0814
2024-09-05,2024-09-06,2024-09-27,G3,XLE,SLB,7.05,-0.032,-0.1647,0.0411,0.0391,0.019
2024-09-05,2024-09-06,2024-09-27,G4,XLY,LOW,6.05,0.0541,-0.0255,0.0957,-0.0977,0.0077
2024-09-05,2024-09-06,2024-09-27,G4,XLV,ABT,6.27,0.0287,-0.0136,-0.0126,0.0106,0.0102
2024-09-05,2024-09-06,2024-09-27,G4,XLI,MMM,6.27,0.0755,-0.0244,0.0677,-0.0697,0.0068
2024-09-05,2024-09-06,2024-09-27,G4,XLE,KMI,5.23,0.0327,-0.0042,0.0312,-0.0332,-0.0091
2024-09-05,2024-09-06,2024-09-27,G4,XLP,KDP,6.86,0.0691,-0.007,0.0215,-0.0235,-0.0158
2024-09-05,2024-09-06,2024-09-27,G4,XLU,WEC,8.71,0.0744,0.0,0.0172,-0.0192,0.0494
2024-09-26,2024-09-27,2024-10-18,G1,XLK,PLTR,1.95,0.222,-0.0224,0.1664,0.1644,0.1406
2024-09-26,2024-09-27,2024-10-18,G1,XLY,TSLA,0.08,0.2356,-0.0343,-0.1527,-0.1547,-0.146
2024-09-26,2024-09-27,2024-10-18,G1,XLV,GILD,2.83,0.0669,-0.0113,0.0372,0.0352,0.0365
2024-09-26,2024-09-27,2024-10-18,G1,XLI,GEV,1.99,0.3653,-0.0167,0.0915,0.0895,0.0586
2024-09-26,2024-09-27,2024-10-18,G1,XLC,LYV,-0.8,0.1155,0.0,0.057,0.055,0.0435
2024-09-26,2024-09-27,2024-10-18,G1,XLB,FCX,0.83,0.1833,0.0,-0.0587,-0.0607,-0.066
2024-09-26,2024-09-27,2024-10-18,G1,XLE,EQT,2.92,0.0893,-0.0408,-0.0011,-0.0031,-0.0372
2024-09-26,2024-09-27,2024-10-18,G1,XLP,KVUE,-0.95,0.0649,-0.0111,-0.0662,-0.0682,-0.0568
2024-09-26,2024-09-27,2024-10-18,G1,XLU,VST,0.81,0.387,-0.0413,0.1142,0.1122,0.0951
2024-09-26,2024-09-27,2024-10-18,G2,XLK,ADBE,2.15,-0.0806,-0.1213,-0.0399,0.0379,0.0657
2024-09-26,2024-09-27,2024-10-18,G2,XLY,GM,3.17,-0.0637,-0.0797,0.0581,-0.0601,-0.0647
2024-09-26,2024-09-27,2024-10-18,G2,XLV,AMGN,3.79,-0.0315,-0.0542,-0.0031,0.0011,0.0038
2024-09-26,2024-09-27,2024-10-18,G2,XLI,BA,2.31,-0.0945,-0.189,-0.0084,0.0064,0.0414
2024-09-26,2024-09-27,2024-10-18,G2,XLC,NWSA,3.66,-0.057,-0.0689,-0.0064,0.0044,0.02
2024-09-26,2024-09-27,2024-10-18,G2,XLE,HAL,1.45,-0.0978,-0.2325,-0.0112,0.0092,0.0473
2024-09-26,2024-09-27,2024-10-18,G2,XLP,ADM,3.66,-0.0261,-0.0889,-0.06,0.058,0.0506
2024-09-26,2024-09-27,2024-10-18,G3,XLV,MRK,7.1,-0.0303,-0.1173,-0.0439,-0.0459,-0.0446
2024-09-26,2024-09-27,2024-10-18,G3,XLE,DVN,13.12,-0.1413,-0.2129,0.0436,0.0416,0.0075
2024-09-26,2024-09-27,2024-10-18,G4,XLK,AVGO,9.45,0.1296,0.0,0.0417,-0.0437,-0.0159
2024-09-26,2024-09-27,2024-10-18,G4,XLY,HD,5.74,0.0709,-0.0099,0.0387,-0.0407,-0.0453
2024-09-26,2024-09-27,2024-10-18,G4,XLV,BSX,6.08,0.0448,-0.011,0.0566,-0.0586,-0.0559
2024-09-26,2024-09-27,2024-10-18,G4,XLI,MMM,6.34,0.0595,0.0,-0.0157,0.0137,0.0487
2024-09-26,2024-09-27,2024-10-18,G4,XLB,SW,7.4,0.0518,0.0,-0.1146,0.1126,0.1219
2024-09-26,2024-09-27,2024-10-18,G4,XLE,KMI,5.54,0.0164,-0.0243,0.145,-0.147,-0.1089
2024-09-26,2024-09-27,2024-10-18,G4,XLP,MNST,13.41,0.1054,-0.0084,0.0303,-0.0323,-0.0397
2024-09-26,2024-09-27,2024-10-18,G4,XLU,ED,7.31,0.0272,-0.0176,0.026,-0.028,-0.007
2024-10-17,2024-10-18,2024-11-08,G1,XLK,MU,1.35,0.2569,0.0,0.0067,0.0047,-0.0203
2024-10-17,2024-10-18,2024-11-08,G1,XLY,RCL,2.33,0.1756,-0.006,0.1267,0.1247,0.0484
2024-10-17,2024-10-18,2024-11-08,G1,XLV,BMY,1.4,0.097,-0.0145,0.0173,0.0153,0.0366
2024-10-17,2024-10-18,2024-11-08,G1,XLI,GEV,1.14,0.1127,-0.0101,0.251,0.249,0.2308
2024-10-17,2024-10-18,2024-11-08,G1,XLC,TMUS,2.63,0.1118,0.0,0.0542,0.0522,-0.0
2024-10-17,2024-10-18,2024-11-08,G1,XLB,STLD,2.71,0.1287,0.0,0.0877,0.0857,0.1201
2024-10-17,2024-10-18,2024-11-08,G1,XLE,KMI,2.52,0.1496,-0.0044,0.09,0.088,0.0522
2024-10-17,2024-10-18,2024-11-08,G1,XLP,KMB,2.85,0.0428,-0.0074,-0.0811,-0.0831,-0.0639
2024-10-17,2024-10-18,2024-11-08,G1,XLU,VST,2.38,0.3756,-0.0805,0.0819,0.0799,0.1157
2024-10-17,2024-10-18,2024-11-08,G2,XLK,KLAC,2.87,-0.1323,-0.1984,0.0131,-0.0151,0.014
2024-10-17,2024-10-18,2024-11-08,G2,XLY,TSLA,0.8,-0.0944,-0.1557,0.4555,-0.4575,-0.3772
2024-10-17,2024-10-18,2024-11-08,G2,XLV,MRK,3.43,-0.0638,-0.1354,-0.0532,0.0512,0.0339
2024-10-17,2024-10-18,2024-11-08,G2,XLI,UNP,3.63,-0.027,-0.0561,-0.0107,0.0087,0.0309
2024-10-17,2024-10-18,2024-11-08,G2,XLC,NFLX,0.61,-0.0237,-0.0584,0.0408,-0.0428,0.0135
2024-10-17,2024-10-18,2024-11-08,G2,XLB,SW,1.78,-0.1142,-0.1332,0.1813,-0.1833,-0.2137
2024-10-17,2024-10-18,2024-11-08,G2,XLE,MPC,3.42,-0.0483,-0.1199,-0.0287,0.0267,0.0665
2024-10-17,2024-10-18,2024-11-08,G2,XLP,ADM,2.99,-0.0612,-0.0758,-0.0757,0.0737,0.0584
2024-10-17,2024-10-18,2024-11-08,G3,XLK,LRCX,6.33,-0.0731,-0.2037,0.0736,0.0716,0.0465
2024-10-17,2024-10-18,2024-11-08,G3,XLC,WBD,7.37,-0.0738,-0.1139,0.1739,0.1719,0.1197
2024-10-17,2024-10-18,2024-11-08,G3,XLE,DVN,6.79,-0.0095,-0.1276,-0.044,-0.046,-0.0818
2024-10-17,2024-10-18,2024-11-08,G4,XLK,AVGO,8.01,0.0843,-0.0238,0.0208,-0.0228,0.0062
2024-10-17,2024-10-18,2024-11-08,G4,XLY,GM,5.53,0.0156,-0.0056,0.1301,-0.1321,-0.0519
2024-10-17,2024-10-18,2024-11-08,G4,XLV,MDT,6.76,0.0115,-0.0058,-0.049,0.047,0.0297
2024-10-17,2024-10-18,2024-11-08,G4,XLI,CTAS,7.88,0.0495,0.0,0.0547,-0.0567,-0.0344
2024-10-17,2024-10-18,2024-11-08,G4,XLC,VZ,6.71,0.0135,-0.0149,-0.0798,0.0778,0.134
2024-10-17,2024-10-18,2024-11-08,G4,XLB,PKG,6.73,0.022,-0.006,0.093,-0.095,-0.1254
2024-10-17,2024-10-18,2024-11-08,G4,XLP,CHD,5.74,0.0332,-0.012,0.0202,-0.0222,-0.0375
2024-10-17,2024-10-18,2024-11-08,G4,XLU,SRE,8.76,0.0439,-0.002,0.0615,-0.0635,-0.0953
2024-11-07,2024-11-08,2024-12-02,G1,XLK,PLTR,-0.7,0.284,0.0,0.137,0.135,0.1421
2024-11-07,2024-11-08,2024-12-02,G1,XLY,TSLA,-0.27,0.2435,0.0,0.1117,0.1097,0.0693
2024-11-07,2024-11-08,2024-12-02,G1,XLV,MCK,0.75,0.2,0.0,0.0147,0.0127,0.0348
2024-11-07,2024-11-08,2024-12-02,G1,XLI,GEV,1.78,0.2727,0.0,-0.0107,-0.0127,-0.0166
2024-11-07,2024-11-08,2024-12-02,G1,XLC,WBD,-1.73,0.2427,0.0,0.1503,0.1483,0.1188
2024-11-07,2024-11-08,2024-12-02,G1,XLB,SW,2.9,0.1773,0.0,0.0583,0.0563,0.0556
2024-11-07,2024-11-08,2024-12-02,G1,XLE,TRGP,2.18,0.1607,0.0,0.0118,0.0098,0.0035
2024-11-07,2024-11-08,2024-12-02,G1,XLP,KVUE,0.4,0.0774,-0.018,0.0335,0.0315,0.005
2024-11-07,2024-11-08,2024-12-02,G1,XLU,ETR,3.28,0.1309,-0.057,0.037,0.035,0.0121
2024-11-07,2024-11-08,2024-12-02,G2,XLK,KLAC,2.15,-0.1401,-0.1794,-0.0284,0.0264,0.0233
2024-11-07,2024-11-08,2024-12-02,G2,XLY,NKE,3.26,-0.0753,-0.1512,0.0476,-0.0496,-0.0052
2024-11-07,2024-11-08,2024-12-02,G2,XLV,ELV,3.44,-0.1277,-0.2341,-0.0289,0.0269,0.0088
2024-11-07,2024-11-08,2024-12-02,G2,XLI,LMT,1.9,-0.0764,-0.1021,-0.0725,0.0705,0.0785
2024-11-07,2024-11-08,2024-12-02,G2,XLC,TKO,3.55,-0.071,-0.0927,0.1229,-0.1249,-0.0914
2024-11-07,2024-11-08,2024-12-02,G2,XLB,NEM,1.75,-0.1543,-0.2304,-0.0863,0.0843,0.0889
2024-11-07,2024-11-08,2024-12-02,G2,XLE,MPC,1.03,-0.0658,-0.1439,0.0297,-0.0317,-0.0215
2024-11-07,2024-11-08,2024-12-02,G2,XLP,KDP,3.85,-0.0983,-0.1286,-0.0103,0.0083,0.0388
2024-11-07,2024-11-08,2024-12-02,G2,XLU,NEE,-0.18,-0.0781,-0.1265,0.008,-0.01,0.0169
2024-11-07,2024-11-08,2024-12-02,G3,XLK,LRCX,6.81,-0.0347,-0.1074,0.004,0.002,0.0091
2024-11-07,2024-11-08,2024-12-02,G3,XLV,MRK,5.23,-0.0752,-0.1473,-0.0224,-0.0244,-0.0023
2024-11-07,2024-11-08,2024-12-02,G3,XLE,FANG,9.35,-0.0643,-0.0898,-0.0285,-0.0305,-0.0367
2024-11-07,2024-11-08,2024-12-02,G3,XLP,GIS,5.62,-0.0892,-0.1286,0.0227,0.0207,-0.0057
2024-11-07,2024-11-08,2024-12-02,G3,XLU,DTE,5.26,-0.0537,-0.0996,0.0492,0.0472,0.0244
2024-11-07,2024-11-08,2024-12-02,G4,XLV,ABBV,5.76,0.0399,-0.0165,-0.0889,0.0869,0.0687
2024-11-07,2024-11-08,2024-12-02,G4,XLI,CTAS,7.53,0.065,0.0,-0.0119,0.0099,0.0178
2024-11-07,2024-11-08,2024-12-02,G4,XLC,NWSA,9.48,0.1355,0.0,-0.0024,0.0004,0.0339
2024-11-07,2024-11-08,2024-12-02,G4,XLB,VMC,5.5,0.1935,0.0,-0.018,0.016,0.0206
2024-11-07,2024-11-08,2024-12-02,G4,XLE,EQT,7.15,0.1158,0.0,0.0803,-0.0823,-0.0721
2024-11-07,2024-11-08,2024-12-02,G4,XLP,COST,11.34,0.0241,-0.0021,0.0331,-0.0351,-0.0046
2024-11-07,2024-11-08,2024-12-02,G4,XLU,PCG,8.32,0.0414,-0.0155,-0.0024,0.0004,0.0273
2024-11-29,2024-12-02,2024-12-23,G1,XLK,PLTR,-1.39,0.6141,0.0,0.2154,0.2134,0.2048
2024-11-29,2024-12-02,2024-12-23,G1,XLY,TSLA,-1.39,0.3815,-0.021,0.2059,0.2039,0.1819
2024-11-29,2024-12-02,2024-12-23,G1,XLV,MCK,3.08,0.2555,0.0,-0.0717,-0.0737,-0.0189
2024-11-29,2024-12-02,2024-12-23,G1,XLI,DE,3.6,0.1513,-0.0002,-0.066,-0.068,-0.0021
2024-11-29,2024-12-02,2024-12-23,G1,XLC,WBD,-0.57,0.2891,0.0,-0.0114,-0.0134,-0.0042
2024-11-29,2024-12-02,2024-12-23,G1,XLB,STLD,3.94,0.1132,-0.0586,-0.2007,-0.2027,-0.1035
2024-11-29,2024-12-02,2024-12-23,G1,XLE,EQT,3.57,0.2488,-0.0309,-0.015,-0.017,0.0895
2024-11-29,2024-12-02,2024-12-23,G1,XLP,WMT,2.49,0.1287,0.0,-0.0226,-0.0246,0.0208
2024-11-29,2024-12-02,2024-12-23,G1,XLU,VST,0.48,0.2791,-0.0406,-0.085,-0.087,-0.03
2024-11-29,2024-12-02,2024-12-23,G2,XLK,AMD,0.65,-0.0478,-0.2061,-0.1229,0.1209,0.1335
2024-11-29,2024-12-02,2024-12-23,G2,XLV,AMGN,3.56,-0.1094,-0.1549,-0.0507,0.0487,-0.0021
2024-11-29,2024-12-02,2024-12-23,G2,XLI,NOC,-0.42,-0.0381,-0.0997,-0.0362,0.0342,-0.0277
2024-11-29,2024-12-02,2024-12-23,G2,XLC,MTCH,-1.17,-0.0913,-0.1523,-0.0102,0.0082,0.003
2024-11-29,2024-12-02,2024-12-23,G2,XLB,IFF,-1.01,-0.0812,-0.1387,-0.0667,0.0647,-0.0305
2024-11-29,2024-12-02,2024-12-23,G2,XLP,TGT,1.87,-0.1118,-0.1707,0.0092,-0.0112,-0.0525
2024-11-29,2024-12-02,2024-12-23,G2,XLU,NEE,2.64,-0.0007,-0.073,-0.0594,0.0574,0.0045
2024-11-29,2024-12-02,2024-12-23,G3,XLV,ELV,5.01,0.003,-0.2648,-0.0926,-0.0946,-0.0397
2024-11-29,2024-12-02,2024-12-23,G3,XLI,TDG,5.47,-0.0379,-0.1124,0.0239,0.0219,0.0879
2024-11-29,2024-12-02,2024-12-23,G3,XLE,DVN,6.27,-0.0189,-0.1166,-0.1709,-0.1729,-0.0663
2024-11-29,2024-12-02,2024-12-23,G3,XLP,HSY,5.61,-0.0002,-0.1264,-0.0496,-0.0516,-0.0063
2024-11-29,2024-12-02,2024-12-23,G4,XLY,HLT,6.29,0.0798,-0.0007,0.001,-0.003,0.023
2024-11-29,2024-12-02,2024-12-23,G4,XLI,CTAS,5.32,0.0991,-0.003,-0.1595,0.1575,0.0956
2024-11-29,2024-12-02,2024-12-23,G4,XLC,LYV,5.55,0.1802,-0.0163,-0.0382,0.0362,0.031
2024-11-29,2024-12-02,2024-12-23,G4,XLB,SW,6.97,0.0748,-0.0286,-0.0214,0.0194,-0.0758
2024-11-29,2024-12-02,2024-12-23,G4,XLE,HAL,7.6,0.1485,-0.0041,-0.1635,0.1615,0.0589
2024-11-29,2024-12-02,2024-12-23,G4,XLP,PM,6.29,0.0027,0.0,-0.0553,0.0533,0.0119
2024-11-29,2024-12-02,2024-12-23,G4,XLU,PCG,7.45,0.0697,0.0,-0.0273,0.0253,-0.0277
2024-12-20,2024-12-23,2025-01-16,G1,XLK,PLTR,-1.63,0.3127,0.0,-0.1419,-0.1439,-0.1101
2024-12-20,2024-12-23,2025-01-16,G1,XLY,TSLA,-0.57,0.2397,-0.1225,-0.039,-0.041,-0.0254
2024-12-20,2024-12-23,2025-01-16,G1,XLV,GILD,3.88,0.04,-0.0465,-0.0187,-0.0207,-0.0359
2024-12-20,2024-12-23,2025-01-16,G1,XLI,BA,2.36,0.2367,0.0,-0.0493,-0.0513,-0.0779
2024-12-20,2024-12-23,2025-01-16,G1,XLC,GOOGL,2.9,0.1432,-0.0267,-0.0088,-0.0108,0.0084
2024-12-20,2024-12-23,2025-01-16,G1,XLP,WMT,2.96,0.0459,-0.034,0.0105,0.0085,0.0374
2024-12-20,2024-12-23,2025-01-16,G2,XLK,AMD,0.97,-0.133,-0.3101,-0.0494,0.0474,0.0176
2024-12-20,2024-12-23,2025-01-16,G2,XLY,SBUX,1.77,-0.1208,-0.1418,0.0799,-0.0819,-0.0936
2024-12-20,2024-12-23,2025-01-16,G2,XLV,CVS,-0.86,-0.2231,-0.3351,0.1772,-0.1792,-0.16
2024-12-20,2024-12-23,2025-01-16,G2,XLI,UBER,2.7,-0.1279,-0.2966,0.1085,-0.1105,-0.0798
2024-12-20,2024-12-23,2025-01-16,G2,XLC,CMCSA,-2.32,-0.1214,-0.1533,-0.0359,0.0339,0.0187
2024-12-20,2024-12-23,2025-01-16,G2,XLB,NUE,1.23,-0.2227,-0.305,0.0629,-0.0649,-0.0313
2024-12-20,2024-12-23,2025-01-16,G2,XLE,HAL,0.95,-0.1807,-0.1838,0.1146,-0.1166,-0.0037
2024-12-20,2024-12-23,2025-01-16,G2,XLP,ADM,3.43,-0.0508,-0.1506,0.0119,-0.0139,-0.0388
2024-12-20,2024-12-23,2025-01-16,G2,XLU,VST,0.74,-0.1587,-0.1587,0.2359,-0.2379,-0.2008
2024-12-20,2024-12-23,2025-01-16,G3,XLK,LRCX,5.7,-0.0153,-0.1597,0.0734,0.0714,0.1052
2024-12-20,2024-12-23,2025-01-16,G3,XLY,HD,5.02,-0.0385,-0.0899,0.043,0.041,0.0566
2024-12-20,2024-12-23,2025-01-16,G3,XLV,ELV,5.72,-0.0896,-0.2987,0.0387,0.0367,0.0216
2024-12-20,2024-12-23,2025-01-16,G3,XLI,CTAS,7.36,-0.156,-0.1745,0.0584,0.0564,0.0298
2024-12-20,2024-12-23,2025-01-16,G3,XLC,OMC,6.28,-0.1213,-0.1509,-0.0099,-0.0119,0.0073
2024-12-20,2024-12-23,2025-01-16,G3,XLB,LYB,6.8,-0.0978,-0.2279,0.0354,0.0334,0.0038
2024-12-20,2024-12-23,2025-01-16,G3,XLE,DVN,8.4,-0.1998,-0.2791,0.2402,0.2382,0.1292
2024-12-20,2024-12-23,2025-01-16,G3,XLP,PEP,5.66,-0.039,-0.125,-0.0314,-0.0334,-0.0045
2024-12-20,2024-12-23,2025-01-16,G3,XLU,ED,5.67,-0.0878,-0.1545,0.0284,0.0264,-0.0067
2024-12-20,2024-12-23,2025-01-16,G4,XLK,AAPL,6.5,0.1136,0.0,-0.1058,0.1038,0.074
2024-12-20,2024-12-23,2025-01-16,G4,XLC,FOXA,10.66,0.062,0.0,-0.0229,0.0209,0.0056
2024-12-20,2024-12-23,2025-01-16,G4,XLU,CNP,5.2,0.0255,-0.0037,0.0218,-0.0238,0.0133
2025-01-15,2025-01-16,2025-02-07,G1,XLK,KLAC,2.69,0.0956,0.0,0.0006,-0.0014,-0.0095
2025-01-15,2025-01-16,2025-02-07,G1,XLV,BSX,2.85,0.0752,0.0,0.0721,0.0701,0.0346
2025-01-15,2025-01-16,2025-02-07,G1,XLI,GEV,1.29,0.1666,0.0,-0.0333,-0.0353,-0.0362
2025-01-15,2025-01-16,2025-02-07,G1,XLC,FOX,-4.64,0.0326,-0.0206,0.0906,0.0886,0.0264
2025-01-15,2025-01-16,2025-02-07,G1,XLB,NEM,1.49,0.0286,-0.2908,0.0766,0.0746,0.0706
2025-01-15,2025-01-16,2025-02-07,G1,XLE,EQT,1.59,0.1503,0.0,-0.0496,-0.0516,0.0005
2025-01-15,2025-01-16,2025-02-07,G1,XLU,CEG,0.65,0.2581,-0.0145,-0.0173,-0.0193,-0.0098
2025-01-15,2025-01-16,2025-02-07,G2,XLK,ADBE,2.95,-0.104,-0.2454,0.0144,-0.0164,-0.0043
2025-01-15,2025-01-16,2025-02-07,G2,XLY,CMG,3.01,-0.1118,-0.1329,-0.0187,0.0167,0.0166
2025-01-15,2025-01-16,2025-02-07,G2,XLV,VRTX,3.46,-0.0851,-0.179,0.1256,-0.1276,-0.088
2025-01-15,2025-01-16,2025-02-07,G2,XLI,ETN,3.59,-0.0377,-0.0926,-0.0931,0.0911,0.096
2025-01-15,2025-01-16,2025-02-07,G2,XLC,WBD,2.23,-0.1889,-0.2162,0.0729,-0.0749,-0.0087
2025-01-15,2025-01-16,2025-02-07,G2,XLB,DD,0.8,-0.0569,-0.1155,-0.0115,0.0095,0.0175
2025-01-15,2025-01-16,2025-02-07,G2,XLP,SYY,3.36,-0.0683,-0.0889,-0.0287,0.0267,0.0619
2025-01-15,2025-01-16,2025-02-07,G2,XLU,SRE,1.56,-0.0756,-0.1244,-0.0239,0.0219,0.0164
2025-01-15,2025-01-16,2025-02-07,G3,XLK,AVGO,5.65,0.017,-0.0856,-0.0198,-0.0218,-0.0299
2025-01-15,2025-01-16,2025-02-07,G3,XLY,F,8.83,-0.0423,-0.1272,-0.0769,-0.0789,-0.0748
2025-01-15,2025-01-16,2025-02-07,G3,XLI,CTAS,5.66,-0.0735,-0.1359,0.0202,0.0182,0.0173
2025-01-15,2025-01-16,2025-02-07,G3,XLB,IFF,5.26,-0.0325,-0.1908,-0.0014,-0.0034,-0.0075
2025-01-15,2025-01-16,2025-02-07,G3,XLE,PSX,5.05,-0.0303,-0.1278,0.0056,0.0036,0.0558
2025-01-15,2025-01-16,2025-02-07,G3,XLP,HSY,7.08,-0.1712,-0.2164,0.0059,0.0039,-0.0273
2025-01-15,2025-01-16,2025-02-07,G3,XLU,PCG,19.73,-0.1448,-0.2191,-0.0962,-0.0982,-0.0887
2025-01-15,2025-01-16,2025-02-07,G4,XLK,CSCO,6.36,0.0302,0.0,0.041,-0.043,-0.0309
2025-01-15,2025-01-16,2025-02-07,G4,XLU,ETR,7.19,0.064,0.0,0.0134,-0.0154,-0.0209
2025-02-06,2025-02-07,2025-03-03,G1,XLK,PLTR,-0.28,0.5899,0.0,-0.2475,-0.2495,-0.1867
2025-02-06,2025-02-07,2025-03-03,G1,XLY,SBUX,2.9,0.2031,-0.0049,0.0342,0.0322,0.0945
2025-02-06,2025-02-07,2025-03-03,G1,XLV,VRTX,1.33,0.1784,-0.0689,0.0298,0.0278,0.0083
2025-02-06,2025-02-07,2025-03-03,G1,XLI,WM,0.88,0.1059,-0.0122,0.0394,0.0374,0.0608
2025-02-06,2025-02-07,2025-03-03,G1,XLC,TMUS,2.03,0.164,0.0,0.1117,0.1097,0.1288
2025-02-06,2025-02-07,2025-03-03,G1,XLB,NEM,0.34,0.1761,-0.0018,-0.0553,-0.0573,-0.0405
2025-02-06,2025-02-07,2025-03-03,G1,XLE,VLO,2.43,0.0919,-0.0608,-0.0352,-0.0372,-0.0268
2025-02-06,2025-02-07,2025-03-03,G1,XLP,COST,0.92,0.1407,0.0,0.0029,0.0009,-0.0496
2025-02-06,2025-02-07,2025-03-03,G1,XLU,CEG,0.94,0.2197,-0.1026,-0.2502,-0.2522,-0.2654
2025-02-06,2025-02-07,2025-03-03,G2,XLK,AMD,0.62,-0.1348,-0.2554,-0.0867,0.0847,0.026
2025-02-06,2025-02-07,2025-03-03,G2,XLY,GM,1.67,-0.0779,-0.202,-0.0002,-0.0018,-0.0601
2025-02-06,2025-02-07,2025-03-03,G2,XLV,DHR,3.67,-0.1217,-0.1619,-0.0052,0.0032,0.0267
2025-02-06,2025-02-07,2025-03-03,G2,XLI,ETN,1.91,-0.0816,-0.1634,-0.1105,0.1085,0.0891
2025-02-06,2025-02-07,2025-03-03,G2,XLC,WBD,1.55,-0.0295,-0.1833,0.0846,-0.0866,-0.1018
2025-02-06,2025-02-07,2025-03-03,G2,XLB,PKG,3.34,-0.0604,-0.1421,-0.0039,0.0019,-0.011
2025-02-06,2025-02-07,2025-03-03,G2,XLE,OXY,1.6,-0.0887,-0.1085,-0.0071,0.0051,-0.0013
2025-02-06,2025-02-07,2025-03-03,G2,XLP,ADM,1.48,-0.0785,-0.1658,0.0293,-0.0313,0.0232
2025-02-06,2025-02-07,2025-03-03,G2,XLU,NEE,3.64,-0.0165,-0.1195,0.0577,-0.0597,-0.0425
2025-02-06,2025-02-07,2025-03-03,G3,XLK,APH,8.98,-0.02,-0.1085,-0.091,-0.093,-0.0302
2025-02-06,2025-02-07,2025-03-03,G3,XLV,CVS,7.41,0.1999,-0.0857,0.2016,0.1996,0.1801
2025-02-06,2025-02-07,2025-03-03,G3,XLI,CTAS,7.67,0.0825,-0.0979,0.0285,0.0265,0.0499
2025-02-06,2025-02-07,2025-03-03,G3,XLC,VZ,6.98,0.0444,-0.0841,0.1001,0.0981,0.1172
2025-02-06,2025-02-07,2025-03-03,G3,XLE,OKE,6.14,-0.0469,-0.1726,0.0099,0.0079,0.0183
2025-02-06,2025-02-07,2025-03-03,G3,XLP,HSY,5.2,-0.0796,-0.2133,0.162,0.16,0.1095
2025-02-06,2025-02-07,2025-03-03,G3,XLU,SRE,11.07,-0.0255,-0.128,-0.1286,-0.1306,-0.1438
2025-02-06,2025-02-07,2025-03-03,G4,XLK,LRCX,6.07,0.0685,-0.005,-0.0796,0.0776,0.0188
2025-02-06,2025-02-07,2025-03-03,G4,XLC,T,6.68,0.1153,-0.0008,0.1296,-0.1316,-0.1467
2025-02-06,2025-02-07,2025-03-03,G4,XLU,AEP,5.61,0.1072,-0.024,0.0833,-0.0853,-0.0681
2025-02-28,2025-03-03,2025-03-24,G1,XLK,TXN,3.13,0.0657,-0.0391,-0.0457,-0.0477,-0.0427
2025-02-28,2025-03-03,2025-03-24,G1,XLY,SBUX,2.52,0.0682,0.0,-0.1706,-0.1726,-0.137
2025-02-28,2025-03-03,2025-03-24,G1,XLV,ABBV,3.81,0.19,0.0,-0.0109,-0.0129,0.0015
2025-02-28,2025-03-03,2025-03-24,G1,XLI,UBER,1.55,0.1415,-0.0672,0.0278,0.0258,0.0255
2025-02-28,2025-03-03,2025-03-24,G1,XLC,TMUS,3.64,0.1545,-0.0008,-0.0508,-0.0528,-0.0311
2025-02-28,2025-03-03,2025-03-24,G1,XLB,NUE,1.95,0.0683,-0.1167,-0.0498,-0.0518,-0.0494
2025-02-28,2025-03-03,2025-03-24,G1,XLE,WMB,-3.39,0.0281,-0.0404,0.0701,0.0681,0.0046
2025-02-28,2025-03-03,2025-03-24,G1,XLP,HSY,3.86,0.145,-0.1005,-0.0588,-0.0608,-0.0145
2025-02-28,2025-03-03,2025-03-24,G1,XLU,ETR,3.34,0.0834,-0.001,-0.0441,-0.0461,-0.0365
2025-02-28,2025-03-03,2025-03-24,G2,XLK,AMD,2.48,-0.1599,-0.3065,0.159,-0.161,-0.162
2025-02-28,2025-03-03,2025-03-24,G2,XLY,TSLA,2.04,-0.2681,-0.3894,-0.022,0.02,-0.0116
2025-02-28,2025-03-03,2025-03-24,G2,XLV,UNH,3.33,-0.1294,-0.2194,0.1106,-0.1126,-0.123
2025-02-28,2025-03-03,2025-03-24,G2,XLI,GEV,2.34,-0.1247,-0.2342,0.0873,-0.0893,-0.085
2025-02-28,2025-03-03,2025-03-24,G2,XLC,GOOGL,3.49,-0.1523,-0.1749,0.0052,-0.0072,-0.025
2025-02-28,2025-03-03,2025-03-24,G2,XLB,MLM,2.59,-0.1157,-0.1856,0.0445,-0.0465,-0.0448
2025-02-28,2025-03-03,2025-03-24,G2,XLE,EQT,0.69,-0.0646,-0.1119,0.1086,-0.1106,-0.0431
2025-02-28,2025-03-03,2025-03-24,G2,XLP,TGT,2.26,-0.1078,-0.1207,-0.1028,0.1008,0.0585
2025-02-28,2025-03-03,2025-03-24,G2,XLU,VST,0.22,-0.2419,-0.3035,0.0905,-0.0925,-0.0982
2025-02-28,2025-03-03,2025-03-24,G3,XLK,AVGO,6.64,-0.0753,-0.2001,0.0238,0.0218,0.0268
2025-02-28,2025-03-03,2025-03-24,G3,XLY,AMZN,5.16,-0.0953,-0.123,-0.0086,-0.0106,0.025
2025-02-28,2025-03-03,2025-03-24,G3,XLC,TKO,5.17,-0.0434,-0.1472,0.0374,0.0354,0.0572
2025-02-28,2025-03-03,2025-03-24,G3,XLB,IFF,6.46,-0.0674,-0.0995,-0.0371,-0.0391,-0.0367
2025-02-28,2025-03-03,2025-03-24,G3,XLE,HAL,5.9,-0.0064,-0.1642,0.0308,0.0288,-0.0347
2025-02-28,2025-03-03,2025-03-24,G3,XLU,SRE,7.47,-0.1407,-0.2176,-0.0075,-0.0095,0.0001
2025-02-28,2025-03-03,2025-03-24,G4,XLV,AMGN,5.02,0.0934,-0.024,0.0116,-0.0136,-0.024
2025-02-28,2025-03-03,2025-03-24,G4,XLI,TDG,5.25,0.0017,0.0,0.007,-0.009,-0.0046
2025-02-28,2025-03-03,2025-03-24,G4,XLP,PG,5.37,0.0384,-0.0267,-0.0566,0.0546,0.0123
2025-02-28,2025-03-03,2025-03-24,G4,XLU,EXC,11.29,0.1147,0.0,-0.0218,0.0198,0.0141
2025-03-21,2025-03-24,2025-04-14,G1,XLK,INTU,3.25,0.0682,-0.0637,-0.0302,-0.0322,0.0501
2025-03-21,2025-03-24,2025-04-14,G1,XLY,GM,0.24,0.0786,-0.0909,-0.1228,-0.1248,-0.0542
2025-03-21,2025-03-24,2025-04-14,G1,XLV,MCK,3.06,0.1074,-0.0078,0.0501,0.0481,0.1086
2025-03-21,2025-03-24,2025-04-14,G1,XLI,GD,3.5,0.0837,-0.0314,0.0543,0.0523,0.1088
2025-03-21,2025-03-24,2025-04-14,G1,XLC,T,-3.18,0.015,-0.0253,0.0196,0.0176,0.0886
2025-03-21,2025-03-24,2025-04-14,G1,XLB,FCX,0.66,0.0884,-0.0111,-0.1889,-0.1909,-0.1303
2025-03-21,2025-03-24,2025-04-14,G1,XLE,KMI,3.08,0.0576,-0.0959,-0.0665,-0.0685,0.0808
2025-03-21,2025-03-24,2025-04-14,G1,XLP,CL,1.13,0.0093,-0.0738,0.0449,0.0429,0.0157
2025-03-21,2025-03-24,2025-04-14,G1,XLU,DTE,2.93,0.0472,0.0,-0.0217,-0.0237,-0.0156
2025-03-21,2025-03-24,2025-04-14,G2,XLK,ADBE,2.99,-0.1284,-0.1656,-0.1104,0.1084,0.0302
2025-03-21,2025-03-24,2025-04-14,G2,XLY,TSLA,2.46,-0.2637,-0.462,-0.0935,0.0915,0.0249
2025-03-21,2025-03-24,2025-04-14,G2,XLV,ABT,3.91,-0.0636,-0.099,0.0059,-0.0079,-0.0644
2025-03-21,2025-03-24,2025-04-14,G2,XLI,UNP,3.96,-0.0423,-0.0757,-0.055,0.053,0.0005
2025-03-21,2025-03-24,2025-04-14,G2,XLC,GOOGL,3.24,-0.0862,-0.2045,-0.0513,0.0493,-0.0177
2025-03-21,2025-03-24,2025-04-14,G2,XLB,NUE,2.28,-0.0978,-0.1439,-0.1262,0.1242,0.0676
2025-03-21,2025-03-24,2025-04-14,G2,XLE,EOG,-0.81,-0.0594,-0.0869,-0.1608,0.1588,0.0135
2025-03-21,2025-03-24,2025-04-14,G2,XLP,TGT,2.21,-0.1626,-0.2635,-0.1264,0.1244,0.1557
2025-03-21,2025-03-24,2025-04-14,G2,XLU,CEG,3.07,-0.2164,-0.3585,-0.0959,0.0939,0.0897
2025-03-21,2025-03-24,2025-04-14,G3,XLK,AAPL,5.43,-0.1111,-0.1564,-0.0825,-0.0845,-0.0022
2025-03-21,2025-03-24,2025-04-14,G3,XLY,MAR,5.8,-0.1422,-0.2182,-0.08,-0.082,-0.0114
2025-03-21,2025-03-24,2025-04-14,G3,XLV,GILD,6.6,-0.0193,-0.0816,-0.0022,-0.0042,0.0563
2025-03-21,2025-03-24,2025-04-14,G3,XLI,PH,5.44,-0.0673,-0.1181,-0.1136,-0.1156,-0.0591
2025-03-21,2025-03-24,2025-04-14,G3,XLC,TKO,6.13,-0.0537,-0.1492,-0.0313,-0.0333,0.0377
2025-03-21,2025-03-24,2025-04-14,G3,XLB,VMC,5.52,-0.0722,-0.1547,0.0111,0.0091,0.0697
2025-03-21,2025-03-24,2025-04-14,G3,XLE,HAL,7.15,-0.0512,-0.1667,-0.1699,-0.1719,-0.0226
2025-03-21,2025-03-24,2025-04-14,G3,XLP,GIS,6.1,-0.0387,-0.102,0.0249,0.0229,-0.0044
2025-03-21,2025-03-24,2025-04-14,G3,XLU,SRE,7.89,-0.1943,-0.2022,-0.0075,-0.0095,-0.0014
2025-03-21,2025-03-24,2025-04-14,G4,XLI,RTX,5.58,0.0736,-0.0218,-0.0412,0.0392,-0.0132
2025-03-21,2025-03-24,2025-04-14,G4,XLU,CNP,10.6,0.0432,-0.0053,0.0423,-0.0443,-0.0484
2025-04-11,2025-04-14,2025-05-06,G1,XLI,LMT,3.03,0.0187,-0.0551,-0.015,-0.017,-0.0661
2025-04-11,2025-04-14,2025-05-06,G1,XLB,NEM,0.62,0.1888,0.0,-0.0033,-0.0053,-0.0305
2025-04-11,2025-04-14,2025-05-06,G1,XLP,KDP,2.52,0.0538,-0.0132,-0.0445,-0.0465,-0.04
2025-04-11,2025-04-14,2025-05-06,G1,XLU,CNP,3.14,0.031,-0.0209,0.0454,0.0434,0.009
2025-04-11,2025-04-14,2025-05-06,G2,XLC,WBD,2.04,-0.2179,-0.3045,0.0511,-0.0531,0.0115
2025-04-11,2025-04-14,2025-05-06,G2,XLB,DOW,-0.5,-0.231,-0.3092,-0.0028,0.0008,0.03
2025-04-11,2025-04-14,2025-05-06,G2,XLE,WMB,3.87,-0.0154,-0.0846,0.0234,-0.0254,-0.0063
2025-04-11,2025-04-14,2025-05-06,G2,XLU,D,2.51,-0.0355,-0.0726,0.0107,-0.0127,0.0257
2025-04-11,2025-04-14,2025-05-06,G3,XLK,MU,7.26,-0.3091,-0.3633,0.1336,0.1316,0.0661
2025-04-11,2025-04-14,2025-05-06,G3,XLY,TSLA,5.7,0.0093,-0.4084,0.0911,0.0891,0.0529
2025-04-11,2025-04-14,2025-05-06,G3,XLV,TMO,7.99,-0.1607,-0.2773,-0.0942,-0.0962,-0.0638
2025-04-11,2025-04-14,2025-05-06,G3,XLI,CAT,6.56,-0.136,-0.2801,0.0816,0.0796,0.0305
2025-04-11,2025-04-14,2025-05-06,G3,XLC,META,7.59,-0.1054,-0.2615,0.105,0.103,0.0425
2025-04-11,2025-04-14,2025-05-06,G3,XLB,LYB,6.14,-0.2328,-0.2641,-0.0272,-0.0292,-0.0544
2025-04-11,2025-04-14,2025-05-06,G3,XLE,HAL,6.02,-0.1596,-0.2903,-0.0852,-0.0872,-0.1022
2025-04-11,2025-04-14,2025-05-06,G3,XLP,TGT,6.64,-0.1138,-0.3434,-0.0106,-0.0126,-0.006
2025-04-11,2025-04-14,2025-05-06,G3,XLU,VST,6.81,-0.1009,-0.4168,0.2849,0.2829,0.2485
2025-04-11,2025-04-14,2025-05-06,G4,XLY,TJX,7.45,0.1315,0.0,-0.0164,0.0144,0.0546
2025-04-11,2025-04-14,2025-05-06,G4,XLV,UNH,6.25,0.2268,0.0,-0.328,0.326,0.2976
2025-04-11,2025-04-14,2025-05-06,G4,XLI,CTAS,7.84,0.0685,-0.0126,0.0176,-0.0196,0.0335
2025-04-11,2025-04-14,2025-05-06,G4,XLC,TTWO,6.32,0.0367,-0.027,0.0887,-0.0907,-0.0261
2025-04-11,2025-04-14,2025-05-06,G4,XLP,MDLZ,14.1,0.0499,-0.0125,-0.0116,0.0096,0.007
2025-04-11,2025-04-14,2025-05-06,G4,XLU,ED,11.99,0.0322,-0.0255,-0.0159,0.0139,0.0523
2025-05-05,2025-05-06,2025-05-28,G1,XLK,PLTR,1.83,0.6723,-0.0068,0.1369,0.1349,0.0546
2025-05-05,2025-05-06,2025-05-28,G1,XLY,TSLA,2.62,0.1705,-0.225,0.2962,0.2942,0.2084
2025-05-05,2025-05-06,2025-05-28,G1,XLV,CVS,2.92,0.0649,-0.034,-0.0571,-0.0591,-0.0359
2025-05-05,2025-05-06,2025-05-28,G1,XLI,UBER,3.71,0.322,0.0,0.0283,0.0263,-0.0401
2025-05-05,2025-05-06,2025-05-28,G1,XLB,NEM,-0.53,0.2005,-0.052,-0.0277,-0.0297,-0.0554
2025-05-05,2025-05-06,2025-05-28,G1,XLE,EXE,2.12,0.0834,-0.0485,0.0687,0.0667,0.0547
2025-05-05,2025-05-06,2025-05-28,G1,XLU,CEG,3.53,0.4522,-0.2361,0.1265,0.1245,0.1264
2025-05-05,2025-05-06,2025-05-28,G2,XLE,SLB,3.18,-0.0293,-0.2084,0.0,-0.002,0.014
2025-05-05,2025-05-06,2025-05-28,G2,XLP,CHD,2.57,-0.1255,-0.1804,0.0674,-0.0694,-0.0621
2025-05-05,2025-05-06,2025-05-28,G2,XLU,NEE,3.44,-0.0121,-0.1321,0.0101,-0.0121,-0.0099
2025-05-05,2025-05-06,2025-05-28,G3,XLK,TXN,7.81,0.082,-0.1969,0.1431,0.1411,0.0609
2025-05-05,2025-05-06,2025-05-28,G3,XLY,AMZN,5.53,0.0898,-0.2007,0.1065,0.1045,0.0188
2025-05-05,2025-05-06,2025-05-28,G3,XLV,TMO,6.82,-0.0357,-0.2605,-0.012,-0.014,0.0092
2025-05-05,2025-05-06,2025-05-28,G3,XLI,PH,6.28,0.1921,-0.1211,0.0884,0.0864,0.02
2025-05-05,2025-05-06,2025-05-28,G3,XLC,FOX,8.85,0.002,-0.1507,0.1203,0.1183,0.0776
2025-05-05,2025-05-06,2025-05-28,G3,XLB,SW,5.76,-0.0351,-0.2838,0.1101,0.1081,0.0824
2025-05-05,2025-05-06,2025-05-28,G3,XLE,OXY,5.02,-0.0427,-0.2511,0.0468,0.0448,0.0328
2025-05-05,2025-05-06,2025-05-28,G3,XLP,TGT,6.02,-0.0178,-0.2841,0.0362,0.0342,0.0309
2025-05-05,2025-05-06,2025-05-28,G3,XLU,SRE,7.18,0.1439,-0.1277,0.0324,0.0304,0.0322
2025-05-05,2025-05-06,2025-05-28,G4,XLK,INTU,7.23,0.1278,0.0,0.2041,-0.2061,-0.1219
2025-05-05,2025-05-06,2025-05-28,G4,XLY,ROST,6.52,0.0856,-0.0152,-0.0135,0.0115,0.1012
2025-05-05,2025-05-06,2025-05-28,G4,XLV,BSX,5.78,0.1621,-0.0183,0.0037,-0.0057,-0.025
2025-05-05,2025-05-06,2025-05-28,G4,XLI,BA,6.5,0.3651,0.0,0.0836,-0.0856,-0.0152
2025-05-05,2025-05-06,2025-05-28,G4,XLC,T,7.98,0.0436,-0.0279,-0.0234,0.0214,0.0661
2025-05-05,2025-05-06,2025-05-28,G4,XLB,VMC,7.39,0.1703,-0.0084,-0.0158,0.0138,0.0436
2025-05-05,2025-05-06,2025-05-28,G4,XLE,EQT,7.32,0.1607,-0.0201,0.0414,-0.0434,-0.0274
2025-05-05,2025-05-06,2025-05-28,G4,XLP,MO,7.26,0.0678,-0.0025,-0.0165,0.0145,0.0218
2025-05-05,2025-05-06,2025-05-28,G4,XLU,AEP,5.97,0.0283,-0.0167,-0.0452,0.0432,0.0453
2025-05-27,2025-05-28,2025-06-18,G1,XLK,NVDA,2.78,0.2462,-0.0005,0.0792,0.0772,0.0344
2025-05-27,2025-05-28,2025-06-18,G1,XLY,TSLA,-0.08,0.2694,0.0,-0.0976,-0.0996,-0.0769
2025-05-27,2025-05-28,2025-06-18,G1,XLI,GEV,3.32,0.2741,0.0,0.0107,0.0087,0.0134
2025-05-27,2025-05-28,2025-06-18,G1,XLC,FOXA,3.79,0.127,-0.0217,-0.0256,-0.0276,-0.0421
2025-05-27,2025-05-28,2025-06-18,G1,XLB,CTVA,2.26,0.1438,0.0,0.0566,0.0546,0.0449
2025-05-27,2025-05-28,2025-06-18,G1,XLE,EQT,3.67,0.1097,0.0,0.0697,0.0677,-0.009
2025-05-27,2025-05-28,2025-06-18,G1,XLP,SYY,3.87,0.0264,-0.0565,0.0344,0.0324,0.0509
2025-05-27,2025-05-28,2025-06-18,G1,XLU,NRG,2.17,0.4406,-0.0269,-0.0219,-0.0239,-0.0223
2025-05-27,2025-05-28,2025-06-18,G2,XLV,UNH,1.62,-0.2976,-0.5079,0.0378,-0.0398,-0.0244
2025-05-27,2025-05-28,2025-06-18,G2,XLI,NOC,3.14,-0.0162,-0.1201,0.0457,-0.0477,-0.0484
2025-05-27,2025-05-28,2025-06-18,G2,XLB,DOW,-0.11,-0.0344,-0.2345,0.0307,-0.0327,-0.0191
2025-05-27,2025-05-28,2025-06-18,G2,XLE,HAL,3.63,-0.0329,-0.223,0.1313,-0.1333,-0.0525
2025-05-27,2025-05-28,2025-06-18,G2,XLP,PEP,3.81,-0.0179,-0.1592,-0.0014,-0.0006,-0.0151
2025-05-27,2025-05-28,2025-06-18,G2,XLU,EXC,3.02,-0.0469,-0.0648,-0.021,0.019,0.0214
2025-05-27,2025-05-28,2025-06-18,G3,XLK,AAPL,6.19,-0.046,-0.1614,-0.0192,-0.0212,-0.064
2025-05-27,2025-05-28,2025-06-18,G3,XLY,ROST,6.25,0.0138,-0.0841,-0.0808,-0.0828,-0.0601
2025-05-27,2025-05-28,2025-06-18,G3,XLV,AMGN,5.92,-0.0041,-0.1388,0.0403,0.0383,0.027
2025-05-27,2025-05-28,2025-06-18,G3,XLI,UNP,6.12,0.0552,-0.1001,0.0053,0.0033,0.008
2025-05-27,2025-05-28,2025-06-18,G3,XLB,LYB,8.89,-0.0128,-0.2426,0.053,0.051,0.0414
2025-05-27,2025-05-28,2025-06-18,G3,XLE,SLB,5.05,-0.005,-0.2001,0.0766,0.0746,-0.0022
2025-05-27,2025-05-28,2025-06-18,G3,XLP,HSY,6.9,-0.0214,-0.1438,0.0886,0.0866,0.1052
2025-05-27,2025-05-28,2025-06-18,G4,XLK,MSFT,6.18,0.1799,0.0,0.05,-0.052,-0.0052
2025-05-27,2025-05-28,2025-06-18,G4,XLY,BKNG,5.83,0.1149,0.0,-0.0329,0.0309,0.0121
2025-05-27,2025-05-28,2025-06-18,G4,XLV,SYK,5.31,0.0472,-0.0279,-0.0187,0.0167,0.0321
2025-05-27,2025-05-28,2025-06-18,G4,XLI,ADP,6.06,0.1095,0.0,-0.0489,0.0469,0.0461
2025-05-27,2025-05-28,2025-06-18,G4,XLC,NWSA,6.97,0.0494,-0.0081,-0.0099,0.0079,0.0263
2025-05-27,2025-05-28,2025-06-18,G4,XLB,PPG,6.04,0.0971,-0.0218,-0.0209,0.0189,0.0325
2025-05-27,2025-05-28,2025-06-18,G4,XLE,VLO,7.56,0.1487,-0.0289,0.0984,-0.1004,-0.0196
2025-05-27,2025-05-28,2025-06-18,G4,XLP,KVUE,10.28,0.0445,-0.0123,-0.093,0.091,0.0765
2025-05-27,2025-05-28,2025-06-18,G4,XLU,SRE,8.2,0.0438,0.0,-0.0401,0.0381,0.0405
2025-06-17,2025-06-18,2025-07-11,G1,XLK,ORCL,3.22,0.3041,-0.0327,0.0957,0.0937,0.035
2025-06-17,2025-06-18,2025-07-11,G1,XLY,SBUX,3.5,0.0825,-0.0722,0.0288,0.0268,-0.0257
2025-06-17,2025-06-18,2025-07-11,G1,XLV,CVS,-0.76,0.0687,-0.0342,-0.0308,-0.0328,-0.0503
2025-06-17,2025-06-18,2025-07-11,G1,XLI,GEV,3.36,0.0942,-0.0087,0.0999,0.0979,0.0405
2025-06-17,2025-06-18,2025-07-11,G1,XLC,WBD,2.51,0.1691,-0.0408,0.1097,0.1077,0.0827
2025-06-17,2025-06-18,2025-07-11,G1,XLB,NEM,0.81,0.1544,0.0,0.0321,0.0301,-0.0251
2025-06-17,2025-06-18,2025-07-11,G1,XLE,EOG,1.9,0.0938,-0.0322,-0.006,-0.008,-0.0261
2025-06-17,2025-06-18,2025-07-11,G1,XLP,PM,3.69,0.0594,-0.0047,-0.0074,-0.0094,-0.019
2025-06-17,2025-06-18,2025-07-11,G1,XLU,VST,2.64,0.1299,0.0,0.0853,0.0833,0.0547
2025-06-17,2025-06-18,2025-07-11,G2,XLK,ADBE,3.51,-0.0903,-0.0903,-0.0389,0.0369,0.0996
2025-06-17,2025-06-18,2025-07-11,G2,XLY,AZO,3.81,-0.071,-0.071,0.0283,-0.0303,0.0262
2025-06-17,2025-06-18,2025-07-11,G2,XLV,ELV,3.23,-0.0668,-0.1675,-0.0937,0.0917,0.1132
2025-06-17,2025-06-18,2025-07-11,G2,XLC,CHTR,3.96,-0.1075,-0.1255,0.0391,-0.0411,-0.0121
2025-06-17,2025-06-18,2025-07-11,G2,XLB,IP,3.89,-0.0816,-0.1758,0.1364,-0.1384,-0.0792
2025-06-17,2025-06-18,2025-07-11,G2,XLP,KR,2.47,-0.0436,-0.0919,0.0772,-0.0792,-0.0656
2025-06-17,2025-06-18,2025-07-11,G3,XLK,AAPL,5.44,-0.0629,-0.125,0.0742,0.0722,0.0135
2025-06-17,2025-06-18,2025-07-11,G3,XLY,ROST,5.74,-0.161,-0.161,0.0244,0.0224,-0.0301
2025-06-17,2025-06-18,2025-07-11,G3,XLV,TMO,5.11,-0.0562,-0.2486,0.1078,0.1058,0.0883
2025-06-17,2025-06-18,2025-07-11,G3,XLC,OMC,6.78,-0.0917,-0.1569,0.048,0.046,0.0209
2025-06-17,2025-06-18,2025-07-11,G3,XLB,LYB,8.0,0.032,-0.1513,0.1008,0.0988,0.0436
2025-06-17,2025-06-18,2025-07-11,G3,XLE,OKE,5.07,-0.0398,-0.1953,0.0021,0.0001,-0.0181
2025-06-17,2025-06-18,2025-07-11,G3,XLP,GIS,5.55,-0.0319,-0.1203,-0.0143,-0.0163,-0.0259
2025-06-17,2025-06-18,2025-07-11,G3,XLU,PCG,20.55,-0.2362,-0.2417,-0.0445,-0.0465,-0.0751
2025-06-17,2025-06-18,2025-07-11,G4,XLK,MSFT,6.72,0.0418,-0.0023,0.0481,-0.0501,0.0126
2025-06-17,2025-06-18,2025-07-11,G4,XLY,AMZN,5.35,0.042,-0.0128,0.0588,-0.0608,-0.0043
2025-06-17,2025-06-18,2025-07-11,G4,XLI,WM,5.2,0.0136,-0.0289,-0.0309,0.0289,0.0903
2025-06-17,2025-06-18,2025-07-11,G4,XLE,EQT,5.64,0.0596,0.0,-0.068,0.066,0.0882
2025-06-17,2025-06-18,2025-07-11,G4,XLP,SYY,8.39,0.0171,-0.0167,0.0461,-0.0481,-0.0345
2025-06-17,2025-06-18,2025-07-11,G4,XLU,PEG,7.22,0.024,-0.0252,0.0055,-0.0075,0.0251
2025-07-10,2025-07-11,2025-08-01,G1,XLK,ORCL,1.52,0.3269,-0.0077,0.0601,0.0581,0.0553
2025-07-10,2025-07-11,2025-08-01,G1,XLY,RCL,3.15,0.2657,0.0,-0.0717,-0.0737,-0.0476
2025-07-10,2025-07-11,2025-08-01,G1,XLV,PFE,3.64,0.0609,0.0,-0.0684,-0.0704,-0.0384
2025-07-10,2025-07-11,2025-08-01,G1,XLI,GEV,3.51,0.1591,0.0,0.2182,0.2162,0.2212
2025-07-10,2025-07-11,2025-08-01,G1,XLC,WBD,2.33,0.1638,0.0,0.0972,0.0952,0.0961
2025-07-10,2025-07-11,2025-08-01,G1,XLB,NEM,0.26,0.1374,-0.0063,0.0409,0.0389,0.0934
2025-07-10,2025-07-11,2025-08-01,G1,XLE,VLO,2.54,0.1734,0.0,-0.1227,-0.1247,-0.083
2025-07-10,2025-07-11,2025-08-01,G1,XLP,ADM,3.97,0.1262,-0.0181,-0.0198,-0.0218,-0.0118
2025-07-10,2025-07-11,2025-08-01,G1,XLU,VST,3.15,0.1906,-0.0062,0.0583,0.0563,0.0177
2025-07-10,2025-07-11,2025-08-01,G2,XLK,ADBE,2.57,-0.1073,-0.1171,-0.0428,0.0408,0.0476
2025-07-10,2025-07-11,2025-08-01,G2,XLY,TSLA,-0.52,-0.0497,-0.1461,-0.0347,0.0327,0.0106
2025-07-10,2025-07-11,2025-08-01,G2,XLV,ELV,3.76,-0.0991,-0.2126,-0.1938,0.1918,0.1637
2025-07-10,2025-07-11,2025-08-01,G2,XLI,LMT,3.62,-0.0264,-0.0455,-0.0995,0.0975,0.0964
2025-07-10,2025-07-11,2025-08-01,G2,XLE,EXE,3.44,-0.0655,-0.1414,-0.0341,0.0321,-0.0056
2025-07-10,2025-07-11,2025-08-01,G2,XLP,COST,3.5,-0.0368,-0.082,-0.017,0.015,0.009
2025-07-10,2025-07-11,2025-08-01,G2,XLU,ETR,1.39,-0.0011,-0.0279,0.0969,-0.0989,-0.0563
2025-07-10,2025-07-11,2025-08-01,G3,XLY,ROST,5.56,-0.0658,-0.1493,0.0445,0.0425,0.0686
2025-07-10,2025-07-11,2025-08-01,G3,XLP,GIS,8.29,-0.0463,-0.119,-0.0512,-0.0532,-0.0431
2025-07-10,2025-07-11,2025-08-01,G3,XLU,PCG,7.1,-0.0829,-0.2409,0.0522,0.0502,0.0115
2025-07-10,2025-07-11,2025-08-01,G4,XLY,HD,5.76,0.0147,-0.0136,0.0097,-0.0117,-0.0338
2025-07-10,2025-07-11,2025-08-01,G4,XLV,GILD,7.08,0.0478,0.0,0.0323,-0.0343,-0.0623
2025-07-10,2025-07-11,2025-08-01,G4,XLI,UNP,7.39,0.0459,-0.0007,-0.0668,0.0648,0.0637
2025-07-10,2025-07-11,2025-08-01,G4,XLC,FOX,7.14,0.0316,-0.0086,0.0028,-0.0048,-0.0017
2025-07-10,2025-07-11,2025-08-01,G4,XLB,LYB,7.63,0.0782,0.0,-0.1724,0.1704,0.12
2025-07-10,2025-07-11,2025-08-01,G4,XLP,PM,5.43,0.0186,-0.014,-0.0942,0.0922,0.0862
2025-07-10,2025-07-11,2025-08-01,G4,XLU,AEE,6.61,0.0068,-0.0255,0.0614,-0.0634,-0.0208
2025-07-31,2025-08-01,2025-08-22,G1,XLK,AMD,0.14,0.2728,-0.0178,-0.0229,-0.0249,-0.0438
2025-07-31,2025-08-01,2025-08-22,G1,XLY,ORLY,1.5,0.1008,-0.0107,0.0322,0.0302,-0.0465
2025-07-31,2025-08-01,2025-08-22,G1,XLV,TMO,3.94,0.0933,-0.0356,0.0798,0.0778,0.0261
2025-07-31,2025-08-01,2025-08-22,G1,XLI,GEV,3.23,0.3079,0.0,-0.0753,-0.0773,-0.098
2025-07-31,2025-08-01,2025-08-22,G1,XLC,WBD,3.34,0.1844,-0.0387,-0.0637,-0.0657,-0.1126
2025-07-31,2025-08-01,2025-08-22,G1,XLB,NEM,-0.13,0.034,-0.0555,0.1307,0.1287,0.0677
2025-07-31,2025-08-01,2025-08-22,G1,XLE,BKR,2.17,0.1311,-0.0322,0.0342,0.0322,0.0044
2025-07-31,2025-08-01,2025-08-22,G1,XLP,SYY,1.21,0.0319,-0.0144,0.0051,0.0031,-0.0237
2025-07-31,2025-08-01,2025-08-22,G1,XLU,CEG,2.4,0.1344,0.0,-0.0887,-0.0907,-0.0915
2025-07-31,2025-08-01,2025-08-22,G2,XLK,IBM,2.53,-0.1199,-0.1412,-0.0253,0.0233,0.0461
2025-07-31,2025-08-01,2025-08-22,G2,XLY,CMG,2.25,-0.2447,-0.2637,0.0263,-0.0283,0.0524
2025-07-31,2025-08-01,2025-08-22,G2,XLV,ELV,1.27,-0.1918,-0.3189,0.1525,-0.1545,-0.0988
2025-07-31,2025-08-01,2025-08-22,G2,XLI,LMT,1.76,-0.0899,-0.1346,0.0598,-0.0618,-0.0371
2025-07-31,2025-08-01,2025-08-22,G2,XLC,CHTR,2.54,-0.3466,-0.3695,0.0487,-0.0507,0.0002
2025-07-31,2025-08-01,2025-08-22,G2,XLB,FCX,1.3,-0.1179,-0.1448,0.0812,-0.0832,-0.0182
2025-07-31,2025-08-01,2025-08-22,G2,XLE,SLB,3.63,-0.0588,-0.0941,0.0775,-0.0795,-0.0477
2025-07-31,2025-08-01,2025-08-22,G2,XLP,CL,2.83,-0.0871,-0.0962,0.0291,-0.0311,-0.0003
2025-07-31,2025-08-01,2025-08-22,G2,XLU,NEE,3.44,-0.0268,-0.0836,0.0841,-0.0861,-0.0813
2025-07-31,2025-08-01,2025-08-22,G3,XLB,DOW,6.34,-0.1893,-0.2414,0.1524,0.1504,0.0894
2025-07-31,2025-08-01,2025-08-22,G3,XLE,VLO,6.25,-0.0255,-0.1058,0.0915,0.0895,0.0617
2025-07-31,2025-08-01,2025-08-22,G3,XLP,KMB,8.33,-0.0585,-0.1255,0.0218,0.0198,-0.007
2025-07-31,2025-08-01,2025-08-22,G4,XLK,NVDA,6.93,0.1311,-0.0078,0.0246,-0.0266,-0.0038
2025-07-31,2025-08-01,2025-08-22,G4,XLV,BSX,5.29,0.0124,-0.0264,0.0072,-0.0092,0.0465
2025-07-31,2025-08-01,2025-08-22,G4,XLB,VMC,6.44,0.0337,-0.0031,0.0653,-0.0673,-0.0023
2025-07-31,2025-08-01,2025-08-22,G4,XLP,MO,8.04,0.0468,0.0,0.0953,-0.0973,-0.0665
2025-07-31,2025-08-01,2025-08-22,G4,XLU,CNP,8.79,0.0853,0.0,-0.0139,0.0119,0.0167
2025-08-21,2025-08-22,2025-09-15,G1,XLK,APH,3.41,0.0416,-0.0272,0.0903,0.0883,0.0488
2025-08-21,2025-08-22,2025-09-15,G1,XLY,TJX,3.32,0.0926,-0.0055,0.0339,0.0319,0.0013
2025-08-21,2025-08-22,2025-09-15,G1,XLV,CVS,2.87,0.2158,0.0,0.0303,0.0283,0.0393
2025-08-21,2025-08-22,2025-09-15,G1,XLI,NOC,1.71,0.0505,0.0,-0.0264,-0.0284,-0.0208
2025-08-21,2025-08-22,2025-09-15,G1,XLC,TKO,1.39,0.0967,-0.0368,0.1025,0.1005,0.0335
2025-08-21,2025-08-22,2025-09-15,G1,XLB,NEM,0.5,0.1395,0.0,0.1251,0.1231,0.1386
2025-08-21,2025-08-22,2025-09-15,G1,XLP,MO,3.17,0.1354,0.0,-0.0256,-0.0276,0.0116
2025-08-21,2025-08-22,2025-09-15,G1,XLU,PCG,-2.8,0.0592,-0.1391,0.0099,0.0079,0.0138
2025-08-21,2025-08-22,2025-09-15,G2,XLK,NOW,3.02,-0.1197,-0.1605,0.0684,-0.0704,-0.0269
2025-08-21,2025-08-22,2025-09-15,G2,XLY,ABNB,3.71,-0.1073,-0.1106,-0.0735,0.0715,0.1061
2025-08-21,2025-08-22,2025-09-15,G2,XLV,VRTX,3.84,-0.1584,-0.1711,-0.0048,0.0028,-0.0041
2025-08-21,2025-08-22,2025-09-15,G2,XLI,DE,3.96,-0.0542,-0.0717,-0.0542,0.0522,0.0486
2025-08-21,2025-08-22,2025-09-15,G2,XLC,CHTR,3.35,-0.2948,-0.3592,-0.0607,0.0587,0.1298
2025-08-21,2025-08-22,2025-09-15,G2,XLB,IP,2.94,-0.115,-0.1289,-0.0679,0.0659,0.0545
2025-08-21,2025-08-22,2025-09-15,G2,XLE,HAL,3.2,-0.0508,-0.0824,-0.0142,0.0122,0.016
2025-08-21,2025-08-22,2025-09-15,G2,XLP,MDLZ,3.93,-0.1032,-0.1104,-0.0285,0.0265,-0.0087
2025-08-21,2025-08-22,2025-09-15,G2,XLU,NRG,2.2,-0.074,-0.1611,0.1447,-0.1467,-0.1486
2025-08-21,2025-08-22,2025-09-15,G3,XLK,IBM,5.68,-0.0748,-0.1824,0.0584,0.0564,0.0169
2025-08-21,2025-08-22,2025-09-15,G3,XLE,VLO,5.06,0.0078,-0.0864,0.0839,0.0819,0.0821
2025-08-21,2025-08-22,2025-09-15,G4,XLY,BKNG,6.64,0.0108,-0.0181,-0.0265,0.0245,0.0591
2025-08-21,2025-08-22,2025-09-15,G4,XLV,PFE,7.28,0.0329,0.0,-0.0738,0.0718,0.0648
2025-08-21,2025-08-22,2025-09-15,G4,XLI,RTX,5.07,0.0115,-0.0088,0.0136,-0.0156,-0.0192
2025-08-21,2025-08-22,2025-09-15,G4,XLC,VZ,8.36,0.0453,-0.0007,-0.0128,0.0108,0.0819
2025-08-21,2025-08-22,2025-09-15,G4,XLE,CVX,5.88,0.0093,0.0,-0.0055,0.0035,0.0073
2025-08-21,2025-08-22,2025-09-15,G4,XLP,MNST,5.05,0.0695,-0.0051,0.024,-0.026,-0.0613
2025-08-21,2025-08-22,2025-09-15,G4,XLU,AEP,8.84,0.0468,-0.0081,-0.0432,0.0412,0.0392
2025-09-12,2025-09-15,2025-10-06,G1,XLK,MU,-0.97,0.2549,0.0,0.2111,0.2091,0.1575
2025-09-12,2025-09-15,2025-10-06,G1,XLY,TSLA,-1.56,0.1799,0.0,0.1054,0.1034,0.1069
2025-09-12,2025-09-15,2025-10-06,G1,XLV,UNH,1.85,0.2984,-0.0031,0.0313,0.0293,-0.026
2025-09-12,2025-09-15,2025-10-06,G1,XLI,LMT,3.24,0.0856,0.0,0.0866,0.0846,0.0637
2025-09-12,2025-09-15,2025-10-06,G1,XLC,GOOGL,2.29,0.1876,0.0,-0.0047,-0.0067,0.0128
2025-09-12,2025-09-15,2025-10-06,G1,XLB,NEM,0.17,0.1611,-0.005,0.1153,0.1133,0.1234
2025-09-12,2025-09-15,2025-10-06,G1,XLE,VLO,3.78,0.1539,-0.0316,0.0371,0.0351,0.0166
2025-09-12,2025-09-15,2025-10-06,G1,XLP,ADM,3.62,0.0468,-0.0411,0.0317,0.0297,0.0495
2025-09-12,2025-09-15,2025-10-06,G1,XLU,NRG,2.5,0.0719,-0.0522,-0.0128,-0.0148,-0.0674
2025-09-12,2025-09-15,2025-10-06,G2,XLK,AMD,0.74,-0.1237,-0.1402,0.264,-0.266,-0.2104
2025-09-12,2025-09-15,2025-10-06,G2,XLY,CMG,1.75,-0.1052,-0.3367,0.0791,-0.0811,-0.0806
2025-09-12,2025-09-15,2025-10-06,G2,XLV,BMY,2.29,-0.0337,-0.0568,-0.0127,0.0107,0.07
2025-09-12,2025-09-15,2025-10-06,G2,XLI,BA,2.02,-0.074,-0.0903,0.0184,-0.0204,0.0045
2025-09-12,2025-09-15,2025-10-06,G2,XLC,NFLX,3.19,-0.0342,-0.1125,-0.0324,0.0304,0.0149
2025-09-12,2025-09-15,2025-10-06,G2,XLB,IP,3.25,-0.0276,-0.1659,0.0068,-0.0088,-0.0149
2025-09-12,2025-09-15,2025-10-06,G2,XLE,FANG,3.89,-0.0276,-0.096,0.1083,-0.1103,-0.0878
2025-09-12,2025-09-15,2025-10-06,G2,XLP,KDP,0.13,-0.2137,-0.2264,-0.0457,0.0437,0.0279
2025-09-12,2025-09-15,2025-10-06,G2,XLU,SO,3.92,-0.0126,-0.0312,0.0348,-0.0368,0.0198
2025-09-12,2025-09-15,2025-10-06,G3,XLV,DHR,5.23,-0.0959,-0.1044,0.1249,0.1229,0.0676
2025-09-12,2025-09-15,2025-10-06,G3,XLI,CTAS,5.46,-0.0839,-0.1038,-0.0034,-0.0054,-0.0263
2025-09-12,2025-09-15,2025-10-06,G3,XLB,DOW,5.06,0.0869,-0.1636,-0.031,-0.033,-0.023
2025-09-12,2025-09-15,2025-10-06,G4,XLY,ORLY,5.74,0.0591,-0.003,-0.0282,0.0262,0.0267
2025-09-12,2025-09-15,2025-10-06,G4,XLV,JNJ,5.15,0.0266,-0.0039,0.0607,-0.0627,-0.0033
2025-09-12,2025-09-15,2025-10-06,G4,XLC,WBD,15.24,0.6019,0.0,-0.0195,0.0175,0.002
2025-09-12,2025-09-15,2025-10-06,G4,XLB,DD,8.21,0.0554,-0.009,0.0481,-0.0501,-0.0562
2025-09-12,2025-09-15,2025-10-06,G4,XLE,CVX,5.6,0.0238,-0.0292,-0.0209,0.0189,0.0414
2025-09-12,2025-09-15,2025-10-06,G4,XLP,PG,5.47,0.0271,-0.0139,-0.0409,0.0389,0.0232
2025-09-12,2025-09-15,2025-10-06,G4,XLU,CNP,6.18,0.0005,-0.0179,0.0306,-0.0326,0.024
2025-10-03,2025-10-06,2025-10-27,G1,XLK,MU,0.09,0.4307,0.0,0.1526,0.1506,0.113
2025-10-03,2025-10-06,2025-10-27,G1,XLY,TSLA,-0.43,0.2251,-0.0645,-0.0018,-0.0038,-0.0067
2025-10-03,2025-10-06,2025-10-27,G1,XLV,LLY,-0.28,0.1549,0.0,-0.0221,-0.0241,-0.0377
2025-10-03,2025-10-06,2025-10-27,G1,XLI,CAT,3.2,0.1767,0.0,0.067,0.065,0.0628
2025-10-03,2025-10-06,2025-10-27,G1,XLC,TTWO,0.65,0.0751,-0.0088,-0.0105,-0.0125,-0.0161
2025-10-03,2025-10-06,2025-10-27,G1,XLB,NEM,-0.4,0.1403,0.0,-0.1116,-0.1136,-0.1026
2025-10-03,2025-10-06,2025-10-27,G1,XLE,EXE,2.18,0.1249,-0.0159,-0.0357,-0.0377,-0.0238
2025-10-03,2025-10-06,2025-10-27,G1,XLP,MNST,3.51,0.0754,-0.0061,0.0386,0.0366,0.0159
2025-10-03,2025-10-06,2025-10-27,G1,XLU,CEG,2.19,0.1937,0.0,0.0743,0.0723,0.0535
2025-10-03,2025-10-06,2025-10-27,G2,XLK,TXN,2.43,-0.0405,-0.1791,-0.0682,0.0662,0.1078
2025-10-03,2025-10-06,2025-10-27,G2,XLY,RCL,3.9,-0.1058,-0.1389,0.0093,-0.0113,-0.0044
2025-10-03,2025-10-06,2025-10-27,G2,XLV,BSX,2.71,-0.0923,-0.1001,0.0593,-0.0613,-0.0436
2025-10-03,2025-10-06,2025-10-27,G2,XLI,BA,1.37,-0.058,-0.0888,0.0149,-0.0169,-0.0106
2025-10-03,2025-10-06,2025-10-27,G2,XLC,MTCH,0.73,-0.0959,-0.1099,-0.0347,0.0327,0.0403
2025-10-03,2025-10-06,2025-10-27,G2,XLB,FCX,2.84,-0.1439,-0.1498,0.023,-0.025,-0.032
2025-10-03,2025-10-06,2025-10-27,G2,XLE,SLB,2.39,-0.0436,-0.0744,0.0454,-0.0474,-0.0574
2025-10-03,2025-10-06,2025-10-27,G2,XLP,KVUE,-1.17,-0.1509,-0.3012,-0.0389,0.0369,0.0616
2025-10-03,2025-10-06,2025-10-27,G3,XLC,T,5.47,-0.0855,-0.0864,-0.0025,-0.0045,-0.0081
2025-10-03,2025-10-06,2025-10-27,G3,XLB,DOW,5.01,-0.0278,-0.2043,0.0986,0.0966,0.1077
2025-10-03,2025-10-06,2025-10-27,G3,XLP,CL,5.74,-0.0838,-0.124,0.0116,0.0096,-0.0111
2025-10-03,2025-10-06,2025-10-27,G3,XLU,PEG,6.27,0.0189,-0.0831,0.0197,0.0177,-0.0012
2025-10-03,2025-10-06,2025-10-27,G4,XLB,MLM,5.25,0.0195,0.0,-0.0303,0.0283,0.0213
2025-10-03,2025-10-06,2025-10-27,G4,XLE,WMB,5.69,0.1369,0.0,-0.093,0.091,0.081
2025-10-03,2025-10-06,2025-10-27,G4,XLP,SYY,6.27,0.0029,-0.007,-0.035,0.033,0.0577
2025-10-03,2025-10-06,2025-10-27,G4,XLU,PPL,8.32,0.0284,-0.0124,0.0083,-0.0103,0.0125
2025-10-24,2025-10-27,2025-11-17,G1,XLK,AMD,0.2,0.5861,0.0,-0.0737,-0.0757,-0.0224
2025-10-24,2025-10-27,2025-11-17,G1,XLY,F,2.26,0.1524,0.0,-0.0174,-0.0194,0.0338
2025-10-24,2025-10-27,2025-11-17,G1,XLV,ISRG,2.92,0.2389,-0.0087,-0.0082,-0.0102,-0.0447
2025-10-24,2025-10-27,2025-11-17,G1,XLI,CAT,2.29,0.1255,-0.0309,0.0474,0.0454,0.0812
2025-10-24,2025-10-27,2025-11-17,G1,XLC,GOOGL,1.42,0.0543,0.0,0.0585,0.0565,0.1095
2025-10-24,2025-10-27,2025-11-17,G1,XLB,STLD,3.64,0.0994,-0.0057,-0.0187,-0.0207,0.0209
2025-10-24,2025-10-27,2025-11-17,G1,XLE,HAL,2.89,0.0573,-0.0246,-0.0067,-0.0087,-0.0301
2025-10-24,2025-10-27,2025-11-17,G1,XLP,TGT,2.51,0.073,-0.1054,-0.0836,-0.0856,-0.0527
2025-10-24,2025-10-27,2025-11-17,G1,XLU,CEG,1.3,0.1749,-0.0365,-0.1332,-0.1352,-0.1105
2025-10-24,2025-10-27,2025-11-17,G2,XLK,TXN,2.92,-0.0836,-0.1792,-0.077,0.075,0.0256
2025-10-24,2025-10-27,2025-11-17,G2,XLY,AZO,3.3,-0.0935,-0.1261,0.0108,-0.0128,-0.062
2025-10-24,2025-10-27,2025-11-17,G2,XLI,UBER,2.28,-0.0445,-0.0602,-0.0447,0.0427,0.0109
2025-10-24,2025-10-27,2025-11-17,G2,XLC,NWSA,3.48,-0.1356,-0.1518,-0.0475,0.0455,-0.0036
2025-10-24,2025-10-27,2025-11-17,G2,XLB,PPG,3.46,-0.0014,-0.0943,-0.089,0.087,0.0494
2025-10-24,2025-10-27,2025-11-17,G2,XLE,TRGP,3.5,-0.1172,-0.1172,0.1004,-0.1024,-0.0771
2025-10-24,2025-10-27,2025-11-17,G2,XLP,KVUE,0.59,-0.0865,-0.3172,0.0905,-0.0925,-0.1214
2025-10-24,2025-10-27,2025-11-17,G3,XLY,DASH,5.52,-0.0165,-0.0837,-0.2001,-0.2021,-0.1488
2025-10-24,2025-10-27,2025-11-17,G3,XLI,CTAS,5.75,-0.0657,-0.1549,-0.0237,-0.0257,0.0101
2025-10-24,2025-10-27,2025-11-17,G3,XLC,T,6.59,-0.1024,-0.1421,-0.0024,-0.0044,0.0487
2025-10-24,2025-10-27,2025-11-17,G3,XLB,CTVA,5.65,-0.0651,-0.1495,-0.0008,-0.0028,0.0388
2025-10-24,2025-10-27,2025-11-17,G3,XLE,EOG,6.49,-0.0845,-0.1483,0.0253,0.0233,0.002
2025-10-24,2025-10-27,2025-11-17,G4,XLY,ROST,5.4,0.0345,-0.0044,-0.0082,0.0062,-0.0431
2025-10-24,2025-10-27,2025-11-17,G4,XLC,WBD,9.65,0.0841,-0.0047,0.0808,-0.0828,-0.1318
2025-10-24,2025-10-27,2025-11-17,G4,XLB,DOW,11.61,0.0806,-0.0092,-0.1578,0.1558,0.1182
2025-10-24,2025-10-27,2025-11-17,G4,XLU,D,8.7,0.0121,-0.0102,0.0115,-0.0135,-0.0342
2025-11-14,2025-11-17,2025-12-09,G1,XLK,MU,0.19,0.2196,-0.0255,0.0433,0.0413,-0.0004
2025-11-14,2025-11-17,2025-12-09,G1,XLV,LLY,0.98,0.279,0.0,-0.0386,-0.0406,-0.0272
2025-11-14,2025-11-17,2025-12-09,G1,XLI,PH,1.88,0.1365,-0.0303,0.0511,0.0491,0.0329
2025-11-14,2025-11-17,2025-12-09,G1,XLC,FOXA,2.36,0.1166,-0.028,0.0891,0.0871,0.0422
2025-11-14,2025-11-17,2025-12-09,G1,XLB,STLD,3.6,0.0887,-0.0493,0.0668,0.0648,0.0512
2025-11-14,2025-11-17,2025-12-09,G1,XLE,HAL,1.96,0.2259,-0.0271,0.0805,0.0785,0.0687
2025-11-14,2025-11-17,2025-12-09,G1,XLP,KVUE,1.87,0.1033,-0.2193,0.048,0.046,0.0321
2025-11-14,2025-11-17,2025-12-09,G1,XLU,SRE,2.53,0.0078,-0.0214,-0.0421,-0.0441,0.0033
2025-11-14,2025-11-17,2025-12-09,G2,XLK,ORCL,1.28,-0.235,-0.3201,0.0076,-0.0096,0.0361
2025-11-14,2025-11-17,2025-12-09,G2,XLY,CMG,-1.68,-0.2458,-0.2766,0.1048,-0.1068,-0.0732
2025-11-14,2025-11-17,2025-12-09,G2,XLV,UNH,0.16,-0.0974,-0.1299,0.0164,-0.0184,-0.0279
2025-11-14,2025-11-17,2025-12-09,G2,XLI,ADP,3.99,-0.1002,-0.1739,0.0292,-0.0312,-0.011
2025-11-14,2025-11-17,2025-12-09,G2,XLC,CHTR,-0.39,-0.1977,-0.2817,0.0163,-0.0183,0.0306
2025-11-14,2025-11-17,2025-12-09,G2,XLB,IP,3.96,-0.1882,-0.2389,0.0243,-0.0263,-0.0087
2025-11-14,2025-11-17,2025-12-09,G2,XLP,KMB,0.19,-0.1434,-0.2131,0.0046,-0.0066,0.0113
2025-11-14,2025-11-17,2025-12-09,G2,XLU,VST,2.32,-0.1324,-0.1984,-0.0582,0.0562,0.0129
2025-11-14,2025-11-17,2025-12-09,G3,XLY,DASH,5.88,-0.2133,-0.2654,0.0918,0.0898,0.0602
2025-11-14,2025-11-17,2025-12-09,G3,XLI,ETN,5.52,-0.0534,-0.0887,-0.0029,-0.0049,-0.0211
2025-11-14,2025-11-17,2025-12-09,G3,XLC,LYV,5.57,-0.1246,-0.2195,0.0502,0.0482,0.0034
2025-11-14,2025-11-17,2025-12-09,G3,XLB,PPG,6.29,-0.0376,-0.1446,0.0427,0.0407,0.0271
2025-11-14,2025-11-17,2025-12-09,G3,XLP,CHD,8.31,-0.0462,-0.1191,-0.0047,-0.0067,-0.0206
2025-11-14,2025-11-17,2025-12-09,G3,XLU,SO,6.39,-0.0727,-0.0906,-0.0562,-0.0582,-0.0109
2025-11-14,2025-11-17,2025-12-09,G4,XLY,GM,5.52,0.2079,-0.0191,0.1385,-0.1405,-0.1068
2025-11-14,2025-11-17,2025-12-09,G4,XLV,MRK,5.47,0.0959,-0.0001,0.0434,-0.0454,-0.0549
2025-11-14,2025-11-17,2025-12-09,G4,XLI,MMM,6.96,0.1026,-0.0192,-0.0018,-0.0002,0.02
2025-11-14,2025-11-17,2025-12-09,G4,XLC,WBD,5.34,0.2661,-0.0009,0.2427,-0.2447,-0.1959
2025-11-14,2025-11-17,2025-12-09,G4,XLB,IFF,6.22,0.0334,-0.0245,-0.0091,0.0071,0.0246
2025-11-14,2025-11-17,2025-12-09,G4,XLE,MPC,5.31,0.0841,-0.0007,-0.0218,0.0198,0.0336
2025-11-14,2025-11-17,2025-12-09,G4,XLU,AEP,6.62,0.0402,-0.0117,-0.0618,0.0598,0.0165
2025-12-08,2025-12-09,2025-12-31,G1,XLK,AMAT,1.63,0.1678,-0.0048,-0.038,-0.04,-0.0121
2025-12-08,2025-12-09,2025-12-31,G1,XLY,ROST,3.43,0.1062,0.0,0.0176,0.0156,0.0035
2025-12-08,2025-12-09,2025-12-31,G1,XLV,MRK,3.57,0.1466,-0.0637,0.0957,0.0937,0.059
2025-12-08,2025-12-09,2025-12-31,G1,XLI,GEV,2.55,0.0813,-0.0402,0.0452,0.0432,0.0296
2025-12-08,2025-12-09,2025-12-31,G1,XLC,GOOGL,2.76,0.1259,-0.0294,-0.0129,-0.0149,-0.0276
2025-12-08,2025-12-09,2025-12-31,G1,XLB,FCX,2.45,0.1304,-0.0105,0.1337,0.1317,0.0831
2025-12-08,2025-12-09,2025-12-31,G1,XLE,FANG,3.86,0.1041,-0.0125,-0.0496,-0.0516,-0.0362
2025-12-08,2025-12-09,2025-12-31,G1,XLP,KDP,-1.59,0.1171,-0.0079,-0.0361,-0.0381,-0.0401
2025-12-08,2025-12-09,2025-12-31,G2,XLK,ORCL,0.74,-0.0782,-0.3268,-0.1202,0.1182,0.0943
2025-12-08,2025-12-09,2025-12-31,G2,XLY,AMZN,3.0,-0.0717,-0.1067,0.0127,-0.0147,0.0014
2025-12-08,2025-12-09,2025-12-31,G2,XLV,MCK,3.18,-0.0626,-0.1019,0.0318,-0.0338,0.0049
2025-12-08,2025-12-09,2025-12-31,G2,XLI,ETN,3.86,-0.0813,-0.112,-0.068,0.066,0.0836
2025-12-08,2025-12-09,2025-12-31,G2,XLC,NFLX,2.01,-0.123,-0.2203,-0.0305,0.0285,0.0452
2025-12-08,2025-12-09,2025-12-31,G2,XLB,PKG,2.57,-0.0187,-0.097,0.0729,-0.0749,-0.0223
2025-12-08,2025-12-09,2025-12-31,G2,XLE,MPC,3.74,-0.0162,-0.0475,-0.1473,0.1453,0.134
2025-12-08,2025-12-09,2025-12-31,G2,XLP,MDLZ,3.99,-0.0423,-0.1427,0.004,-0.006,0.0
2025-12-08,2025-12-09,2025-12-31,G2,XLU,VST,1.99,-0.1303,-0.2377,-0.0198,0.0178,0.0258
2025-12-08,2025-12-09,2025-12-31,G3,XLY,LOW,5.25,0.05,-0.0958,-0.0062,-0.0082,-0.0203
2025-12-08,2025-12-09,2025-12-31,G3,XLV,ABT,5.49,-0.0338,-0.1024,0.0333,0.0313,-0.0034
2025-12-08,2025-12-09,2025-12-31,G3,XLC,NWSA,5.54,-0.0371,-0.1708,0.0066,0.0046,-0.0082
2025-12-08,2025-12-09,2025-12-31,G3,XLB,LYB,5.43,0.0111,-0.1873,0.0122,0.0102,-0.0384
2025-12-08,2025-12-09,2025-12-31,G3,XLP,PG,5.52,-0.0588,-0.1311,0.0264,0.0244,0.0223
2025-12-08,2025-12-09,2025-12-31,G3,XLU,PCG,5.04,-0.0951,-0.1112,0.0754,0.0734,0.0693
2025-12-08,2025-12-09,2025-12-31,G4,XLV,BMY,6.08,0.1067,-0.0092,0.065,-0.067,-0.0283
2025-12-08,2025-12-09,2025-12-31,G4,XLI,UNP,5.34,0.0692,-0.0025,-0.001,-0.001,0.0166
2025-12-08,2025-12-09,2025-12-31,G4,XLC,WBD,11.67,0.2011,0.0,0.0198,-0.0218,-0.0051
2025-12-08,2025-12-09,2025-12-31,G4,XLE,OKE,7.6,0.1,-0.0185,-0.0195,0.0175,0.0062
2025-12-30,2025-12-31,2026-01-23,G1,XLK,MU,0.15,0.2175,-0.0059,0.4003,0.3983,0.3925
2025-12-30,2025-12-31,2026-01-23,G1,XLY,ABNB,2.68,0.1524,-0.0003,-0.0263,-0.0283,-0.0575
2025-12-30,2025-12-31,2026-01-23,G1,XLV,ELV,1.21,0.0634,-0.0329,0.0585,0.0565,0.0412
2025-12-30,2025-12-31,2026-01-23,G1,XLI,BA,3.96,0.1718,-0.0303,0.1613,0.1593,0.1027
2025-12-30,2025-12-31,2026-01-23,G1,XLC,WBD,-0.06,0.2124,-0.0347,-0.0083,-0.0103,-0.0019
2025-12-30,2025-12-31,2026-01-23,G1,XLB,FCX,-0.35,0.1936,-0.0307,0.1924,0.1904,0.0905
2025-12-30,2025-12-31,2026-01-23,G1,XLE,HAL,2.28,0.0766,-0.0216,0.2013,0.1993,0.1011
2025-12-30,2025-12-31,2026-01-23,G1,XLP,TGT,1.26,0.0664,-0.0213,0.1059,0.1039,0.0386
2025-12-30,2025-12-31,2026-01-23,G1,XLU,PCG,-1.85,0.0152,-0.0434,-0.0697,-0.0717,-0.0666
2025-12-30,2025-12-31,2026-01-23,G2,XLK,AVGO,1.81,-0.0921,-0.1512,-0.0753,0.0733,0.083
2025-12-30,2025-12-31,2026-01-23,G2,XLY,AZO,2.41,-0.1389,-0.1858,0.091,-0.093,-0.0598
2025-12-30,2025-12-31,2026-01-23,G2,XLV,MDT,1.98,-0.0578,-0.0757,0.0502,-0.0522,-0.0329
2025-12-30,2025-12-31,2026-01-23,G2,XLI,UBER,1.86,-0.0514,-0.1796,0.0073,-0.0093,0.0513
2025-12-30,2025-12-31,2026-01-23,G2,XLC,NFLX,1.44,-0.1407,-0.2445,-0.0815,0.0795,0.075
2025-12-30,2025-12-31,2026-01-23,G2,XLB,APD,3.82,-0.0462,-0.0817,0.0657,-0.0677,0.0361
2025-12-30,2025-12-31,2026-01-23,G2,XLE,EQT,3.38,-0.0973,-0.1069,0.0358,-0.0378,0.0644
2025-12-30,2025-12-31,2026-01-23,G2,XLP,KR,1.99,-0.0721,-0.0887,0.0283,-0.0303,0.039
2025-12-30,2025-12-31,2026-01-23,G2,XLU,VST,0.83,-0.0622,-0.2277,-0.0075,0.0055,0.0045
2025-12-30,2025-12-31,2026-01-23,G3,XLY,HD,5.98,-0.0245,-0.1105,0.1153,0.1133,0.0841
2025-12-30,2025-12-31,2026-01-23,G3,XLI,ETN,5.1,-0.0555,-0.1702,0.0399,0.0379,-0.0188
2025-12-30,2025-12-31,2026-01-23,G3,XLB,LYB,5.5,-0.0889,-0.0889,0.1776,0.1756,0.0757
2025-12-30,2025-12-31,2026-01-23,G3,XLU,SO,5.43,-0.0162,-0.1146,0.0039,0.0019,0.0069
2025-12-30,2025-12-31,2026-01-23,G4,XLK,INTU,5.8,0.0606,-0.0198,-0.1471,0.1451,0.1548
2025-12-30,2025-12-31,2026-01-23,G4,XLY,TJX,5.03,0.0279,-0.0123,-0.0024,0.0004,0.0336
2025-12-30,2025-12-31,2026-01-23,G4,XLB,CTVA,8.57,0.0125,-0.0041,0.0697,-0.0717,0.0322
2025-12-30,2025-12-31,2026-01-23,G4,XLE,TRGP,6.64,0.0507,-0.0005,0.0379,-0.0399,0.0623
2025-12-30,2025-12-31,2026-01-23,G4,XLP,MNST,6.11,0.0192,-0.0033,0.0695,-0.0715,-0.0022
2026-01-22,2026-01-23,2026-02-13,G1,XLK,MU,-0.19,0.438,0.0,0.0301,0.0281,0.0682
2026-01-22,2026-01-23,2026-02-13,G1,XLY,NKE,1.96,0.144,-0.0395,-0.0294,-0.0314,0.0271
2026-01-22,2026-01-23,2026-02-13,G1,XLV,TMO,3.28,0.1107,0.0,-0.1936,-0.1956,-0.1948
2026-01-22,2026-01-23,2026-02-13,G1,XLI,LMT,2.36,0.2282,0.0,0.1045,0.1025,0.0439
2026-01-22,2026-01-23,2026-02-13,G1,XLC,GOOGL,2.44,0.067,-0.0162,-0.0677,-0.0697,-0.0474
2026-01-22,2026-01-23,2026-02-13,G1,XLB,FCX,-1.48,0.165,-0.0286,0.0402,0.0382,-0.0266
2026-01-22,2026-01-23,2026-02-13,G1,XLE,SLB,1.06,0.2867,0.0,0.0313,0.0293,-0.0736
2026-01-22,2026-01-23,2026-02-13,G1,XLP,ADM,3.59,0.1602,-0.0086,0.0296,0.0276,-0.05
2026-01-22,2026-01-23,2026-02-13,G1,XLU,NEE,3.37,0.0628,-0.0141,0.106,0.104,0.0134
2026-01-22,2026-01-23,2026-02-13,G2,XLK,INTU,2.34,-0.1874,-0.1971,-0.2918,0.2898,0.2537
2026-01-22,2026-01-23,2026-02-13,G2,XLV,ISRG,1.43,-0.0932,-0.1131,-0.0728,0.0708,0.074
2026-01-22,2026-01-23,2026-02-13,G2,XLC,NFLX,0.71,-0.1039,-0.2783,-0.1074,0.1054,0.0871
2026-01-22,2026-01-23,2026-02-13,G2,XLP,GIS,2.95,-0.0482,-0.0738,0.0848,-0.0868,-0.0052
2026-01-22,2026-01-23,2026-02-13,G2,XLU,CEG,2.34,-0.1969,-0.2834,-0.0022,0.0002,0.0948
2026-01-22,2026-01-23,2026-02-13,G3,XLI,TT,5.09,0.0007,-0.1304,0.2047,0.2027,0.1441
2026-01-22,2026-01-23,2026-02-13,G3,XLC,LYV,5.46,-0.0255,-0.0981,0.0769,0.0749,0.0972
2026-01-22,2026-01-23,2026-02-13,G3,XLU,PCG,5.83,-0.0521,-0.0989,0.2147,0.2127,0.1221
2026-01-22,2026-01-23,2026-02-13,G4,XLY,HLT,6.26,0.0115,-0.0197,0.0554,-0.0574,-0.1118
2026-01-22,2026-01-23,2026-02-13,G4,XLV,MRK,5.78,0.0426,-0.0174,0.1223,-0.1243,-0.1211
2026-01-22,2026-01-23,2026-02-13,G4,XLI,CTAS,5.54,0.0056,-0.0128,0.0048,-0.0068,0.0558
2026-01-22,2026-01-23,2026-02-13,G4,XLB,LYB,9.28,0.1821,-0.0088,0.1298,-0.1318,-0.063
2026-01-22,2026-01-23,2026-02-13,G4,XLP,MNST,6.43,0.0416,-0.0087,-0.0063,0.0043,0.0859
2026-01-22,2026-01-23,2026-02-13,G4,XLU,ED,7.06,0.0468,-0.0178,0.0948,-0.0968,-0.0023
2026-02-12,2026-02-13,2026-03-09,G1,XLK,MU,1.48,0.2418,-0.0544,-0.0543,-0.0563,-0.0557
2026-02-12,2026-02-13,2026-03-09,G1,XLY,RCL,3.74,0.1914,-0.0438,-0.0861,-0.0881,-0.0724
2026-02-12,2026-02-13,2026-03-09,G1,XLV,AMGN,2.8,0.1132,-0.0471,0.0211,0.0191,0.0427
2026-02-12,2026-02-13,2026-03-09,G1,XLI,GEV,2.95,0.2676,-0.0086,0.0349,0.0329,0.0534
2026-02-12,2026-02-13,2026-03-09,G1,XLC,TMUS,3.09,0.118,-0.0004,-0.0043,-0.0063,-0.0304
2026-02-12,2026-02-13,2026-03-09,G1,XLB,SW,3.0,0.2031,0.0,-0.1764,-0.1784,-0.1142
2026-02-12,2026-02-13,2026-03-09,G1,XLE,BKR,2.67,0.2283,0.0,-0.0143,-0.0163,-0.0505
2026-02-12,2026-02-13,2026-03-09,G1,XLP,WMT,3.19,0.1133,0.0,-0.0713,-0.0733,-0.0318
2026-02-12,2026-02-13,2026-03-09,G1,XLU,NRG,1.06,0.0833,-0.0488,-0.0982,-0.1002,-0.1058
2026-02-12,2026-02-13,2026-03-09,G2,XLK,INTU,2.04,-0.2976,-0.4107,0.186,-0.188,-0.1845
2026-02-12,2026-02-13,2026-03-09,G2,XLY,DASH,3.03,-0.2439,-0.314,0.1013,-0.1033,-0.115
2026-02-12,2026-02-13,2026-03-09,G2,XLV,BSX,2.34,-0.2093,-0.2716,-0.0379,0.0359,0.0162
2026-02-12,2026-02-13,2026-03-09,G2,XLI,UBER,1.82,-0.1587,-0.2306,0.055,-0.057,-0.0736
2026-02-12,2026-02-13,2026-03-09,G2,XLC,FOXA,3.14,-0.2279,-0.2586,0.0568,-0.0588,-0.0308
2026-02-12,2026-02-13,2026-03-09,G2,XLU,CEG,1.73,-0.1642,-0.2707,0.1213,-0.1233,-0.1138
2026-02-12,2026-02-13,2026-03-09,G3,XLK,IBM,5.28,-0.1554,-0.1707,-0.0345,-0.0365,-0.0359
2026-02-12,2026-02-13,2026-03-09,G3,XLY,BKNG,5.18,-0.1982,-0.2427,0.0749,0.0729,0.0886
2026-02-12,2026-02-13,2026-03-09,G3,XLV,TMO,6.41,-0.1801,-0.2027,0.0102,0.0082,0.0318
2026-02-12,2026-02-13,2026-03-09,G3,XLI,ADP,5.88,-0.1878,-0.211,0.0515,0.0495,0.0701
2026-02-12,2026-02-13,2026-03-09,G3,XLC,OMC,5.27,-0.161,-0.1785,0.2172,0.2152,0.1912
2026-02-12,2026-02-13,2026-03-09,G4,XLY,F,7.25,0.0116,-0.0278,-0.1367,0.1347,0.123
2026-02-12,2026-02-13,2026-03-09,G4,XLV,PFE,5.78,0.0919,-0.0094,-0.0279,0.0259,0.0063
2026-02-12,2026-02-13,2026-03-09,G4,XLI,WM,6.63,0.0559,-0.0156,0.0511,-0.0531,-0.0697
2026-02-12,2026-02-13,2026-03-09,G4,XLC,CMCSA,12.14,0.1196,-0.0203,-0.0168,0.0148,0.0428
2026-02-12,2026-02-13,2026-03-09,G4,XLB,LYB,8.32,0.1112,-0.0284,0.174,-0.176,-0.2362
2026-02-12,2026-02-13,2026-03-09,G4,XLP,GIS,7.31,0.0649,-0.0088,-0.1022,0.1002,0.0626
2026-02-12,2026-02-13,2026-03-09,G4,XLU,AEE,8.51,0.0663,0.0,0.0017,-0.0037,0.0058
2026-03-06,2026-03-09,2026-03-30,G1,XLY,ROST,3.78,0.119,-0.0143,-0.0137,-0.0157,0.0623
2026-03-06,2026-03-09,2026-03-30,G1,XLV,PFE,3.47,0.0211,-0.0245,0.0358,0.0338,0.0997
2026-03-06,2026-03-09,2026-03-30,G1,XLI,LMT,1.26,0.1086,-0.0073,-0.0987,-0.1007,-0.0175
2026-03-06,2026-03-09,2026-03-30,G1,XLC,OMC,1.34,0.2287,-0.0101,-0.0943,-0.0963,-0.0155
2026-03-06,2026-03-09,2026-03-30,G1,XLB,CTVA,2.89,0.0643,-0.0442,0.0594,0.0574,0.073
2026-03-06,2026-03-09,2026-03-30,G1,XLE,OXY,0.25,0.2018,-0.0004,0.2096,0.2076,0.1023
2026-03-06,2026-03-09,2026-03-30,G1,XLP,KR,2.88,0.1172,0.0,0.0048,0.0028,0.047
2026-03-06,2026-03-09,2026-03-30,G1,XLU,CEG,3.66,0.2914,-0.1573,-0.0755,-0.0775,-0.0625
2026-03-06,2026-03-09,2026-03-30,G2,XLK,MU,3.78,-0.0329,-0.1542,-0.1731,0.1711,0.0865
2026-03-06,2026-03-09,2026-03-30,G2,XLY,GM,2.61,-0.095,-0.1273,-0.0258,0.0238,-0.0502
2026-03-06,2026-03-09,2026-03-30,G2,XLV,ELV,3.21,-0.1282,-0.2416,0.0207,-0.0227,-0.0845
2026-03-06,2026-03-09,2026-03-30,G2,XLI,MMM,3.55,-0.0665,-0.1175,-0.0601,0.0581,-0.0212
2026-03-06,2026-03-09,2026-03-30,G2,XLC,DIS,3.45,-0.0327,-0.1237,-0.0722,0.0702,-0.0065
2026-03-06,2026-03-09,2026-03-30,G2,XLB,VMC,1.28,-0.1151,-0.1676,-0.0269,0.0249,0.0133
2026-03-06,2026-03-09,2026-03-30,G2,XLE,SLB,1.99,-0.0471,-0.0955,0.092,-0.094,0.0154
2026-03-06,2026-03-09,2026-03-30,G3,XLK,AMD,5.01,-0.0004,-0.259,-0.0328,-0.0348,0.0538
2026-03-06,2026-03-09,2026-03-30,G3,XLY,DASH,5.9,-0.0255,-0.2372,-0.1618,-0.1638,-0.0858
2026-03-06,2026-03-09,2026-03-30,G3,XLV,TMO,5.06,-0.0745,-0.215,-0.0577,-0.0597,0.0061
2026-03-06,2026-03-09,2026-03-30,G3,XLI,ADP,5.57,-0.0331,-0.1498,-0.0712,-0.0732,0.0101
2026-03-06,2026-03-09,2026-03-30,G3,XLC,FOX,7.45,-0.0769,-0.1942,-0.0048,-0.0068,0.0739
2026-03-06,2026-03-09,2026-03-30,G3,XLB,PPG,6.73,-0.1375,-0.1843,-0.0409,-0.0429,-0.0273
2026-03-06,2026-03-09,2026-03-30,G3,XLP,MNST,6.27,-0.0751,-0.1275,-0.0582,-0.0602,-0.016
2026-03-06,2026-03-09,2026-03-30,G3,XLU,VST,5.02,0.1089,-0.1195,-0.097,-0.099,-0.084
2026-03-06,2026-03-09,2026-03-30,G4,XLV,ABBV,5.03,0.0506,-0.0257,-0.063,0.061,-0.0008
2026-03-06,2026-03-09,2026-03-30,G4,XLB,LYB,9.36,0.2607,0.0,0.2329,-0.2349,-0.2465
2026-03-06,2026-03-09,2026-03-30,G4,XLU,PPL,6.58,0.0807,-0.011,-0.0001,-0.0019,-0.0129
2026-03-27,2026-03-30,2026-04-21,G1,XLB,LYB,1.55,0.4156,0.0,-0.133,-0.135,-0.1876
2026-03-27,2026-03-30,2026-04-21,G1,XLE,MPC,2.45,0.2709,0.0,-0.1012,-0.1032,-0.0029
2026-03-27,2026-03-30,2026-04-21,G1,XLP,KR,1.8,0.073,-0.0315,-0.0666,-0.0686,-0.0661
2026-03-27,2026-03-30,2026-04-21,G2,XLK,MU,2.88,-0.1337,-0.2263,0.3965,-0.3985,-0.1832
2026-03-27,2026-03-30,2026-04-21,G2,XLY,AZO,2.43,-0.1169,-0.1457,0.0789,-0.0809,0.0471
2026-03-27,2026-03-30,2026-04-21,G2,XLV,LLY,3.0,-0.1652,-0.2061,0.0185,-0.0205,-0.0039
2026-03-27,2026-03-30,2026-04-21,G2,XLI,NOC,2.02,-0.0626,-0.1159,-0.09,0.088,0.1847
2026-03-27,2026-03-30,2026-04-21,G2,XLC,TTWO,3.44,-0.103,-0.2628,0.1273,-0.1293,-0.042
2026-03-27,2026-03-30,2026-04-21,G2,XLB,NEM,1.89,-0.213,-0.2247,0.0599,-0.0619,-0.0053
2026-03-27,2026-03-30,2026-04-21,G2,XLP,CHD,3.88,-0.097,-0.1004,-0.0075,0.0055,0.007
2026-03-27,2026-03-30,2026-04-21,G2,XLU,NRG,2.14,-0.1745,-0.1972,0.0611,-0.0631,-0.0822
2026-03-27,2026-03-30,2026-04-21,G3,XLK,CRM,6.27,-0.0795,-0.3262,0.0138,0.0118,-0.1995
2026-03-27,2026-03-30,2026-04-21,G3,XLY,DASH,5.34,-0.1693,-0.364,0.2327,0.2307,0.1067
2026-03-27,2026-03-30,2026-04-21,G3,XLV,TMO,5.26,-0.0907,-0.259,0.0927,0.0907,0.0781
2026-03-27,2026-03-30,2026-04-21,G3,XLI,ADP,7.61,-0.0534,-0.2372,-0.0127,-0.0147,-0.1073
2026-03-27,2026-03-30,2026-04-21,G3,XLC,META,5.81,-0.1882,-0.2873,0.247,0.245,0.1617
2026-03-27,2026-03-30,2026-04-21,G3,XLB,PPG,5.1,-0.1578,-0.2063,0.0684,0.0664,0.0138
2026-03-27,2026-03-30,2026-04-21,G3,XLP,MNST,6.02,-0.1579,-0.1711,0.0554,0.0534,0.0559
2026-03-27,2026-03-30,2026-04-21,G3,XLU,PCG,6.57,-0.0963,-0.1015,-0.0258,-0.0278,-0.0047
2026-03-27,2026-03-30,2026-04-21,G4,XLY,ROST,6.3,0.0316,-0.0201,0.0805,-0.0825,0.0455
2026-03-27,2026-03-30,2026-04-21,G4,XLC,VZ,7.66,0.0034,-0.0208,-0.0663,0.0643,0.1515
2026-03-27,2026-03-30,2026-04-21,G4,XLE,KMI,5.28,0.0228,-0.0012,-0.0618,0.0598,-0.0365
2026-03-27,2026-03-30,2026-04-21,G4,XLP,TGT,5.52,0.0532,-0.0079,0.1121,-0.1141,-0.1126
2026-03-27,2026-03-30,2026-04-21,G4,XLU,SRE,6.12,0.0029,0.0,-0.0355,0.0335,0.0144
2026-04-20,2026-04-21,2026-05-12,G1,XLK,AMD,1.6,0.3657,-0.0124,0.5758,0.5738,0.4432
2026-04-20,2026-04-21,2026-05-12,G1,XLY,AMZN,2.01,0.2089,-0.0091,0.0637,0.0617,0.0694
2026-04-20,2026-04-21,2026-05-12,G1,XLV,UNH,3.9,0.1738,-0.085,0.1456,0.1436,0.1461
2026-04-20,2026-04-21,2026-05-12,G1,XLI,CAT,2.48,0.1748,0.0,0.1395,0.1375,0.1226
2026-04-20,2026-04-21,2026-05-12,G1,XLC,MTCH,1.11,0.1699,0.0,-0.0159,-0.0179,-0.0048
2026-04-20,2026-04-21,2026-05-12,G1,XLB,FCX,1.23,0.3503,-0.0004,-0.0228,-0.0248,-0.0299
2026-04-20,2026-04-21,2026-05-12,G1,XLE,SLB,1.79,0.1195,-0.0243,0.0544,0.0524,0.024
2026-04-20,2026-04-21,2026-05-12,G1,XLP,TGT,0.99,0.1494,0.0,-0.078,-0.08,-0.1097
2026-04-20,2026-04-21,2026-05-12,G1,XLU,ETR,2.25,0.1377,-0.0322,0.0207,0.0187,0.0154
2026-04-20,2026-04-21,2026-05-12,G2,XLK,INTU,1.47,-0.1086,-0.28,-0.0423,0.0403,0.1749
2026-04-20,2026-04-21,2026-05-12,G2,XLY,NKE,2.14,-0.1125,-0.2869,-0.0871,0.0851,0.0814
2026-04-20,2026-04-21,2026-05-12,G2,XLV,ABT,3.24,-0.084,-0.1697,-0.0903,0.0883,0.0898
2026-04-20,2026-04-21,2026-05-12,G2,XLI,LMT,1.05,-0.0736,-0.141,-0.0891,0.0871,0.1061
2026-04-20,2026-04-21,2026-05-12,G2,XLC,TMUS,3.24,-0.0485,-0.1048,-0.0107,0.0087,-0.0004
2026-04-20,2026-04-21,2026-05-12,G2,XLE,EQT,0.78,-0.1186,-0.1609,-0.0183,0.0163,0.0487
2026-04-20,2026-04-21,2026-05-12,G2,XLP,KR,3.25,-0.0725,-0.102,-0.0609,0.0589,0.0927
2026-04-20,2026-04-21,2026-05-12,G3,XLY,F,5.18,0.1172,-0.1081,-0.05,-0.052,-0.0443
2026-04-20,2026-04-21,2026-05-12,G3,XLV,BSX,5.96,-0.1222,-0.3497,-0.0911,-0.0931,-0.0906
2026-04-20,2026-04-21,2026-05-12,G3,XLC,FOX,5.47,0.1113,-0.1108,0.0319,0.0299,0.043
2026-04-20,2026-04-21,2026-05-12,G3,XLB,MLM,5.65,0.1189,-0.113,-0.0543,-0.0563,-0.0614
2026-04-20,2026-04-21,2026-05-12,G3,XLP,GIS,5.89,-0.0307,-0.268,-0.0262,-0.0282,-0.058
2026-04-20,2026-04-21,2026-05-12,G4,XLY,ROST,5.92,0.0808,0.0,-0.0351,0.0331,0.0294
2026-04-20,2026-04-21,2026-05-12,G4,XLI,PH,5.13,0.1141,-0.026,-0.0919,0.0899,0.1088
2026-04-20,2026-04-21,2026-05-12,G4,XLU,PPL,8.73,0.0596,-0.0271,-0.0487,0.0467,0.054
2026-05-11,2026-05-12,2026-06-03,G1,XLK,MU,-1.53,0.8645,0.0,0.4083,0.4063,0.2883
2026-05-11,2026-05-12,2026-06-03,G1,XLY,TSLA,-0.15,0.2627,0.0,-0.0225,-0.0245,-0.0093
2026-05-11,2026-05-12,2026-06-03,G1,XLV,UNH,1.85,0.2282,0.0,-0.0489,-0.0509,-0.0606
2026-05-11,2026-05-12,2026-06-03,G1,XLI,CAT,3.27,0.1728,-0.0002,0.0154,0.0134,0.0171
2026-05-11,2026-05-12,2026-06-03,G1,XLC,GOOGL,2.22,0.2095,-0.0303,-0.0732,-0.0752,-0.0406
2026-05-11,2026-05-12,2026-06-03,G1,XLB,NUE,2.62,0.2232,-0.0095,0.1214,0.1194,0.1312
2026-05-11,2026-05-12,2026-06-03,G1,XLE,MPC,-0.19,0.1207,-0.0308,0.0644,0.0624,0.0446
2026-05-11,2026-05-12,2026-06-03,G1,XLP,MNST,-1.34,0.1495,-0.0029,0.0369,0.0349,0.0639
2026-05-11,2026-05-12,2026-06-03,G1,XLU,XEL,1.81,0.0019,-0.0323,-0.0314,-0.0334,0.0013
2026-05-11,2026-05-12,2026-06-03,G2,XLK,APH,3.65,-0.1569,-0.1985,0.1545,-0.1565,-0.0344
2026-05-11,2026-05-12,2026-06-03,G2,XLY,MCD,-1.2,-0.0982,-0.1904,0.0011,-0.0031,-0.0143
2026-05-11,2026-05-12,2026-06-03,G2,XLV,SYK,3.58,-0.1862,-0.2687,0.0019,-0.0039,0.0098
2026-05-11,2026-05-12,2026-06-03,G2,XLI,NOC,0.87,-0.1954,-0.2862,-0.0536,0.0516,0.0519
2026-05-11,2026-05-12,2026-06-03,G2,XLC,CHTR,1.24,-0.3469,-0.396,-0.1278,0.1258,0.0952
2026-05-11,2026-05-12,2026-06-03,G2,XLB,ECL,2.29,-0.0876,-0.1835,0.0158,-0.0178,-0.0256
2026-05-11,2026-05-12,2026-06-03,G2,XLE,COP,1.11,-0.0583,-0.13,0.01,-0.012,0.0098
2026-05-11,2026-05-12,2026-06-03,G2,XLP,KR,3.41,-0.0475,-0.1429,-0.0475,0.0455,0.0205
2026-05-11,2026-05-12,2026-06-03,G2,XLU,NRG,2.88,-0.191,-0.2516,-0.0261,0.0241,-0.0067
2026-05-11,2026-05-12,2026-06-03,G3,XLY,F,7.46,-0.009,-0.1649,0.3103,0.3083,0.3234
2026-05-11,2026-05-12,2026-06-03,G3,XLV,MRK,5.69,-0.0738,-0.0966,0.0207,0.0187,0.0091
2026-05-11,2026-05-12,2026-06-03,G3,XLI,CTAS,6.58,-0.0627,-0.1949,0.0591,0.0571,0.0608
2026-05-11,2026-05-12,2026-06-03,G3,XLC,OMC,7.93,-0.0112,-0.1154,-0.0302,-0.0322,0.0024
2026-05-11,2026-05-12,2026-06-03,G3,XLB,IP,7.15,-0.1141,-0.3321,0.0313,0.0293,0.0411
2026-05-11,2026-05-12,2026-06-03,G3,XLP,GIS,5.15,-0.022,-0.289,-0.0574,-0.0594,-0.0304
2026-05-11,2026-05-12,2026-06-03,G3,XLU,PCG,6.24,-0.0862,-0.1493,0.0024,0.0004,0.0351
2026-05-11,2026-05-12,2026-06-03,G4,XLY,SBUX,5.0,0.0847,-0.0066,-0.095,0.093,0.0818
2026-05-11,2026-05-12,2026-06-03,G4,XLI,UNP,5.56,0.0478,-0.0292,-0.0079,0.0059,0.0062
2026-05-11,2026-05-12,2026-06-03,G4,XLB,DD,6.08,0.0727,-0.011,-0.0471,0.0451,0.0373
2026-05-11,2026-05-12,2026-06-03,G4,XLP,KO,5.04,0.0294,-0.0289,-0.0159,0.0139,-0.0111
2026-06-02,2026-06-03,2026-06-25,G1,XLK,MU,-1.02,0.846,0.0,0.1241,0.1221,0.1824
2026-06-02,2026-06-03,2026-06-25,G1,XLY,F,1.91,0.422,-0.074,-0.1018,-0.1038,-0.0748
2026-06-02,2026-06-03,2026-06-25,G1,XLV,LLY,1.53,0.1013,-0.0556,0.0453,0.0433,-0.0141
2026-06-02,2026-06-03,2026-06-25,G1,XLI,GE,2.51,0.1326,-0.027,0.1803,0.1783,0.1198
2026-06-02,2026-06-03,2026-06-25,G1,XLC,TKO,0.66,0.0999,-0.0186,0.0303,0.0283,0.0859
2026-06-02,2026-06-03,2026-06-25,G1,XLB,FCX,0.25,0.2906,0.0,-0.111,-0.113,-0.1188
2026-06-02,2026-06-03,2026-06-25,G1,XLE,MPC,1.5,0.0456,0.0,-0.0511,-0.0531,0.021
2026-06-02,2026-06-03,2026-06-25,G1,XLP,MNST,2.64,0.1734,-0.0112,0.0763,0.0743,0.0475
2026-06-02,2026-06-03,2026-06-25,G2,XLK,INTU,-0.37,-0.2085,-0.3178,-0.181,0.179,0.1227
2026-06-02,2026-06-03,2026-06-25,G2,XLY,DASH,0.27,-0.0905,-0.1731,0.1445,-0.1465,-0.1715
2026-06-02,2026-06-03,2026-06-25,G2,XLV,BSX,2.37,-0.1613,-0.3369,-0.0732,0.0712,0.1326
2026-06-02,2026-06-03,2026-06-25,G2,XLI,GEV,1.18,-0.0971,-0.1565,0.132,-0.134,-0.0716
2026-06-02,2026-06-03,2026-06-25,G2,XLC,CHTR,0.86,-0.1516,-0.4267,0.005,-0.007,-0.0605
2026-06-02,2026-06-03,2026-06-25,G2,XLB,DOW,0.92,-0.1357,-0.1623,-0.172,0.17,0.1799
2026-06-02,2026-06-03,2026-06-25,G2,XLE,DVN,1.62,-0.0983,-0.1123,-0.071,0.069,-0.0011
2026-06-02,2026-06-03,2026-06-25,G2,XLP,WMT,2.35,-0.1309,-0.1575,-0.0095,0.0075,0.0383
2026-06-02,2026-06-03,2026-06-25,G2,XLU,CEG,0.07,-0.1494,-0.1545,0.0054,-0.0074,0.0502
2026-06-02,2026-06-03,2026-06-25,G3,XLY,SBUX,6.01,-0.0848,-0.1059,0.0758,0.0738,0.1028
2026-06-02,2026-06-03,2026-06-25,G3,XLV,VRTX,5.28,-0.0111,-0.1484,0.121,0.119,0.0616
2026-06-02,2026-06-03,2026-06-25,G3,XLC,MTCH,8.75,-0.0747,-0.0866,0.0181,0.0161,0.0736
2026-06-02,2026-06-03,2026-06-25,G3,XLB,MLM,5.32,-0.0423,-0.0906,0.0785,0.0765,0.0707
2026-06-02,2026-06-03,2026-06-25,G3,XLE,WMB,7.35,-0.0544,-0.1019,0.0899,0.0879,0.162
2026-06-02,2026-06-03,2026-06-25,G3,XLU,ED,8.26,-0.0453,-0.0935,0.0704,0.0684,0.0147
2026-06-02,2026-06-03,2026-06-25,G4,XLC,WBD,13.17,0.0082,-0.0227,-0.0007,-0.0013,-0.0548
2026-06-02,2026-06-03,2026-06-25,G4,XLB,PKG,6.41,0.031,-0.0088,0.0815,-0.0835,-0.0737
2026-06-24,2026-06-25,2026-07-17,G1,XLK,AMAT,1.66,0.2948,-0.08,-0.2071,-0.2091,-0.1584
2026-06-24,2026-06-25,2026-07-17,G1,XLY,RCL,2.3,0.2051,0.0,-0.1106,-0.1126,-0.1291
2026-06-24,2026-06-25,2026-07-17,G1,XLV,CVS,-2.22,0.1228,-0.0009,0.0268,0.0248,-0.0082
2026-06-24,2026-06-25,2026-07-17,G1,XLI,GE,2.07,0.1634,0.0,-0.0595,-0.0615,-0.0339
2026-06-24,2026-06-25,2026-07-17,G1,XLC,TTWO,1.52,0.0684,-0.0283,-0.0085,-0.0105,-0.0566
2026-06-24,2026-06-25,2026-07-17,G1,XLB,IP,-2.09,0.1984,0.0,-0.0374,-0.0394,-0.0121
2026-06-24,2026-06-25,2026-07-17,G1,XLE,WMB,-0.5,0.0012,-0.0374,-0.0535,-0.0555,-0.1199
2026-06-24,2026-06-25,2026-07-17,G1,XLP,TGT,-0.34,0.1257,0.0,0.0002,-0.0018,-0.0147
2026-06-24,2026-06-25,2026-07-17,G1,XLU,DTE,-0.52,0.0531,0.0,-0.0302,-0.0322,-0.0154
2026-06-24,2026-06-25,2026-07-17,G2,XLK,ORCL,1.42,-0.184,-0.3652,-0.168,0.166,0.1193
2026-06-24,2026-06-25,2026-07-17,G2,XLY,TSLA,1.11,-0.1339,-0.1566,0.0152,-0.0172,0.0032
2026-06-24,2026-06-25,2026-07-17,G2,XLV,BSX,1.67,-0.2287,-0.3232,-0.0038,0.0018,0.0389
2026-06-24,2026-06-25,2026-07-17,G2,XLI,NOC,2.26,-0.0926,-0.2808,0.0445,-0.0465,-0.0701
2026-06-24,2026-06-25,2026-07-17,G2,XLC,FOX,3.9,-0.2188,-0.2606,0.1631,-0.1651,-0.1151
2026-06-24,2026-06-25,2026-07-17,G2,XLB,LYB,3.4,-0.1783,-0.3116,0.0596,-0.0616,-0.0849
2026-06-24,2026-06-25,2026-07-17,G2,XLE,SLB,3.49,-0.1919,-0.1965,-0.0091,0.0071,0.0754
2026-06-24,2026-06-25,2026-07-17,G2,XLP,KR,2.41,-0.094,-0.2025,0.0182,-0.0202,-0.0033
2026-06-24,2026-06-25,2026-07-17,G2,XLU,CEG,0.19,-0.1114,-0.1685,-0.0607,0.0587,0.0458
2026-06-24,2026-06-25,2026-07-17,G3,XLV,PFE,7.99,-0.07,-0.1441,0.0583,0.0563,0.0232
2026-06-24,2026-06-25,2026-07-17,G3,XLC,T,6.68,-0.1059,-0.2203,-0.0142,-0.0162,-0.0622
2026-06-24,2026-06-25,2026-07-17,G3,XLB,DD,8.29,-0.0712,-0.0985,-0.0182,-0.0202,0.0071
2026-06-24,2026-06-25,2026-07-17,G3,XLE,HAL,5.29,-0.1713,-0.2079,0.0159,0.0139,-0.0505
2026-06-24,2026-06-25,2026-07-17,G3,XLP,PEP,5.12,-0.0131,-0.0929,-0.0172,-0.0192,-0.0321
2026-06-24,2026-06-25,2026-07-17,G4,XLY,HLT,5.1,0.0606,-0.0194,-0.0565,0.0545,0.0749
2026-06-24,2026-06-25,2026-07-17,G4,XLV,VRTX,5.44,0.0901,0.0,0.0114,-0.0134,0.0237
2026-06-24,2026-06-25,2026-07-17,G4,XLC,WBD,8.6,0.0074,-0.0127,-0.0041,0.0021,0.0521
2026-06-24,2026-06-25,2026-07-17,G4,XLP,KO,5.43,0.0082,-0.0295,0.0142,-0.0162,0.0007
2026-07-16,2026-07-17,2026-08-07,G1,XLK,ADBE,0.39,0.135,-0.1413,0.1179,0.1159,0.0473
2026-07-16,2026-07-17,2026-08-07,G1,XLY,DASH,2.41,0.096,-0.0478,0.1744,0.1724,0.1361
2026-07-16,2026-07-17,2026-08-07,G1,XLV,ABBV,1.3,0.1516,-0.0187,-0.0332,-0.0352,-0.0617
2026-07-16,2026-07-17,2026-08-07,G1,XLI,CTAS,1.73,0.1672,0.0,-0.0068,-0.0088,-0.039
2026-07-16,2026-07-17,2026-08-07,G1,XLC,META,-0.85,0.1072,-0.0246,-0.0835,-0.0855,-0.0889
2026-07-16,2026-07-17,2026-08-07,G1,XLB,AMCR,-2.72,0.0826,-0.0036,0.0892,0.0872,0.0431
2026-07-16,2026-07-17,2026-08-07,G1,XLE,VLO,-0.41,0.2299,-0.0039,-0.0329,-0.0349,-0.0298
2026-07-16,2026-07-17,2026-08-07,G1,XLP,GIS,2.88,0.1445,0.0,-0.0284,-0.0304,-0.0276
2026-07-16,2026-07-17,2026-08-07,G1,XLU,PCG,2.79,0.0502,0.0,0.0081,0.0061,0.0426
2026-07-16,2026-07-17,2026-08-07,G2,XLK,ORCL,1.18,-0.3382,-0.4977,0.163,-0.165,-0.0925
2026-07-16,2026-07-17,2026-08-07,G2,XLY,TJX,1.16,-0.0693,-0.0809,0.0447,-0.0467,-0.0064
2026-07-16,2026-07-17,2026-08-07,G2,XLV,ELV,2.27,-0.0627,-0.1264,0.0565,-0.0585,-0.028
2026-07-16,2026-07-17,2026-08-07,G2,XLI,CAT,2.09,-0.0722,-0.1763,-0.0415,0.0395,0.0737
2026-07-16,2026-07-17,2026-08-07,G2,XLC,TKO,0.7,-0.0762,-0.1441,0.0077,-0.0097,-0.0023
2026-07-16,2026-07-17,2026-08-07,G2,XLB,FCX,1.51,-0.1632,-0.1815,0.1925,-0.1945,-0.1464
2026-07-16,2026-07-17,2026-08-07,G2,XLE,SLB,2.92,-0.1129,-0.1884,0.0753,-0.0773,-0.0785
2026-07-16,2026-07-17,2026-08-07,G2,XLP,KR,1.65,-0.0861,-0.1698,-0.0355,0.0335,0.0347
2026-07-16,2026-07-17,2026-08-07,G2,XLU,CEG,1.07,-0.0606,-0.2188,0.0693,-0.0713,-0.1039
2026-07-16,2026-07-17,2026-08-07,G3,XLB,LYB,7.51,-0.0765,-0.2489,0.0071,0.0051,-0.039
2026-07-16,2026-07-17,2026-08-07,G3,XLE,EXE,5.41,-0.002,-0.1315,0.0534,0.0514,0.0566
2026-07-16,2026-07-17,2026-08-07,G4,XLC,WBD,15.48,0.0259,-0.0069,-0.0033,0.0013,0.0088
2026-08-06,2026-08-07,2026-08-28,G1,XLK,MSFT,2.69,0.3005,0.0,0.029,0.027,0.0411
2026-08-06,2026-08-07,2026-08-28,G1,XLY,ROST,1.11,0.1528,0.0,-0.1045,-0.1065,-0.0824
2026-08-06,2026-08-07,2026-08-28,G1,XLV,ABT,-1.16,0.1518,-0.0004,0.0432,0.0412,0.0101
2026-08-06,2026-08-07,2026-08-28,G1,XLI,MMM,0.98,0.1633,-0.0097,-0.0426,-0.0446,0.0008
2026-08-06,2026-08-07,2026-08-28,G1,XLC,CHTR,0.41,0.1719,0.0,0.0069,0.0049,-0.0088
2026-08-06,2026-08-07,2026-08-28,G1,XLB,NUE,2.1,0.2237,-0.01,-0.0812,-0.0832,-0.0872
2026-08-06,2026-08-07,2026-08-28,G1,XLE,XOM,0.01,0.1264,-0.0474,0.0306,0.0286,-0.0595
2026-08-06,2026-08-07,2026-08-28,G1,XLP,TGT,1.18,0.112,-0.0152,0.0984,0.0964,0.0945
2026-08-06,2026-08-07,2026-08-28,G2,XLK,IBM,1.18,-0.2095,-0.291,0.0,-0.002,-0.0121
2026-08-06,2026-08-07,2026-08-28,G2,XLY,TSLA,-0.13,-0.214,-0.2824,0.0614,-0.0634,-0.0835
2026-08-06,2026-08-07,2026-08-28,G2,XLV,ISRG,1.52,-0.0919,-0.1677,-0.0164,0.0144,0.0495
2026-08-06,2026-08-07,2026-08-28,G2,XLI,CAT,3.4,-0.0851,-0.1938,-0.0498,0.0478,0.0064
2026-08-06,2026-08-07,2026-08-28,G2,XLC,MTCH,3.45,-0.0689,-0.1123,0.1159,-0.1179,-0.1003
2026-08-06,2026-08-07,2026-08-28,G2,XLB,LIN,2.22,-0.0675,-0.1034,-0.001,-0.001,0.007
2026-08-06,2026-08-07,2026-08-28,G2,XLE,WMB,3.05,-0.0489,-0.0895,0.0473,-0.0493,0.0428
2026-08-06,2026-08-07,2026-08-28,G2,XLP,MO,-3.08,-0.0536,-0.0957,0.0044,-0.0064,-0.0005
2026-08-06,2026-08-07,2026-08-28,G2,XLU,NRG,1.87,-0.1495,-0.2001,-0.0593,0.0573,0.0392
2026-08-06,2026-08-07,2026-08-28,G3,XLY,HLT,5.74,-0.0464,-0.0806,0.0138,0.0118,0.036
2026-08-06,2026-08-07,2026-08-28,G3,XLB,LYB,6.03,0.1092,-0.1729,0.0795,0.0775,0.0734
2026-08-06,2026-08-07,2026-08-28,G3,XLU,SRE,6.15,-0.1085,-0.1152,0.0051,0.0031,0.0253
2026-08-27,2026-08-28,2026-09-21,G1,XLK,PLTR,1.24,0.5208,0.0,-0.0172,-0.0192,-0.0677
2026-08-27,2026-08-28,2026-09-21,G1,XLY,ABNB,3.01,0.2125,-0.032,-0.1193,-0.1213,-0.0789
2026-08-27,2026-08-28,2026-09-21,G1,XLV,MRK,3.37,0.1522,-0.0442,0.0137,0.0117,0.0225
2026-08-27,2026-08-28,2026-09-21,G1,XLI,UBER,-0.14,0.0935,-0.0423,-0.1012,-0.1032,-0.0634
2026-08-27,2026-08-28,2026-09-21,G1,XLC,FOX,2.83,0.154,-0.0365,-0.0511,-0.0531,-0.07
2026-08-27,2026-08-28,2026-09-21,G1,XLB,NEM,-1.1,0.3815,-0.0211,-0.0365,-0.0385,0.0244
2026-08-27,2026-08-28,2026-09-21,G1,XLE,MPC,0.18,0.1606,-0.0046,0.091,0.089,0.0886
2026-08-27,2026-08-28,2026-09-21,G1,XLP,TGT,1.41,0.157,-0.0233,-0.0335,-0.0355,0.0015
2026-08-27,2026-08-28,2026-09-21,G1,XLU,CEG,0.57,0.0732,0.0,-0.0529,-0.0549,-0.0115
2026-08-27,2026-08-28,2026-09-21,G2,XLK,AVGO,-1.27,-0.042,-0.2235,-0.0148,0.0128,0.0654
2026-08-27,2026-08-28,2026-09-21,G2,XLY,RCL,0.81,-0.1154,-0.1302,-0.099,0.097,0.0587
2026-08-27,2026-08-28,2026-09-21,G2,XLV,CVS,3.99,-0.1169,-0.1547,-0.0587,0.0567,0.0499
2026-08-27,2026-08-28,2026-09-21,G2,XLI,BA,1.35,-0.0498,-0.1262,-0.0413,0.0393,0.0035
2026-08-27,2026-08-28,2026-09-21,G2,XLC,TTWO,0.81,-0.0583,-0.0983,-0.1082,0.1062,0.1271
2026-08-27,2026-08-28,2026-09-21,G2,XLB,STLD,1.85,-0.066,-0.164,-0.0199,0.0179,-0.041
2026-08-27,2026-08-28,2026-09-21,G2,XLP,WMT,0.88,-0.074,-0.1501,0.0422,-0.0442,-0.0772
2026-08-27,2026-08-28,2026-09-21,G2,XLU,NRG,0.1,-0.143,-0.2313,-0.0706,0.0686,0.0291
2026-08-27,2026-08-28,2026-09-21,G3,XLY,TJX,5.06,-0.1546,-0.2005,-0.0308,-0.0328,0.0096
2026-08-27,2026-08-28,2026-09-21,G3,XLB,CTVA,6.24,-0.0777,-0.0896,-0.0551,-0.0571,0.0059
2026-08-27,2026-08-28,2026-09-21,G3,XLP,ADM,5.27,-0.0125,-0.0884,0.0226,0.0206,0.0576
2026-08-27,2026-08-28,2026-09-21,G3,XLU,CNP,6.07,-0.0623,-0.1225,-0.0319,-0.0339,0.0096
2026-08-27,2026-08-28,2026-09-21,G4,XLC,NWSA,5.18,0.1104,0.0,-0.0378,0.0358,0.0567
2026-08-27,2026-08-28,2026-09-21,G4,XLP,KVUE,16.12,0.0054,-0.021,-0.0672,0.0652,0.0322
2026-09-18,2026-09-21,2026-09-24,G1,XLK,AMD,0.08,0.1925,-0.0363,0.0223,0.0203,0.023
2026-09-18,2026-09-21,2026-09-24,G1,XLY,TSLA,-0.23,0.0555,-0.1435,0.007,0.005,0.0241
2026-09-18,2026-09-21,2026-09-24,G1,XLV,GILD,2.02,0.0524,-0.0052,-0.0058,-0.0078,-0.0109
2026-09-18,2026-09-21,2026-09-24,G1,XLI,DE,1.31,0.1015,-0.0206,0.0149,0.0129,0.0217
2026-09-18,2026-09-21,2026-09-24,G1,XLC,META,0.32,0.2197,-0.0243,0.049,0.047,0.0556
2026-09-18,2026-09-21,2026-09-24,G1,XLB,FCX,0.19,0.0045,-0.1047,-0.0011,-0.0031,-0.0005
2026-09-18,2026-09-21,2026-09-24,G1,XLE,VLO,-0.69,0.2102,0.0,-0.0265,-0.0285,-0.0287
2026-09-18,2026-09-21,2026-09-24,G1,XLP,MO,-0.78,0.0551,-0.0573,0.0051,0.0031,0.0078
2026-09-18,2026-09-21,2026-09-24,G2,XLK,INTU,0.72,-0.1622,-0.1804,-0.0887,0.0867,0.088
2026-09-18,2026-09-21,2026-09-24,G2,XLY,BKNG,2.64,-0.198,-0.2151,-0.0659,0.0639,0.0489
2026-09-18,2026-09-21,2026-09-24,G2,XLV,SYK,1.1,-0.1605,-0.219,-0.0162,0.0142,0.0213
2026-09-18,2026-09-21,2026-09-24,G2,XLI,UBER,1.69,-0.1025,-0.1226,-0.0229,0.0209,0.0161
2026-09-18,2026-09-21,2026-09-24,G2,XLC,TTWO,0.01,-0.1445,-0.2049,-0.0331,0.0311,0.0264
2026-09-18,2026-09-21,2026-09-24,G2,XLB,DOW,0.62,-0.1166,-0.1166,0.0103,-0.0123,-0.0109
2026-09-18,2026-09-21,2026-09-24,G2,XLE,EXE,1.33,-0.0893,-0.1249,0.0111,-0.0131,-0.0088
2026-09-18,2026-09-21,2026-09-24,G2,XLP,HSY,2.46,-0.0983,-0.1061,-0.0061,0.0041,0.0034
2026-09-18,2026-09-21,2026-09-24,G2,XLU,PCG,2.89,-0.265,-0.281,-0.0479,0.0459,0.0159
2026-09-18,2026-09-21,2026-09-24,G3,XLY,MAR,5.7,-0.0496,-0.1145,0.0258,0.0238,0.0428
2026-09-18,2026-09-21,2026-09-24,G3,XLI,WM,5.19,-0.0573,-0.1247,0.0044,0.0024,0.0112
2026-09-18,2026-09-21,2026-09-24,G3,XLC,OMC,6.77,-0.1115,-0.1302,-0.0118,-0.0138,-0.0052
2026-09-18,2026-09-21,2026-09-24,G3,XLB,SW,6.69,-0.0801,-0.1194,0.013,0.011,0.0136
2026-09-18,2026-09-21,2026-09-24,G3,XLP,KMB,5.17,-0.0888,-0.1369,-0.0053,-0.0073,-0.0026
2026-09-18,2026-09-21,2026-09-24,G3,XLU,PEG,5.35,-0.0565,-0.1576,-0.0397,-0.0417,-0.0077
