exit,signal,entry,SPY,cash,spy_put,L18 stock,G3 stock,L18 sec,G3 sec,L18 spy,G3 spy,L18 atm,G3 atm,L18 c30,G3 c30,L18 atm_dm,G3 atm_dm,L18 c30_dm,G3 c30_dm,L18 x_atm,G3 x_atm,L18 x_c30,G3 x_c30,L18 x_mix,G3 x_mix,L18 h1,G3 h1,L18 h2,G3 h2,L18 pp50,G3 pp50,L18 pp100,G3 pp100,L18 spy50,G3 spy50,L18 spy75,G3 spy75,L18 spyb,G3 spyb,S18 stock,S18 put,S18 put_dm,G2 put_dm,G4 put_dm,CP36 atm,CP36 atm_dm,SEC+PUT,Book 18L/18S (stock shorts)
2018-06-25,2018-06-01,2018-06-04,-0.00976054410413818,0.001063695866409864,0.0015110407984781568,-0.01326553180443747,0.00706430315457201,-0.01160036066369391,0.008020318327915738,-0.003999540719505873,0.015172045353887158,-0.01079561018150457,-0.0016230046459203612,-0.007148582142829633,-0.0021231063061451978,-0.021646243466868362,-0.003992570000148048,-0.026310564164388442,-0.009558978042106977,-0.004871175237126078,0.01068561470087645,-0.015899020307762978,-0.00044887716755969407,-0.011234699610242892,0.005117530874399237,-0.0066353683574431575,0.0020172069501333775,-0.014334432581296179,0.0029707180338568915,-0.010124036493292058,-0.001035377668734411,-0.009452462805079545,-0.0004477506915484607,-0.008632536261971675,0.011118174254229582,-0.006316038490738771,0.01314510980405837,-0.003999540719505873,0.015172045353887158,-0.0038310867790806846,0.0005650751297310625,1.827287357598231e-05,-0.00579651792383022,0.005833063670982184,-0.005115267525886754,-0.01081398529664619,-0.005791043895058964,-0.009139251439764557
2018-07-17,2018-06-22,2018-06-25,0.03494473974017187,0.0011072675246632802,-0.013310213485528043,0.019065767654927963,0.01543176962894145,-0.002946443470467833,-0.004025398830387714,-0.00566129561182824,-0.007393211848064274,0.002311416727027182,0.0027085809781252548,-3.865280354878638e-05,0.0024654228255788398,0.003546351545545697,0.004218883023671992,-0.0027124669027102934,0.005634451861048446,-0.02756839563894787,-0.02450242206970668,-0.03940727705504058,-0.028237680587256436,-0.03314845860678459,-0.02965324942463289,-0.010451961512479327,-0.009072998935265367,-0.022011190549621935,-0.019253265395194015,-0.002495049253857946,-0.0017281568503840915,-0.007301515234743071,-0.006164894678893439,0.006702236021549858,0.004019278890438588,0.0005204702048608113,-0.0016869664788128442,-0.00566129561182824,-0.007393211848064274,-0.005624195951408704,-0.002650056296921988,-0.006865277820179409,-0.03354222175841423,0.01981166611805542,-0.0001693197849474029,-0.0016594631373168561,-0.004905860645323621,0.006013364933224756
2018-08-07,2018-07-16,2018-07-17,0.018219603722448685,0.0011258593000003092,-0.007495250653603523,0.02808528768183928,0.04034895902201178,0.020330656702521738,0.03048809150430941,0.015450916710070999,0.030630212120651572,0.014396944728003146,0.029658962338005395,0.006266274346322604,0.017943640622768733,0.02617554566453023,0.05549705435087977,0.018260576121074634,0.05718513037589509,0.012843686281273935,0.04524177790222107,0.0036852545809960913,0.045973344575834664,0.01160022412445169,0.04428526855081935,0.007673198939341119,0.02448685019288076,0.014220538578681928,0.04784784108576121,0.011690326436424099,0.027576948267559978,0.008983708144845047,0.025494934197114554,0.021768102195955145,0.035489585571331674,0.01860950945301307,0.03305989884599162,0.015535958208202645,0.03018534503466577,-0.012644774472287604,-0.008268221574596427,-0.018513870881797456,-0.013477147680649549,-0.023550594082945367,0.0030643615767033594,0.0038308373913663873,0.0009083929103621408,0.007000957607553417
2018-08-28,2018-08-06,2018-08-07,0.015196653013295425,0.001144495932767109,-0.006734031501986871,0.020303820040124907,0.0009917201509233526,0.013042571010986485,-0.006130844644895397,0.010669048653106021,-0.005431460773755898,0.010381159662543899,-0.005143878570668271,0.007838580675040207,-0.0032523839129803994,0.018656679292107545,-0.010966499016910594,0.023458111740344144,-0.013511770219724578,0.00943565370284289,-0.017113849409753693,0.014198519502355463,-0.019684831711717032,0.009397087054118859,-0.017139560508903046,0.00518227532477876,-0.008609801462511698,0.009220054716790412,-0.018364098857790504,0.008136482495214944,-0.006640330015554242,0.005891805327885987,-0.008136781460440213,0.01548643434661548,-0.0022198703114162726,0.013077741499860742,-0.003825665542586086,0.011418299542455889,-0.006380678348157016,-0.006011071933884344,-0.005350087901664497,-0.012380821200143435,-0.001902769437306437,-0.022858872962980427,0.002515535880439701,0.003137929045982055,0.0003308749054215252,0.006383376764608876
2018-09-19,2018-08-27,2018-08-28,0.004484083131752303,0.0012404259953988639,-0.007119448860297721,0.02459566019959405,0.002436831272189904,0.02225374946934874,0.0015478091785638489,0.021761704649096922,0.000412577307549105,0.01652194717713191,-0.005288569923011636,0.010477674225060282,-0.004477418470501868,0.030134764267220997,-0.011194669087297387,0.032031253427603566,-0.017819055557603585,0.03574279683400802,-0.00718893153959237,0.03914906025205812,-0.012734907825850322,0.03725257109167555,-0.006110521355544127,0.014622581514783786,-0.006645259681831721,0.028004737034168708,-0.014530945359062306,0.013753272620349458,-0.0072661946064276695,0.01098459806356701,-0.009243819289843703,0.023178682424345502,0.0014247042898695046,0.0224701935367212,0.0009186407987093042,0.022087876723306175,0.0006189370197485695,-0.01374013993798335,-0.005638430878031694,-0.013108515442217994,-0.0015073008324629443,-0.024709730051973047,0.005441758149550107,0.008513124412501502,0.004572617013565373,0.004669722022506045
2018-10-10,2018-09-18,2018-09-19,-0.04003901534023557,0.0012077054308154977,0.0332782028429279,-0.04175386282114921,-0.027703520777491893,-0.0049080711665630975,0.009386818485060833,-0.00998419111033172,-0.005010898126907962,-0.025905864232192977,-0.026594549041729268,-0.01231045219772204,-0.012790523479657607,-0.048790692733185696,-0.04855478992208085,-0.04385281999764295,-0.045453057604094835,-0.03731436018510593,-0.0403574095305953,-0.03732398932362217,-0.04078960712265142,-0.042261862059164906,-0.043891339440637424,-0.010490691599879141,-0.015583711447219381,-0.02218908863057378,-0.032375128325254264,-0.012964340904387684,-0.017350603807582625,-2.281757658238814e-05,-0.008106658573435985,-0.02586902696574046,-0.01635720945219993,-0.01792660903803608,-0.010684053789553944,-0.007465010977626785,0.0003252749529776663,0.0267788097979161,0.017047202809968826,0.03423713343016863,0.04325115189631735,0.025223114964019924,-0.004429330711112076,-0.007276779651508532,0.014664531131802768,-0.00822556871933714
2018-10-31,2018-10-09,2018-10-10,-0.027560343930942977,0.0012640873824223409,0.008930875953012991,-0.03504259211226205,0.02185083830648307,-0.012333519781487461,0.03860352875862368,-0.011355566017790959,0.04080045918205994,-0.005078281499833125,0.016104440913420594,-0.0018434585829006822,0.008964349430094155,-0.011782681706835614,0.02778770553715695,-0.009094399168654368,0.026931627541328447,0.015902136027813617,0.04993555972487634,0.010104237010014052,0.042290536484263175,0.00741595447183281,0.04314661448009169,0.006238528471393116,0.02515788889040159,0.01121296956036389,0.04905169039838084,-0.0013570831860777082,0.019081399564424922,0.0023641151276777047,0.02205835821542925,-0.023199079065026506,0.03132564874427152,-0.017277322541408728,0.036063053963165725,-0.013457757070094079,0.04085780216914555,0.011397546673087436,0.003437011379612281,0.005886935166766826,0.0038979836361490486,0.007875886697384605,-0.000820635060110422,-0.002947873270034394,-0.0032232923073603173,-0.012559907026000343
2018-11-21,2018-10-30,2018-10-31,-0.020729345963453216,0.0012967651025714844,0.0028598765787950426,-0.0019345627703134527,-0.009984173289052446,0.008708692229808303,0.005671013173424014,0.011281393992257197,0.006836135317855656,-0.0030933699136589617,-0.004187417000120996,-0.0060232494894205775,-0.008920245653643594,-0.007089178270285769,-0.009149268029083741,-0.023103283537402056,-0.03275993741814545,0.015921831133676345,0.020137471212322584,-0.006887617678519583,-0.012121817234113217,0.009126487588596697,0.011488852154948489,0.003118374686285077,0.0037184397634441443,0.00493998426999867,0.006140114424316804,-0.002219518736804921,-0.003075242775034036,-0.0013456675599508791,-0.001963068549947074,0.00467341561097187,-0.0015740189855984004,0.007977404801614539,0.0026310581661286333,0.012895998981448201,0.01359184884768305,-0.01397452500990907,-0.013408812115353818,-0.02976288987315761,-0.04105851615278005,-0.01846726359353516,-0.00825109101450639,-0.01842603407172169,-0.010527098821674654,-0.008855075211341459
2018-12-14,2018-11-20,2018-11-21,-0.017168447909280626,0.001464761797452807,-0.0002845154137112904,-0.004086303563982614,-0.017524732181602554,0.0021982484587965896,-0.004918164758995255,0.0090821256686582,0.0007084775251308822,-0.009245053586401417,-0.022286594171794308,-0.007517281547954002,-0.018249615901007817,-0.01871114975342283,-0.043371485301315474,-0.028475382687236556,-0.0642498305307493,0.006015185319642549,-0.00913502135399418,-0.01127178190594217,-0.04042946021818783,-0.0015075489721284381,-0.019551114988754007,-0.0031897807302722994,-0.013902370217153995,-0.007844323257997407,-0.029269502231760797,-0.009347795263574939,-0.02242885187864995,-0.009450536940748459,-0.022571109585505598,0.0024979110523377897,-0.008408127328235843,0.005790018360497998,-0.0038498249015524733,0.009875285609841338,0.006257171791773448,-0.020098905601039982,-0.016407517916805957,-0.03638152871956118,-0.04942977962415112,-0.02333327781497125,-0.012826285751603687,-0.027546339236492003,-0.017091640130382293,-0.013028424619772813
2019-01-08,2018-12-13,2018-12-14,-0.008448558304778642,0.0016042977079206988,-0.008371878451924537,0.01661355256347565,0.050144713968690725,0.026010557668044595,0.061838808405032135,0.023585059683758517,0.05979756998139009,0.021285992845596277,0.04862079789827198,0.012854532170805876,0.02868585343145089,0.03894911034568591,0.0909827436978507,0.03910507925087123,0.09187615011968783,0.06472087763426765,0.12666672917434849,0.057133569158302575,0.11683867460690046,0.05697760025311728,0.11594526818506333,0.024192416677877457,0.05264507705066129,0.046780535647834215,0.10368585639340189,0.018262814515734634,0.0444348586723097,0.015239636185873,0.04024891944634743,0.020099306123617086,0.05497114197504041,0.021842182903687807,0.05738435597821526,0.022664057727521638,0.06080233418277538,-0.005661847229419006,-0.008250857701059329,-0.01917919968511019,-0.05265455549537709,0.014296156125156726,0.006517567572268474,0.009884955330287862,0.0034156789914672036,0.004450884686967875
2019-01-30,2019-01-07,2019-01-08,0.04209993985913152,0.0014305115385933043,-0.016077756478264198,0.025178381202299205,0.05203744274978136,0.006919161567903728,0.019287882991043632,0.002362032135333527,0.010968014429243136,0.012810080196982914,0.030313148645754122,0.007662395292303739,0.016592947051602233,0.02391650724766468,0.05794387257280904,0.022203457384294738,0.05197196324862305,-0.0029952541635670346,0.00950270203259195,-0.004165332079727409,0.004508142213383187,-0.002452282216357466,0.01048005153756917,0.0010045413472241607,0.009063178716188367,0.0005785711558550171,0.01669584589378343,0.008344036730798414,0.022274270406622023,0.003877993264613918,0.014235392167489933,0.013770206668816372,0.03150272858951226,0.008066119402074948,0.021235371509377696,-0.00011384892107511097,0.006063162173990321,-0.020357912458617147,-0.014173542059771773,-0.03142202314033046,-0.04167261865543628,-0.02117142762522462,-0.0006817309313944296,-0.003752757946332891,-0.012251430786213368,0.0013770871495236425
2019-02-21,2019-01-29,2019-01-30,0.036774213873814965,0.0014098772478918775,-0.013482211419974027,0.04574815610853131,0.043850509066986176,0.011060969440125808,0.005915317518436412,0.011970727072937278,0.008086172441063084,0.024112657696874245,0.028687870830541553,0.010223189558529836,0.019222960383391812,0.04354519681769799,0.05122221808073163,0.03078758495001837,0.060786821032891604,0.002923978950335107,0.008211516809406226,-0.012462767721735836,0.014992329968681273,0.0002948441459437672,0.00542772701652129,0.006558167812017179,0.010100763893634075,0.011706458376142481,0.018791650539376273,0.017746057859664287,0.02194676512055454,0.011379458022454336,0.015205659410567528,0.028859441590734294,0.025968340754024634,0.020415084331835788,0.01702725659754386,0.01220560435630574,0.00966198181789544,-0.025769880450933185,-0.010780268828481791,-0.02407153374655785,-0.012773417575459882,-0.035369649917655815,0.006666194434196227,0.009736831535570069,-0.006505282153216021,0.00924503594796724
2019-03-14,2019-02-20,2019-02-21,0.013481392395716663,0.0013626306602809724,-0.010830147734604903,-0.0010284037661070465,0.0031467334571742374,-0.005640779141503938,0.003466583130581838,-0.009374244923064176,-0.001026187121304326,-0.012678679237063669,-0.005201220654567831,-0.005710771767002031,-0.0030800284711309392,-0.025180768919970724,-0.01111012612568927,-0.022215377430662365,-0.013446233111092045,-0.027256466531156185,-0.012147974931281997,-0.012510337317564485,-0.008593713054543105,-0.01547572880687284,-0.006257606069140328,-0.017305810035635888,-0.007514786053853941,-0.03597425073155275,-0.016392202767988855,-0.016288728481931972,-0.007006245277001982,-0.019898777726800272,-0.008811269899436132,-0.0052013243445856085,0.0010602731679349557,-0.007287784633824891,1.7043023315314722e-05,-0.00960266709517177,-0.0007185068305895323,-0.0021979079173150375,-0.002252410772703191,-0.00627026133571939,0.004764471289166974,-0.01730499396060576,-0.00746554500488343,-0.015725515127845056,-0.005955520238611664,-0.002521576281898357
2019-04-04,2019-03-13,2019-03-14,0.025910142129780933,0.0013586919938841646,-0.009780814703332768,0.01152060544915837,-0.010529273437285257,-0.006142869132107647,-0.024156586098312623,-0.006499886315655961,-0.02439119017945013,0.002686249515398518,-0.010845463853246314,0.0019429028329306629,-0.006167207621643894,0.004076939979427124,-0.02188903600256041,0.0033060614573724844,-0.023727640057876018,-0.017296720993033907,-0.03833031367368428,-0.0216751790864245,-0.04294397893771985,-0.020904300564369857,-0.04110537488240424,-0.006814635142577931,-0.01815383666707435,-0.014987962279040026,-0.037666365328032865,-0.000845711349693872,-0.013562356826394305,-0.004377672214786259,-0.0162792497995423,0.002510359566751201,-0.017460231808367695,-0.001994763374452378,-0.020925710993908907,-0.008056042658262473,-0.024592714658259837,-0.012623743628627195,-0.005907099536653188,-0.01382181250632403,-0.00401789452409994,-0.02362573048854812,-0.001610425010627335,-0.004872436263448453,-0.009982340819215839,-0.0014196223080492959
2019-04-26,2019-04-03,2019-04-04,0.02169374699741966,0.0014128253292535753,-0.009313338134386707,-0.016479121814171025,-0.026291753470798446,-0.024460199703578694,-0.025720370392953076,-0.03141534301895763,-0.03778115439755739,-0.014675376135227569,-0.013860426147393539,-0.008792809034362161,-0.0069612629609006015,-0.029104592495477033,-0.027660033172974472,-0.032605955882798875,-0.02650080230459368,-0.04452919558496222,-0.03952511247257846,-0.04682498457871503,-0.03743851668606765,-0.043323621191393186,-0.03859774755444844,-0.022653673662073555,-0.019997578091121224,-0.0467201726534007,-0.04140798151149602,-0.018038526017089433,-0.016447464518056513,-0.021401675898951297,-0.019034502888719485,-0.023947232416564324,-0.032036453934177915,-0.027681287717761,-0.03490880416586765,-0.0324980060266988,-0.03891278029159539,-0.00155727424342339,-0.003093899008332514,-0.007993339513806449,-0.011690860023623727,-0.00429581900398917,-0.00888463757178004,-0.018548966004641742,-0.01622676960869257,-0.009920836433598102
2019-05-17,2019-04-25,2019-04-26,-0.025800167243291594,0.0013429346558619937,0.01694686136696386,-0.008093716446865438,-0.004487897844480658,0.006342610502214143,0.008484903723251702,0.006763562385997669,0.010369380988382448,-0.007848693434391959,-0.004090723093375712,-0.00507840859804838,-0.0039204193337603645,-0.01617894289890878,-0.008907119528935905,-0.020061542857172585,-0.01620157864287919,-0.00558535108466433,0.0016864722853085431,-0.013513290562398562,-0.009653326348105166,-0.009630690604134757,-0.002358867234161884,-0.0007930914223665137,0.0029648789186497316,-0.002929117500595021,0.0045868231814374695,-0.003141231943568662,0.0006167383974475821,0.001566229547254632,0.005324199888270877,-0.0006650770304338861,0.0029407415719508922,0.003049242677781893,0.006655061280166671,0.007063485424452568,0.010590406893142558,0.00874361849151279,0.003934659950130867,0.006717004222802688,0.028478876246662663,-0.0150448678010573,-0.0019570167421305456,-0.004730969338053045,0.006529807362508416,-0.000644946229132208
2019-06-10,2019-05-16,2019-05-17,0.010950016295305343,0.001515626198781428,-0.013395699967108349,-0.015110422545603543,-0.022124932943547795,-0.025001986443470528,-0.03477111058467705,-0.02330574762604014,-0.03086661302934683,-0.006133360264489837,-0.015647642880278735,-0.003350058529495378,-0.009536904330556425,-0.01304444523926062,-0.031210162743185586,-0.01470332289547457,-0.035326142232344766,-0.007388561019152814,-0.02517721957507059,0.0008710578819774888,-0.01871346940306257,0.0025299355381914385,-0.014597489913903385,-0.010862533720867065,-0.020692094567081112,-0.023240693640515557,-0.04289981533294365,-0.01171490191745165,-0.02160128731010467,-0.017296443570413458,-0.0275549317399306,-0.019208085085821835,-0.026495772986447313,-0.021256916355930997,-0.028681193007897073,-0.023277480469770694,-0.032515022969039145,-0.021198997706622456,-0.005718628261756339,-0.013627644028456582,-0.009363259586255897,-0.017892028470657264,-0.005925994263123088,-0.013336044633858601,-0.019314815235963553,-0.0190388254087355
2019-07-01,2019-06-07,2019-06-10,0.02812743092892145,0.0012640873824223409,-0.012896328856285768,0.03326333204615333,0.06257087201049465,0.013022159025455437,0.03833142590295693,0.012058509287765133,0.03833678885805099,0.01344620669351055,0.032160784865684765,0.0024775754579217674,0.008368399146291314,0.024585752061360537,0.060223659188754164,0.005309047634087107,0.024945126595318938,0.004540860950481996,0.037315212204892985,-0.005974252285290463,0.012049926687458853,0.013302452141982963,0.04732845928089409,0.002352205776707763,0.01948192667505301,0.0034403241709931834,0.03769976596768368,0.008430967693843862,0.026429083151779983,0.003415728694177172,0.020697381437875192,0.02266092066695924,0.050453830434272824,0.01735971497736218,0.044395309646161896,0.011499500655921454,0.03504365667650456,-0.02709009026380177,-0.013969871493654248,-0.030508005172851762,-0.02421561989955531,-0.03680039044614822,-0.00026183240007184895,-0.0029611265557456124,-0.008742923073698162,0.002314123046362127
2019-07-23,2019-06-28,2019-07-01,0.014780592362858114,0.0012327399001224038,-0.009659569802011886,0.026030077473855426,0.027494652739942362,0.01570877460481855,0.017063258439861284,0.015956628472990744,0.01819608443145189,0.013643536200819976,0.01322736875922003,0.002874328830527901,0.0012088494381317179,0.02489054155469153,0.023888952839988088,0.006704703001474031,0.0011531050268201106,0.01961176872724314,0.019016239460804954,0.011421768517781067,0.005507319349565066,0.02960760707099857,0.028243167162733045,0.008161655625343435,0.008167171304933994,0.015090571350564467,0.015101602709745584,0.010155358216760129,0.010007512158549404,0.006667180232700281,0.006787655557878776,0.020993352973423092,0.02284536858569712,0.018474990723206918,0.020520726508574512,0.014140204441342388,0.016675793417686588,0.005634657851704232,-0.00017776917607501228,-0.0017378363472108286,0.012822158826279283,-0.01629783152070094,0.006732883512372482,0.011576352603740351,0.006985469128803861,0.015044783837701628
2019-08-13,2019-07-22,2019-07-23,-0.024930573358465047,0.0011586109195542704,0.015425982839702042,-0.023425565406357835,-0.05559266460464466,-0.003493361026621478,-0.035408774211070505,-0.0020179118413417366,-0.035612187943962974,-0.01459456723925201,-0.029768986288980115,-0.008649729219164962,-0.012506409054102989,-0.02856073363832665,-0.05725783771342167,-0.03153585620950982,-0.04439145565930323,-0.01261909311513059,-0.04237897322510535,-0.021627312219587438,-0.035143481268709004,-0.018652189648404264,-0.048009863322827445,-0.004373495006558243,-0.020229318871799264,-0.009905600932670757,-0.0416172486631528,-0.008167074389376161,-0.023769992962429324,-0.001739581539500311,-0.01777099963587853,-0.01272173862384979,-0.04560242627430381,-0.007369825232595762,-0.04060730710913339,-0.003880938021221343,-0.03394776009281286,0.002275725055711497,0.003726485207796696,0.0065145819652249115,-0.012030890337448296,0.02506005426789812,-0.005434041015727657,-0.011023075836550869,0.0015106104693017167,-0.01125077654506316
2019-09-04,2019-08-12,2019-08-13,0.005093052771638851,0.0011676669072768764,-0.014323487528078906,-0.01943093707920265,-0.06494521052583956,-0.02669071827945873,-0.07209952205801014,-0.022554826870130742,-0.06927059639020154,-0.009342909883615393,-0.03377880581397612,-0.00455692413757444,-0.016486053033950347,-0.018257483718794876,-0.06446044898748893,-0.017914303242227488,-0.057678066230147186,-0.0035973780374074513,-0.044161841120952505,-0.0030269461440793175,-0.03706480255578817,-0.0033701266206467018,-0.04384718531312993,-0.011326512273373869,-0.03652533219979555,-0.023820691454024615,-0.07421833130686797,-0.01451528037986611,-0.040940549578015566,-0.019687650876116822,-0.048102293342055034,-0.020992881974666696,-0.06710790345802055,-0.021773854422398722,-0.06818924992411105,-0.022305647784545433,-0.069597131855998,0.00333452144939888,-0.004657667549372629,-0.010806092197424922,0.005692183232244321,-0.027304367627094164,-0.00700028871649401,-0.014531787958109898,-0.018748405238441825,-0.008794217227884335
2019-09-25,2019-09-03,2019-09-04,0.016849370428828836,0.0010863080435969952,-0.013044311358757598,0.005413068686518159,0.04121287774803443,-0.004887854271794586,0.025553155766160976,-0.0053623062369697345,0.0268457111833839,-0.003301040922540034,0.0035392676622907535,-0.003681629507575983,-0.003385414372692059,-0.006003446745699452,0.008478653205352524,-0.014806817126979569,-0.01381943334403314,-0.008030424968746714,0.005776015574622835,-0.0014237518142297817,0.004024653739633239,0.007379618567050331,0.0263227402890189,-0.00905083106548298,-0.004127119194966512,-0.019187970174562956,-0.009340546433530019,-0.007649144708792566,-0.0022582040527126257,-0.011997248495045099,-0.008055675767716005,2.5381224774211837e-05,0.034029294465709174,-0.0026684625060977595,0.030437502824546533,-0.0035020527524575623,0.026355632905047707,-0.0006192901649919899,-0.006577430618825836,-0.015186147979778864,-0.029107063102669948,-0.0012652328568877815,-0.004939235770682934,-0.010594797362739158,-0.010037001125786725,0.0016726838983650882
2019-10-16,2019-09-24,2019-09-25,0.002621228117335006,0.0010523866394835935,-0.012366473013422937,-0.016612262869393362,-0.0310771894843433,-0.01045257412122735,-0.025060380946979804,-0.01814358401883335,-0.03304603096219471,-0.013149312869158335,-0.020854180412962324,-0.007386396435206561,-0.009351262613700404,-0.02534116622022637,-0.03921710941358275,-0.027076890276150248,-0.033626444204463035,-0.01003512008741589,-0.019537907242826422,-0.014349905770264314,-0.01726317841118112,-0.012614181714340438,-0.02285384362030084,-0.014324234914788618,-0.022364794471629826,-0.02970085646906083,-0.045781975582743245,-0.017958496818822813,-0.02703741691967379,-0.022767680768487286,-0.03322065342638526,-0.017377923444113354,-0.032061610223269005,-0.017760753731473355,-0.032553820592731854,-0.01812293901966766,-0.03312910295195856,-0.010787775622799157,-0.010840661398575821,-0.02390794676087046,-0.037088227553649725,-0.010727665968091198,-0.01199498713386708,-0.024624556490548413,-0.017180260441048905,-0.014343144414669565
2019-11-06,2019-10-15,2019-10-16,0.02915508772342279,0.0009221797385823294,-0.010713914647436451,0.012483094575696185,0.022986399193972298,0.0012226535659448081,-0.0006256946442173407,-0.0034240765269929582,-0.005646508790868161,-0.0010841989758913816,-0.002321085614555111,-5.331328695786724e-05,-5.071483930805701e-05,-0.0014993163110777752,-0.00243309010616638,-0.0023294636798849733,-0.0023208021877189127,-0.020229118565822237,-0.03614673416470641,-0.022887810158304614,-0.039325825848874264,-0.022057662789497414,-0.03943811376732173,-0.009293945565731045,-0.017098629476266503,-0.01951007087004442,-0.035119438691115334,-0.004060286377957061,-0.007678042938273334,-0.007036373780022741,-0.013035000261991558,0.004529509024351609,0.008669945201552062,0.0005527162486793296,0.0015117182053419578,-0.0024384660279599757,-0.0059022917471786744,-0.01108224970989851,-0.005139865426262326,-0.011439653729496978,0.013979174278944122,-0.03685848173793808,-0.0031120322010768538,-0.0064694850202873765,-0.005108500081776084,3.440373281159929e-05
2019-11-27,2019-11-05,2019-11-06,0.02728743418581514,0.0008654813771284964,-0.008715165340403078,0.03391423733779584,0.04125154770786042,0.017214560695238617,0.02415655683258299,0.013052718486595113,0.020390028856659706,0.014997207431584895,0.008279395498420177,0.005810310571020812,-0.00021451528709199216,0.029204127151479527,0.017075054839940127,0.01734824535676948,-0.002734507503606521,0.0034861689918972132,-0.0086429033196422,-0.014077121535668221,-0.034159874396044225,-0.0022212397409581697,-0.014350312052497581,0.004229871914879,-0.002487940018285716,0.007594262452629504,-0.005841361413699928,0.011607976465872586,0.004890164532707866,0.008218745500160274,0.0015009335669955576,0.023483477912195485,0.03082078828226006,0.018268098199395306,0.025605408569459885,0.01148611046960802,0.023631112412923913,-0.024688442840661143,-0.013882091040199919,-0.02976600816635218,-0.029716519465505107,-0.02981549686719924,0.0005575581956924879,-0.00028094050743632595,-0.006275723735556781,0.00408399196254438
2019-12-19,2019-11-26,2019-11-27,0.01718026902262726,0.0009364207656183954,-0.008285937208622621,0.05983985875499668,0.07378617510422696,0.044750002591806094,0.05809504419630582,0.04596998520748928,0.06084095979322005,0.03659023378640472,0.04472018728623057,0.01580992148291622,0.0173059148586102,0.0669459233145765,0.08017396448458669,0.05051475648994449,0.05550140107559107,0.0541162573805684,0.0681996096128458,0.03996624756670283,0.045656126080565525,0.056397414391334846,0.07032868948956114,0.029265121693643356,0.03788341599965331,0.05759382262166832,0.07483041123368822,0.03313775994947862,0.041497878371766224,0.02968528611255253,0.038275569457301865,0.05290492198124299,0.06731356744872351,0.04943745359436613,0.06407726362097178,0.044354058711103886,0.06183172849571245,-0.01477151157846687,-0.006911426639559425,-0.015551964945656863,-0.029059642271411185,-0.0020442876199025365,0.014839403573422647,0.025696979184459817,0.014599018823074615,0.02198792814165418
2020-01-13,2019-12-18,2019-12-19,0.026993688996655996,0.0010425761687959945,-0.00633608705127379,0.029140466914274448,-0.00378834629302517,0.016087204394890166,-0.010704156244829972,0.008645156937049992,-0.01842785341961406,0.018132371267759642,0.0005039472932549349,0.014231810630633189,0.0015422450663447164,0.03391527859369603,-6.790600912525331e-06,0.045006691041586736,0.0027081391606251365,0.006259479805188704,-0.019760932592703482,0.006305864554524496,-0.024935308330133618,-0.004785547893366222,-0.027650238091671282,0.007479269991282309,-0.007105410761371732,0.013915963813768624,-0.015253397691539458,0.015668337414486505,-0.0012560768876544517,0.013204303561213361,-0.003016101068563837,0.01889281192566224,-0.011108099856319616,0.013768984431356103,-0.014767976637966838,0.008109938630480087,-0.014748127501678945,-0.009568882182828345,-0.008564069259998277,-0.018963355333511768,-0.014215415250398149,-0.02371129541662539,0.004784151003880683,0.007475961630092131,-0.0014380754693108008,0.009148662484792167
2020-02-04,2020-01-10,2020-01-13,0.0033846537392379084,0.0009037419746948938,-0.008398045741170606,0.04542626920694701,0.027760524736882557,0.05047069757165293,0.03373252141951592,0.04334561071033263,0.02648011950819678,0.052976748457788915,0.03968310833953906,0.04648193011614811,0.032792027291097564,0.09692985516524305,0.07110298010155064,0.15283103577953888,0.10719802636270384,0.10534646104102878,0.07628242987126493,0.16092746729816587,0.11218044575878199,0.10502628668387003,0.07608539949762877,0.0516100679408419,0.03884207417526397,0.10231639390698892,0.07678040637583304,0.049944120829032865,0.03781687595261226,0.0469114932002768,0.03595064356568546,0.04438593995863983,0.02712032212253966,0.04386577533448621,0.026800220815368234,0.04337046410146234,0.026456945717549134,0.018316055945298726,0.021738889211865713,0.0450907266208112,0.07518693490131609,0.014994518340306311,0.03735781883482731,0.07101029089302713,0.04778071209623207,0.0312937718700678
2020-02-26,2020-02-03,2020-02-04,-0.053363883399763834,0.0009203805067723447,0.04148865258248472,-0.053023632629631806,-0.08114793694085878,-0.0052642541352151745,-0.029010080521329695,-0.005126509157155203,-0.033250813468382184,-0.019365265375701247,-0.020026351489568984,-0.008107950478664364,-0.00859328193421145,-0.0371189103109654,-0.03952315140943732,-0.029174056111350006,-0.030791827629840292,-0.014986385094017923,-0.017390626192489836,-0.014459577587503146,-0.01607734910599343,-0.02240443178711854,-0.02480867288559045,0.004174238357527125,0.0035131522436593838,0.007428096208281905,0.006105923980546424,-0.0009258642279302584,-0.0015869503417980007,0.017513536919840724,0.016852450805972988,-0.02907507089339349,-0.057199375204620456,-0.017100790025274357,-0.04522509433650135,-0.0063574528624308286,-0.03062249953559821,0.05851068960227041,0.03364124255700264,0.06916342036001294,0.11251860717526191,0.02580823354476394,0.007137988590650696,0.01602225502452377,0.031949583112398885,0.002232205982556898
2020-03-18,2020-02-25,2020-02-26,-0.22953435616388762,0.0008444896798109891,0.20432606283538954,-0.21018544262979963,-0.27955380167340765,-0.013360701144016968,-0.03825367317551499,-0.005759801879845283,-0.049574955829709014,-0.03224577204061836,-0.04533473442752671,-0.01544794950364681,-0.019596758361226905,-0.06188077912945996,-0.08643946780477989,-0.053463640931715,-0.06729300379031529,-0.02055412489576052,-0.039946981791868036,-0.023565469596281113,-0.033657561037952186,-0.031982607794026084,-0.05280402505241677,0.06959171958777613,0.06923244365441711,0.1383389494957413,0.13762039762902323,0.058565811441776985,0.05682829699016805,0.14937739492417237,0.15899132840786281,-0.10797262225482245,-0.1645643787515583,-0.05686621206733385,-0.10706966729063364,-0.017177583860992,-0.0010729458830551516,0.08396954624352108,0.10610370491016233,0.21903595195793654,0.296864094702854,0.1412078092130191,0.03692896643477198,0.07857758641423829,0.10283762540695979,-0.0635771091263676
2020-04-08,2020-03-17,2020-03-18,0.14850580165029448,1.7260030118482206e-06,-0.0746110200699093,0.2507523806564019,0.48065549543525193,0.13280719371516378,0.31013640758783495,0.15975544553861803,0.33175141978796924,0.13954745051132836,0.2864707599253584,0.006684358480694619,0.026965369896370057,0.2371863266022466,0.48845325619891977,0.022277167595287757,0.08988053898087253,0.14721674787214667,0.34123030918602903,0.005642988277639919,0.06266097282472154,0.2205521472845987,0.4612336900427688,0.09404845556262728,0.2120178591002112,0.18809518512224274,0.42403399219741056,0.11674963882330053,0.2491652498904038,0.0939518271352727,0.21185973985544915,0.20525391309750995,0.40620345761161064,0.182504679318064,0.36897743869978994,0.12956491588649113,0.2566475948382968,-0.060965963256064376,-0.05138607365594886,-0.1334656926216512,-0.23135055193270304,-0.03558083331059937,0.04408068842768975,0.051860316990297695,-0.00032924945324371013,0.09489201008696606
2020-04-30,2020-04-07,2020-04-08,0.06002996840970165,0.00011141003958581308,-0.03652284359992208,0.09288095243555346,0.1603278136738203,0.05564233084493507,0.10203416114123878,0.05601961120937155,0.10000925530370446,0.03783231063966106,0.06492698227800156,-0.005064825605531186,-0.005727246279440993,0.06636537230345602,0.11269362287342138,-0.017142708777470858,-0.019350777690503564,0.037444774443002725,0.06536900819267961,-0.007434924783394848,-0.003465312972924631,0.07607315629753203,0.1285790875910003,0.01936759807003001,0.034711998073150736,0.038623786100474206,0.06931258610671566,0.026672552873018212,0.04666556047804052,0.015512795106375352,0.028404138678079473,0.07445028182246251,0.13016853448876237,0.06523494651591705,0.11508889489623342,0.04395571377171564,0.07170334231056043,-0.02278658135982033,-0.012324491080167402,-0.027140371713229874,-0.015068075154372473,-0.039212668272087275,0.01275390977974683,0.01961250029511307,0.014250979565852598,0.03496981745482086
2020-05-21,2020-04-29,2020-04-30,0.015147054448414021,5.1758876019381006e-05,-0.029801632071502045,0.038704735885496964,0.04649087245941916,0.020543927692045483,0.029926564829255438,0.02493113982114617,0.030995576887024517,-0.007851001231820372,-0.016208195038530302,-0.020590040443871454,-0.02125297507643715,-0.015143124244505266,-0.03089081140372947,-0.06875423885695005,-0.07096402096550239,0.0019028331442582586,-0.0117141093413705,-0.037113735592355646,-0.03536845479283368,0.016497379020089145,0.004704754768939241,-0.014760803208893274,-0.02398172226273732,-0.02957336529380593,-0.04801520340149402,-0.021096171041376836,-0.03110901107428133,-0.034341340850933294,-0.04600982711003235,0.03181793785332157,0.038743224673221846,0.028374538837233874,0.03486940078012318,0.020999205803683016,0.022806705177223368,0.0035259204234268956,-0.0019130852787212524,-0.004020498391123835,5.1758876019381006e-05,-0.00809275565826705,-0.004882043255270812,-0.00958181131781455,0.008261714650460824,0.02108657322334005
2020-06-12,2020-05-20,2020-05-21,0.031640218441422396,6.626712603918783e-05,-0.02360411424418043,0.09519209856255437,0.15825557168534896,0.0733282118550596,0.12782611630381732,0.07209980039033317,0.12628162036996576,0.05740060973561948,0.10298922210849921,0.029492716059550655,0.05666318134817551,0.10651392508729964,0.19100100299463685,0.09815443023774406,0.18872264786649354,0.0938831601164562,0.17351225149654598,0.11607558923074339,0.21353656031833884,0.12443508408029899,0.21581491544648224,0.045830530853994716,0.08696911288778801,0.09159479458195025,0.17387195864953683,0.04887690181410988,0.09118716498640901,0.040353193892600274,0.07938510786431878,0.08364594947644377,0.14226859602765737,0.07787287493338844,0.1342751081988115,0.06395520099282638,0.11298342644929282,0.00047714661789757497,-0.010530650440419132,-0.021843264061443587,-0.00998441168743344,-0.033702116435453726,0.023434979647600173,0.042335330512928024,0.025742473896808005,0.04779228525970094
2020-07-06,2020-06-11,2020-06-12,0.04679373650001395,9.856109901229537e-05,-0.030952259954093765,-0.008702244376496835,-0.04711452283656433,-0.03743743140266651,-0.0796116502098096,-0.047948223877331546,-0.09420969823756599,-0.03750363997285531,-0.058833968577442525,-0.02008544862864764,-0.028686902315567822,-0.0688674754539769,-0.10923636551729364,-0.06718147132652079,-0.09585298361625472,-0.09844133567197347,-0.14472499777888956,-0.056518023760288236,-0.08305684653677567,-0.058204027887744356,-0.09644022843781458,-0.05716769684786111,-0.0824308368274495,-0.11443395479473455,-0.16496023475391128,-0.050400414953727705,-0.07431009855448939,-0.06329718993460011,-0.08978622853153627,-0.028325234126914185,-0.07066211053706514,-0.03813672900212288,-0.08243590438731557,-0.06550137219019452,-0.11355378742038853,-0.0015442733726790268,-0.0018512899580023531,-0.003483476649397305,0.00021967928696098007,-0.007186632585755589,-0.01967746496542883,-0.0361754760516871,-0.02046045402603191,-0.00518075284901177
2020-07-27,2020-07-02,2020-07-06,0.019460665624170925,7.359945554297198e-05,-0.021029006811914785,0.016345012360732467,0.01838498012016037,-0.010633813273949633,-0.012117769313531595,-0.0012434909002701578,-0.0014020860484675814,-0.017439619644523122,-0.026744872569301026,-0.015479169218957669,-0.02058445237575816,-0.032341602122420224,-0.04922883894910602,-0.05176896279279252,-0.06878657331546077,-0.030638874914866672,-0.04731327084060828,-0.026227272743930007,-0.04005217201049046,-0.006799912073557709,-0.020494437644135697,-0.026266582144154643,-0.03667520538138649,-0.05260676374385226,-0.07342401021831595,-0.026785844894263028,-0.03725937597525843,-0.03613207014400293,-0.047773879381215814,0.0075507607302311526,0.008491447035846398,0.0031536349149804987,0.003544680493689405,-0.0048095531930720135,-0.008445142286393668,-0.022537321833993373,-0.020161535072759862,-0.04309634739988309,-0.04836685326290201,-0.03782584153686419,-0.01880057735864149,-0.03771897476115166,-0.026865080336916362,-0.0031370433230432163
2020-08-17,2020-07-24,2020-07-27,0.045449135473876856,5.3483415499933074e-05,-0.018768897820050888,0.07042417807157011,0.07580317993108564,0.034943484197927005,0.03813568361635907,0.032261134689589334,0.03000752787270871,0.030905755276341637,0.027669936854110372,0.006512609331802092,0.00013697477697087766,0.05802647549409877,0.05178577575315018,0.021583903136507158,0.0003317879537364448,0.013667743328295056,-0.0014447028458142842,-0.019647748705614095,-0.04914619425680907,0.01679482365197751,0.0023077935426046737,0.01180194882889295,0.004745369117171943,0.023550414242285968,0.009437254818843954,0.02308538118465377,0.018285487944084924,0.015265007092965898,0.008901039034059484,0.05134265638057974,0.05290535390189718,0.041801895535084524,0.04145644088730295,0.025627167836149066,0.010903241828057797,-0.00600550772881717,-0.0075304525819306,-0.01564125808179624,-0.001589835448895036,-0.029692680714697453,0.011687651347205518,0.021192608706151264,0.009651113058065382,0.032178136512334844
2020-09-08,2020-08-14,2020-08-17,-0.013909391055900389,5.1212426920521636e-05,-0.0016153072399547694,-0.016531846512922665,0.02015259193550915,0.00219545917032666,0.03884877262768008,-0.005231343610571906,0.030699727977703182,-0.015187590699772824,0.0055768072536859165,-0.011240505251586649,-0.004102536826655226,-0.02935130502559695,0.009648971058383872,-0.037587846501436685,-0.013794618418331964,-0.0048552342631020045,0.032511970436712494,-0.020628452997681696,0.002034148851839367,-0.012391911521841955,0.025477738328555204,-0.009558677759814328,0.010830459330980508,-0.019168567946549177,0.021609706235040493,-0.01586063538308731,0.0049486322159257275,-0.0165336800664018,0.004320457178165539,-0.010881595061747289,0.02542615995660617,-0.008056469336159595,0.028062943967154683,-0.0050239357544297,0.03279896121091293,0.013124105264481581,0.005406099375749063,0.011477249814519828,0.025662087132992575,-0.0027075875039529167,-0.00489074566201188,-0.00893702760553856,0.006836354492423244,-0.0017337445399241798
2020-09-29,2020-09-04,2020-09-08,0.0014722527660693263,6.210538653772524e-05,-0.02431956687578283,0.005710500197098333,0.009899839345166892,0.01020269189462799,0.01350105883791388,0.004202044047488662,0.008693074425479161,-0.012184377169926161,-0.013009382202107189,-0.013734079705429008,-0.011789126030719584,-0.024001913876440614,-0.02445699981505376,-0.04592517825335137,-0.0394419993376533,0.014649603200791105,0.006464213846731622,-0.01590784934912451,-0.01542813621427181,0.006015415027786254,-0.00044313669167227025,-0.012964482489121713,-0.01363346645746363,-0.02599107036478115,-0.027329038301464985,-0.022317530034835675,-0.0211159044940348,-0.03245068289974518,-0.029222426785962406,0.004956272122293503,0.009296456885323021,0.004579158084891074,0.008994765655401095,0.003683059121162297,0.008230803478435363,-0.005075097780889233,-0.015702654467324745,-0.03267422954744584,-0.028262362713399644,-0.03708609638149203,-0.013943515818625452,-0.028338071711943226,-0.011235768826408924,0.0002814730659575432
2020-10-20,2020-09-28,2020-09-29,0.033125720385140056,4.8884532436455075e-05,-0.020974119362721946,0.03761353510450848,0.050352877990801535,0.008977807175306919,0.016583827667160808,0.011575996107961237,0.020595690566176113,0.010715554770874464,0.018158932998755022,-0.00010096234344591095,0.0036326969505578433,0.020636501605313693,0.03510583242694013,-0.0004506050538381181,0.011994925926174387,0.004879593505006959,0.017097937455161017,0.015343722662100311,0.03004558617296116,0.03643082932125212,0.05315649267372691,-0.002322225378902227,0.003258612827581662,-0.004693335290240909,0.006468341122726869,0.00255895279648259,0.008837102170878599,-0.0055976491779092755,-0.00048472865699782097,0.02459476560623486,0.03547428427848882,0.01808538085709805,0.028034987422332472,0.0032787161701213732,0.00894751940969325,-0.02575689526414141,-0.02093177516478216,-0.043287940640822024,-0.043856336974440295,-0.042719544307203754,-0.005108110196953848,-0.011325719517754166,-0.017155066732757553,0.005898446039250148
2020-11-10,2020-10-19,2020-10-20,0.031044484622394508,5.463307999598044e-05,-0.02644857972723235,0.06696849842790731,0.1089005680503771,0.0315382167815874,0.06771670924600844,0.03906640816799753,0.08099847779046729,0.04177377872852153,0.07381439006172023,0.02428694191193051,0.046447616056403386,0.07938264117055333,0.14084304297828798,0.08082899585311103,0.15469790966802055,0.0688158020803371,0.13027620388807173,0.11241908046112507,0.1862879942760346,0.11097272577856732,0.172433127586302,0.027798452229679527,0.05983906356287821,0.055542271379363066,0.11962349404576043,0.030018854405307136,0.062059465738505834,0.018263930082092768,0.050304541415291455,0.05301745329795241,0.09494952292042219,0.04604193073297496,0.08797400035544473,0.03565147206498764,0.07554002395828814,-0.030750494609855072,-0.01847784545316678,-0.03877787890568818,-0.054694980611080454,-0.022860777200295897,0.011647966637677375,0.020302381132432573,-0.0036198310620503896,0.01807865019791724
2020-12-02,2020-11-09,2020-11-10,0.036012606482383136,5.4223651222873315e-05,-0.018228711216371693,0.05148734819959824,0.031252190804114045,0.023958453228733613,-0.0008072107572260731,0.021188695840298012,-0.005106192027046212,0.02849403032232356,0.00637538566824893,0.012164796425528914,-0.004940621832523939,0.05436742117306304,0.01201379624283071,0.04042279956557632,-0.01659526129459984,0.027259089018113428,-0.02051620234310883,0.031280520365625154,-0.02756599633454123,0.045225141973111886,0.0010430612028893209,0.013322110954663922,-0.011830917572942638,0.02658999825810497,-0.02371605879710815,0.020898733982168696,-0.002738969939936917,0.01330343764201382,-0.011853325548122764,0.03633802201994814,0.013072999388533917,0.028763358930123068,0.00398340368074385,0.02084367525347195,0.0012683931448377109,-0.03203520266270642,-0.024499696470428833,-0.051658459796917064,-0.03785985419771132,-0.06545706539612281,0.001997166925947364,0.0013544806880729891,-0.013850003284091725,0.009694442305232566
2020-12-23,2020-12-01,2020-12-02,0.006398427889091618,4.313544353062859e-05,-0.01613639915537293,0.004575076117130465,-0.009360620509353292,0.003771275903166654,-0.009108127341079233,-0.0010543342541703585,-0.013864148806393951,-0.011555855604545435,-0.009818853929794216,-0.013779849667236041,-0.008068479485994588,-0.022933178659853323,-0.019335607423212844,-0.046033481592358275,-0.026995580988220094,-0.004722531842296843,-0.0047670899691676545,-0.025761260622239227,-0.010777804212124851,-0.0026609576897342743,-0.0031178306471176024,-0.014388533891666944,-0.012084996559491419,-0.028820203226864516,-0.024213128562513467,-0.01827935525261749,-0.015197653648251859,-0.025002854900689542,-0.020576453366709505,0.00176037093148005,-0.011612384657873624,0.00035301833865484925,-0.012738266732133787,-0.001350351662149675,-0.012850847636593329,0.0046182136499309245,-0.004651747230341179,-0.0096488023152658,-0.015032818027555735,-0.0042647866029758615,-0.008103801417443306,-0.01629099048755956,-0.002938763206049573,0.004571482541471161
2021-01-15,2020-12-22,2020-12-23,0.022118291514698907,4.7243678050090665e-05,-0.017170292651265563,0.044274459915217994,0.01596065021841532,0.019183951465597635,-0.005255873490029235,0.026796978264491136,0.0009799516606494427,0.023020703143570617,-0.0034318746525169004,0.016322284278922638,-0.003242312153193346,0.043821797399525075,-0.0066659295236170014,0.05429737901429189,-0.010917942426094653,0.035296099270577495,-0.013973670777000643,0.06747399202860799,0.0003762973004620152,0.056998410413841204,0.004628310202939666,0.014263589776743255,-0.010937971824083202,0.02847993587543642,-0.021923187326216495,0.01634336711252289,-0.009155305536272088,0.009666031081475174,-0.014878736420027273,0.035535719089854576,0.008470300939532379,0.03116634867717286,0.00472512630009091,0.025216291455543282,0.0012294073811743428,-0.03621407128749654,-0.01004613574047298,-0.020979331285044454,-0.030869991022883063,-0.01108867154720584,0.006487283701548819,0.01142123305724031,-0.0008976899097234096,0.004001323177274561
2021-02-08,2021-01-14,2021-01-15,0.03941942518863195,4.929780163864805e-05,-0.018919150098496765,0.031484615231305205,0.0070797835222061855,0.014137604612096726,-3.0022178308467063e-05,0.0027617454518100407,-0.010595828649790837,0.005102113417375718,-0.003788658228873459,-0.0039920302848211785,-0.0034094053541854482,0.009950302403568197,-0.007043899749860914,-0.013421795819894087,-0.011479712717775,-0.022128653820652436,-0.02678479588784284,-0.04157363201108897,-0.028803919604664156,-0.01820153378762668,-0.024368106636750063,-0.009277123456296927,-0.01263741938190278,-0.018603544714232503,-0.02532413656544421,-0.0017298018959703352,-0.007992913806317186,-0.008561717209316389,-0.012197169383760911,0.017123180341557624,-0.0017580225637923257,0.009942462896683832,-0.006176925606791583,0.002061634968674011,-0.008097409031972208,-0.0078083083066186176,-0.013508139525275152,-0.028019154008996405,-0.03422797808432884,-0.02181032993366396,-0.0042030130539497165,-0.009034425802714104,-0.00694077469844984,0.011806657644629712
2021-03-02,2021-02-05,2021-02-08,-0.010166209347269972,1.2053661577304808e-05,-0.004449996357886104,0.011236959890480284,0.05064321588776347,0.015275396180694921,0.057257757458257674,0.018299038730203315,0.05498911055836227,0.0038397454229262403,0.03557210094546983,0.002685487544020849,0.02376989334470126,0.00797464855536717,0.067298175302156,0.008923499936389094,0.07920485260532376,0.028304921931951277,0.07980911276466929,0.022916589309688585,0.0878159845273542,0.02196773792866666,0.07590930722418646,0.007366432131662622,0.0377423696893076,0.014720810601747939,0.0754726857170379,0.002232802293689591,0.03458321286593958,0.0006258591644529422,0.033594324786409335,0.014767999310341805,0.05281616322306287,0.016533519020272558,0.05390263689071256,0.018092357424896458,0.05546683519140918,-0.007446352344153744,-0.007092650759119008,-0.014737062385597457,-0.00450100571214496,-0.024973119059049958,-0.0016264526680963838,-0.0033812069151151437,0.0002691668975487319,0.0018876028227111032
2021-03-23,2021-03-01,2021-03-02,0.010958319823169527,2.013366591602228e-05,-0.017955100467302337,0.003177664008131446,0.050764079277824364,-0.01514621585693212,0.028087262043140784,-0.005640925225287945,0.04320528850632202,-0.0009616655590963337,0.036352855445771076,0.0030024385610173347,0.02322524890052761,-0.001138987031082578,0.07095290378735634,0.009961149982920362,0.07737051778128792,0.01068963486461484,0.08109172255509699,0.030296677846157614,0.09480097023549128,0.019196540832154677,0.0883833562415597,-0.00537878993477337,0.032566748838047894,-0.010777713535462762,0.06511336401017977,-0.00794420462971391,0.03036782195667029,-0.014926743700331483,0.024382788467569513,-0.0012316306085782532,0.04698468389207319,-0.0034362779169330956,0.045094986199197606,-0.005528554180607117,0.04588442303203514,-0.003123231377926398,-0.015143858320771423,-0.03176723791772883,-0.03575147896012277,-0.027782996875334896,-0.008052761939933878,-0.0164531124744057,-0.023456726887330474,1.4912408153843794e-05
2021-04-14,2021-03-22,2021-03-23,0.05635417483455529,6.0271139388223816e-06,-0.01428093866695599,0.03991117588440321,0.021583049913648383,0.00466517171703264,-0.0015398275729205182,-0.004226272342742934,-0.009943698820027434,0.015485666749800262,0.005949330910870576,0.0036204700114680524,0.0002820065217717768,0.029947811036283672,0.01166639787788322,0.012054170105702906,0.000925958473381987,-0.03402038822134996,-0.03402517302042652,-0.07301976404092961,-0.05984113734564124,-0.05512612311034884,-0.049100697941140005,-0.006585401241415685,-0.009815717654283674,-0.013176829596770192,-0.01963746242250617,0.009931968379317375,0.0019824035033827996,0.004378270008834491,-0.0019845239041049747,0.017842451770830138,0.005819675546810473,0.006808089714043602,-0.002062011636608482,-0.005782251317464837,-0.009749014798307825,-0.024618599254980514,-0.016573413387031943,-0.034452068451305294,-0.04919309601516557,-0.01971104088744503,-0.0005438733186158406,-0.002252128707510811,-0.014893448367136327,0.007642605078415399
2021-05-05,2021-04-13,2021-04-14,0.010450913439270737,8.629526832004686e-06,-0.012346770514099768,0.025301393856515055,0.011673655423259587,0.007730375304914803,-0.0033625750043900257,0.018675553687802493,0.009264258998273203,0.012241588162630454,0.005088990330918954,0.004353213007368842,-0.0009605411490547862,0.02377204377629756,0.009873681567358917,0.01449057446195479,-0.0032219393927906403,0.02652887482820316,0.01087616558623368,0.024875319709263495,0.0005543316062307047,0.03415678902360626,0.013649952566380262,0.008926031278408837,0.003883333282111095,0.01784343302998567,0.007758037037390185,0.008468963838877746,0.0037171269404634244,0.004696339515125037,0.0023452635500078945,0.02198847377215878,0.010468957210766395,0.02033201372998063,0.009866608104519798,0.018682374972141636,0.008827874309584606,-0.015964953491860112,-0.0077702427514080834,-0.015850486469262702,-0.005187596276972761,-0.026513376661552648,0.002235672705611185,0.003960778653517429,-0.00406005558217395,0.004662227455360803
2021-05-26,2021-05-04,2021-05-05,0.007985595343368512,4.602566436640032e-06,-0.014378160798183532,0.005315281245607107,0.0032630746378316347,0.00188702727006398,0.0015697512462320086,0.00019356343748207488,0.0014006317985134412,-0.005879226416966972,-0.0011171506158855872,-0.007163209864735281,-0.0024446292882635426,-0.011466827079091467,-0.0022097787313401173,-0.02388810553746976,-0.008159503615897306,-0.0046124367318033975,0.0002827268494919079,-0.012618601267363834,-0.004061502063131514,-0.00019732280898553903,0.0018882228214256744,-0.008441491660774016,-0.0020488834318154216,-0.016887585887984672,-0.004102369430067483,-0.01027255332752305,-0.00271472403790598,-0.014665880238079132,-0.004312297459926372,0.002754422341544592,0.0023318532181725382,0.0014739928895133327,0.0018662425083429894,-2.7459507619337026e-05,0.0007852519779256765,-0.016710171396247905,-0.013228082723883525,-0.027552997643498413,-0.06083166174987864,0.005725666462881809,-0.009553654570425249,-0.01950991236129494,-0.012832985186717216,-0.00570064130201251
2021-06-17,2021-05-25,2021-05-26,0.00692004970499327,3.0136277637815567e-06,-0.011682912271258497,0.0018765071657871027,0.007927859502464083,0.0013589549041578214,0.008748339133700172,-0.003001516885699224,0.0054888474767209195,-0.0017892517343165006,0.009769098718946748,-0.0008621489271446003,0.010203521682538177,-0.0035374036894609026,0.018982913560454708,-0.0028808615552641465,0.03400470714367846,0.0025506531477818067,0.02202694197907606,0.007216065977305431,0.03905317090996326,0.006559523843108676,0.0240313773267395,-0.00422926830264759,0.008549090434781205,-0.008461550233058961,0.017095167241798628,-0.005683555824735999,0.007821946673737,-0.009577859915155498,0.00587479462852725,-0.0005625048599560623,0.0067083534895925,-0.0017820108728276395,0.006098600483156713,-0.0023082935226973974,0.005899124080573702,-0.01977666752147162,-0.011701476785418378,-0.024207823169566087,-0.042025977354382044,-0.006389668984750134,-0.006745364259867439,-0.013872613429513495,-0.011424434132704133,-0.008952089263018114
2021-07-09,2021-06-16,2021-06-17,0.03548774293055046,1.6874492923424356e-05,-0.01062279635837572,0.024669193750948757,0.027242208071300598,0.005565337115432899,0.009341771705752238,-0.0032303705894278245,-0.0006573562690759838,0.006583865776299823,0.010702492906271831,0.001992058467029588,0.005593145964054464,0.01294005792826782,0.020931459470555372,0.006600821073277326,0.018604446063360237,-0.02466198807918516,-0.01667058653689761,-0.04186998560518202,-0.029866360615099105,-0.03553074875019153,-0.027539347207903977,-0.007372478696692019,-0.003253851566720011,-0.014761831886307463,-0.0065245776263634465,0.002452778303598157,0.006571405433570162,-0.0016783091691035127,0.002440317960868497,0.010719411580760462,0.013292425901112306,0.0037445204956663217,0.0063175348160181615,-0.0021746863400470126,0.004441154871220276,-0.042335296224041946,-0.016844248963853996,-0.03464842570071178,-0.04387847682913546,-0.025418374572288075,-0.005130191593777086,-0.010854183886221978,-0.014541544292639439,-0.008843363426666466
2021-07-30,2021-07-08,2021-07-09,0.00686544329406602,2.4734715248442285e-05,-0.010463772854879544,-0.013894638122186838,-0.02819749490364291,-0.014839682713759898,-0.026856603642811325,-0.019928561937868152,-0.03302463395618796,-0.011083176846957817,-0.015511673665479238,-0.0074334688183838715,-0.010056145619570266,-0.021158737262841634,-0.030056430099737044,-0.024835943730192666,-0.03357819973414728,-0.015590972220388287,-0.02560221806577436,-0.01390687379720461,-0.024834943787756837,-0.01022966732985358,-0.021313174153346597,-0.014110444886151988,-0.017933488096834576,-0.02824562448755242,-0.035891710908917594,-0.015443082203157626,-0.01899959795043908,-0.019802987559357433,-0.022487522235398936,-0.016911600030027497,-0.030611064429915433,-0.01842008098394782,-0.0318178491930517,-0.020817936439823968,-0.03324925371295614,0.0015696303223428816,-0.004373647559962529,-0.008943206210047856,-0.00039302693086452477,-0.017493385489231194,-0.007728412203460173,-0.015050971736444745,-0.011891444461903877,-0.006176932483816902
2021-08-20,2021-07-29,2021-07-30,0.011060175872382505,2.30093613144966e-05,-0.011286079497690739,-6.327091380609668e-05,-0.0181287062748394,-0.0026655228596880985,-0.011749365520511867,-0.008323446727355212,-0.02448268766987718,-0.005710991650953157,-0.015570289405651035,-0.0019547783103466684,-0.007146543211912559,-0.010974504881487664,-0.03029298725711595,-0.006569616210889318,-0.023875499216109014,-0.009236705377346114,-0.028956218407776298,0.005184775370738814,-0.01483365953793353,0.0007798867001404661,-0.021251147578940463,-0.00984938849375795,-0.018753671592423953,-0.019721786348830397,-0.0375303525461624,-0.00978652035845259,-0.018705311488342907,-0.013862049065952026,-0.02184033357103478,-0.004193358820580657,-0.02130569697235829,-0.006258402773967934,-0.022894192321117737,-0.008374704975478132,-0.024047294884683792,-0.0014622020134737149,-0.006486886116708017,-0.013271980535895197,0.0014011485242675693,-0.027945109596057956,-0.006098938883830587,-0.012123242708691431,-0.007968751697791647,-0.0007774368889241675
2021-09-13,2021-08-19,2021-08-20,0.007262914645580931,2.8268295941158428e-05,-0.011913340060031976,-0.0017242566799630715,0.02912753977735875,-0.007767522077033946,0.01753648705466208,-0.007662314951905115,0.023189481505416706,-0.004328129014782433,0.014097235435937201,-0.001065524561839486,0.00835407223646922,-0.008440856359126394,0.02727212531323027,-0.0036177078966609984,0.027780948097701343,-0.001707767070945605,0.034005214601411066,0.008276269903967026,0.03967492589832937,0.0034531214415016356,0.03916610311385829,-0.007308151376952795,0.01111721307376684,-0.014644571049846749,0.022206157851592523,-0.008961094593683756,0.009464269857035877,-0.01359406017258508,0.004831304278134553,-0.004693285815934094,0.026158510641387724,-0.006177800383919603,0.02467399607340222,-0.008199265606780025,0.02106473129555828,-0.025623060856404947,-0.008161520369791455,-0.017075397845635457,-0.05019192418579613,0.016041128494525228,-0.006244824692286944,-0.012758127102380924,-0.012421459961334702,-0.013690933837925828
2021-10-04,2021-09-10,2021-09-13,-0.03709713807899895,2.1859098982002223e-05,0.02460251181882826,-0.01608967091233187,0.012686673891664767,-0.00024097201817391202,0.024866158746804003,0.014509493402652254,0.041245893918983284,-0.009572338336026803,0.005739467542150097,-0.0058998793443986635,0.0017450545778700914,-0.01860277821857686,0.010933383843904968,-0.019717269045620215,0.005765844028608974,0.0031689893948225103,0.031253700283077716,-0.004909983162531681,0.019585977519491607,-0.0037954923354883313,0.024753517334787603,0.005718135863556093,0.020010576795094135,0.011414412628130184,0.03999929449120627,0.0006787082551516386,0.015307111027249973,0.01092975484633008,0.024874754512349852,-0.0007900887548398127,0.02696628390532402,0.006859702323906227,0.03410608891215366,0.020048575337641202,0.046986592945391904,0.007782921761009581,0.012293436119094149,0.02486993114186814,-0.005184669067849226,0.05492453135158551,0.001360548891533673,0.003133576461645641,0.012314479561847114,-0.004166125716733981
2021-10-25,2021-10-01,2021-10-04,0.06277999734337225,1.6107464340553435e-05,-0.01876879872534891,0.03959762346395474,0.04905475965939591,-0.008360971220789437,-0.00894633635032684,-0.013038951435238345,-0.014109130219635786,0.018266615663828326,0.031224808388802913,0.008356795463641929,0.015241147942467963,0.03537660802279379,0.060636636835984414,0.02781840079534516,0.05076624239143195,-0.035713146710736776,-0.024671068844252284,-0.05638885941464996,-0.05028246986056219,-0.04883065218720131,-0.04041207541600971,-0.008058383229243439,-0.00036519028288320584,-0.01613287392282743,-0.0007464880301069651,0.01044628286159962,0.021840409026128462,0.002625950059370906,0.01245600966345401,0.013279336014358198,0.017472814719880058,0.00012019228955993165,0.0016818422501221402,-0.012421690872769803,-0.010610368913468659,-0.052025059761727506,-0.01992432376660928,-0.041496136063727145,-0.04810508282840792,-0.034887189299046384,-0.0008288540513904773,-0.0030597640204666765,-0.02492855364225829,-0.006223114169751704
2021-11-15,2021-10-22,2021-10-25,0.026078427594705023,2.876034790255666e-05,-0.011283143733488866,0.05147444104497623,0.05056566868238309,0.02934537627749967,0.027729710350075938,0.026494199756329467,0.027054853351892,0.03030355258800789,0.029554950190444088,0.020432296108989376,0.02097125243813038,0.05832502080444019,0.057208200886994805,0.06804054621819194,0.06983706731532852,0.028049310816148303,0.028713415015661284,0.03200318755028289,0.03591955327494351,0.02228766213653113,0.02329068684660983,0.017799850668286075,0.017786760148352967,0.03557094098866959,0.03554475994880338,0.024975401380527038,0.024540219642226815,0.01964725017304618,0.019525489094009543,0.03898432040065286,0.03881026101713757,0.03273926007849112,0.03293255718451477,0.026131660862451833,0.028629031943253107,-0.006677710914510175,-0.008040847437227366,-0.016444456769767635,0.004346039948496902,-0.03723495348803217,0.011131352575390262,0.02094028201733628,0.006450459753866017,0.0223831859927289
2021-12-07,2021-11-12,2021-11-15,0.0018183985918545087,2.2900020375526964e-05,-0.011054735495231881,-0.0012916116267623593,-0.00921494702430381,0.0037446820063493777,-0.004040339302211958,-0.0032431659125214517,-0.010922557024343017,-0.012820822624611296,-0.011083049506116348,-0.011427506031194822,-0.007549589611095731,-0.024795088536770662,-0.021721121661763643,-0.03814512015152563,-0.025218732084528683,-0.008926260385933549,-0.00783589702978117,-0.025649617219288677,-0.014285167018821349,-0.012299585604533708,-0.01078755659605631,-0.01380677755432441,-0.011945760069615322,-0.027636455129024348,-0.02391442015960617,-0.01773403840026991,-0.015382113309817634,-0.02264725417592852,-0.019681177113518925,-0.0022673887696419075,-0.010068752024323413,-0.002755277341081678,-0.010495654524333216,-0.0031691627108657856,-0.010329085399702937,0.01196498459564552,0.0038329241554261595,0.008312899178043641,0.04404973470437785,-0.027423936348290576,-0.004493949234592568,-0.00824109467936351,0.00602879059219651,0.005323964250899621
2021-12-29,2021-12-06,2021-12-07,0.023228655945348287,3.4949379655646595e-05,-0.013996232382982497,0.0334286380859983,0.03516870128203615,0.010898395042428989,0.008079313892192859,0.015077977423792906,0.011574994716343509,0.015080574811066887,0.015344688153556003,0.0033809179670553306,0.005707549850387326,0.029041457063824543,0.029742769229023955,0.011188178004321214,0.018943617615427802,0.01607904911671108,0.013076816154163793,0.012720013883054462,0.020913120888084842,0.03057329294255779,0.03171227250168099,0.005891653054542553,0.0035303601808818583,0.01174835672942946,0.00702577098210807,0.009637595551018131,0.008346571962064751,0.004194616290969389,0.0013484557705735038,0.02425330775489561,0.023371847999189826,0.01966564258934426,0.01747342135776667,0.012210591531881343,0.0060988900546740735,-0.015182520334611717,-0.014236392716199288,-0.029295996706284504,-0.020955502519091614,-0.0376364908934774,0.0004220910474337994,-0.0001272698212299809,-0.009198800831927758,0.009101700921459285
2022-01-20,2021-12-28,2021-12-29,-0.0643588082054769,2.7117555513322955e-05,0.054088900167149886,-0.012050104852331163,0.016735152304463676,0.018876993984870933,0.04538962749132811,0.04482627360188238,0.06650198345190052,-0.011437221689663013,0.0040523934105665144,-0.00872560186836032,-0.0018855735231115478,-0.022005359001623395,0.007922858008148636,-0.029148613857398822,-0.0063485193732362505,-0.0026595079072667454,0.024850477715710702,-0.01643078835553284,0.004779577940896485,-0.009287533499757415,0.01905095532228137,0.016988915290548946,0.02892526326825198,0.03395071302558457,0.057823408980990636,0.012602289495736935,0.02508696569779147,0.036641800681136885,0.04612153798501643,0.016388084374775607,0.0416185678781821,0.030607178988328994,0.05406027566504132,0.04625807320095136,0.06693593435287819,0.02590650454127262,0.02848241997001524,0.058571863691391585,0.06032686806179166,0.05681685932099148,0.008522599140176113,0.018283252344884093,0.03872442883813126,0.006913134535852216
2022-02-10,2022-01-19,2022-01-20,0.0057525083709404345,9.658109509147472e-05,-0.021809354715378114,-0.011407505047599915,-0.03391990573741391,-0.006532569024138183,-0.024920968515760627,-0.017126991919235047,-0.039302952204835206,-0.016002669797774354,-0.020188315842211868,-0.014385820406738019,-0.009949579222909309,-0.03078739894759787,-0.03891647845879374,-0.0481780905776735,-0.03339061996491111,-0.002917372501418764,-0.012685865332978118,-0.020484677340133723,-0.007326231035461915,-0.0030939857100580987,-0.012852089529344551,-0.01890802097294067,-0.022922764007074284,-0.037912623040972815,-0.04594210910924004,-0.02630153174670291,-0.029881362382379914,-0.036600393695631464,-0.039574408922547974,-0.014267248483417483,-0.03661142897112455,-0.01569712020132626,-0.03795719058797988,-0.017149116376796794,-0.03875275510250947,-0.020811360737421434,-0.016001552955496545,-0.03342550750816711,-0.034910887674215074,-0.031940127342119165,-0.01600211137663545,-0.03210645322788249,-0.019979038266152646,-0.0161604062482534
2022-03-04,2022-02-09,2022-02-10,-0.03816853054384817,0.0002226269187164398,0.018959723542221942,0.00476436439017598,0.0068414694072808585,0.005020984458812098,0.007246856573258322,0.03431304241661512,0.040611387151782724,0.003201543012871572,0.0065856118731920125,0.002820317492308712,0.006952194311932617,0.005513704516670136,0.011863378502647903,0.008881595497357404,0.022654518229437124,0.03387777150532064,0.044279455061105616,0.02902649798892191,0.04567726393408227,0.02565860700823465,0.034886124207293055,0.017889304891034755,0.023371625448235647,0.03555598286335307,0.04652062397775485,0.010574768834846773,0.0150121556697351,0.01794799465682197,0.02343869946627818,0.019538703403395554,0.023726428279531794,0.026925872910005328,0.032168907715657266,0.029629315391272053,0.036559142275640805,-0.0017533091746277558,0.006793137627249213,0.014690838792692415,0.035016360824687,-0.005634683239302179,0.0049973403200603925,0.010102271654681276,0.009855911625752256,0.0013694778241140654
2022-03-25,2022-03-03,2022-03-04,0.050735283440908274,0.00017522774347167314,-0.02690762400196428,0.03980392095688059,0.048587760702960926,0.0056324977367931085,0.003604545273704173,0.00016832208109656468,-0.0023722949944756703,0.008244105462496813,0.01087175208209907,-0.004309883762884349,-0.010228649310981826,0.015537291064267461,0.019802632780746416,-0.014775143944381742,-0.034504362438039955,-0.02167651456177844,-0.02804368873845545,-0.027370643261995564,-0.050698575846400584,0.0029417917466536287,0.0036084193723857805,-0.011641838097856403,-0.014695889638355065,-0.02345890393918448,-0.029567007020181803,-0.0022199705382670723,-0.0025820599188830676,-0.012684046539030958,-0.01603587191986521,0.01998612151898858,0.023107732854242623,0.010077221800042573,0.010367718929883482,-0.0008057929858039252,-0.010156909571652375,-0.01658926261280454,-0.015855497133658768,-0.03369330185580187,-0.03818463075720907,-0.02920197295439467,-0.0038056958355809772,-0.009078005395767204,-0.01403040205950438,0.011500245551027554
2022-04-18,2022-03-24,2022-03-25,-0.032516675815052576,0.00034109003727356146,0.016008797653111775,-0.015466393748107618,-0.01898137632219807,-0.009121386662797947,-0.009035726334284363,0.011581744462164164,0.009869971102091831,-0.0145071441160312,-0.01123789784185343,-0.01145074984185931,-0.008825389467429189,-0.02814364987149727,-0.022083357004361315,-0.038965042893169335,-0.03021384164506893,-0.0019676393625562235,0.005837720871842467,-0.020733460511197968,-0.010766820437632808,-0.009912067489525906,-0.0026363357969251956,-0.0011251958597592918,0.0030361802981699365,-0.002591481756792145,0.005731270559066312,-0.007836811760567958,-0.004122876662692642,-0.0011664794051047215,0.0029921445164681456,-0.0019423246429717302,-0.004555702610053122,0.004819709909596222,0.0026571342460193557,0.013456836300480751,0.011048491650743151,-0.00360647608565251,-0.005327617931016717,-0.011177591564579835,0.002645442205610231,-0.0250006253347699,-0.009917381023523958,-0.019660620718038552,-0.010149489113688891,-0.009735404105289641
2022-05-09,2022-04-14,2022-04-18,-0.09087393672468835,0.000432845618811184,0.073468950276956,-0.07903211424653306,-0.02612421648650234,-0.013581740375262823,0.04798008819471084,-0.0032764622936167984,0.05468181226327502,-0.024707216401660556,-0.009973217877804743,-0.01077715444406337,-0.004389434213859784,-0.04688798017969833,-0.01907322820544718,-0.03693382125743731,-0.015641420490091987,-0.013807166026762279,0.01621297355768461,-0.013275565419172315,0.009594052404057342,-0.023229724341433337,0.0061622446887021525,0.012990257233626255,0.03023742066650119,0.025547668848441327,0.06004199571419119,0.005904846213737772,0.022679648911953478,0.036516908829136115,0.055332515701711694,-0.041154288270074946,0.01427879788838634,-0.022215375281845855,0.03448030507583069,-0.008294440317956,0.05343626649104716,0.034835782186513224,0.017525794826344532,0.03579242998695967,0.01288856615876841,0.05869629381515093,-0.003590710787658012,-0.0055477750963693305,0.011105344805848422,-0.02235065930764978
2022-05-31,2022-05-06,2022-05-09,0.037069690105645314,0.0004803885959179244,-0.02919398194959403,0.04705188233976247,0.06729473062003151,0.013621557802944363,0.026464911305391414,0.022392347999944207,0.03030542911030412,0.018462765019554794,0.023651028237830666,-0.006112823447006018,-0.01297515495819622,0.034403000686409474,0.043879417908281884,-0.021496984880495215,-0.04437142325112923,0.02788933083146057,0.03410891312585853,0.008988697251781962,0.0013570999472865399,0.06488868281868665,0.08960794110669765,0.005972868317673025,0.0049161831850080134,0.011465348039428126,0.009351977774098102,0.008731437703023452,0.009054037263033653,-0.0009998896135078917,-0.005542953711763363,0.03472211516985335,0.04880007986516783,0.02855723158489877,0.03955275448773596,0.020193064081614406,0.020511994408969877,-0.03501367643720577,-0.014253179670672335,-0.030319709929400456,-0.026336347716021637,-0.03430307214277927,0.0021047926744412297,0.002041645378504509,-0.008349076063228046,0.005698843887333067
2022-06-22,2022-05-27,2022-05-31,-0.08941636922960994,0.0006178372368315088,0.06574652918214914,-0.06675097395888852,-0.08653233818572989,0.002039703450503127,0.009012277004811237,-0.0069948363145942065,0.003101868280711554,-0.02756205143415172,-0.04211715204816904,-0.012903396900950553,-0.020310116469296802,-0.05304815023387448,-0.08069121823994625,-0.04445294322244202,-0.06914200845026285,-0.02282329724678743,-0.035353938759315674,-0.022589361648023866,-0.03634663608863562,-0.03118456865945633,-0.04789584587831902,0.002110071642384927,0.0023910325666359256,0.0036023060479383456,0.0041642278964403425,-0.005646541706768672,-0.009243887457094473,0.016268968020614376,0.023629377133980094,-0.03687290513674135,-0.04171523495250917,-0.02193387072566778,-0.019306683335898807,0.006964739383767833,0.04021702904411685,0.05961340352767305,0.04115163315972938,0.08491324970958417,0.05367489586440316,0.11615160355476514,0.006794790862788832,0.015932549737854844,0.043476476580043645,-0.003980676706828737
2022-07-14,2022-06-21,2022-06-22,0.009401928229318512,0.0009245394483843317,-0.023721012422531978,-0.011146988902390334,-0.02854072565322547,-0.013092222994807494,-0.02995975664868196,-0.016078871558464887,-0.03741811443415966,-0.017472045690681018,-0.03785441174526245,-0.010432864008127925,-0.0206084032358063,-0.03381883955023301,-0.07237914114700163,-0.0369334720733232,-0.07085193616558443,-0.016467878314171406,-0.04114741092209074,-0.016992772477796143,-0.03495867689363573,-0.013878139954705961,-0.03648588187505294,-0.020194803532158384,-0.042755375859921715,-0.0413141465127011,-0.08643529116822776,-0.024061215808051012,-0.049714917956528444,-0.030650385925421006,-0.06157542416779444,-0.013612930230427605,-0.03297942004369255,-0.014845900894446247,-0.035198767238926114,-0.017559078972484644,-0.040646614791399256,-0.008861583244818116,-0.012596787392647036,-0.027567977854655146,-0.04908987897493325,-0.006046076734377041,-0.015034416541664028,-0.030693408702444077,-0.02033010042473132,-0.010672009008548465
2022-08-04,2022-07-13,2022-07-14,0.09594883402957222,0.0012939486855167992,-0.023083067961758817,0.08062349455676733,0.15995304042801786,0.0379396049100971,0.0745852611346774,0.03309605188473963,0.06489815508396246,0.055849580291449104,0.1104052118973814,0.0332709291742081,0.0652479096628994,0.10417885481377814,0.2070637609420395,0.10788388364782112,0.21447381861012543,0.035407076320417744,0.06952020395531869,0.018653026231720715,0.03601210377792463,0.014947997397677762,0.028602046109838724,0.03176237178405604,0.06223079488259528,0.06223079488259528,0.12316764107967376,0.0500788133010094,0.098863677916502,0.044308046310569685,0.08732214393562257,0.05685977322075348,0.11242559775599016,0.044977912552746545,0.08866187641997629,0.02165134838235275,0.0420087480791887,0.0015585410308864844,0.0015634928860089365,0.0018278601987497202,0.009301532423864174,-0.005645812026364733,0.02870653658872902,0.053003357506263934,0.019883732554423408,0.04012055627968931
2022-08-25,2022-08-03,2022-08-04,0.012893167944157069,0.001353064868178322,-0.016904418271005268,0.03818652485371997,0.05965319060663912,0.012056234933738133,0.030725415788412733,0.029563117076624203,0.047713087530660364,0.02254562969068357,0.03655226716594584,0.014513133139495522,0.022482627550345954,0.04135692048970168,0.06807284025581256,0.04521995910590229,0.07178494047540372,0.048195689026135385,0.07754190438318233,0.06240265555126231,0.09557636632282528,0.058539616935061684,0.09186426610323413,0.017745319044182403,0.02990568319386731,0.034137573220186485,0.0584583015195563,0.016441256426153888,0.02810005803044321,0.010336883161624209,0.019647848894940576,0.033874820965172095,0.05368313906864974,0.031718969020898144,0.05069811329965506,0.028927442475558302,0.04596046968258878,-0.004175892691423908,-0.01092383500619825,-0.02434348724267992,-0.006846432117432958,-0.04184054236792688,0.00581089734224266,0.008506716623510881,-0.006143626154470893,0.01614085797092299
2022-09-16,2022-08-24,2022-08-25,-0.07715232585432896,0.001624737722444758,0.059422774444291164,-0.07056565953769914,-0.08093332842867676,-0.014371729398244342,-0.009152982782582331,-0.009605721200208465,-0.002556264851903032,-0.023186739032091206,-0.024440734338390627,-0.009999561583660194,-0.01116676057175572,-0.04555227992310004,-0.048042492069594954,-0.037122926631238444,-0.04101358992489019,-0.0192335776763963,-0.014204160609547283,-0.01888872013550731,-0.017569610144664457,-0.02731807342736892,-0.02459851228936922,0.006661387689036725,0.01393542858877386,0.011698037655628692,0.026246119455102957,-7.788230375575298e-05,0.00527065288375496,0.0230309744245797,0.03498204010590054,-0.040085690368953784,-0.0417447966402899,-0.024845705784581125,-0.022150530746096467,-0.015956953952301775,-0.022429168039867782,0.027633964865683078,0.014526963442745393,0.02869814722242104,0.0026744688830438188,0.05472182556179827,-0.004329887794672907,-0.008427066350339501,0.007163208912088349,-0.02245874261083538
2022-10-07,2022-09-15,2022-09-16,-0.05905697576997959,0.0017412452529648181,0.036562715706712746,-0.021260012993114173,-0.0560657546699925,-0.0039042379798920673,-0.015480411234526386,0.008939097518358032,-0.0023784470940419167,-0.011089702146644877,-0.03064157645242615,-0.0053591959520490765,-0.014093280387419721,-0.022570767009970356,-0.05957475926131514,-0.021926892097081485,-0.05104050688165028,0.0013577380563694218,-0.01703519469893332,-0.004696852733172777,-0.02040932579025702,-0.005340727646061641,-0.02894357816992188,0.0035745417958500214,-0.004571809443546335,0.005407838338735225,-0.010884864140057487,-0.001949023219966691,-0.014391480582776046,0.007191655706711496,0.0018586152868740645,-0.006160457737378071,-0.02922210088201721,0.0013893198904899823,-0.015800273988029565,0.008289841663826505,-0.00254201500335083,0.008693429596559098,-0.0014208462606097906,-0.0050684848225180995,-0.0028478881705058783,-0.007289081474530322,-0.006255274203627334,-0.013819625916244228,-0.004486361401205083,-0.007589225638001151
2022-10-28,2022-10-06,2022-10-07,0.07230074151448984,0.0018658149129757717,-0.026645231043883215,0.057486062461568066,0.11028849720070066,0.018289236547153375,0.041851511279269143,0.018133325460726907,0.03945357059918659,0.035452977237546264,0.07174023973520413,0.022021309583070973,0.04479001839168593,0.06556256860328369,0.13434025651414974,0.0690507971466264,0.1449464931753429,0.017688256811471834,0.04816649528888842,0.02386757211619188,0.06361668812056076,0.02037934357284915,0.053010451459367586,0.015258326816854632,0.0353898689779592,0.0286508387207335,0.06891392304294264,0.02805152416980092,0.05841762421326253,0.020650071102055582,0.04509500869132091,0.03780969396114749,0.07487103389994364,0.02797150971093719,0.0571623022495651,0.015327109921526423,0.03323290761717586,-0.0191161324247075,-0.006492866601830013,-0.015797684145641075,-0.00814803962255421,-0.023447328668727938,0.014480055317858126,0.024882442228821307,0.00124577620075615,0.01783743202572556
2022-11-18,2022-10-27,2022-10-28,0.018019521616617684,0.002242445915188851,-0.024172654809887405,0.04805693183407111,0.06407269055809958,0.030993590132188893,0.04316434226520266,0.036373488271928066,0.04789561485667075,0.027621700874683935,0.041425729662377474,0.0065853740878765886,0.01480642048857501,0.04940164629581563,0.07480441706388295,0.016718873157481346,0.04412236115980942,0.0608308656976267,0.0906294900817752,0.04273389154114469,0.08014315584488174,0.07541666467947897,0.11082521174895528,0.020970206957572,0.03221596885406862,0.03969796799995515,0.06218949179294839,0.018892686637780154,0.029339402257433773,0.010163672400876369,0.017253074852490065,0.042215210052999594,0.05598415270738518,0.03929434916246381,0.05193988378202795,0.03534483223236067,0.046653072074710464,-0.011998038471454567,-0.011141953448569657,-0.026255921805537985,-0.035294593277078665,-0.017217250333997305,0.00823987371305714,0.011572862245138822,0.002368834163325454,0.01659677290215984
2022-12-12,2022-11-17,2022-11-18,0.007373233814791158,0.0026677461241937372,-0.01812860376438262,0.013952363851874587,0.027206399879996082,0.006472380862203646,0.011426322410108462,0.010832343596509496,0.022668188599465042,0.0027329836388911783,0.007176749670941949,-0.001251716190831585,-0.002112034230670767,0.0028805277392657262,0.011351791049180424,-0.010397128259223988,-0.013264855058687916,0.01620661087030786,0.030735184694332618,0.004698834427470458,0.008692908849231278,0.017976490425960168,0.03330955495709961,0.00035782886214943597,0.0037219790865903246,-0.0019520883998948653,0.004776212048986912,-0.0028063119557812893,-0.000880407557672548,-0.008345607550453757,-0.008937564786287046,0.01239235372419204,0.024937294239730554,0.011612348660350774,0.023802741419597803,0.01093208267555932,0.022726590379742544,-0.0016915263398531752,-0.0024908437401726735,-0.008335163545071923,-0.01000194942281429,-0.006668377667329556,0.00012106994935925236,-0.0027273179029030986,-0.0009313913414341385,0.004277817280876167
2023-01-04,2022-12-09,2022-12-12,-0.0336578167883026,0.002576464960035052,0.012039352593287072,-0.024835595419844606,-0.05177836493393172,-0.009463622400440916,-0.028866824367045,-0.002936867684749379,-0.02390725690744689,-0.018064867450005788,-0.02893358339085643,-0.008255596399013236,-0.013298335804339735,-0.036226191755271156,-0.05654318852416182,-0.03353040623679257,-0.0503395375878809,-0.009594663204219533,-0.022648515822823404,-0.0146400832788613,-0.026297308368695642,-0.017335868797339872,-0.03250095930497657,-0.007902756764691108,-0.0159999879731832,-0.018381978489417267,-0.034576440906401454,-0.014386176379834739,-0.024251612937911463,-0.010707485309663691,-0.01956964248496649,-0.013886231552296976,-0.03784281092068928,-0.008411549618523188,-0.03087503391406811,-0.004047965872845664,-0.021318504045695175,0.018492141331753975,0.007005663130647371,0.012044019267437058,0.013587260776230146,0.010500777758643973,-0.005529602159679209,-0.012091086243917049,0.001290198433498071,-0.004960938821847434
2023-01-26,2023-01-03,2023-01-04,0.054695770223005535,0.0025987374224241133,-0.018496749591899283,0.05416312137072266,0.1068690761325584,0.02997253918567346,0.061127832598495746,0.022081601325922896,0.05437204333197696,0.04015043565003348,0.07869323547631796,0.02376092503812054,0.04784267762597502,0.07234857474927975,0.14396408610858713,0.07313936280807885,0.15341187143426044,0.033856535571760396,0.08097711290901002,0.036212639428873046,0.09298632408646913,0.03542185137007393,0.0835385387607958,0.023315616970781786,0.0511453503648152,0.04403249651913946,0.09969196330720628,0.03449865105250869,0.06944486068036831,0.02884686645498391,0.06019648588441868,0.038122361348322795,0.08062055973226771,0.030101981337122836,0.06749630153212233,0.022523992527696438,0.052190628479554836,-0.024929881874964636,-0.002648537445314861,-0.008694021580680007,-0.02497052452841647,0.007582481367056457,0.018750949102359308,0.031827276584299874,0.010639258802496726,0.012811940982306712
2023-02-16,2023-01-25,2023-01-26,0.008721367991880724,0.002559417701917699,-0.016673841485410807,-0.0032436456755949366,0.013141921194719193,0.0023212702199386518,0.01458166627098719,-0.00871193758389746,0.0073090764925298375,-0.008873177263483379,-0.0009273365476036895,-0.005749122135026718,-0.0025714419588344453,-0.01896308564598448,-0.003958003830553129,-0.025135715087897026,-0.014543447833922763,-0.004243410665003603,0.011742982815826473,-0.00571975736179858,0.006166907073915572,0.00045287208011396196,0.016752351077285208,-0.01267374726010035,-0.004981277877328455,-0.0279069122221184,-0.012521973456574608,-0.015820611215737884,-0.008337932763341825,-0.022768045167992388,-0.015748528979079964,-0.0059777916297462,0.010225498843624512,-0.007344864606821826,0.008767287668077176,-0.007895780238385086,0.008684579014022769,0.010572382260009068,0.0027180009400737323,0.002910012394597621,0.000833123926842354,0.004986900862352889,-0.003077588161704823,-0.008026536625693428,0.0026156413072681364,0.0021713746327550747
2023-03-10,2023-02-15,2023-02-16,-0.05479076005374972,0.002751946571610153,0.03880616776133099,-0.051251726257335796,-0.03898838951783342,-0.011324324127991087,-0.010323176865372766,-0.003632804069535912,-0.0008932517675935019,-0.0193037351784663,-0.01434314894163436,-0.008776725228273625,-0.0047262457276715485,-0.03856461253262458,-0.029476474838891948,-0.03567695942800241,-0.02217536109266218,-0.010704637331345548,-0.007188494677868717,-0.016671579796086897,-0.006971057387129763,-0.019559232900709066,-0.01427217113335953,0.0033590815105960874,0.0037871044096155475,0.003966216449582022,0.004822262247620943,-0.003134498611245053,-0.001407759687857364,0.01303473795597619,0.011527629565919633,-0.027442265163435856,-0.01994082064271346,-0.015537534616485873,-0.01041703620515348,-0.0043428482257756446,-0.010824464112448303,0.03045656199239252,0.021828474078339256,0.043302041355103765,0.02077869877883074,0.06582538393137678,0.001262369449936478,0.002368714411239592,0.01598885861355634,-0.01200288429924423
2023-03-31,2023-03-09,2023-03-10,0.06489199659875666,0.002702704464201844,-0.02167787188271276,0.03215494525354413,0.04702874834102608,-0.01258624564863063,-0.011633006938340299,-0.01652561529555407,-0.015560543793528737,0.010634121719766961,0.019216761670207246,-0.0016453298126322114,0.00031073785139065237,0.017619168491253487,0.03376697811909812,-0.011790743125244994,-0.005270517578502109,-0.043206401957646225,-0.04443732674377294,-0.07475214882035273,-0.08622089632935491,-0.045342237203854246,-0.04718340063175467,-0.014757210290860627,-0.013429236629171082,-0.03221712504592309,-0.02956117772254401,0.0022038382098231134,0.008377825728850867,-0.006226445300120737,-0.002461110212505512,0.00781466497899503,0.015734102273748673,-0.0043554751582795155,8.677924010996604e-05,-0.010764816277041962,-0.006693719915174006,-0.03635426298559845,-0.014866996979429083,-0.034964439762379985,-0.06989411948393269,-3.476004082727848e-05,-0.002116437629831061,-0.00867263563556325,-0.02377534270550531,-0.0037513115941505103
2023-04-24,2023-03-30,2023-03-31,0.007914177371592501,0.002952071696904479,-0.014562488746265444,-0.007908063968157575,0.0014982803543475145,-0.012430626040342809,-0.0076470289837508075,-0.011780695844321152,-0.003863825320340507,-0.009651428096653035,-0.006635116966900485,-0.004389842082015775,-0.004310611460484399,-0.02080045997040979,-0.015166964076815979,-0.02152097423282967,-0.021256872161058395,-0.008683200592241149,0.0016107796775713748,-0.006097966122477472,9.806214558311639e-05,-0.00537745186005759,0.00618797022982553,-0.01265376992528366,-0.010792205652696736,-0.028259611547471794,-0.02453648300229795,-0.014910104588359998,-0.013916361340033205,-0.020168781080066964,-0.02119760571316593,-0.009844379906239356,-0.001182772482996501,-0.010812537875280257,-0.0025232989016684988,-0.011832715296856783,-0.003369876656165992,-0.006744628307106186,-0.005065393876335066,-0.014183554353785995,0.0008041875985767054,-0.02917129630614869,-0.007358410986494051,-0.017492007162097895,-0.013307090197064402,-0.00921239194398752
2023-05-15,2023-04-21,2023-04-24,0.0009209152980393931,0.002741224559427158,-0.01279841426171136,-0.01692231751398888,-0.01892168094245952,-0.004476636286478695,-0.00535822840865489,-0.015817632532909506,-0.01765918382122595,-0.01098789433872189,-0.012059612893450906,-0.007048337708715931,-0.009063337947389135,-0.023097735639344898,-0.025180961079230787,-0.029890649667716446,-0.036607317129960446,-0.0010599598464336546,5.068398382057329e-06,-0.014265745079836226,-0.018750283315240188,-0.007472831051464675,-0.007323927264510536,-0.011501583621292768,-0.012646686359246194,-0.025744391802012694,-0.028034597277919546,-0.015965055440498532,-0.01774779700976707,-0.020942216542275172,-0.023435981126083232,-0.01636997502344919,-0.018290432381842737,-0.01609380377817935,-0.017974808101534342,-0.01590322541883878,-0.017645244643005053,0.00264848297620291,0.007221459135022844,0.01224974616808366,-0.008615552187111056,0.033115044523278375,-0.0018832176018495233,-0.005423994735630619,0.0038865549408024828,-0.00881211005520958
2023-06-06,2023-05-12,2023-05-15,0.03636722705768536,0.0029451053450086917,-0.011657779906306636,0.04911557799402075,0.02605528973706169,0.03223836289229768,0.00693276568113459,0.02093047656679022,-0.004008818451984241,0.037102987815432205,0.017720992632037375,0.02896185599911198,0.004434090532105511,0.06710457267465392,0.03082267635075074,0.08966760752535284,0.007908389301997993,0.03312904539765835,-0.0054178860780445225,0.052747869065561295,-0.03147266505511302,0.030184834214862344,-0.008558378006360277,0.021783309874729973,0.001380002828621658,0.040621514404451255,-0.00018509968776537426,0.03224557952113777,0.012539757118123312,0.02738817122684334,0.007358521604209251,0.03502302728040549,0.01102323564253873,0.027976751923597856,0.0035072085952772497,0.019556124433353757,-0.005101005486328858,0.008644190039111908,0.005632629092307672,0.008750004600897017,0.008921365025319166,0.008578644176474866,0.021367808453869937,0.03792728863777547,0.02049418374659735,0.02716190589864459
2023-06-28,2023-06-05,2023-06-06,0.023318309848666674,0.0030360061808205607,-0.009042088439347748,0.025813883712357752,0.00852250200651139,0.008459356297401632,-0.00969809613349051,0.010876664396691112,-0.00986176792046293,0.011154045494423467,-0.00020632728935066107,0.005827749604227807,0.0008683129135975223,0.018379181728583344,-0.0030407659782522322,0.012341817592178062,-0.004189638043256224,0.004670435193762476,-0.01991306940572407,0.005673601040628416,-0.01239667379900963,0.011710965177033697,-0.011247801734005638,0.0025891002712938333,-0.010747798333202517,0.0021421943617671063,-0.024531602847225595,0.007888846891325667,-0.004225033262394105,0.004623648288227875,-0.00824373923543755,0.01834527405452444,-0.0006696329569757705,0.014610969225607772,-0.005265700438719352,0.008922996082712333,-0.006745561130673528,-0.014706238956300514,-0.006073244206870217,-0.016532105776938047,-0.011111206596650103,-0.021953004957225995,0.002540400643776625,0.0009235379758226487,-0.004036374739768207,0.0036141517625043716
2023-07-20,2023-06-27,2023-06-28,0.03618343783446454,0.003042904845251826,-0.008665095523066903,0.049176164872025,0.036139867766004946,0.022274552903206613,0.012923224697427566,0.02122572071434774,0.013779512439863141,0.029254817230690337,0.024763903764535487,0.014652958667645663,0.01654383981637099,0.052341571860544236,0.04374578413435777,0.041743084253231345,0.04804602141564903,0.016462574953539654,0.015042586608754103,-0.003493822324128451,0.011856496153761184,0.007104665283184435,0.007556258872469928,0.01401171813299678,0.012569424486380642,0.024980531420741733,0.022095944127509457,0.025644360762745795,0.021875538590179853,0.02203390429480125,0.01898717341582422,0.035200942793186384,0.024959690102934043,0.028213331753767057,0.019369601271398595,0.019987128017932274,0.020319380968585,-0.01599906758595497,-0.009047936009668666,-0.022871642398506458,-0.014996785442315879,-0.03074649935469704,0.010103440610510835,0.01473496473101889,-0.0002985447476499224,0.014813520816638118
2023-08-10,2023-07-19,2023-07-20,-0.013866290132704684,0.0029444285397244307,0.004022126270485185,-0.019488275057046076,-0.026586878218578993,-0.011998137113293303,-0.01979291723129479,-0.0067243827562678765,-0.017469812289451707,-0.019478524429336383,-0.013232340229808915,-0.008647503950955074,-0.004138980839553005,-0.03888419360505173,-0.027451230637998716,-0.03569534642920722,-0.020666936057867,-0.020263732180505867,-0.014150901049037391,-0.023892749552223667,-0.012236509717164454,-0.027081596728068164,-0.01902080429729618,-0.014241633822173447,-0.009491704081835391,-0.031427696184071326,-0.021927836703395213,-0.017914364213036583,-0.01211508293245192,-0.01635020399673679,-0.010997825635094924,-0.013106328906656979,-0.02202834525401535,-0.009915355831462424,-0.019749078771733528,-0.0075952762913813554,-0.02234737856754968,-0.009490514575721353,-0.0031957258594675166,-0.010188853031327256,-0.001128809055528264,-0.01924889700712625,-0.01133712514440195,-0.024536523318189493,-0.01109349507231028,-0.01628876781288198
2023-08-31,2023-08-09,2023-08-10,0.00995712405424154,0.002958134300154791,-0.01244001205579428,-0.0074725424050496,-0.01169598945055835,-0.0017328113300242533,-0.0035257420362333263,-0.013638367200121891,-0.01662864928661618,-0.009710988184269175,-0.009586181065463615,-0.004738600733964151,-0.003701741826988918,-0.020809694899265846,-0.02053273755208722,-0.022697649146908333,-0.019241452790324243,-0.013263344069344504,-0.014495656888150141,-0.007756339052195822,-0.007288404714554237,-0.005868384804553339,-0.008579689476317211,-0.01402645654020315,-0.013038555750210797,-0.031011047380561083,-0.029035245800576384,-0.014894326540850125,-0.013732851750728374,-0.020077664897431076,-0.017879522435993132,-0.010555454802585747,-0.014162319368587266,-0.012096911001353816,-0.015395484327601723,-0.01248071901917224,-0.014412111272337482,-0.016184925931590852,-0.013241088686636614,-0.03180494559297495,-0.041730233899486546,-0.021879657286463353,-0.011476038435452893,-0.026307320246120397,-0.0167688784614996,-0.013554312510077188
2023-09-22,2023-08-30,2023-08-31,-0.040883255158770226,0.003116443969479521,0.03191674071885396,-0.03082914568690996,-0.020411467698368338,-0.006785584225150891,-0.005628957595936054,0.0030817314128398377,0.0038105873728815215,-0.004542396250645297,0.0036477328443725848,0.0009836818497148572,0.004906352318787157,-0.011143355456066713,0.004192864490092619,-0.0039927630964026895,0.009082805133838315,0.00764422451485661,0.017612564469323563,0.007935477835439707,0.017602977228011452,0.0007848854757756762,0.012713036584265756,0.011201091866654238,0.014893081499586538,0.019285739763828955,0.026669719029693555,0.007869669584464577,0.012513494155165351,0.020281735419574454,0.02137925546595812,-0.01387370713703506,-0.00830044016274341,-0.0053959878620976065,-0.0022449263949309395,-0.0013707550035660788,-0.005633051286954229,0.021127089569240785,0.013472179989510311,0.02542086886185169,0.008488539599608155,0.04235319812409523,0.004464891869432507,0.007138756702892489,0.009317642318350399,-0.006755521595738742
2023-10-13,2023-09-21,2023-09-22,0.0025092766260783606,0.0029784129563836803,-0.013352784789227502,-0.03123260208849836,-0.03959479351557628,-0.02194807512594827,-0.026734452878392424,-0.031178829387149783,-0.039541020814227695,-0.009604476747725734,-0.001758807839205135,-0.002997211433290434,0.0009426479898439832,-0.02057811372054767,-0.00575943319325829,-0.0169403350091967,-0.003807470265415313,-0.0009350757317770467,0.013883604795512332,-0.001462721540601017,0.011670143203180371,-0.005100500251951987,0.009718180275337392,-0.010735862102311762,-0.002890193193791163,-0.024450137161007204,-0.008758799343966006,-0.014797226387980873,-0.006951557479460274,-0.01998997602823601,-0.012144307119715416,-0.03120571573782407,-0.039567907164901994,-0.031192272562486925,-0.03955446398956483,-0.031196025305127877,-0.03956243783571231,0.0011307160748817312,0.004167500931359889,0.005532042405335492,0.005190847206407849,0.005873237604263135,-0.002718487908182923,-0.0075230356576060885,-0.00820801636030639,-0.016871084257931677
2023-11-03,2023-10-12,2023-10-13,0.0073928251557140445,0.0029910154562853286,-0.014914222812202997,0.03251109638738761,0.056003150126159404,0.02852332319712858,0.04918344042093001,0.02877635551005416,0.052268409248825955,0.015271253606960059,0.036435730233014864,0.005862928352997034,0.017053261735213692,0.026108365030280235,0.06587700174578343,0.012564058445324327,0.04986516971937981,0.038978026484265266,0.07874666319976847,0.02824560074133091,0.0655467120153864,0.041789907326286825,0.08155854404179003,0.01224071049084904,0.03340518711690385,0.021490405525412752,0.06381935877752237,0.009471278068881116,0.03063575469493592,0.003671302530802172,0.024835779156856978,0.03064372594872089,0.05413577968749269,0.02971004072938752,0.053202094468159315,0.029231588886730015,0.05379462283466083,-0.004609711973189897,-0.01205736763973267,-0.029169397581975072,-0.05645073142426041,-0.0018880637396897315,0.001606942983613694,-0.0015305162758474187,-0.0003230371924232457,0.012122849428257821
2023-11-27,2023-11-02,2023-11-03,0.04552660766631811,0.0033720366876746066,-0.010532449237755353,0.031589221801893455,0.02904287664215066,0.0033548282104214344,-4.227603686475974e-07,-0.006237063512456325,-0.004055123007905396,0.02231340949070579,0.02720775119393043,0.01488240505820228,0.019636200909827352,0.038847373115164445,0.04806618559116601,0.04173993125610014,0.05758591742818372,-0.012839978170660581,0.0028397532160690914,-0.027197885871284074,-0.0027346725582774855,-0.030090444012219757,-0.012254404395295187,0.0019015838612310783,0.00934740376814006,0.00043113103478754986,0.015322770848605512,0.0176323209405923,0.02311179871258113,0.012951232390478809,0.01901584623123182,0.012676079144718562,0.012493876817122631,0.0032195078161311205,0.004219376904608618,-0.0031719224953826184,-0.0009607996903076457,-0.018265371157059777,-0.006908450813179437,-0.01875347692432154,-0.037248883572334586,-0.0002580702763084918,0.007702479338763177,0.010046948095421452,-0.007699324356950053,0.004788571607042057
2023-12-18,2023-11-24,2023-11-27,0.04269404378600283,0.002952652259581745,-0.00857472265755738,0.035071162364293175,0.022283081070102795,0.010630010235288328,0.007642267377065342,0.00385008006596566,-1.769200013114172e-05,0.024552374768203402,0.01640051649526923,0.013017348002650789,0.009413560892670241,0.043496370167901956,0.028122379351254265,0.03650163806981189,0.02448901436987678,0.0019284067251379665,-0.0015690231078628741,-0.01803910016713042,-0.014468655799367739,-0.011044368069040363,-0.010835290817990253,0.007793579962535642,0.0044299487769351095,0.012634507665489538,0.005907245294288476,0.021217760401375543,0.014018649090392181,0.017883146034547662,0.011636781685515131,0.019460621215129432,0.011132694534985823,0.011655350640547537,0.0055575012674273444,0.0029633302912435966,0.006995500084087237,-0.02387674141065553,-0.005386768532069712,-0.014964925377495827,-0.026736069262931282,-0.003193781492060366,0.009582803118066845,0.014265722395203064,-0.0021674575711037496,0.00379281187374109
2024-01-10,2023-12-15,2023-12-18,0.009725120670879717,0.003214488954760064,-0.008650516231206634,-0.004826891913659531,0.0067584218617802415,-0.0068762119915086834,0.00490973377664226,-0.00866613175594823,0.005990573893322503,-0.004017729384040942,0.004863688111246156,-0.002663882987831357,0.0028018130356827335,-0.010405451706414194,0.006304017101342919,-0.016380084187211326,0.0018389025578356291,-0.008747148676944698,0.006635677707236817,-0.009438134542189105,0.003227292486840074,-0.003463502061391971,0.007692407030347364,-0.006830262903729751,0.004301181407308394,-0.016875014762219566,0.0053878738598567245,-0.006420650559376117,0.004383103876179121,-0.008823571734711296,0.0039025196411120854,-0.00674651183480388,0.0063744978775513725,-0.007706321795376051,0.006182535885436938,-0.00873816998693313,0.0063241197631318385,-0.01137105711584994,-0.00488604680704131,-0.01421301412266878,-0.010131552590246815,-0.018294475655090743,-0.004451888095541126,-0.012309232914541487,-0.010544613057088731,-0.010420549870970337
2024-02-01,2024-01-09,2024-01-10,0.026523631047037366,0.003074513942632473,-0.008746328144574926,0.022158787241800926,-0.00662165382684321,0.016696368824163404,-0.006048569857220417,0.0062593758388643315,-0.014571359528311505,0.012189868636502635,-0.004386361276022417,0.007879796050577101,-0.0006041244474945645,0.020167654973171162,-0.010940196023676527,0.01909212096911457,-0.009187614024457638,0.0021155484521712597,-0.01996624928417648,6.998781197269793e-05,-0.018698680603028574,0.0011455218160292908,-0.02045126260224747,0.0032153249541568463,-0.008873633117195311,0.0033561359656812196,-0.020821780177023096,0.009274425921644326,-0.005844082633451571,0.006358983206786018,-0.007301803990880725,0.014209081540332624,-0.010596506677577357,0.010234228689598482,-0.012583933102944434,0.0068552176145295724,-0.010369936151876183,0.00837550052463526,0.013392630113864724,0.025103580974838918,0.052768997828251805,-0.002561835878573964,0.01279124937518368,0.02263561797400504,0.020899974899501163,0.01321746792146311
2024-02-23,2024-01-31,2024-02-01,0.03812333189968298,0.0030601479966128053,-0.008839208206743429,0.038809926517325656,0.006899655392579283,0.02457897994454797,0.004341310664597003,0.01713798079878277,-0.0009810521414363113,0.025032342806882497,0.002617846001636821,0.016335731433658768,0.0009347718103887115,0.04428734889464974,0.002208854787690606,0.04731209278676598,-0.004024439290800835,0.016823967959246122,-0.007777829188819801,0.014172134525806112,-0.01607533320387715,0.011147390633689875,-0.009842039125385707,0.013261324726423804,-0.001662524209439065,0.023462501456234804,-0.006385196415490935,0.02233147363259978,0.0016357117564431067,0.01963060445831706,0.0006535775112493925,0.027973953658054225,0.002959301625571486,0.02255596722841849,0.0009891247420675874,0.019756394848692592,0.0019363270823694655,-0.006258467398054178,0.0017978941019924427,0.00047376010132963174,0.004391999308154625,-0.003444479105495361,0.01341511845443747,0.022380554497989685,0.0125263700229388,0.014150626784210182
2024-03-15,2024-02-22,2024-02-23,0.007017852408702341,0.0029427835063235985,-0.010391964610226564,0.01968798906923753,-0.0010791829948755272,0.014514549226125412,-0.0004435524853109178,0.01670460980098503,-0.002570872629001774,0.010602100526087536,0.00024052556816143913,0.010606490801928901,0.0016316747187398307,0.017327822812151037,-0.0021059550310235453,0.028488474491674614,-0.0014275791189556153,0.02284380672312641,0.0006520369244641419,0.03703515777790033,0.002845762524157241,0.025874506098376753,0.002167386612089311,0.008129483056520089,-0.000995783166622284,0.013316182606716579,-0.004934349839568166,0.007138112322678681,-0.0014914685335429873,0.003674124119269828,-0.0032234626352474144,0.018196299435111283,-0.0018250278119386527,0.01745045461804816,-0.0021979502204702117,0.016351037559771006,-0.0022099165251745884,0.0014399507582388035,0.003713799300613522,0.0045267758205786235,0.014972156420934225,-0.005918604779776977,0.007157949913350529,0.01092729931636483,0.009520662523352017,0.008602114242855766
2024-04-08,2024-03-14,2024-03-15,0.01743724605963548,0.0033626337795054084,-0.01027732287277578,0.028204640002868715,0.006793164198247825,0.014416109861130585,-0.00015736116124753978,0.018554898482782002,0.0019682934382044682,0.018054137902585234,0.00634228577577918,0.015317788380771719,0.0023350449830429392,0.031069073496252056,0.008995456422213874,0.04321314911705971,-6.266220870282353e-05,0.026534545563105374,0.006728192455640537,0.05343550428802725,0.005048515376780947,0.041291428667219604,0.014106634007697646,0.012108389216040074,0.0033694114325066005,0.02085414465257474,0.0033761890855077917,0.014628363611659978,0.0046293986303165505,0.011202589320734714,0.0029165114848539197,0.023379769242825355,0.004380728818226146,0.02096733386280368,0.0031745111282153074,0.01971668495408975,0.004339134237990944,0.005651747214207174,0.0008214165070141328,-0.002038950884899062,-0.011469649410371827,0.007391747640573706,0.009437777204799684,0.014515061305676497,0.006188579488115762,0.014686437755534338
2024-04-29,2024-04-05,2024-04-08,-0.016694909243478273,0.0029334617742247104,0.006000750992299327,0.0009501078442198138,-0.0006949406895009583,0.007061064404001628,-0.0017259483751741736,0.013769021856021798,0.005714516316400037,-0.006593975781692964,-0.0049081608899528145,-0.00690455323414345,-0.000936890255246215,-0.014983275289385731,-0.011798009297126552,-0.029859921587002482,-0.00996771165734504,0.002351441432479209,-0.003130650936194084,-0.0186482638675975,-0.004361882797642551,-0.003771617569980754,-0.006192180437424065,-0.001162339367200207,-0.002192342682706436,-0.005258140508625124,-0.007318147139637582,-0.004593725450926522,-0.003908035724569593,-0.0025934751201600803,-0.0029079105591863726,0.007359564850120808,0.0025097878134495394,0.010564293353071307,0.004112152064924788,0.011081560986025848,0.003010801064518815,0.003945511997291139,0.001319642457421783,-0.0005932482678053461,0.007756652962275225,-0.008943149497885917,-0.0026371666621355905,-0.007788261778595539,0.003233908068098141,0.0004921687379390027
2024-05-20,2024-04-26,2024-04-29,0.03921108816998764,0.0029444285397244307,-0.011428251622930749,0.013152673337576125,-0.0008596365001429795,-0.004750100123137464,-0.010551555241153403,-0.011291766415932682,-0.01308185637689738,0.006507521854328036,-0.0023196513635969,0.0022279802582615654,-0.0007554119467097366,0.009679618204487381,-0.006945848231330951,0.0005562676015148714,-0.009388373081722797,-0.02051460529191143,-0.022042959979530357,-0.033830487852259214,-0.026581750808609843,-0.024707137249286706,-0.024139225958217995,-0.006696174202334513,-0.008921499391928173,-0.016336776944393457,-0.020787427323580777,0.0026981046466844523,-0.004224359967418692,-0.0011113125609591322,-0.0061290685712404825,0.0009304534608217215,-0.00697074643852018,-0.005180656477555479,-0.010026301407708781,-0.002850019457747925,-0.006825813716598291,-0.03150985405907681,-0.013071889194435991,-0.031406664193880496,-0.04481013721286286,-0.018003191174898132,-0.0032821836700539777,-0.010863522994696558,-0.01807838215850898,-0.01114154272056663
2024-06-11,2024-05-17,2024-05-20,0.01299849515816498,0.003083131861175259,-0.008435812837924706,0.0002927057280532208,-0.005939078424310617,0.006511490564279487,-0.003822419523325307,-0.0065842031366065935,-0.009377532856640523,-0.0043938081382401024,-0.00364592839981555,0.00076206678859112,0.00019046150614302157,-0.010943235583285001,-0.009479522069479935,-0.004653751714105205,-0.0065591026555988545,-0.013272104102163297,-0.010643956328919088,0.0033420038230792893,-0.002561224887006608,-0.002947480046100506,-0.00548164430088769,-0.00885997319096176,-0.00587901092617638,-0.02080307824309878,-0.014841153713528019,-0.007205745750881672,-0.005051897206136336,-0.010017683363523242,-0.006457866012457119,-0.003145748704276687,-0.00765830564047557,-0.004864975920441639,-0.008517919248558046,-0.005684503642417597,-0.008186350251323379,0.007415224965076116,0.006400692874190872,0.010231269300178772,0.015107687946779552,0.005354850653577986,0.0010034423679753848,-0.00035598314155311454,0.008371379932229129,0.0017985441057811625
2024-07-03,2024-06-10,2024-06-11,0.030336265778951876,0.00308600433549433,-0.009306528747961784,0.006349229623051209,0.0015074091729718373,0.0026933836967458946,0.0017734478818248035,-0.010548152370172849,-0.0046370933700187284,-0.002746359638481218,-0.002139023105680987,-0.00046833763365081274,1.3732384406890674e-05,-0.00792748907337077,-0.006749581930458532,-0.008761802228322787,-0.007154902168130457,-0.028112204357139195,-0.014089478397283414,-0.03166972327869076,-0.015485055277355176,-0.03083541012373875,-0.015079735039683252,-0.01213799640427207,-0.005554163747786752,-0.027361997144038468,-0.014194331831067834,-0.005590021200358428,-0.0031730818554545188,-0.00843368276223564,-0.00420714060522805,-0.0020994613735608185,-0.0015648420985234456,-0.006323806871866832,-0.0031009677342710876,-0.007799683026286653,-0.0039227775817945254,-0.0012624727044936754,-2.240111928824712e-05,-0.0036029010287493674,-0.007475359771995336,0.00026955771449660204,-0.0013843803788847326,-0.005765195051060069,-0.0004547586660017364,0.00040031989296325943
2024-07-25,2024-07-02,2024-07-03,-0.02366442715796535,0.003077386801732418,0.015742940019031,-0.008122583392287516,0.008063137738165225,-0.006394425829153862,0.0026707058812206995,0.006511757696433468,0.013916874173653618,-6.351522372632923e-06,0.004261020481231299,0.004290000669049298,0.003420281190749691,-0.0026951686066231224,0.005223292155811419,0.007119433026122063,0.004220368098456683,0.007849028541510652,0.00944097101506493,0.013355672158641411,0.006714863751464423,0.0035410705258962266,0.00771778780881916,0.0064559893548399635,0.006845956832116337,0.00983459190794751,0.010614526862500256,0.0043666873718026435,0.0060102360389014085,0.008739726265977922,0.007759451596571519,-0.0008054128479270252,0.010990005955909422,0.002853172424253223,0.01245344006478152,0.0048018252726427,0.010986898868508153,-0.02025415948803938,-0.003437704812476769,-0.010952350061271762,-0.009582776787072958,-0.012321923335470568,-0.001722028167424701,-0.006823759333947442,-0.008673387945212812,-0.016410928574747973
2024-08-15,2024-07-24,2024-07-25,0.02722824656178724,0.002898903473660619,-0.015028171292501393,0.03602578725855382,0.040456021859671315,0.019671939163678015,0.029514530806497838,0.015418001351781634,0.02396979313425357,0.01717169839658271,0.02113433685736761,0.008321642995987762,0.012869404421468987,0.029579972631630893,0.037256087183944034,0.020974701881417757,0.03613390663302188,0.01381369168594134,0.024643062427392386,0.024125356417404674,0.0386544302618114,0.03273062716761781,0.039776610812733565,0.005659928995838028,0.01192492133677186,0.008420954518015437,0.0209509391998831,0.010909960358040465,0.016124946426533813,0.004648222319498217,0.011115555995700015,0.025721894305167733,0.03221290749696244,0.020569947828474683,0.028091350315608013,0.01856542936738568,0.02522260688486382,-0.0405495709965414,-0.013903335618978734,-0.033105621272225945,-0.03206057690287721,-0.034150665641574665,0.0016341813888019882,-0.001762824320297526,-0.006716841054273965,-0.003952918895295816
2024-09-06,2024-08-14,2024-08-15,-0.022980819060803515,0.0029911470956882624,0.012007842344226811,-0.019266553771800858,-0.01962535201114303,-0.004369691985196325,-0.004145605690209952,0.0006227532388038561,-0.005418704146425373,-0.005937048190722779,-0.001044497293849161,-0.0005866739220736691,0.002025019100152578,-0.01381083710226463,-0.004643939694882213,-0.008934922963518166,-0.00022927955609736535,0.005528852644011529,0.009170124409600761,0.003461323146502727,0.008625181951060415,-0.0014145909922437389,0.00421052181227557,0.002844381444034141,0.005227952445262927,0.0026976157923800192,0.007464757794837591,-0.001267331723523466,0.0022910144684360647,0.003402384743675852,0.00562652623072129,-0.009321900266498505,-0.012522028078784204,-0.0043495735138473195,-0.008970366112604785,-0.001313811498341215,-0.006014699865389351,0.005719588182532586,-0.003502942729783359,-0.01146458224618163,-0.01785725487084939,-0.005071909621513877,-0.004719995460253069,-0.01263770967422313,-0.007917137115688977,-0.008601406019776964
2024-09-27,2024-09-05,2024-09-06,0.0608165321003189,0.002760475389837369,-0.01701431115555311,0.0779068124367405,0.04119265089716977,0.038508318173125784,0.019646688078472932,0.035688549256948275,0.015212181248066867,0.054608542771389684,0.025574911564745017,0.036711010156636976,0.015462921984226611,0.09974916827448047,0.04522364486932808,0.11592892461250276,0.0451019640378015,0.04308530019024201,0.01035357220210441,0.046345416938787166,0.0022813439308995895,0.03016566060076488,0.0024030247624261722,0.032502572846274516,0.011971237764674148,0.06224467030271166,0.021182000139510927,0.04846448596521772,0.021793953530177657,0.04232042915904576,0.018012995495610303,0.05679768084684438,0.028202416072618322,0.04624311505189631,0.0217072986603426,0.027895259837414144,0.011511112703374151,-0.055684208508803436,-0.013548860927609355,-0.03204697540427264,-0.043046682294636755,-0.02104726851390854,0.020529840921890165,0.03385109643510391,0.0032306713844265714,0.009347664909350208
2024-10-18,2024-09-26,2024-09-27,0.022958412940017547,0.002525751560649603,-0.011549634501245794,0.010170863487929073,0.0014915088223729838,0.002785372375105804,-0.002130196841061721,-0.0025602073550180047,-0.0031379714841532256,0.008362718964133481,0.0017537261297259578,0.003585237070414,6.304781511950826e-05,0.013700561564018277,0.0010901685975777803,0.006057369926530934,-0.0056832609244507094,0.0032449591503006295,-0.002711868643774091,0.004188116847471942,-0.0063629893168357975,0.011831308484959287,0.00041044020519269187,0.0012254261213503436,-0.000841653085831548,-7.489931794891661e-05,-0.004209057732312699,0.004833663977641712,0.000470433407365314,0.0013046089911499413,-0.0008128593149953298,0.003805328066455533,-0.0008232313308901208,0.0006225603557187666,-0.001980601407521673,-0.006372944654717346,-0.0010012486804763926,-0.006757493208543803,-0.004592976169881139,-0.012637456059596002,-0.01554194471905862,-0.009732967400133382,0.0018848713971261711,0.0005315527522111374,-0.004926041842245099,-4.730899964736773e-05
2024-11-08,2024-10-17,2024-10-18,0.023264249949929816,0.0025428628759651684,-0.012474366640051618,0.04606321237368336,0.023636940226526255,0.03449547113185582,0.011121081893073578,0.03198228765770694,0.016596477868538035,0.027430723747594518,0.013255413829722363,0.013532339202934575,0.004581808316324033,0.04920662388854888,0.022479053229717508,0.039174450632529834,0.009339347677161372,0.03920719202263236,0.017479337296759247,0.04269846798228306,0.01110135635203798,0.05273064123830211,0.024241061904594116,0.019542640430951247,0.009311372171400727,0.036542417985937325,0.016079881466836286,0.023272601534243972,0.011176352723047095,0.01911447932089344,0.009097291616371826,0.039022750015695155,0.020116709047532145,0.03550251883670103,0.018356593458035097,0.02848701342573359,0.013913048655311677,-0.0422303923945511,-0.007471423965356952,-0.0187891099867439,-0.022512229083206603,-0.015065990890281218,0.009979649891118783,0.015208756950902489,0.007853180572555959,0.00022116807225602136
2024-12-02,2024-11-07,2024-11-08,0.009093943926263837,0.002849846232550135,-0.009998384080023993,0.030662659970743564,0.0029367080208887084,0.023956750850434923,0.0002672883460451703,0.02549502843118846,-0.0007544573645077913,0.013628812502194406,-0.0035675402739894215,0.005075163283725564,-0.0016171643065977506,0.02307000183387437,-0.009277592140374803,0.010267569736468227,-0.012040188897942807,0.02722880260658769,-0.00630702015986529,0.021040869596846864,-0.004344974711958067,0.03384330169425301,-0.001582377954390063,0.00993672319753625,-0.006204746920173821,0.017023600162522363,-0.015259340072897778,0.009740552026629523,-0.006344869185107198,0.0058522915510646365,-0.009122198096224974,0.02807884420096602,0.0010911253281904593,0.02678693631607723,0.00016833398184133168,0.025512091084393087,1.9485026185974325e-05,0.002653597265927257,0.0029968010256034693,0.003345441202701355,0.008700036734996959,-0.002009154329594247,0.008312806763898938,0.013207721518287863,0.013651096026568138,0.014916555920665884
2024-12-23,2024-11-29,2024-12-02,-0.011494509707411615,0.002469416403367397,0.003328569042465949,-0.019660201279966347,-0.0316481720196014,0.018176292801592265,-0.0013196353500849283,-0.00986403242218151,-0.025619760414810726,0.0018220615334021398,-0.008392196952651483,0.005917662851993111,-0.0034845986339811508,0.0010705236313003413,-0.018078567994205538,0.013963571232119831,-0.017377300387794416,0.017947498011949194,-0.0076927376061139375,0.024700303644784958,-0.010770080441538953,0.01180725604396547,-0.011471348047950074,0.0058284122610785544,-0.005926750351004456,0.009187408118789712,-0.01432291710537631,0.0030240447987370665,-0.0076525149432146045,0.004226028064071989,-0.006912832933777726,-0.014762116851073932,-0.028633966217206066,-0.01231307463662771,-0.027126863316008394,-0.009378696209627405,-0.027856757107758964,0.04541877206979477,0.027292424081971474,0.05514668461065179,0.0393750961607304,0.07091827306057318,0.014557242807686806,0.028108604120976065,0.03666148870612203,0.011301602692762818
2025-01-16,2024-12-20,2024-12-23,-0.005128471314529981,0.0027183766538951826,-0.00641768751987254,0.011511843498886818,0.05092073374909176,0.008430242664088915,0.03835604820736657,0.017717550139241117,0.058367581717516916,0.00656631106263088,0.03486813107771518,0.00591898103446566,0.020308383845523026,0.010208311707034942,0.06358031783464807,0.01338705792246343,0.06135173395932127,0.032543276987322456,0.09038227617099309,0.02807247164423717,0.07897423042544975,0.02489372542880869,0.08120281430077655,0.008536507443685039,0.03723236673498017,0.014354638233474897,0.07174635681606516,0.003892274596017322,0.03165928731777891,0.0012182381294037646,0.02845044355784264,0.01461469681906397,0.05464415773330435,0.016166123479152545,0.056505869725410635,0.01752199436634368,0.05677481977997624,-0.03187453470095658,-0.0048033879249487635,-0.013220608866097792,-0.04607174663900618,0.019630528906810593,0.0008814615688410581,-0.0015061485795314251,-0.0023951831010044387,-0.011767065315807072
2025-02-07,2025-01-15,2025-01-16,0.01543137932238725,0.002479966211421436,-0.012292831488085607,-0.0022795284773524226,-0.01906484074137808,-0.003743221619097929,-0.016609532731233327,-0.012663960896992501,-0.02944927316101816,-0.0107156185261373,-0.02031006369327587,-0.004495175182604435,-0.009128357690273462,-0.022417125882081248,-0.04064334311890529,-0.020770505101998134,-0.03621444679422822,-0.024149986913136946,-0.04237620414996099,-0.007200653306089857,-0.022644594998319945,-0.008847274086172974,-0.02707349132299701,-0.016872266040399007,-0.026466711207537578,-0.03622449829221946,-0.055413388626496585,-0.01549616410483726,-0.02509060927197583,-0.020276709683537217,-0.029871154850675787,-0.007471744687172464,-0.02425705695119812,-0.010067852792082478,-0.026853165056108134,-0.012884937364832951,-0.02842571977880835,-0.0037036143014548767,-0.004936813320000743,-0.013463509384335529,-0.01164976481777021,-0.015277253950900852,-0.007826215923069021,-0.01794031763320839,-0.008603365501716729,-0.004507106296383416
2025-03-03,2025-02-06,2025-02-07,-0.028296960366893664,0.002726600700212911,0.016667774136073912,-0.006332986699290937,0.03045139107604032,0.001950840598984356,0.03430300671353319,0.02088795647147046,0.05426971635045654,0.01455205128079523,0.036562638562737074,0.014733409519500354,0.03030109348944976,0.025036954702575012,0.06638841280246284,0.042749296764504265,0.09464157666433554,0.04781480718796724,0.08631903372718105,0.05758098769106414,0.10761930622507541,0.03986864562913489,0.07936614236320276,0.026950700332747966,0.04741145648319572,0.05117479996528302,0.09209631226617852,0.02195995089682808,0.04304455072676581,0.02936785051286093,0.049526462890794556,0.007277484886089767,0.04236055371324844,0.014082720678780105,0.04831513503185249,0.015006545955087927,0.04750130240173744,-0.0036871280456454527,-0.0006066869898649743,-0.004436598053991188,-0.012317811221175494,0.003444615113193118,0.006972682145465128,0.010300178324291913,-0.0012428787275034162,-0.006524835539253145
2025-03-24,2025-02-28,2025-03-03,-0.013640742294840358,0.002366000000253443,-0.004818380010037156,-0.01759825940684027,0.003780486519173435,-0.013066081628829603,0.004962336245456052,-0.004592640827595437,0.014184981382569304,-0.019396124079016374,-0.018576932123239232,-0.010864263876086864,-0.011229339280938203,-0.03862375042058895,-0.03688053613271072,-0.04173487958754757,-0.04295179760371871,-0.0064798996250735935,-0.011165455496298438,-0.019274629025892994,-0.024983597154395052,-0.01616349985893438,-0.018912335683387065,-0.013879148122832894,-0.014163351358292449,-0.03012429624591923,-0.03069270271683834,-0.02140378241653186,-0.02018305879325162,-0.023411440754047344,-0.02178918546326401,-0.011095450117217857,0.008982733950871371,-0.007844045472406642,0.011583857666720335,-0.006941790959857978,0.015206098074158283,-0.022473481321045565,-0.014559498259330552,-0.033940754435929095,-0.07004896346302818,0.0021674545911699945,-0.016977811169173462,-0.036282252428259026,-0.023503418032379347,-0.021416037030757427
2025-04-14,2025-03-21,2025-03-24,-0.06089747850659111,0.0023599114225159035,0.04632828586760858,-0.04157112646457155,-0.05211875732914247,0.017465771081238597,0.0069181402166676835,0.02128626346453546,0.010738632599964541,-0.013545352695855342,-0.0221827385016043,-0.006265573962856481,-0.01021720523158399,-0.02775839777450626,-0.044098324664953684,-0.026391706528725366,-0.03956381075781705,0.003979859955983612,-0.012360066934463813,-0.004847869757325368,-0.018019973986417057,-0.00621456100310626,-0.022554487893553687,0.01670338655744021,0.008066000751691255,0.031046861692364522,0.01377209008086661,0.009618790237948947,0.0009814044321999904,0.03278293317175323,0.02414554736600428,-0.010142431500018048,-0.020690062364588965,0.005571915982258711,-0.00497571488231221,0.003184723076302501,-0.0007121908172952391,0.04628648758009744,0.031945005228351774,0.06515978372543763,0.12646070627175812,0.003858861179117148,0.009199826266248216,0.018700692975465685,0.04131277740333811,0.001177724846504996
2025-05-06,2025-04-11,2025-04-14,0.03650393793584761,0.002479966211421436,-0.02630599276374674,0.024902280419462772,0.05125089832572597,0.005542242586231853,0.023857355006412267,4.052306293275687e-05,0.0168269266012998,0.005347784711097174,0.018797834528550654,-0.002393640268985168,-0.0012590894109763952,0.007335162477301112,0.03214095108377471,-0.013765388723267265,-0.009983552529904701,-0.005735928996428632,0.014042516735533521,0.012822291225230745,0.026830158168015632,0.03392284242579913,0.06895466178169503,-0.007978637321292243,0.0003458655606268451,-0.018437240854005922,-0.0017882350901677459,-0.004151601564700262,0.005644838146677282,-0.01365098784049769,-0.007508158235196084,0.012471401741197763,0.034038912463512885,0.006255962402065264,0.025432919532406346,-0.0030303195592251775,0.0015248803600840738,0.011538644281730312,0.003258810740702184,0.003844339370723737,-0.042319769964839965,0.05000844870628745,0.004303297725899679,0.005589750924012425,0.004693290978477795,0.016636039493299514
2025-05-28,2025-05-05,2025-05-06,0.05177164270188106,0.0024886641564365597,-0.019379618063077753,0.06759262167137832,0.07264743712354722,0.038002425868448646,0.04062275231655822,0.02342997407542765,0.022964458578102722,0.037189384874374024,0.03607523157601877,0.01760058278593177,0.014586311017674757,0.06763788562794044,0.06602321740300574,0.05286172625475391,0.04281415369389718,0.01696728495537037,0.009018791646364415,0.009551414290981365,-0.00590994726534692,0.024327573664167896,0.017299116443761628,0.014001988117982459,0.009989410225078245,0.025515312079528358,0.01749015629371993,0.028576221290783924,0.026385422544479897,0.019963057707193806,0.016695613512941024,0.045511297873403,0.04780594785082499,0.03447063597441533,0.03538520321446385,0.01817164439065016,0.021164856547918835,-0.015279153517428793,-0.0101784304510219,-0.024383793365863285,-0.017786550999511975,-0.03098103573221458,0.01350547721167606,0.02162704613103858,0.00680931625129268,0.02477414287895445
2025-06-18,2025-05-27,2025-05-28,0.01652131748675889,0.002383709334209616,-0.01414296403086369,0.01369651783970425,0.017194537551746505,0.0030882317471409826,0.00666444165499953,0.0015818443792465196,0.0058875089886526255,0.001377875224562584,0.007514793733319653,-0.004028591808402931,-4.253806355299172e-05,0.0005750146190229682,0.012103653272597114,-0.01899062780783222,-0.005703781991665759,0.0021142926565696574,0.013540312774307357,-0.0002631894880829607,0.011775160440100218,0.019302452938772228,0.029582595704363095,-0.005672673728253623,0.0009342813773578631,-0.013729056790716858,-0.0005151465794938899,-0.004515026454963952,0.002014752165761553,-0.010407928134490492,-0.003485289401796548,0.0076391811094753855,0.011541023270199562,0.004610512744360957,0.008714266129426098,0.0008166006839704434,0.007990104502305874,-0.005231372153330212,-0.0030615586523172764,-0.009177692970866024,-0.03481860262290962,0.016463216681177565,-0.0008418417138773462,-0.004301339175921528,-0.0030447306118625206,0.0028420757315647436
2025-07-11,2025-06-17,2025-06-18,0.04690602852439385,0.0026098131356853127,-0.013989417705614095,0.03746327097874694,0.03166017087633552,0.0050008722927068535,0.0023749454684373044,-0.004749821332811127,-0.008069798358072066,0.015537000746302996,0.013717522485993831,0.004324889573604284,0.005854595316234949,0.027003688944933487,0.02362141613674623,0.008326734595415266,0.01342575373751748,-0.026380507237114863,-0.02662253321106398,-0.05155766088642065,-0.04293603024538691,-0.03288070653690242,-0.03274036784615816,-0.006801957167994096,-0.007307379080403433,-0.016213727471673507,-0.01722457129649218,0.008930886829763009,0.0075000035057208965,0.002324772913223017,0.0012824845254479679,0.016356724822967912,0.011795186259131726,0.005803451745078389,0.0018626939505298325,-0.003879494372557735,-0.0016351242533848734,-0.010274362415561185,-0.001566724427662476,-0.00625585544062044,-0.005541263716466179,-0.0069704471647747,0.00698513815932026,0.010373916752156523,-0.0006274915739567931,0.012217052904425627
2025-08-01,2025-07-10,2025-07-11,-0.0030467084249841125,0.00239034904630242,-0.008435645488713669,0.012663267959671463,0.005982506430522474,0.019685201069535026,0.005704711950126635,0.01602130627386248,0.007661525587617986,0.009521562506399179,0.0027592109620638563,0.002805964398862321,-0.0008826315150485512,0.015730501264801095,0.0030767336005421914,0.003775733554835443,-0.008519586158200811,0.03226168119788156,0.011342323567082419,0.014459757347258807,-0.0031775742619891303,0.026414525057224462,0.008418745496753872,0.01040379864806055,0.003200329032894542,0.01841724824981868,0.004010309019486664,0.006709680676827955,0.0013532700472782449,0.0038977988472567327,-5.2670867507366515e-05,0.014342287116766975,0.00682201600907023,0.015181796695314727,0.007241770798344106,0.016184197742786212,0.006810884410555057,0.03151097287001417,0.020326352265995638,0.040493417852076226,0.04862587553451835,0.03236096016963408,0.014923957386197409,0.028111959558438662,0.030089309460805624,0.020493554383974537
2025-08-22,2025-07-31,2025-08-01,0.037943117563503215,0.0023599114225159035,-0.02541308983953311,0.015953234778277536,0.030429871118736393,-0.008894013845768253,0.0175752062442224,-0.008035569315714006,0.018435469071740623,0.007459321637625394,0.02020299316290181,0.004649668321175316,0.010448007202241963,0.012194007790408572,0.036011704824679,0.009992434418047265,0.029320230688269427,-0.02438793839663625,0.017720731731156587,-0.05749031319308403,-0.0044211431172962185,-0.055288739820722715,0.002270331019113355,-0.005321717550209011,0.013812473568984608,-0.013003346522933926,0.025265035715453313,-0.0010117083088856443,0.015967478189646292,-0.009482738255396682,0.011731963216390771,0.003958832731281763,0.024432670095238508,-0.0020383682922161172,0.02143406958348957,-0.010384886472802082,0.018880659411573696,-0.03877265863139783,-0.01643132785714707,-0.03750905328771717,-0.052322803695453265,-0.02269530287998108,-0.004486003109760838,-0.0126575227486543,-0.02320153356674271,-0.012982986208237415
2025-09-15,2025-08-21,2025-08-22,0.024174404905535907,0.0026379834527987533,-0.00976278277131836,0.026864735554354077,0.017426580298031052,0.021588116535425864,0.013107039576398548,0.014677834747277883,0.012551819975200572,0.01658230955090245,0.01287408368062051,0.011095398277239375,0.008159834801832452,0.029223937943695426,0.022019012802712234,0.030829366200934127,0.02104415461624443,0.016183000910239876,0.016802637989330016,0.018951197360879454,0.016292887080222557,0.017345769103640742,0.017267745266690362,0.009756085966031364,0.010143594246672074,0.016874188479263974,0.017649205040545395,0.013870425447758458,0.011789330039362913,0.01115854134461447,0.010704576398105316,0.02077128515081598,0.01498920013661581,0.017724559949046932,0.013770510055908193,0.01936423977697944,0.012984049163963875,0.012799087898414909,0.008592880841784646,0.015296440474744785,0.0167250295798788,0.013867851369610773,0.012587595196343547,0.022260189209220106,0.018442278505085324,0.017926701454918727
2025-10-06,2025-09-12,2025-09-15,0.019007120930766286,0.0022036106183349613,-0.010824581191211437,0.03781866279183051,0.010856880770797704,0.025898586894790375,0.003438533820802797,0.026349655916876283,0.005122377333320597,0.017123847538532206,0.003444846264932827,0.007834178974435333,0.005150006536265277,0.03015470410793106,0.004616687052131274,0.020972171805336205,0.012024930344769353,0.021821487298442684,0.0004500786473870934,0.021619300759919694,0.012348494822061094,0.030801833062514536,0.0049402515294230155,0.01065480722827677,0.00021032610980511164,0.019106003838218578,-0.001782958398724738,0.013515653808128391,0.0016407493997309204,0.009907460077724577,-0.00016334746547098548,0.03208415935435341,0.007989629052059148,0.029216907635614853,0.006556003192689874,0.025881807144736688,0.0045344391685118324,-0.02459325250462992,-0.012090772287264953,-0.028297568546765715,-0.037825833781968014,-0.018769303311563432,0.0025165376256336266,0.0009285677805826731,-0.0011994908259876699,0.005143631398043651
2025-10-27,2025-10-03,2025-10-06,0.020294482652824186,0.0021814078149664518,-0.01083561740128436,0.014614677102570485,0.014482115562743973,0.008530870540583676,0.01081726449338482,0.0012441230530065657,0.006254082301473871,-0.0018039200129296644,0.0005073229918704771,-0.005585925848078149,-0.003211147519983532,-0.0054251499466434535,-0.0011019885533221942,-0.023709704395182232,-0.015793776634866825,-0.015033907668501113,-0.007015070228311524,-0.022098001158102037,-0.014801959258202093,-0.0038134467095632604,-0.00011017117665746196,-0.009276927637560618,-0.004091450930979342,-0.020735263090087688,-0.010364309676925136,-0.005716781852282348,-0.001900591986192714,-0.009629643691635032,-0.004308506964255904,0.007929400077788522,0.010368098932108922,0.004586761565397547,0.008311090616791398,0.0027282930794855723,0.009624670181498561,0.008617254451190536,-0.0025708618745925223,-0.007925886303537057,-0.035832302463969255,0.019980529856895135,-0.0021873909437610936,-0.006675518125090255,0.0003024921185233098,0.010222288561763056
2025-11-17,2025-10-24,2025-10-27,-0.028559377121383234,0.002102523139823731,0.017501576513546797,-0.025387865312524002,-0.022587627726938033,-0.0033239701624490896,-0.0047120999957714176,-0.0018508317760296984,-0.0057754609151563895,-0.02230542834270051,-0.014072558469538594,-0.01182366842364298,-0.006242633813611473,-0.0438281916301262,-0.02837019490388453,-0.044318115405065264,-0.025714666704960247,-0.02409586669411512,-0.014275677092448045,-0.03143154990677627,-0.016509977063325243,-0.030941626131837194,-0.019165505262249527,-0.011354559462162583,-0.0062505092691543624,-0.024811642064148896,-0.014603541678132456,-0.015499259698543417,-0.009211009437997818,-0.008693091054386334,-0.004349460406457042,-0.013619348544276853,-0.014181544321047214,-0.0077350901601532735,-0.009978502618101796,-0.0018086078068799648,-0.013078863567461525,0.008110590370001527,0.0035945698547807142,0.005164709207081491,-0.00020012604573373734,0.010529544459896723,-0.009355429243959898,-0.019331741211522355,0.0009203695223162006,-0.00992351272337574
2025-12-09,2025-11-14,2025-11-17,0.02609415244421953,0.002234196187755,-0.01666037424369592,0.02221656851764323,0.01284818797707368,0.013753681659691732,0.004866279192678701,0.0033477136515041466,-0.003325116193902673,0.0033281256338169277,0.0013517779728468887,-0.005203397104824799,-0.0034645535695966966,0.004384587348078501,0.0005325462198438016,-0.022557781454177635,-0.016761636336750645,-0.0055158995233236426,-0.007953585384215176,-0.005194191158211306,-0.001878558940208076,0.021748177644044835,0.015415623616386372,-0.006975155872268445,-0.007479606175226287,-0.01618450793229189,-0.017193408538207573,-0.00315090879428704,-0.004201680108385083,-0.009629943222391009,-0.009755138189617056,0.012782141084573692,0.0047615358915855015,0.008064927368038917,0.0007182098488414143,0.005621346887420879,-0.0012549297715510966,-0.025824846186823198,-0.018132440428959323,-0.04100521980154806,-0.05600269073336899,-0.026007748869727135,-0.007402157397571198,-0.01831031622673478,-0.013625769070928164,-0.0031694809493291506
2025-12-31,2025-12-08,2025-12-09,0.0013103034724983864,0.0021526464331749207,-0.011842540071065647,0.015767350955114477,0.015778733539675294,0.004761896224518476,0.002929421559819157,0.01611139548008511,0.016073628846792986,0.0031528389900886645,-0.00031126655101887466,0.0019257053373186604,-0.002337565143962479,0.0040844832530093755,-0.0024742137812011917,0.001396176113654025,-0.012814725490616397,0.022318389662578094,0.013154848855571997,0.014624512856118509,-0.0014761511399325497,0.01731281999547386,0.008864360569482652,0.0024877209730059585,-0.000881367708518336,0.0028227955128369963,-0.003915381850211593,-0.0014525932597701978,-0.004258779908040757,-0.00605802550962906,-0.008206293265062638,0.015939373217599792,0.015926181193234138,0.016025384348842455,0.015999905020013562,0.016092105403290643,0.01597636317829249,0.011826746243087556,0.0029333033038723777,0.0039110835454216715,0.02437665160764094,-0.016554484516797602,0.003043071146980521,0.003997783399215523,0.004336489884970074,0.012481542445494119
2026-01-23,2025-12-30,2025-12-31,0.010719748208278812,0.0021987833013612512,-0.010257779204594919,0.07428148999471611,0.037742445586675576,0.0442773995131805,0.01758118453858514,0.06783857089527565,0.03377757229471221,0.06047399408736595,0.027259450460135684,0.04869996129169169,0.01921134772381873,0.1125464361483288,0.04976444510013533,0.1572027099357959,0.05890733137621941,0.11523498453741782,0.0514189364164978,0.16830014284143452,0.06573652085661236,0.12364386905396735,0.05659363458052829,0.056458529456598606,0.02478839530274039,0.11071827561183595,0.04737800730411953,0.05676979604126223,0.0249799439702257,0.0530655979951585,0.022700437480315718,0.07106003044499587,0.035760008940693894,0.06944930067013577,0.034768790617703056,0.06727908633400632,0.03411822524686285,-0.007233541279321903,0.001148192641450047,-5.334034763613988e-05,-0.014996223213523051,0.014889542518250766,0.030811093364407998,0.056246547900346326,0.02211202958277218,0.03211919613738297
2026-02-13,2026-01-22,2026-01-23,-0.010852644132747447,0.0020268761596362594,-0.0013024830076564652,0.029750208383337546,0.05582662139811383,0.007300171109238159,0.04161161865219041,0.03806988857826002,0.05998646149557506,0.02417529408539534,0.04642662848958426,0.01795581311011131,0.03711601197600643,0.04424276500463365,0.08645410530575794,0.05512333266121971,0.11899066221420346,0.06102643933933437,0.09484594247310829,0.06608103334420044,0.12446951255569383,0.055200465687614386,0.0919329556472483,0.027659508796311152,0.048168735845042165,0.053292141432986044,0.09431059553044807,0.023741133082843185,0.04620954798830818,0.02330697208029103,0.045992467487032104,0.03391004848079879,0.05790654144684445,0.035989968529529404,0.05894650147120976,0.037134961444859824,0.05839552370818765,0.00017029246208991354,0.010739441724430048,0.020265808335582572,0.07683321643115999,-0.036301599759994856,0.017457367904912695,0.032254286670108115,0.013782989722410365,0.01360899964962289
2026-03-09,2026-02-12,2026-02-13,-0.005104561172402433,0.002323763600663442,-0.010999211779866049,-0.008240403740644922,0.0354113644001357,-0.0005837777925500123,0.03941535503383734,-0.0027739289171492426,0.039315989274061186,-0.005502892639796055,0.02071719246129195,-0.0017879042082931372,0.011819056196855146,-0.012346471644333144,0.03716972761444605,-0.011381795762525153,0.033974738921302455,0.013227302691695201,0.05543670928303772,0.006153553207949059,0.04649998818592689,0.005188877326141065,0.04969497687907048,-0.0036733410727506624,0.022024015009181514,-0.009670445746164767,0.041724266417699586,-0.009780363887521744,0.017661855855773605,-0.014057835135247424,0.014606519250255258,-0.005507166328897084,0.037363676837098445,-0.004140547623023159,0.038339833055579815,-0.002482911144198257,0.038484348567337595,-0.02277427138887476,-0.00727473798550144,-0.018773320928901605,-0.06357452843460251,0.026027886576799292,-0.006388815312648748,-0.015559896286617374,-0.009678549360725808,-0.016927415320720833
2026-03-30,2026-03-06,2026-03-09,-0.06571733028617033,0.0020329981018076815,0.04757904766861669,-0.02917221299638849,-0.05983217135686478,0.012100027552248174,-0.007786732966366709,0.03069474557070308,3.47872102267853e-05,-0.015532790041360624,-0.03539655730834813,-0.0035759350825866295,-0.014438932218354449,-0.03103157915519128,-0.06855627284816389,-0.016663445846173307,-0.05287343629873272,0.00634477578418155,-0.031179917908791068,0.009821265577747025,-0.026388724874812395,-0.0045468677312709505,-0.04207156142424357,0.013497134530270636,-0.006366632736716868,0.02496127095873359,-0.014766263575241419,0.005613453366913459,-0.014250313900074042,0.02675969677518755,0.006895929508200042,0.0007612662871572883,-0.029898692073319005,0.015728005928930186,-0.014931952431546103,0.021675560906004098,0.004293164436613788,0.0051310780257309225,0.0033515007726283223,0.005121349661713275,0.016717202187610188,-0.006474502864183634,-0.006090644634366151,-0.012955114746739002,0.008610688606980724,-0.01315001087522194
2026-04-21,2026-03-27,2026-03-30,0.11410358058351333,0.002132825930454274,-0.024955370307930422,0.020196398037678087,0.07306476000077194,-0.007774349870605928,0.01163631064460783,-0.04847461869474688,-0.02682035524639166,0.01599424895505689,0.04463305225028315,0.012062972507997942,0.028492520447704933,0.02820555303170441,0.08212987526899589,0.035233314522266475,0.08999847432128973,-0.07385034421469133,-0.06631506618030701,-0.10273278354474583,-0.11067948650345541,-0.10976054503530787,-0.11854808555574925,-0.018992956223238853,-0.006257428009056112,-0.04011873837693198,-0.014647681948566499,0.008368996916522592,0.033541776557869635,0.0007437448779882973,0.0224505008654561,-0.014139110328534404,0.023122202377190152,-0.03130686451164064,-0.0018490764346007493,-0.028341726968679974,-0.008620376092867652,-0.03673549443521549,-0.011429696679057357,-0.026960774437110282,-0.06008943667826286,0.006167887804042295,0.0022822761379997667,0.0006223892972970647,-0.017367562153858106,-0.009750677317139725
2026-05-12,2026-04-20,2026-04-21,0.04843195872552086,0.0020357806846991178,-0.015996301788192977,0.03741992906973749,-0.021277933730299254,0.025993400739670262,-0.022771935308016602,0.0010229017046539126,-0.047275810419644675,0.024127704150063947,-0.018834704453914997,0.021926365035364673,-0.008722391799101623,0.04306781380143639,-0.037374133202831464,0.06833772852025093,-0.033824794261303345,-0.002622100953877046,-0.07000978659948393,0.017956744860601122,-0.06981121116105321,-0.007313169858213413,-0.07336055010258133,0.0051374979790280596,-0.032399137433226345,0.008239215273357001,-0.06683405555115181,0.017906920121322237,-0.023278121617301934,0.011686136092580521,-0.027721538780688875,0.019221415387195722,-0.03427687207497196,0.010122158545924818,-0.040776341247308306,0.0009643730345715324,-0.03690919810930197,0.03282726606591862,0.015877357142695985,0.031232803339812622,0.03715720896510848,0.02530839771451677,0.020002530646379968,0.037150308570624506,0.02861310203974144,0.03387950937162304
2026-06-03,2026-05-11,2026-05-12,0.021756227800297623,0.0021357410281928058,-0.01372958485663974,0.04326372736397344,0.03626052330179049,0.04875033389383734,0.04932294784495381,0.02546773912210251,0.0206890335901534,0.02637056672514835,0.022427012399410133,0.01959527935725958,0.022345235826857424,0.04674858232046994,0.040757201723904936,0.06033420212508192,0.06950072369040795,0.03478401936380909,0.03028820913682671,0.06600852475552738,0.0744657559920477,0.05242290495091534,0.0457222340255447,0.016523354369460518,0.01381070158818328,0.03091096771072824,0.025485662148173754,0.02026852901108623,0.017087729399605785,0.01416649129702414,0.011748446399801445,0.03436573324303798,0.028474778445971967,0.029916736182570205,0.024581906018062667,0.02723593561965175,0.026296408306322468,0.013895889791099495,0.003140029698424589,0.004286109005125288,-0.008880023508088466,0.01745224151833904,0.014755298211786469,0.025517345662797612,0.02651822144948131,0.027393285784096017
2026-06-25,2026-06-02,2026-06-03,-0.023929127366384084,0.002147400375225983,0.011949214940411523,0.03481554762702582,0.04979180981007788,0.04107369095549886,0.05448123894306465,0.05478618031494478,0.06690949497115126,0.01967295950345035,0.03157002089101882,0.008841392855908627,0.017215772967311103,0.03551644346638663,0.058100635975639685,0.024460708644168168,0.05237530901550977,0.05506102828977134,0.07485313725282658,0.03721049385489427,0.0633036963389893,0.048266228677112735,0.06902902329911921,0.028823175701488606,0.039413063346480176,0.05549895102775122,0.07667872631773437,0.024319876424721498,0.035553092537822656,0.028966793345992645,0.0395361641846265,0.044800863970985275,0.05835065239061456,0.049793522142965035,0.06263007368088291,0.05562356869170786,0.06262765389695857,0.008647735461352057,0.0036295767122298947,0.005264596865736625,0.025621987232847927,-0.015092793501374678,0.011651268107840123,0.02039052016606163,0.02316914391061774,0.02041934131488417
2026-07-17,2026-06-24,2026-06-25,0.01224292703006502,0.00218061804123848,-0.014151267823609565,-0.026365567228962026,0.002587642456088002,-0.03651202291472388,-0.011878244965491069,-0.034502918664716,-0.0032247514265934083,-0.020284680413231372,-0.00564639640569931,-0.008605873180133979,-0.0017903891869417417,-0.04015518997198223,-0.01270825456705206,-0.03377435269666973,-0.011056072719362264,-0.032986138306068925,-0.007587503377113982,-0.01656625952198185,0.001235422405414791,-0.02294709679729436,-0.00041675944227500476,-0.025201374258256654,-0.009158320580717371,-0.05258336655775179,-0.020497259202673222,-0.02578795123352398,-0.009577304134479745,-0.03129122205381659,-0.013508211863260181,-0.030434242946839003,-0.0003185544852527032,-0.032468580805777504,-0.0017716529559230572,-0.03335685567273132,-0.00043606654991896104,-0.0006061620181045267,-0.005304227893877351,-0.013552997700518092,-0.017236011035724533,-0.009869984365311649,-0.012794454153554362,-0.026854093836250162,-0.025032510307620985,-0.01481846453762346
2026-08-07,2026-07-16,2026-07-17,0.040320806144470867,0.0020964081518777267,-0.014374976488054901,0.014330602234944657,0.007912992112879054,0.0028398794111084372,0.003513245930330906,-0.009273196538306707,-0.0006702074410305329,0.0006883397003366419,-0.0009889617212157286,-0.0011117118773734955,-0.002229626987891064,-0.0007190175505997884,-0.003685975679679065,-0.00859732527895967,-0.012323708980684899,-0.029771465633103438,-0.014250502255134936,-0.04070891110913852,-0.024000649282568114,-0.03283060338077864,-0.015362915981562284,-0.011754128843807235,-0.005513495737268047,-0.025604665839492197,-0.013123399626413821,-0.003704014226569022,-0.0025861813309996065,-0.008096368153474686,-0.004183400940783484,0.0025287028483189735,0.00362139233592426,-0.0033722468449938637,0.001475592447446863,0.00014027416694690733,0.0053380322467061776,-0.02839185357415421,-0.01766555212780611,-0.040086627620200634,-0.0707466327290571,-0.009426622511344183,-0.008488606213734734,-0.020402822585400212,-0.0186233741045461,-0.008486464663964308
2026-08-28,2026-08-06,2026-08-07,-0.00505653318520527,0.002098075960582646,-0.0056953694804906555,0.003942468917842822,0.011672849654732871,0.0030444287425277486,0.01626491506435691,0.00807028561804655,0.013924386036662177,-0.0017850573972919034,0.002181547875568873,-0.004062498775987385,-0.000924236172071533,-0.005251249213214339,0.002218458614238727,-0.018437173161317464,-0.007976297814931274,0.008535531730324975,0.009738520947078354,-0.00967569043219376,-0.003197307235409253,0.0035102335159093645,0.006997449193760746,-0.0003622278129236253,0.0029576367397697516,-0.002822531586429897,0.003817197518956857,-0.0035253091829973806,0.0012323196288204308,-0.00526556096870286,0.00028309138207198783,0.006006377267944684,0.012798617845697522,0.007038331442995618,0.01336150194117985,0.006047552551757497,0.012662247418096125,-0.004597767310236268,-0.006720186516351946,-0.016537707881926024,-0.035173491724434694,0.002098075960582646,-0.0042526219568219245,-0.010894478547570181,-0.006746639569699137,-0.001784646391045783
2026-09-21,2026-08-27,2026-08-28,0.007890768484039912,0.0024108697232581022,-0.009524035742327028,-0.02312036748188645,-0.010122742670396269,-0.0033185073831684744,0.01052430150426602,-0.027366961031339985,-0.012736031008521517,-0.013318822074924167,-0.005852070470176197,-0.006062481938565496,-0.0023520272040340124,-0.027443325429532452,-0.013273484383022196,-0.025833635816153885,-0.013465453367715605,-0.02178792210993875,-0.009793236186349148,-0.015489779278580819,-0.007100003190747566,-0.017099468891959384,-0.006908034206054159,-0.016312710694160803,-0.00769446346662951,-0.03503629111157971,-0.01779979665651712,-0.01675805720409782,-0.007968522857359982,-0.020197292333271465,-0.010084975244543767,-0.025243664256613205,-0.011429386839458893,-0.026305312643976606,-0.012082708923990203,-0.025922163651533436,-0.010906729171833844,0.027710809912936354,0.013559640010236934,0.025948982501917642,0.038077381817193036,0.013820583186642237,0.00012040896765638364,-0.0007471714638074053,0.011315237559374584,0.0007549433367767203
