hold,entry,exit,group,sector,ticker,stock_ret,iv_put,put_premium,put_ret_on_premium,iv_call,atm_strike,c30_strike,atm_premium,c30_premium,atm_ret_on_premium,c30_ret_on_premium
3 weeks,2018-06-04,2018-06-25,G4,XLK,MSFT,-0.03226126425221232,0.16940000000000002,0.016139851685761413,0.9988575409694282,,,,,,,
3 weeks,2018-06-04,2018-06-25,G1,XLK,AMD,0.017508368251084594,,,,0.4388,1.0,1.0637560926494305,0.04376051885159841,0.01954906893475925,-0.5999049209069189,-1.0
3 weeks,2018-06-04,2018-06-25,G3,XLK,IBM,-0.029711976168757204,,,,0.1359,1.0,1.0188742996977647,0.013946388421043841,0.006283891442566979,-1.0,-1.0
3 weeks,2018-06-04,2018-06-25,G4,XLY,HD,0.026233493817243936,0.15710000000000002,0.014928874250582041,-1.0,,,,,,,
3 weeks,2018-06-04,2018-06-25,G1,XLY,GM,-0.06431359863477826,,,,0.2273,1.0,1.0316402788875518,0.0229450484808754,0.01039172224070922,-1.0,-1.0
3 weeks,2018-06-04,2018-06-25,G3,XLY,RCL,-0.010515482852624158,,,,0.23079999999999998,1.0,1.0321421584693635,0.02328963544885685,0.010547178237356382,-1.0,-1.0
3 weeks,2018-06-04,2018-06-25,G4,XLV,PFE,-0.0019201579718713946,0.1276,0.012024723024968232,-0.8403158253304979,,,,,,,
3 weeks,2018-06-04,2018-06-25,G1,XLV,MRK,-0.007545372223194069,,,,0.1837,1.0,1.0254692881899845,0.01865237824342735,0.008443830592065361,-1.0,-1.0
3 weeks,2018-06-04,2018-06-25,G4,XLI,TDG,0.0,0.2188,0.02100357549636284,-1.0,,,,,,,
3 weeks,2018-06-04,2018-06-25,G1,XLI,DE,-0.07846123168274988,,,,0.25079999999999997,1.0,1.035028723282451,0.025258660390651166,0.011432918468247682,-1.0,-1.0
3 weeks,2018-06-04,2018-06-25,G3,XLI,MMM,-0.026161125288472475,,,,0.1714,1.0,1.023755323774295,0.017441372779215442,0.007890484511696322,-1.0,-1.0
3 weeks,2018-06-04,2018-06-25,G2,XLC,CHTR,0.10280612979889114,0.2861,0.0276291404669879,-1.0,,,,,,,
3 weeks,2018-06-04,2018-06-25,G1,XLC,MTCH,-0.04156834852838032,,,,0.38789999999999997,1.0,1.0556885589861265,0.0387528519490726,0.017388476076219465,-1.0,-1.0
3 weeks,2018-06-04,2018-06-25,G3,XLC,TMUS,0.04569322477905535,,,,0.21960000000000002,1.0,1.0305395592967885,0.022186950731612386,0.010049244087091068,1.0594639313797583,0.5079408312643898
3 weeks,2018-06-04,2018-06-25,G2,XLB,NEM,-0.02941651863900363,0.2168,0.02080666551604661,0.41380264013553436,,,,,,,
3 weeks,2018-06-04,2018-06-25,G4,XLB,IP,-0.0738608966979104,0.23199999999999998,0.02230316771235912,2.3116774106030227,,,,,,,
3 weeks,2018-06-04,2018-06-25,G1,XLB,FCX,-0.08541545142413687,,,,0.3461,1.0,1.0492260785621426,0.034639458212990915,0.015593927717637651,-1.0,-1.0
3 weeks,2018-06-04,2018-06-25,G3,XLB,PPG,0.02616431870235192,,,,0.1934,1.0,1.0268292783051851,0.019607405709558764,0.008879017301815763,0.3344100229229492,-1.0
3 weeks,2018-06-04,2018-06-25,G2,XLE,HAL,-0.05296211688163999,0.264,0.025453556607802116,1.0807354232534183,,,,,,,
3 weeks,2018-06-04,2018-06-25,G4,XLE,XOM,-0.015190768037322444,0.16949999999999998,0.01614969715640164,-0.05937752948506958,,,,,,,
3 weeks,2018-06-04,2018-06-25,G1,XLE,DVN,0.046865472050986456,,,,0.371,1.0,1.0530582105751753,0.03708988265136087,0.016665142063219247,0.2635648511351365,-1.0
3 weeks,2018-06-04,2018-06-25,G2,XLP,MNST,0.09345433610789522,0.2464,0.023720870578540436,-1.0,,,,,,,
3 weeks,2018-06-04,2018-06-25,G1,XLP,KO,0.010994063699175882,,,,0.14550000000000002,1.0,1.02018464122493,0.014891465254967429,0.006719753704896794,-0.2617204881495111,-1.0
3 weeks,2018-06-04,2018-06-25,G3,XLP,GIS,0.06307772038025106,,,,0.2305,1.0,1.0320991021512733,0.02326009950084328,0.010533858718527533,1.7118422420318673,1.9408613744259595
3 weeks,2018-06-04,2018-06-25,G2,XLU,DUK,0.04922385037475974,0.152,0.014426773244366342,-1.0,,,,,,,
3 weeks,2018-06-04,2018-06-25,G1,XLU,NRG,-0.08242220237903009,,,,0.2854,1.0,1.040098080166666,0.028664844217790583,0.012954944815560723,-1.0,-1.0
3 weeks,2018-06-04,2018-06-25,G3,XLU,PCG,0.0069046571065238815,,,,0.4645,1.0,1.0679133532899803,0.046288372988023796,0.02062982896518612,-0.8508338776929942,-1.0
3 weeks,2018-06-25,2018-07-17,G2,XLK,LRCX,0.03643099121238258,0.34509999999999996,0.0334400627689941,-1.0,,,,,,,
3 weeks,2018-06-25,2018-07-17,G4,XLK,AVGO,-0.17474884122761947,0.2622,0.025279946350073017,5.91254794641266,,,,,,,
3 weeks,2018-06-25,2018-07-17,G1,XLK,AMD,0.1164792337886249,,,,0.5134000000000001,1.0,1.0759738709214628,0.05109359493432864,0.02266766208997901,1.2797228094507243,0.7869228289347459
3 weeks,2018-06-25,2018-07-17,G3,XLK,ORCL,0.10866742843001176,,,,0.214,1.0,1.0297348705760636,0.02163206404385453,0.009799758123936157,4.023442432941723,7.054541434155746
3 weeks,2018-06-25,2018-07-17,G4,XLY,HD,0.024034571587999043,0.1744,0.016635665691319797,-1.0,,,,,,,
3 weeks,2018-06-25,2018-07-17,G1,XLY,TSLA,-0.030990048320625685,,,,0.5752,1.0,1.0864711504604245,0.057168320040616595,0.025208788018823928,-1.0,-1.0
3 weeks,2018-06-25,2018-07-17,G3,XLY,GM,-0.01428204262332422,,,,0.2785,1.0,1.0390722739237586,0.027982101122561685,0.0126524564572022,-1.0,-1.0
3 weeks,2018-06-25,2018-07-17,G2,XLV,DHR,0.00892783136268216,0.2084,0.019983201024789538,-1.0,,,,,,,
3 weeks,2018-06-25,2018-07-17,G4,XLV,ISRG,0.1062347631245959,0.265,0.02555559652234603,-1.0,,,,,,,
3 weeks,2018-06-25,2018-07-17,G1,XLV,BSX,0.05697390697102689,,,,0.25730000000000003,1.0,1.0359665748732412,0.02589506138281869,0.011719841662161442,1.2001842794946604,0.7924586955478996
3 weeks,2018-06-25,2018-07-17,G4,XLI,TDG,0.0738319691840712,0.2422,0.02331096009545555,-1.0,,,,,,,
3 weeks,2018-06-25,2018-07-17,G3,XLI,GD,0.022039035126480533,,,,0.2169,1.0,1.0301475907409312,0.021917586057853898,0.009928999462707378,0.005541169921997602,-1.0
3 weeks,2018-06-25,2018-07-17,G2,XLC,T,0.02228504695406741,0.1974,0.01890017523965624,-1.0,,,,,,,
3 weeks,2018-06-25,2018-07-17,G4,XLC,OMC,-0.056460154834404586,0.2601,0.025073207362599093,1.251812224016637,,,,,,,
3 weeks,2018-06-25,2018-07-17,G1,XLC,NFLX,-0.013004576981664573,,,,0.49479999999999996,1.0,1.072880550468844,0.04926473150903616,0.021895384830632195,-1.0,-1.0
3 weeks,2018-06-25,2018-07-17,G2,XLB,NEM,-0.0013516804035439423,0.2205,0.02117451803691641,-0.9361647617581021,,,,,,,
3 weeks,2018-06-25,2018-07-17,G4,XLB,VMC,-0.037218560292483605,0.2516,0.024236395348910564,0.5356475150978495,,,,,,,
3 weeks,2018-06-25,2018-07-17,G3,XLB,IP,0.0015084015688433539,,,,0.25420000000000004,1.0,1.035515462212999,0.025589871020263912,0.011583058887972794,-0.9410547412431716,-1.0
3 weeks,2018-06-25,2018-07-17,G4,XLE,OKE,0.0237264234943253,0.2051,0.01965829402430028,-1.0,,,,,,,
3 weeks,2018-06-25,2018-07-17,G1,XLE,EQT,0.020999729414056922,,,,0.3472,1.0,1.0493870393291134,0.03474424568352275,0.01564138872474312,-0.395591154709805,-1.0
3 weeks,2018-06-25,2018-07-17,G3,XLE,MPC,0.024725023471152685,,,,0.3044,1.0,1.04291573699162,0.030531646136397216,0.013785228932351247,-0.19018374048041609,-1.0
3 weeks,2018-06-25,2018-07-17,G4,XLP,KO,0.038320350689433624,0.13970000000000002,0.013219373119865423,-1.0,,,,,,,
3 weeks,2018-06-25,2018-07-17,G1,XLP,PG,0.028795540694127153,,,,0.1718,1.0,1.0238038087133874,0.017477187827366816,0.007908506154851917,0.647607211100484,-0.36881480737328465
3 weeks,2018-06-25,2018-07-17,G3,XLP,MO,0.004906278113319118,,,,0.19519999999999998,1.0,1.0270753664971812,0.019781077247718503,0.008959658281538347,-0.7519711362592707,-1.0
3 weeks,2018-06-25,2018-07-17,G2,XLU,PCG,0.006621075473450588,0.5778,0.05632631844142867,-1.0,,,,,,,
3 weeks,2018-06-25,2018-07-17,G4,XLU,SO,0.022532556244339474,0.1539,0.014617351519931668,-1.0,,,,,,,
3 weeks,2018-06-25,2018-07-17,G1,XLU,D,0.03682957051335811,,,,0.16870000000000002,1.0,1.0233735981092171,0.01717197544211188,0.00776879148469429,1.1447486130826068,0.732054777200702
3 weeks,2018-07-17,2018-08-07,G2,XLK,KLAC,0.11587464196437547,0.2893,0.02791109983256427,-1.0,,,,,,,
3 weeks,2018-07-17,2018-08-07,G4,XLK,NOW,-0.028556559119275793,0.43170000000000003,0.0419238554919553,-0.3188470195744403,,,,,,,
3 weeks,2018-07-17,2018-08-07,G1,XLK,AMD,0.15945456389385826,,,,0.664,1.0,1.1022354712342743,0.06592561202709235,0.02879447883279888,1.4187043394960046,0.9871550025905507
3 weeks,2018-07-17,2018-08-07,G2,XLY,SBUX,0.015405778172891571,0.2656,0.025578135451326627,-1.0,,,,,,,
3 weeks,2018-07-17,2018-08-07,G1,XLY,AMZN,0.01006001135349921,,,,0.3392,1.0,1.048239586923311,0.03399222840493089,0.01529592519354801,-0.704049665892454,-1.0
3 weeks,2018-07-17,2018-08-07,G3,XLY,TSLA,0.17626823626167698,,,,0.5821000000000001,1.0,1.087740693629257,0.0578807081249833,0.025490159230758022,2.0453711084711776,2.4730086160308122
3 weeks,2018-07-17,2018-08-07,G4,XLV,UNH,0.02940584097100918,0.1674,0.01591057858780864,-1.0,,,,,,,
3 weeks,2018-07-17,2018-08-07,G1,XLV,VRTX,-0.027821906637502503,,,,0.34700000000000003,1.0,1.0494301079888277,0.03475985368997014,0.015632760403956912,-1.0,-1.0
3 weeks,2018-07-17,2018-08-07,G3,XLV,MCK,-0.0581808176176446,,,,0.3191,1.0,1.045194787740932,0.03201400057345805,0.014424945746467266,-1.0,-1.0
3 weeks,2018-07-17,2018-08-07,G2,XLI,DE,0.05884044332266036,0.25370000000000004,0.02440667456196088,-1.0,,,,,,,
3 weeks,2018-07-17,2018-08-07,G4,XLI,CTAS,0.08735730216326254,0.3953,0.0383428729280998,-1.0,,,,,,,
3 weeks,2018-07-17,2018-08-07,G3,XLI,PH,0.09662962516770723,,,,0.2844,1.0,1.040016032047655,0.0285984962932854,0.012911137821917251,2.3788358722341223,3.3848647501808884
3 weeks,2018-07-17,2018-08-07,G2,XLC,MTCH,-0.02507523785588095,0.48310000000000003,0.0469791839317502,-0.46624790476757805,,,,,,,
3 weeks,2018-07-17,2018-08-07,G1,XLC,LYV,-0.03382577585968427,,,,0.33880000000000005,1.0,1.0481786698823543,0.03395286230335146,0.015278634194346568,-1.0,-1.0
3 weeks,2018-07-17,2018-08-07,G2,XLB,NEM,-0.023551631873399148,0.2554,0.024574028174743308,-0.041604750107472444,,,,,,,
3 weeks,2018-07-17,2018-08-07,G1,XLB,IFF,0.040623115969657286,,,,0.2229,1.0,1.0310759740731015,0.022544250227448923,0.0101961004751456,0.8019280109034748,-0.06364772298701349
3 weeks,2018-07-17,2018-08-07,G3,XLB,LYB,0.04893147410312193,,,,0.2606,1.0,1.0365203898802855,0.026255654891829898,0.011865333998862422,0.8636546795238473,0.045995352851117444
3 weeks,2018-07-17,2018-08-07,G2,XLE,HAL,-0.06724345173735291,0.3029,0.029249768717125577,1.2989396048790725,,,,,,,
3 weeks,2018-07-17,2018-08-07,G4,XLE,OKE,-0.017888954801967727,0.2141,0.020508170912508426,-0.12771573446090323,,,,,,,
3 weeks,2018-07-17,2018-08-07,G1,XLE,FANG,0.03130495944180711,,,,0.36979999999999996,1.0,1.052938983479559,0.03700352533715628,0.016613667133194406,-0.154000621384769,-1.0
3 weeks,2018-07-17,2018-08-07,G3,XLE,PSX,0.10498867608324325,,,,0.2506,1.0,1.0350652046087752,0.02527122439014714,0.011424082746855926,3.1544752427657095,5.120707721038877
3 weeks,2018-07-17,2018-08-07,G4,XLP,PG,0.041984349010735666,0.18280000000000002,0.017426684030023648,-1.0,,,,,,,
3 weeks,2018-07-17,2018-08-07,G1,XLP,KDP,-0.044070562744396025,,,,0.3226,1.0,1.0457225922063762,0.0323584797149476,0.014576918492404079,-1.0,-1.0
3 weeks,2018-07-17,2018-08-07,G4,XLU,DTE,0.03731888768412417,0.19469999999999998,0.018598238510751132,-1.0,,,,,,,
3 weeks,2018-07-17,2018-08-07,G1,XLU,AEE,0.021544282357761624,,,,0.20079999999999998,1.0,1.0279368045693975,0.020368510949680754,0.009210310901859833,0.057724956477455125,-1.0
3 weeks,2018-08-07,2018-08-28,G2,XLK,AVGO,-0.026689648141454136,0.242,0.023245032127965398,0.14818719090281074,,,,,,,
3 weeks,2018-08-07,2018-08-28,G4,XLK,APH,0.000422681172741024,0.1315,0.012366970492525227,-1.0,,,,,,,
3 weeks,2018-08-07,2018-08-28,G1,XLK,AMD,0.28067484258766373,,,,0.4363,1.0,1.063442201108928,0.043555513930929865,0.01944357508702565,5.44407142188143,10.172463937647516
3 weeks,2018-08-07,2018-08-28,G2,XLY,F,-0.006944304979118687,0.1815,0.017288968513536666,-0.5983389654691367,,,,,,,
3 weeks,2018-08-07,2018-08-28,G4,XLY,RCL,0.07085565595721133,0.2298,0.022043998860339635,-1.0,,,,,,,
3 weeks,2018-08-07,2018-08-28,G1,XLY,ORLY,0.05182623483862647,,,,0.23420000000000002,1.0,1.0327155913775155,0.023666420248665557,0.010698063634285458,1.1898637095970885,0.7863647211692217
3 weeks,2018-08-07,2018-08-28,G3,XLY,MAR,0.005302099743505595,,,,0.2159,1.0,1.0300970563590697,0.021864843261091407,0.00988444398310143,-0.7575057053831885,-1.0
3 weeks,2018-08-07,2018-08-28,G2,XLV,SYK,0.028514663273535135,0.1537,0.014552213490672051,-1.0,,,,,,,
3 weeks,2018-08-07,2018-08-28,G4,XLV,DHR,0.00430282298167195,0.1336,0.012573668992145914,-1.0,,,,,,,
3 weeks,2018-08-07,2018-08-28,G1,XLV,PFE,0.016160494752553545,,,,0.1362,1.0,1.018998974184369,0.014018845233539674,0.006297527945197101,0.15276932467234494,-1.0
3 weeks,2018-08-07,2018-08-28,G3,XLV,MCK,0.02564065149635053,,,,0.2214,1.0,1.030881261368127,0.02240630480142733,0.010129362463838417,0.1443498481158374,-1.0
3 weeks,2018-08-07,2018-08-28,G2,XLI,GE,-0.030395138124736043,0.2177,0.020852790014922566,0.45760534216211757,,,,,,,
3 weeks,2018-08-07,2018-08-28,G4,XLI,LMT,0.02183315842030331,0.16449999999999998,0.01561538925060482,-1.0,,,,,,,
3 weeks,2018-08-07,2018-08-28,G1,XLI,WM,0.005895064382746007,,,,0.1232,1.0,1.0172353880102556,0.012739316041062751,0.005705675165780375,-0.537254247893337,-1.0
3 weeks,2018-08-07,2018-08-28,G3,XLI,CAT,-0.002668660972604542,,,,0.2243,1.0,1.0312957143336203,0.022691801495389914,0.010258366903433859,-1.0,-1.0
3 weeks,2018-08-07,2018-08-28,G2,XLC,NFLX,0.04735242673434659,0.2824,0.027222000540778297,-1.0,,,,,,,
3 weeks,2018-08-07,2018-08-28,G4,XLC,VZ,0.04174636526230513,0.1354,0.012750841840511737,-1.0,,,,,,,
3 weeks,2018-08-07,2018-08-28,G1,XLC,DIS,-0.03414564777930862,,,,0.308,1.0,1.04354733282513,0.030931078641383367,0.013942108388931245,-1.0,-1.0
3 weeks,2018-08-07,2018-08-28,G2,XLB,FCX,-0.04557283615725649,0.3301,0.0319169449197308,0.42785709195756283,,,,,,,
3 weeks,2018-08-07,2018-08-28,G4,XLB,SHW,0.021210127809396573,0.1769,0.016836112361231968,-1.0,,,,,,,
3 weeks,2018-08-07,2018-08-28,G3,XLB,IP,-0.01707108857277695,,,,0.2028,1.0,1.0282388316664095,0.020575172212865787,0.009299745261353869,-1.0,-1.0
3 weeks,2018-08-07,2018-08-28,G2,XLE,HAL,-0.03235779868625954,0.2096,0.020055361661908775,0.6134238430472594,,,,,,,
3 weeks,2018-08-07,2018-08-28,G4,XLE,WMB,-0.04719665175013399,0.17120000000000002,0.01627496937866691,1.8999533364406203,,,,,,,
3 weeks,2018-08-07,2018-08-28,G1,XLE,MPC,0.03844734383161308,,,,0.23309999999999997,1.0,1.0325574432419165,0.02355812995334099,0.01064926167356576,0.6320201946318103,-0.4469193480035416
3 weeks,2018-08-07,2018-08-28,G4,XLP,KR,0.041879972594417,0.2183,0.02091185858487537,-1.0,,,,,,,
3 weeks,2018-08-07,2018-08-28,G1,XLP,HSY,0.009096787409037299,,,,0.1923,1.0,1.0267591546129264,0.019541464285434566,0.00882971894865507,-0.5344879341607116,-1.0
3 weeks,2018-08-07,2018-08-28,G4,XLU,XEL,0.007838725232756971,0.2248,0.021551765828311708,-1.0,,,,,,,
3 weeks,2018-08-07,2018-08-28,G1,XLU,DTE,0.003443663408239539,,,,0.1429,1.0,1.0199129655842425,0.014678345209222222,0.006601810713459303,-0.7653915779228369,-1.0
3 weeks,2018-08-28,2018-09-19,G2,XLK,AMAT,-0.10046083345800993,0.2507,0.024080599891242012,3.171857591244935,,,,,,,
3 weeks,2018-08-28,2018-09-19,G4,XLK,IBM,0.016849710400371976,0.12369999999999999,0.011578959464570703,-1.0,,,,,,,
3 weeks,2018-08-28,2018-09-19,G1,XLK,AMD,0.2459081850309448,,,,0.5821999999999999,1.0,1.0878224818410993,0.057919523662607206,0.025494233634249304,3.245687282640807,5.200841549418884
3 weeks,2018-08-28,2018-09-19,G2,XLY,BKNG,-0.002304080372761752,0.1686,0.015998441033743777,-0.8559809441493695,,,,,,,
3 weeks,2018-08-28,2018-09-19,G4,XLY,RCL,0.09230133791906603,0.1989,0.018981260396812364,-1.0,,,,,,,
3 weeks,2018-08-28,2018-09-19,G1,XLY,TJX,0.016448330317483828,,,,0.1588,1.0,1.0221370028482428,0.016264434910269503,0.007321883234039655,0.01130659676950807,-1.0
3 weeks,2018-08-28,2018-09-19,G3,XLY,TSLA,-0.0411722726454149,,,,0.4654,1.0,1.0681908645336349,0.0464376346270953,0.0206675542013446,-1.0,-1.0
3 weeks,2018-08-28,2018-09-19,G2,XLV,GILD,-0.006356504062069113,0.18309999999999998,0.017425846983540036,-0.6352255320459722,,,,,,,
3 weeks,2018-08-28,2018-09-19,G4,XLV,MDT,0.007204450455269962,0.1242,0.011628165884761314,-1.0,,,,,,,
3 weeks,2018-08-28,2018-09-19,G1,XLV,CVS,0.05392443157924953,,,,0.2168,1.0,1.0302667094847804,0.021974106858346002,0.009924544411929867,1.4539987871574591,1.383759003187207
3 weeks,2018-08-28,2018-09-19,G3,XLV,MCK,0.03595444860073882,,,,0.19760000000000003,1.0,1.0275463409009524,0.020083975421758448,0.009067123518352123,0.7902057658259554,-0.07268190592440305
3 weeks,2018-08-28,2018-09-19,G2,XLI,GE,0.017443168625913108,0.205,0.019581771482165652,-1.0,,,,,,,
3 weeks,2018-08-28,2018-09-19,G4,XLI,PH,0.08758707268503318,0.1912,0.018223239951317347,-1.0,,,,,,,
3 weeks,2018-08-28,2018-09-19,G1,XLI,ADP,0.02664612343529882,,,,0.1888,1.0,1.0263091816927064,0.0192176673579731,0.008672770882779608,0.38654306680169537,-0.9611494703196332
3 weeks,2018-08-28,2018-09-19,G4,XLC,T,0.021426292153016835,0.1323,0.01242534554046196,-1.0,,,,,,,
3 weeks,2018-08-28,2018-09-19,G1,XLC,MTCH,0.15317252055657726,,,,0.41969999999999996,1.0,1.060833046400336,0.04194266023495181,0.018741462129563652,2.6519505367219196,3.927015486725601
3 weeks,2018-08-28,2018-09-19,G3,XLC,OMC,-0.006338310570840999,,,,0.2134,1.0,1.0297828619394702,0.021639396856427424,0.009773006928984727,-1.0,-1.0
3 weeks,2018-08-28,2018-09-19,G2,XLB,NEM,-0.005350191359605017,0.2366,0.02269258672752707,-0.764231754455958,,,,,,,
3 weeks,2018-08-28,2018-09-19,G4,XLB,PPG,0.04714660698301598,0.1744,0.01656939821752945,-1.0,,,,,,,
3 weeks,2018-08-28,2018-09-19,G1,XLB,ECL,0.058481451378602944,,,,0.1174,1.0,1.016493668120755,0.012189676615690629,0.00544099723956584,3.797621234949352,6.716927873537798
3 weeks,2018-08-28,2018-09-19,G3,XLB,VMC,0.019876901118445867,,,,0.22440000000000002,1.0,1.031351553576729,0.02272227908904352,0.010262813678792716,-0.12522414496570733,-1.0
3 weeks,2018-08-28,2018-09-19,G2,XLE,FANG,0.06159178219475536,0.276,0.02657104323591341,-1.0,,,,,,,
3 weeks,2018-08-28,2018-09-19,G1,XLE,VLO,-0.08879447268175422,,,,0.1997,1.0,1.027842469227183,0.020290708618934335,0.009161103071420542,-1.0,-1.0
3 weeks,2018-08-28,2018-09-19,G3,XLE,EOG,0.018649010965184898,,,,0.2207,1.0,1.030822835274809,0.02235803795573925,0.010098209565418736,-0.16589232909868734,-1.0
3 weeks,2018-08-28,2018-09-19,G4,XLP,PG,0.00622842346392849,0.1168,0.010899941256341248,-1.0,,,,,,,
3 weeks,2018-08-28,2018-09-19,G1,XLP,SYY,-0.01989236485467527,,,,0.14550000000000002,1.0,1.0203096704520307,0.014955262939048796,0.006719753704896828,-1.0,-1.0
3 weeks,2018-08-28,2018-09-19,G4,XLU,ED,-0.0016570488270453154,0.1411,0.013291481735314886,-0.8753300151146735,,,,,,,
3 weeks,2018-08-28,2018-09-19,G1,XLU,DTE,-0.007103802618743882,,,,0.1561,1.0,1.021764934835483,0.01599865656344654,0.007199807805538917,-1.0,-1.0
3 weeks,2018-09-19,2018-10-10,G2,XLK,LRCX,-0.08753851767437248,0.2902,0.02795616482752573,2.1312777777079694,,,,,,,
3 weeks,2018-09-19,2018-10-10,G4,XLK,ORCL,-0.04106857102431416,0.1539,0.01453911779036249,1.8246948416318065,,,,,,,
3 weeks,2018-09-19,2018-10-10,G1,XLK,AMD,-0.19897466410251208,,,,0.7023,1.0,1.1093194168404283,0.06972593701207284,0.030317591262498403,-1.0,-1.0
3 weeks,2018-09-19,2018-10-10,G3,XLK,TXN,-0.07571955638205508,,,,0.21239999999999998,1.0,1.0296656082400544,0.02155336465365491,0.009728412755842115,-1.0,-1.0
3 weeks,2018-09-19,2018-10-10,G2,XLY,AZO,0.03167252570050283,0.2152,0.020573450130159175,-1.0,,,,,,,
3 weeks,2018-09-19,2018-10-10,G4,XLY,SBUX,0.010463437608366544,0.1487,0.014027280263958346,-1.0,,,,,,,
3 weeks,2018-09-19,2018-10-10,G1,XLY,TJX,-0.006765363055615592,,,,0.1984,1.0,1.0276839438259493,0.020175176184406726,0.009102931031828333,-1.0,-1.0
3 weeks,2018-09-19,2018-10-10,G3,XLY,TSLA,-0.14092704525768407,,,,0.6332,1.0,1.0968037612787418,0.06294144773752941,0.02755945006789205,-1.0,-1.0
3 weeks,2018-09-19,2018-10-10,G2,XLV,ABBV,0.022632191402789603,0.24489999999999998,0.023497131403748404,-1.0,,,,,,,
3 weeks,2018-09-19,2018-10-10,G4,XLV,ABT,0.006131432308432494,0.1321,0.012393452605297424,-1.0,,,,,,,
3 weeks,2018-09-19,2018-10-10,G1,XLV,BSX,-0.03680984279357524,,,,0.2636,1.0,1.0370450190831637,0.026593447978150844,0.011997496833734458,-1.0,-1.0
3 weeks,2018-09-19,2018-10-10,G4,XLI,LMT,-0.007516303008647918,0.1729,0.016409389664670437,-0.5419510924997667,,,,,,,
3 weeks,2018-09-19,2018-10-10,G1,XLI,UNP,-0.051228406122992176,,,,0.16920000000000002,1.0,1.0236001660541376,0.0173007213197632,0.007791333400554382,-1.0,-1.0
3 weeks,2018-09-19,2018-10-10,G3,XLI,GE,0.032659189312923775,,,,0.2596,1.0,1.0364609737294068,0.026199707709675238,0.011821257942766415,0.2465478498778506,-1.0
3 weeks,2018-09-19,2018-10-10,G2,XLC,META,-0.07163000350876458,0.2443,0.02343806831199093,2.0561393778393713,,,,,,,
3 weeks,2018-09-19,2018-10-10,G1,XLC,MTCH,-0.14902954223860654,,,,0.4507,1.0,1.065830358679399,0.045003909230134954,0.02005033955829783,-1.0,-1.0
3 weeks,2018-09-19,2018-10-10,G3,XLC,NWSA,0.019968279215765383,,,,1.7056,1.0,1.349107126646155,0.16746946235325005,0.06573383069264165,-0.8807646544320692,-1.0
3 weeks,2018-09-19,2018-10-10,G2,XLB,NEM,-0.030457008751095693,0.2375,0.022768682483189237,0.3376711091466513,,,,,,,
3 weeks,2018-09-19,2018-10-10,G4,XLB,PPG,-0.13428960969696957,0.1616,0.01529705435209467,7.778788818160988,,,,,,,
3 weeks,2018-09-19,2018-10-10,G1,XLB,ECL,-0.04447823995773337,,,,0.1164,1.0,1.0163835413259739,0.01210399251908585,0.005395324332667449,-1.0,-1.0
3 weeks,2018-09-19,2018-10-10,G3,XLB,VMC,-0.08014337560963902,,,,0.24420000000000003,1.0,1.03422435695899,0.02468377632748241,0.011141108735115719,-1.0,-1.0
3 weeks,2018-09-19,2018-10-10,G2,XLE,DVN,-0.06445962594192789,0.2833,0.027277008726297097,1.3631486351281592,,,,,,,
3 weeks,2018-09-19,2018-10-10,G4,XLE,XOM,-0.0013001082308914391,0.135,0.012678865161782247,-0.8974586278580866,,,,,,,
3 weeks,2018-09-19,2018-10-10,G1,XLE,MPC,0.0013650196312233742,,,,0.25239999999999996,1.0,1.0354129227848419,0.025490966409432,0.011503588508329632,-0.9464508481436621,-1.0
3 weeks,2018-09-19,2018-10-10,G2,XLP,MNST,-0.0913688165345391,0.1936,0.018447103760348433,3.9530168920572795,,,,,,,
3 weeks,2018-09-19,2018-10-10,G4,XLP,PG,-0.03047585732499858,0.1139,0.01060244880004509,1.874416835181416,,,,,,,
3 weeks,2018-09-19,2018-10-10,G1,XLP,TGT,-0.02248742060858222,,,,0.193,1.0,1.026923701964435,0.019643590670219632,0.008861092186695592,-1.0,-1.0
3 weeks,2018-09-19,2018-10-10,G4,XLU,CNP,-0.0010750439313809146,0.1704,0.016163294521672714,-0.9334885638605797,,,,,,,
3 weeks,2018-09-19,2018-10-10,G1,XLU,NRG,0.024170615465135104,,,,0.271,1.0,1.0381288900630454,0.02732185745434227,0.012323080004811637,-0.11533776554076547,-1.0
3 weeks,2018-10-10,2018-10-31,G2,XLK,KLAC,-0.024613322312324493,0.38420000000000004,0.037176314227009497,-0.3379300012898454,,,,,,,
3 weeks,2018-10-10,2018-10-31,G4,XLK,CSCO,0.002629859919236921,0.24420000000000003,0.02339844299957755,-1.0,,,,,,,
3 weeks,2018-10-10,2018-10-31,G1,XLK,IBM,-0.19104312478949392,,,,0.3296,1.0,1.046928777697255,0.03311852619328832,0.014880471842753961,-1.0,-1.0
3 weeks,2018-10-10,2018-10-31,G3,XLK,TXN,-0.05653500012887991,,,,0.39909999999999995,1.0,1.0576609425437749,0.03995693824621266,0.017866199645706755,-1.0,-1.0
3 weeks,2018-10-10,2018-10-31,G2,XLY,AMZN,-0.08958267808122367,0.5361,0.05211435742610255,0.7189634969259793,,,,,,,
3 weeks,2018-10-10,2018-10-31,G4,XLY,MCD,0.050662140883171114,0.2525,0.024215436738193995,-1.0,,,,,,,
3 weeks,2018-10-10,2018-10-31,G1,XLY,AZO,-0.05744247810724423,,,,0.2756,1.0,1.0388646368048815,0.02780390425993966,0.012525169867359716,-1.0,-1.0
3 weeks,2018-10-10,2018-10-31,G3,XLY,TSLA,0.31314233934061253,,,,0.8587,1.0,1.1393980537732942,0.08509108119575147,0.03639510196415688,2.680084151478,3.773837032753134
3 weeks,2018-10-10,2018-10-31,G4,XLV,MRK,0.04485448690492255,0.2464,0.02361499667731193,-1.0,,,,,,,
3 weeks,2018-10-10,2018-10-31,G1,XLV,LLY,-0.04323280573354937,,,,0.223,1.0,1.0312356176745212,0.022626359363266423,0.010200548793715293,-1.0,-1.0
3 weeks,2018-10-10,2018-10-31,G4,XLI,GD,-0.12759098530263624,0.2767,0.026597435665729807,3.7971160417932435,,,,,,,
3 weeks,2018-10-10,2018-10-31,G1,XLI,GE,-0.2394578068112928,,,,0.4901,1.0,1.0723300902292852,0.048906948348452876,0.021699687332878508,-1.0,-1.0
3 weeks,2018-10-10,2018-10-31,G2,XLC,META,0.002708227075473024,0.43450000000000005,0.042124434234029354,-1.0,,,,,,,
3 weeks,2018-10-10,2018-10-31,G4,XLC,T,-0.0660578909072097,0.2553,0.02449104632392966,1.697226163125011,,,,,,,
3 weeks,2018-10-10,2018-10-31,G1,XLC,NWSA,0.032889372067856026,,,,0.23010000000000003,1.0,1.0322525173572659,0.023325253161137333,0.010516097820299388,0.41003280181557633,-0.939440016489676
3 weeks,2018-10-10,2018-10-31,G2,XLB,IP,0.04203981886535857,0.34869999999999995,0.033683336656551696,-1.0,,,,,,,
3 weeks,2018-10-10,2018-10-31,G4,XLB,ECL,0.015516177154780486,0.20809999999999998,0.019844920152578584,-1.0,,,,,,,
3 weeks,2018-10-10,2018-10-31,G1,XLB,NUE,-0.03145491917408849,,,,0.3223,1.0,1.0458247204238342,0.03240012639531346,0.014563897382918791,-1.0,-1.0
3 weeks,2018-10-10,2018-10-31,G3,XLB,PKG,0.032152736614932564,,,,0.3497,1.0,1.0499913777866368,0.03509647646263549,0.015749207002190187,-0.08387565204264669,-1.0
3 weeks,2018-10-10,2018-10-31,G2,XLE,DVN,-0.13136712566364994,0.4054,0.03926196954503232,2.345912779871518,,,,,,,
3 weeks,2018-10-10,2018-10-31,G4,XLE,OKE,-0.025405141215430693,0.2254,0.021547867310134108,0.17900954418270731,,,,,,,
3 weeks,2018-10-10,2018-10-31,G1,XLE,FANG,-0.1308789115275254,,,,0.40340000000000004,1.0,1.058338210896723,0.04037995784990527,0.018049264061246517,-1.0,-1.0
3 weeks,2018-10-10,2018-10-31,G3,XLE,WMB,-0.10551498112084645,,,,0.2697,1.0,1.037997880322143,0.027223179780212835,0.012265926040044605,-1.0,-1.0
3 weeks,2018-10-10,2018-10-31,G2,XLP,KR,0.07320592625747357,0.317,0.03056379767305463,-1.0,,,,,,,
3 weeks,2018-10-10,2018-10-31,G4,XLP,PM,0.04077065299897642,0.29710000000000003,0.028605285478544226,-1.0,,,,,,,
3 weeks,2018-10-10,2018-10-31,G1,XLP,ADM,-0.057638705059882,,,,0.21280000000000002,1.0,1.0297817000548795,0.021622309577135547,0.009746251752505753,-1.0,-1.0
3 weeks,2018-10-10,2018-10-31,G3,XLP,GIS,-0.003186005911373191,,,,0.2552,1.0,1.0358796019808851,0.025795941439050684,0.011627193818057461,-1.0,-1.0
3 weeks,2018-10-10,2018-10-31,G4,XLU,PEG,-0.020172413808889678,0.1938,0.018437284234165553,0.09410982402217716,,,,,,,
3 weeks,2018-10-10,2018-10-31,G1,XLU,VST,-0.09116482364384437,,,,0.3023,1.0,1.0428222462753378,0.03043180857899984,0.01369365166177309,-1.0,-1.0
3 weeks,2018-10-10,2018-10-31,G3,XLU,SO,0.02480619381663507,,,,0.2306,1.0,1.0323242806431066,0.023374470869332732,0.010538298668116232,0.06125156609130622,-1.0
3 weeks,2018-10-31,2018-11-21,G2,XLK,AMD,0.028555765178871706,0.7306,0.07119789986915284,-1.0,,,,,,,
3 weeks,2018-10-31,2018-11-21,G3,XLK,AMAT,0.07627289101576129,,,,0.5206000000000001,1.0,1.0774428592211946,0.05192194666408405,0.02296567453007857,0.4689913594576678,-1.0
3 weeks,2018-10-31,2018-11-21,G2,XLY,RCL,0.025207447757104706,0.3652,0.03528934479677463,-1.0,,,,,,,
3 weeks,2018-10-31,2018-11-21,G4,XLY,SBUX,0.1520250877064515,0.3246,0.03129426664377806,-1.0,,,,,,,
3 weeks,2018-10-31,2018-11-21,G3,XLY,LOW,-0.07193863048198401,,,,0.3488,1.0,1.0498885672669684,0.03502471737431812,0.01571040004374017,-1.0,-1.0
3 weeks,2018-10-31,2018-11-21,G2,XLV,BMY,0.05263185558739458,0.2612,0.025054480590660535,-1.0,,,,,,,
3 weeks,2018-10-31,2018-11-21,G4,XLV,MRK,0.016030318976215208,0.2025,0.01927654568410839,-1.0,,,,,,,
3 weeks,2018-10-31,2018-11-21,G1,XLV,LLY,0.04016046191138245,,,,0.3165,1.0,1.0449855087835633,0.03184620568879081,0.014311966969810009,0.2610752534804519,-1.0
3 weeks,2018-10-31,2018-11-21,G3,XLV,ABBV,0.10661523128522488,,,,0.4547,1.0,1.0665748072263215,0.045442467984689205,0.020218507883165142,1.3461584727560654,0.9803847193018058
3 weeks,2018-10-31,2018-11-21,G2,XLI,UNP,-0.01449848951915833,0.2676,0.02568441418640148,-0.4355141054050399,,,,,,,
3 weeks,2018-10-31,2018-11-21,G3,XLI,CAT,0.02101894719958808,,,,0.3704,1.0,1.0532154956925075,0.037150042944957475,0.016639406490185825,-0.4342147267304557,-1.0
3 weeks,2018-10-31,2018-11-21,G1,XLC,CMCSA,-0.016518253075133882,,,,0.2939,1.0,1.0416056846604576,0.029622006980314603,0.013326868405656144,-1.0,-1.0
3 weeks,2018-10-31,2018-11-21,G3,XLC,NFLX,-0.1313871104362967,,,,0.5506,1.0,1.0825165819587297,0.05487063126852757,0.024201817427033406,-1.0,-1.0
3 weeks,2018-10-31,2018-11-21,G2,XLB,FCX,-0.020600877844962562,0.4836,0.04693528874512637,-0.5610791283967185,,,,,,,
3 weeks,2018-10-31,2018-11-21,G4,XLB,IFF,-0.03573851644926984,0.34630000000000005,0.03342965259937861,0.06906634291300318,,,,,,,
3 weeks,2018-10-31,2018-11-21,G3,XLB,PKG,0.04313247249362129,,,,0.32549999999999996,1.0,1.0463430682297468,0.03273189954126648,0.014702739701433931,0.3177503627384166,-1.0
3 weeks,2018-10-31,2018-11-21,G2,XLE,SLB,-0.07152630090376766,0.3185,0.030693964236085978,1.3303050838795323,,,,,,,
3 weeks,2018-10-31,2018-11-21,G3,XLE,VLO,-0.1221648908825298,,,,0.3918,1.0,1.0565499837542565,0.039255475140584965,0.017554974789202014,-1.0,-1.0
3 weeks,2018-10-31,2018-11-21,G2,XLP,CL,0.0397983861463882,0.22010000000000002,0.02100896725599407,-1.0,,,,,,,
3 weeks,2018-10-31,2018-11-21,G4,XLP,PG,0.030784851808314917,0.1909,0.018134731836862587,-1.0,,,,,,,
3 weeks,2018-10-31,2018-11-21,G1,XLP,HSY,-0.002593257513221481,,,,0.2321,1.0,1.0325741458809765,0.023539224216274555,0.010604884716323773,-1.0,-1.0
3 weeks,2018-10-31,2018-11-21,G2,XLU,VST,0.007512394555352353,0.31420000000000003,0.030270792166549064,-1.0,,,,,,,
3 weeks,2018-10-31,2018-11-21,G4,XLU,DTE,0.038701299025715175,0.19760000000000003,0.018794226028941256,-1.0,,,,,,,
3 weeks,2018-10-31,2018-11-21,G1,XLU,XEL,0.035502652899945364,,,,0.19940000000000002,1.0,1.0279184182367997,0.020320469293863573,0.009147680421277013,0.7471374497569574,-0.17091171599031607
3 weeks,2018-11-21,2018-12-14,G2,XLK,AMD,0.062466636673192966,0.7155,0.06969357860653082,-1.0,,,,,,,
3 weeks,2018-11-21,2018-12-14,G3,XLK,NVDA,0.013036853994916164,,,,0.606,1.0,1.0921428062632108,0.06033426563603628,0.026461155298228015,-0.783922885983887,-1.0
3 weeks,2018-11-21,2018-12-14,G2,XLY,AMZN,0.04956709438451057,0.42590000000000006,0.04123889077194144,-1.0,,,,,,,
3 weeks,2018-11-21,2018-12-14,G4,XLY,TSLA,0.08137440097145698,0.5425,0.05270325046917916,-1.0,,,,,,,
3 weeks,2018-11-21,2018-12-14,G3,XLY,LOW,0.05646688553218815,,,,0.303,1.0,1.043004789882774,0.0305386104139725,0.013724182682053795,0.8490325776693695,-0.01909673156581737
3 weeks,2018-11-21,2018-12-14,G2,XLV,GILD,-0.009242953215246597,0.30820000000000003,0.029658681307133693,-0.6883558941973801,,,,,,,
3 weeks,2018-11-21,2018-12-14,G4,XLV,MRK,0.029765074101316458,0.1924,0.018261172172885674,-1.0,,,,,,,
3 weeks,2018-11-21,2018-12-14,G3,XLV,VRTX,0.06121683343896245,,,,0.4349,1.0,1.0634268690087174,0.043515770537785034,0.019384470442718682,0.40677351411731455,-1.0
3 weeks,2018-11-21,2018-12-14,G3,XLI,GE,-0.09090909090909094,,,,0.5974,1.0,1.0906372748049404,0.05948944308547469,0.02611240273143605,-1.0,-1.0
3 weeks,2018-11-21,2018-12-14,G2,XLC,TMUS,-0.016921028511500902,0.2515,0.024078278951457296,-0.2972492533368225,,,,,,,
3 weeks,2018-11-21,2018-12-14,G4,XLC,VZ,-0.035158616436256285,0.20629999999999998,0.019629322165508233,0.7911273827903968,,,,,,,
3 weeks,2018-11-21,2018-12-14,G1,XLC,CMCSA,-0.03119141407974657,,,,0.26289999999999997,1.0,1.0370799449291392,0.026592000574391816,0.011966667601366244,-1.0,-1.0
3 weeks,2018-11-21,2018-12-14,G3,XLC,NFLX,0.017968209788126632,,,,0.5390999999999999,1.0,1.0806069865112888,0.05376076251842757,0.023729022658370246,-0.6657746477839175,-1.0
3 weeks,2018-11-21,2018-12-14,G2,XLB,FCX,-0.07361997875840265,0.48479999999999995,0.04703118057690891,0.5653440516555543,,,,,,,
3 weeks,2018-11-21,2018-12-14,G4,XLB,ECL,-0.0035476317350809916,0.20129999999999998,0.01913717947156767,-0.8146209716875061,,,,,,,
3 weeks,2018-11-21,2018-12-14,G1,XLB,NEM,-0.004210190764503241,,,,0.29059999999999997,1.0,1.0411587744310498,0.029318258568940166,0.01318256710195991,-1.0,-1.0
3 weeks,2018-11-21,2018-12-14,G3,XLB,STLD,-0.16320155339462838,,,,0.3557,1.0,1.0509906615197746,0.03572450868611146,0.016007701142751227,-1.0,-1.0
3 weeks,2018-11-21,2018-12-14,G2,XLE,EQT,0.09050052913907725,0.5439,0.05284084461854053,-1.0,,,,,,,
3 weeks,2018-11-21,2018-12-14,G3,XLE,VLO,-0.07449489301423995,,,,0.374,1.0,1.0538174109069542,0.037525038361330795,0.01679376319463408,-1.0,-1.0
3 weeks,2018-11-21,2018-12-14,G2,XLP,CL,0.05248714511182406,0.2327,0.022227844483195484,-1.0,,,,,,,
3 weeks,2018-11-21,2018-12-14,G4,XLP,MDLZ,0.0016098126694807924,0.2009,0.01909780815075785,-1.0,,,,,,,
3 weeks,2018-11-21,2018-12-14,G1,XLP,KMB,0.07050703513298195,,,,0.24710000000000001,1.0,1.0347810121704797,0.025036877985214458,0.011269386846758525,1.8161272813095901,2.1701833869318494
3 weeks,2018-11-21,2018-12-14,G3,XLP,TGT,-0.030176325528602277,,,,0.3068,1.0,1.0435730073007532,0.03091257969103096,0.013889830688895146,-1.0,-1.0
3 weeks,2018-11-21,2018-12-14,G2,XLU,VST,0.08377171949074969,0.2998,0.02883201000798581,-1.0,,,,,,,
3 weeks,2018-11-21,2018-12-14,G4,XLU,XEL,0.04709380928774887,0.16699999999999998,0.01576120175955257,-1.0,,,,,,,
3 weeks,2018-11-21,2018-12-14,G1,XLU,DUK,0.04973988620673975,,,,0.1788,1.0,1.025071073795193,0.018314257397327217,0.008223594755141285,1.715910622398415,1.9997602199602764
3 weeks,2018-11-21,2018-12-14,G3,XLU,PCG,0.07037049045794519,,,,0.8168000000000001,1.0,1.1312067489334514,0.08102049800519356,0.034788966096472744,-0.13144831011240776,-1.0
3 weeks,2018-12-14,2019-01-08,G2,XLK,LRCX,0.011523972694281515,0.37439999999999996,0.036167264323895054,-1.0,,,,,,,
3 weeks,2018-12-14,2019-01-08,G4,XLK,CSCO,-0.041962618729616485,0.2587,0.024781577372112843,0.6932989413675428,,,,,,,
3 weeks,2018-12-14,2019-01-08,G3,XLK,IBM,-0.0005838236533799446,,,,0.2477,1.0,1.0348786661446077,0.025101231078523436,0.011295915656749585,-1.0,-1.0
3 weeks,2018-12-14,2019-01-08,G2,XLY,NKE,0.05790731815159611,0.40090000000000003,0.038774284101482766,-1.0,,,,,,,
3 weeks,2018-12-14,2019-01-08,G4,XLY,TSLA,-0.08301660451002868,0.5085000000000001,0.04935570046164301,0.6820064092605764,,,,,,,
3 weeks,2018-12-14,2019-01-08,G1,XLY,AZO,-0.06871814401113718,,,,0.2359,1.0,1.0331741635711078,0.023939798170268135,0.010773458703364403,-1.0,-1.0
3 weeks,2018-12-14,2019-01-08,G3,XLY,ROST,0.15566203248082577,,,,0.3081,1.0,1.043778477161879,0.03104576272460111,0.013946464166719685,4.013954202435395,7.022359931625791
3 weeks,2018-12-14,2019-01-08,G2,XLV,GILD,0.038432211614179534,0.289,0.02776372485149616,-1.0,,,,,,,
3 weeks,2018-12-14,2019-01-08,G4,XLV,MRK,-0.006406902422561256,0.1948,0.018492095722031927,-0.6535329192067737,,,,,,,
3 weeks,2018-12-14,2019-01-08,G3,XLV,VRTX,0.04780668587279813,,,,0.36369999999999997,1.0,1.0522338678451904,0.03651685106387432,0.01635176870960305,0.309167808285985,-1.0
3 weeks,2018-12-14,2019-01-08,G2,XLI,CTAS,0.029339370461425984,0.3993,0.038616889114976724,-1.0,,,,,,,
3 weeks,2018-12-14,2019-01-08,G4,XLI,WM,0.013166349511545494,0.1778,0.016818876529349703,-1.0,,,,,,,
3 weeks,2018-12-14,2019-01-08,G3,XLI,GE,0.2072920298039871,,,,0.5562,1.0,1.0835286379205469,0.05544640536058379,0.024431572609938546,2.7386017805105305,4.065715329069507
3 weeks,2018-12-14,2019-01-08,G2,XLC,TMUS,0.03229238633526754,0.25379999999999997,0.024299297712404695,-1.0,,,,,,,
3 weeks,2018-12-14,2019-01-08,G4,XLC,OMC,-0.002188324523045515,0.2459,0.023521736640638776,-0.9069658607066995,,,,,,,
3 weeks,2018-12-14,2019-01-08,G3,XLC,NFLX,0.20023236429815627,,,,0.4622,1.0,1.0678479764870223,0.04620574228381306,0.02053338249498341,3.3334952410947905,5.447276177876552
3 weeks,2018-12-14,2019-01-08,G2,XLB,FCX,0.05960317542227278,0.4927,0.04780238019339174,-1.0,,,,,,,
3 weeks,2018-12-14,2019-01-08,G1,XLB,NEM,0.02281605545836829,,,,0.2778,1.0,1.0392770434655842,0.02806376604013468,0.012621740448854788,-0.18699238634834348,-1.0
3 weeks,2018-12-14,2019-01-08,G3,XLB,STLD,0.029128374226707,,,,0.37810000000000005,1.0,1.054465474191571,0.0379336117157544,0.016969392615582866,-0.2321223076523048,-1.0
3 weeks,2018-12-14,2019-01-08,G2,XLE,FANG,0.13202477430426662,0.5052,0.049031286938490695,-1.0,,,,,,,
3 weeks,2018-12-14,2019-01-08,G3,XLE,VLO,0.055388984269584274,,,,0.34979999999999994,1.0,1.0500961105912927,0.03514919518817654,0.015753518357344422,0.5758251070344858,-0.6640195822780095
3 weeks,2018-12-14,2019-01-08,G2,XLP,MO,-0.05418631572711996,0.243,0.02323630061985865,1.3319682686843102,,,,,,,
3 weeks,2018-12-14,2019-01-08,G4,XLP,PG,-0.04325290355228806,0.1677,0.015824827402328347,1.733230666763804,,,,,,,
3 weeks,2018-12-14,2019-01-08,G1,XLP,CL,-0.07089146279097691,,,,0.21350000000000002,1.0,1.029968914979444,0.02173501566490227,0.009777465737950658,-1.0,-1.0
3 weeks,2018-12-14,2019-01-08,G3,XLP,GIS,0.09925080906592276,,,,0.4357,1.0,1.0635662076616874,0.043599612525225824,0.019418246995412593,1.2764149339285602,0.8376839790257895
3 weeks,2018-12-14,2019-01-08,G4,XLU,NEE,-0.04248528015806097,0.1736,0.01640550500026048,1.5896965779100625,,,,,,,
3 weeks,2018-12-14,2019-01-08,G1,XLU,EXC,-0.03548641677151254,,,,0.1751,1.0,1.024566131245599,0.017955464818064322,0.008057116289668596,-1.0,-1.0
3 weeks,2018-12-14,2019-01-08,G3,XLU,PCG,-0.3248750306463848,,,,0.6088,1.0,1.0926457465758987,0.06061436636426748,0.026574546977942395,-1.0,-1.0
3 weeks,2019-01-08,2019-01-30,G2,XLK,MU,0.13337240654458893,0.4978,0.04829395418309831,-1.0,,,,,,,
3 weeks,2019-01-08,2019-01-30,G3,XLK,NVDA,-0.017449587258724697,,,,0.5147999999999999,1.0,1.0765466781836257,0.05138642842835598,0.022725649676064413,-1.0,-1.0
3 weeks,2019-01-08,2019-01-30,G4,XLY,CMG,0.07159661400273531,0.3981,0.038489121201666705,-1.0,,,,,,,
3 weeks,2019-01-08,2019-01-30,G3,XLY,RCL,0.16405275768066163,,,,0.4191,1.0,1.0609341611382377,0.04197607687338647,0.01871603126157641,2.9082441690655902,4.509640110193879
3 weeks,2019-01-08,2019-01-30,G2,XLV,BMY,0.018128686285736162,0.36619999999999997,0.03535081300737751,-1.0,,,,,,,
3 weeks,2019-01-08,2019-01-30,G3,XLV,UNH,0.11130711636543911,,,,0.30519999999999997,1.0,1.0433636287458812,0.03076970266985511,0.013820103054234114,2.617425802248194,3.916279375987844
3 weeks,2019-01-08,2019-01-30,G3,XLI,GE,0.06308453673658909,,,,0.5622,1.0,1.084576000951333,0.056045054391561135,0.024677394258477026,0.12560398810296958,-1.0
3 weeks,2019-01-08,2019-01-30,G4,XLC,TMUS,0.008115773863262898,0.409,0.039561342152098854,-1.0,,,,,,,
3 weeks,2019-01-08,2019-01-30,G3,XLC,NFLX,0.06366507751719164,,,,0.6873999999999999,1.0,1.1067612222808245,0.06834131434767599,0.02972670636985836,-0.06842474241415353,-1.0
3 weeks,2019-01-08,2019-01-30,G2,XLB,PPG,0.039378950258644796,0.3614,0.034878549765705195,-1.0,,,,,,,
3 weeks,2019-01-08,2019-01-30,G3,XLB,STLD,0.11934435427766155,,,,0.402,1.0,1.0582271198446913,0.04029403214341778,0.017989682817991317,1.9618369750855802,2.397349194608787
3 weeks,2019-01-08,2019-01-30,G2,XLE,DVN,0.08297442375894515,0.45049999999999996,0.04364305474642546,-1.0,,,,,,,
3 weeks,2019-01-08,2019-01-30,G1,XLE,EQT,-0.02457021541539295,,,,0.5527000000000001,1.0,1.0829507474768136,0.055111498113434396,0.02428801205029255,-1.0,-1.0
3 weeks,2019-01-08,2019-01-30,G3,XLE,SLB,0.10646666220331724,,,,0.396,1.0,1.0572831341849513,0.03970380461685342,0.017734103538002453,1.6815229228214692,1.773386763699134
3 weeks,2019-01-08,2019-01-30,G2,XLP,KR,-0.007027396022129984,0.3012,0.028954792068652736,-0.7572976519579987,,,,,,,
3 weeks,2019-01-08,2019-01-30,G3,XLP,PM,0.09739225966423781,,,,0.2754,1.0,1.0389427984059394,0.02783693362610263,0.012516388122946673,2.498670542250867,3.669834514890222
3 weeks,2019-01-08,2019-01-30,G4,XLU,CNP,0.029652173258004844,0.1973,0.01872873366767653,-1.0,,,,,,,
3 weeks,2019-01-08,2019-01-30,G3,XLU,PCG,-0.22152619243834115,,,,1.1028,1.0,1.1913431423097076,0.10901568338344222,0.04544432915538534,-1.0,-1.0
3 weeks,2019-01-30,2019-02-21,G4,XLK,ORCL,0.03474966623432452,0.1902,0.018040218840173188,-1.0,,,,,,,
3 weeks,2019-01-30,2019-02-21,G1,XLK,MU,0.08603561070674104,,,,0.4719,1.0,1.0694285281194658,0.04715872044420843,0.02093976920159015,0.8243839081369124,-0.2069118609953846
3 weeks,2019-01-30,2019-02-21,G3,XLK,QCOM,0.04345247089582571,,,,0.3848,1.0,1.0555078744581832,0.03859190017416288,0.017256017552288373,0.125947950210469,-1.0
3 weeks,2019-01-30,2019-02-21,G2,XLY,AZO,0.07490783052035854,0.2613,0.025038373619908055,-1.0,,,,,,,
3 weeks,2019-01-30,2019-02-21,G4,XLY,RCL,-8.28574432624185e-05,0.2728,0.026170231942604916,-0.9968339048945335,,,,,,,
3 weeks,2019-01-30,2019-02-21,G1,XLY,CMG,0.12797849875834277,,,,0.5035000000000001,1.0,1.0746401715923846,0.05026563677105369,0.022257044953252248,1.546043519576806,1.3964694000478426
3 weeks,2019-01-30,2019-02-21,G3,XLY,TSLA,-0.05680608775113061,,,,0.752,1.0,1.118757144683979,0.074670488364364,0.032273406624353226,-1.0,-1.0
3 weeks,2019-01-30,2019-02-21,G2,XLV,BMY,0.025992782330028552,0.3715,0.03588285561938831,-1.0,,,,,,,
3 weeks,2019-01-30,2019-02-21,G1,XLV,VRTX,-0.021331223887016137,,,,0.41100000000000003,1.0,1.0596274561065653,0.041169274291470694,0.018372349657805105,-1.0,-1.0
3 weeks,2019-01-30,2019-02-21,G3,XLV,ABBV,-0.003921508735594714,,,,0.2535,1.0,1.0357187567376398,0.025671216041513463,0.011552157943335526,-1.0,-1.0
3 weeks,2019-01-30,2019-02-21,G4,XLI,UNP,0.058139521805216976,0.2143,0.020412317389671187,-1.0,,,,,,,
3 weeks,2019-01-30,2019-02-21,G3,XLI,ADP,0.08299257689990647,,,,0.2134,1.0,1.0299529170758315,0.021724284452808218,0.009773006928984692,2.820267455997992,4.427158724994897
3 weeks,2019-01-30,2019-02-21,G4,XLC,T,0.049710460398007195,0.2046,0.01945756587933313,-1.0,,,,,,,
3 weeks,2019-01-30,2019-02-21,G1,XLC,NWSA,0.010260308664278739,,,,0.38130000000000003,1.0,1.0549619173986817,0.03824756834364866,0.01710634676094788,-0.7317395821848987,-1.0
3 weeks,2019-01-30,2019-02-21,G3,XLC,TTWO,-0.14629631929299158,,,,0.5526,1.0,1.0829118755572138,0.05509177641020347,0.02428390853608577,-1.0,-1.0
3 weeks,2019-01-30,2019-02-21,G4,XLB,LIN,0.05205049157537189,0.2518,0.02410334083147506,-1.0,,,,,,,
3 weeks,2019-01-30,2019-02-21,G1,XLB,MLM,0.06637563903185884,,,,0.4019,1.0,1.0581900528599304,0.040274119540949414,0.017985426234670678,0.6480965887875012,-0.544876720455538
3 weeks,2019-01-30,2019-02-21,G3,XLB,STLD,0.04693420596265363,,,,0.3164,1.0,1.0450227690698666,0.03186169035042903,0.01430762018872504,0.4730607650269123,-0.8664042749545968
3 weeks,2019-01-30,2019-02-21,G4,XLE,OKE,0.05607469932266018,0.22089999999999999,0.02106194347857482,-1.0,,,,,,,
3 weeks,2019-01-30,2019-02-21,G1,XLE,DVN,0.0787858152424954,,,,0.4122,1.0,1.0598175262739165,0.041287313392738716,0.01842330835836655,0.9082330325797277,0.02958103938834311
3 weeks,2019-01-30,2019-02-21,G3,XLE,TRGP,-0.026632481050193335,,,,0.34009999999999996,1.0,1.0486119633785616,0.03419386872243801,0.015334823730906218,-1.0,-1.0
3 weeks,2019-01-30,2019-02-21,G4,XLP,PG,0.05564989204003057,0.1528,0.014359319263186988,-1.0,,,,,,,
3 weeks,2019-01-30,2019-02-21,G1,XLP,MNST,0.04731411934641816,,,,0.2373,1.0,1.0333740293428773,0.024076711618577933,0.0108355249348965,0.965140426814342,0.2865172741789246
3 weeks,2019-01-30,2019-02-21,G3,XLP,MO,0.05376571434748323,,,,0.2644,1.0,1.0373081898067464,0.02674403838642242,0.012032723713834358,1.010381288368897,0.36773060963869564
3 weeks,2019-01-30,2019-02-21,G4,XLU,SO,0.06204315179611508,0.1591,0.01497931995367281,-1.0,,,,,,,
3 weeks,2019-01-30,2019-02-21,G1,XLU,AEE,0.04798358323967733,,,,0.1868,1.0,1.0261982896985855,0.019106124749329177,0.008583024964860455,1.511424156872104,1.5381836392510002
3 weeks,2019-01-30,2019-02-21,G3,XLU,PCG,0.4191660103269168,,,,0.9315000000000001,1.0,1.1542949670332754,0.09225977328659705,0.03914825111322736,3.5433236544470317,5.7658461300752
3 weeks,2019-02-21,2019-03-14,G4,XLK,IBM,0.006891920066971924,0.1534,0.01440962227146865,-1.0,,,,,,,
3 weeks,2019-02-21,2019-03-14,G1,XLK,AMD,-0.045986637874633085,,,,0.4752,1.0,1.0699871915602746,0.04749176592816606,0.02107780609984158,-1.0,-1.0
3 weeks,2019-02-21,2019-03-14,G4,XLY,HD,-0.04617697090723516,0.23809999999999998,0.022745991616670985,1.0301146542844557,,,,,,,
3 weeks,2019-02-21,2019-03-14,G1,XLY,CMG,0.06853077776512229,,,,0.2484,1.0,1.0349962072634438,0.025178074944454166,0.011326860958784966,1.7218434259294826,1.9606234793294353
3 weeks,2019-02-21,2019-03-14,G3,XLY,TSLA,-0.004360744127304028,,,,0.4755,1.0,1.0700363478488437,0.04752126409879703,0.021090349419074575,-1.0,-1.0
3 weeks,2019-02-21,2019-03-14,G2,XLV,CVS,-0.10376897766137894,0.2564,0.024547158558110946,3.227331542904434,,,,,,,
3 weeks,2019-02-21,2019-03-14,G4,XLV,ABT,0.051104452494097785,0.17739999999999997,0.01677158802896487,-1.0,,,,,,,
3 weeks,2019-02-21,2019-03-14,G1,XLV,BMY,-0.0047875490963917855,,,,0.3532,1.0,1.0506338553347783,0.03549155970213531,0.015900041497372105,-1.0,-1.0
3 weeks,2019-02-21,2019-03-14,G3,XLV,AMGN,0.012182886597895681,,,,0.2421,1.0,1.034084430102538,0.02455799911659047,0.011048160209026733,-0.5039137130001252,-1.0
3 weeks,2019-02-21,2019-03-14,G4,XLI,HON,0.01729879940587553,0.1606,0.015118181076878328,-1.0,,,,,,,
3 weeks,2019-02-21,2019-03-14,G1,XLI,LMT,-0.012641077543922186,,,,0.18350000000000002,1.0,1.0257540615559824,0.01879026457682506,0.008434846625851328,-1.0,-1.0
3 weeks,2019-02-21,2019-03-14,G2,XLC,TTWO,0.05525749708464622,0.3751,0.03622795456092477,-1.0,,,,,,,
3 weeks,2019-02-21,2019-03-14,G4,XLC,T,-0.017839807294584564,0.1673,0.015777560527770466,0.1307075807558662,,,,,,,
3 weeks,2019-02-21,2019-03-14,G1,XLC,MTCH,-0.04530226124714387,,,,0.3712,1.0,1.0534103684465155,0.03726256272152663,0.01667371974681083,-1.0,-1.0
3 weeks,2019-02-21,2019-03-14,G2,XLB,IFF,-0.02936131306721368,0.1894,0.017952654002408124,0.6354859322346034,,,,,,,
3 weeks,2019-02-21,2019-03-14,G4,XLB,PPG,-0.004086075250975374,0.19269999999999998,0.018277453144510618,-0.7764417603115221,,,,,,,
3 weeks,2019-02-21,2019-03-14,G1,XLB,APD,0.03660354773900787,,,,0.1588,1.0,1.0223234407847994,0.016359344576994377,0.007321883234039604,1.2374703073668472,0.9503325166153709
3 weeks,2019-02-21,2019-03-14,G2,XLE,EQT,0.043615558770402796,0.4054,0.039208741136868355,-1.0,,,,,,,
3 weeks,2019-02-21,2019-03-14,G4,XLE,PSX,0.017147140899048896,0.21359999999999998,0.02033454865626883,-1.0,,,,,,,
3 weeks,2019-02-21,2019-03-14,G1,XLE,DVN,-0.009022479611067502,,,,0.3605,1.0,1.05175663912958,0.03620981712005143,0.016214222679485888,-1.0,-1.0
3 weeks,2019-02-21,2019-03-14,G4,XLP,PG,0.015433777076491184,0.1368,0.012776148917347232,-1.0,,,,,,,
3 weeks,2019-02-21,2019-03-14,G1,XLP,MDLZ,-0.02189632048792589,,,,0.1497,1.0,1.0210714567580303,0.015463821271676382,0.006910115551756484,-1.0,-1.0
3 weeks,2019-02-21,2019-03-14,G3,XLP,ADM,0.01832267468229065,,,,0.1704,1.0,1.0239286751937808,0.017500959898437904,0.007845422554605894,0.04695255509533758,-1.0
3 weeks,2019-02-21,2019-03-14,G4,XLU,XEL,0.03257369278058153,0.1305,0.0121562874769106,-1.0,,,,,,,
3 weeks,2019-02-21,2019-03-14,G1,XLU,PCG,0.005670131452459204,,,,0.727,1.0,1.1140782329444363,0.0722261624333242,0.03129249257033114,-0.9214947705730102,-1.0
3 weeks,2019-03-14,2019-04-04,G4,XLK,IBM,0.028748376376883655,0.1361,0.01270930175187659,-1.0,,,,,,,
3 weeks,2019-03-14,2019-04-04,G1,XLK,NVDA,0.13711076689425927,,,,0.3821,1.0,1.055100579046413,0.038332911103029055,0.017140568534369818,2.5768420124874054,3.7845663744117726
3 weeks,2019-03-14,2019-04-04,G4,XLY,RCL,-0.0049806383290643685,0.2335,0.022295310107204074,-0.7766060079399804,,,,,,,
3 weeks,2019-03-14,2019-04-04,G1,XLY,CMG,0.09494232251661705,,,,0.2425,1.0,1.0341380617448104,0.024595306878173778,0.011065868414539567,2.860180439580948,4.494757256639289
3 weeks,2019-03-14,2019-04-04,G3,XLY,TSLA,-0.07649338612944634,,,,0.5359,1.0,1.0800888457372302,0.05345701093062961,0.023597228383522174,-1.0,-1.0
3 weeks,2019-03-14,2019-04-04,G2,XLV,CVS,-0.04438091572865488,0.2813,0.026999924822062208,0.6437421963630927,,,,,,,
3 weeks,2019-03-14,2019-04-04,G4,XLV,JNJ,-0.017750995390695468,0.1363,0.01272898062213984,0.39453393147764504,,,,,,,
3 weeks,2019-03-14,2019-04-04,G1,XLV,BMY,-0.056288560837022605,,,,0.4028,1.0,1.0583459068758867,0.04036927345228047,0.01802373173920639,-1.0,-1.0
3 weeks,2019-03-14,2019-04-04,G3,XLV,MCK,-0.023020758360184135,,,,0.24309999999999998,1.0,1.0342247800795155,0.024654362117591925,0.011092427436223108,-1.0,-1.0
3 weeks,2019-03-14,2019-04-04,G4,XLI,MMM,0.036888916004635064,0.1703,0.01607486130223227,-1.0,,,,,,,
3 weeks,2019-03-14,2019-04-04,G3,XLI,BA,0.060433901636517184,,,,0.3628,1.0,1.0521070724808337,0.036434087094823736,0.01631309479585846,0.6587187015069538,-0.4895616521643913
3 weeks,2019-03-14,2019-04-04,G4,XLC,CHTR,-0.019817953570122393,0.2255,0.02150789757932832,-0.0785731847091451,,,,,,,
3 weeks,2019-03-14,2019-04-04,G1,XLC,LYV,-0.007394606836818363,,,,0.29350000000000004,1.0,1.0416121580316342,0.029614769586565663,0.013309383590082689,-1.0,-1.0
3 weeks,2019-03-14,2019-04-04,G2,XLB,IFF,0.06134430129484625,0.1656,0.015612300006880369,-1.0,,,,,,,
3 weeks,2019-03-14,2019-04-04,G4,XLB,PPG,0.048504964844267695,0.1918,0.018190931189150335,-1.0,,,,,,,
3 weeks,2019-03-14,2019-04-04,G1,XLB,FCX,0.10064940927534982,,,,0.3489,1.0,1.049970328548557,0.035066436614766834,0.015714712351347714,1.8702491325555815,2.2249448538233305
3 weeks,2019-03-14,2019-04-04,G2,XLE,EOG,0.04437492112524777,0.26030000000000003,0.02493309365805321,-1.0,,,,,,,
3 weeks,2019-03-14,2019-04-04,G4,XLE,OKE,0.03516133065904081,0.1746,0.01649806370677666,-1.0,,,,,,,
3 weeks,2019-03-14,2019-04-04,G1,XLE,DVN,0.05118631506241211,,,,0.32689999999999997,1.0,1.0466210769947848,0.03290164727473813,0.014763448869319915,0.5557371530668933,-0.690774282619393
3 weeks,2019-03-14,2019-04-04,G3,XLE,TRGP,-0.00788570626543239,,,,0.2891,1.0,1.040959070412662,0.02918174172874692,0.013116936779155602,-1.0,-1.0
3 weeks,2019-03-14,2019-04-04,G4,XLP,TGT,0.06392949431042161,0.1985,0.01885037967797329,-1.0,,,,,,,
3 weeks,2019-03-14,2019-04-04,G1,XLP,KMB,0.029886235788569193,,,,0.17670000000000002,1.0,1.0248007367217353,0.01811891008134455,0.00812912578068218,0.6494499754342504,-0.37441008983784296
3 weeks,2019-03-14,2019-04-04,G3,XLP,KR,-0.04323227979255828,,,,0.2623,1.0,1.03701495048915,0.026544102388899413,0.011940238300676845,-1.0,-1.0
3 weeks,2019-03-14,2019-04-04,G4,XLU,AEP,-0.004337960391601281,0.166,0.015651666536133615,-0.7228435463030972,,,,,,,
3 weeks,2019-03-14,2019-04-04,G1,XLU,PCG,-0.03331621483683267,,,,0.6131,1.0,1.0934147223252855,0.06104235653487641,0.026748535558769278,-1.0,-1.0
3 weeks,2019-04-04,2019-04-26,G4,XLK,AVGO,0.027847321735037234,0.2238,0.021345903894767638,-1.0,,,,,,,
3 weeks,2019-04-04,2019-04-26,G1,XLK,AMD,-0.04159508372204823,,,,0.6597,1.0,1.101709442455252,0.06561363426656804,0.028622603263914796,-1.0,-1.0
3 weeks,2019-04-04,2019-04-26,G4,XLY,HD,0.01576472519074512,0.1557,0.014643254925310373,-1.0,,,,,,,
3 weeks,2019-04-04,2019-04-26,G1,XLY,CMG,-0.03780319746229188,,,,0.41859999999999997,1.0,1.0608363457805279,0.041918278324153686,0.018694836026066523,-1.0,-1.0
3 weeks,2019-04-04,2019-04-26,G3,XLY,TSLA,-0.12189108944847904,,,,0.5572,1.0,1.0837008938566177,0.05554524109847716,0.02447256762444562,-1.0,-1.0
3 weeks,2019-04-04,2019-04-26,G2,XLV,BMY,-0.016712947980836335,0.2804,0.0269167310220189,-0.3790870084794268,,,,,,,
3 weeks,2019-04-04,2019-04-26,G4,XLV,MRK,-0.06377485213975564,0.1549,0.01456452531408263,3.3787799989671443,,,,,,,
3 weeks,2019-04-04,2019-04-26,G3,XLV,MCK,0.02234580179293677,,,,0.2368,1.0,1.033304966367264,0.024028972251665115,0.010813360893309584,-0.07004754265392121,-1.0
3 weeks,2019-04-04,2019-04-26,G4,XLI,ADP,0.027362690378581078,0.14679999999999999,0.013767412598727085,-1.0,,,,,,,
3 weeks,2019-04-04,2019-04-26,G1,XLI,GE,-0.045862436676188945,,,,0.36479999999999996,1.0,1.0524049390213346,0.03662565764341095,0.01639902523954155,-1.0,-1.0
3 weeks,2019-04-04,2019-04-26,G3,XLI,BA,-0.038068947812732956,,,,0.29109999999999997,1.0,1.0412449504293715,0.029373312139261497,0.013204438482773691,-1.0,-1.0
3 weeks,2019-04-04,2019-04-26,G2,XLC,NWSA,-0.0032000271250112178,0.2839,0.027261196461413197,-0.88261604256656,,,,,,,
3 weeks,2019-04-04,2019-04-26,G4,XLC,T,-0.020224720442389987,0.1949,0.0185013493376872,0.09314840086783471,,,,,,,
3 weeks,2019-04-04,2019-04-26,G1,XLC,TTWO,0.027214547863500638,,,,0.3728,1.0,1.0536433196594943,0.03741275411416091,0.016742326085891778,-0.27258635436304945,-1.0
3 weeks,2019-04-04,2019-04-26,G4,XLB,LYB,-0.045444387352426396,0.2702,0.025912843131119554,0.7537399166304055,,,,,,,
3 weeks,2019-04-04,2019-04-26,G1,XLB,LIN,-0.03066881367370089,,,,0.1808,1.0,1.025361994042209,0.018517069509366272,0.008313519346611379,-1.0,-1.0
3 weeks,2019-04-04,2019-04-26,G3,XLB,STLD,-0.10360497327620932,,,,0.3003,1.0,1.0426137679663485,0.03027872954970913,0.013606391159887495,-1.0,-1.0
3 weeks,2019-04-04,2019-04-26,G4,XLE,WMB,-0.011450651610280471,0.1967,0.018678516866684126,-0.3869614117647434,,,,,,,
3 weeks,2019-04-04,2019-04-26,G1,XLE,DVN,0.05417599427313724,,,,0.321,1.0,1.0457188089296097,0.03231582057025891,0.014507461471350323,0.6764542356382819,-0.41704581740719315
3 weeks,2019-04-04,2019-04-26,G3,XLE,TRGP,0.008942126190284228,,,,0.2926,1.0,1.0414676584857532,0.029520936233932118,0.013270036450971192,-0.6970920529273061,-1.0
3 weeks,2019-04-04,2019-04-26,G2,XLP,KR,0.05574299415886341,0.2324,0.02219238138904901,-1.0,,,,,,,
3 weeks,2019-04-04,2019-04-26,G4,XLP,GIS,0.026315402625861628,0.1775,0.016788763109743535,-1.0,,,,,,,
3 weeks,2019-04-04,2019-04-26,G1,XLP,MDLZ,0.012890257496854352,,,,0.145,1.0,1.020412654827149,0.014993794476460239,0.006697078298984924,-0.14029383842150933,-1.0
3 weeks,2019-04-04,2019-04-26,G4,XLU,VST,0.03723624486979693,0.22390000000000002,0.021355746676646366,-1.0,,,,,,,
3 weeks,2019-04-04,2019-04-26,G1,XLU,ETR,0.01623749515359174,,,,0.1476,1.0,1.0207687633860372,0.015249648953541587,0.0068149595448620945,0.0647782911632715,-1.0
3 weeks,2019-04-26,2019-05-17,G2,XLK,IBM,-0.025275993929351204,0.1388,0.012983094081916157,0.9468390023112869,,,,,,,
3 weeks,2019-04-26,2019-05-17,G4,XLK,NOW,0.022128186282001527,0.2577,0.02468553733857629,-1.0,,,,,,,
3 weeks,2019-04-26,2019-05-17,G1,XLK,QCOM,-0.059326481567773315,,,,0.38670000000000004,1.0,1.055801643769136,0.03877737857919422,0.017337213729530145,-1.0,-1.0
3 weeks,2019-04-26,2019-05-17,G2,XLY,ORLY,-0.07090225453510446,0.20350000000000001,0.019350770920378364,2.6640532217988837,,,,,,,
3 weeks,2019-04-26,2019-05-17,G4,XLY,RCL,0.030703206471140332,0.33020000000000005,0.031820646944829285,-1.0,,,,,,,
3 weeks,2019-04-26,2019-05-17,G1,XLY,AMZN,-0.04184806701122634,,,,0.2026,1.0,1.0284188213511316,0.02065977918861389,0.009290803823536413,-1.0,-1.0
3 weeks,2019-04-26,2019-05-17,G3,XLY,TSLA,-0.10253459213965732,,,,0.5497,1.0,1.0824142726258843,0.05480536486688611,0.02416486348263758,-1.0,-1.0
3 weeks,2019-04-26,2019-05-17,G2,XLV,BMY,0.020919238653052785,0.2257,0.021535880237013662,-1.0,,,,,,,
3 weeks,2019-04-26,2019-05-17,G4,XLV,DHR,0.001298379721099474,0.1869,0.0177168850422246,-1.0,,,,,,,
3 weeks,2019-04-26,2019-05-17,G3,XLV,MCK,0.06310606803261276,,,,0.3333,1.0,1.0475744162894873,0.03352328984385303,0.015040710571023365,0.8824545063015117,0.032640823037177746
3 weeks,2019-04-26,2019-05-17,G2,XLI,MMM,-0.11780674916112488,0.1808,0.017116494288075795,5.882644727267251,,,,,,,
3 weeks,2019-04-26,2019-05-17,G4,XLI,ETN,-0.05170577897565298,0.2409,0.023031982260637247,1.2449556616766158,,,,,,,
3 weeks,2019-04-26,2019-05-17,G4,XLC,CHTR,0.04392816434888891,0.3486,0.03363120793799079,-1.0,,,,,,,
3 weeks,2019-04-26,2019-05-17,G1,XLC,DIS,-0.03487699573534209,,,,0.28859999999999997,1.0,1.0408681870228378,0.029124346897410232,0.013095054609975914,-1.0,-1.0
3 weeks,2019-04-26,2019-05-17,G2,XLB,NEM,-0.017164779307091038,0.244,0.023337105562891067,-0.2644855095318608,,,,,,,
3 weeks,2019-04-26,2019-05-17,G4,XLB,ECL,-0.018173119874211552,0.2134,0.020325210432652806,-0.10588281806833577,,,,,,,
3 weeks,2019-04-26,2019-05-17,G3,XLB,STLD,-0.049398317414157455,,,,0.3073,1.0,1.043653864902027,0.030964701215107533,0.01391161494118872,-1.0,-1.0
3 weeks,2019-04-26,2019-05-17,G2,XLE,CVX,0.039331801666762756,0.1996,0.018966902772223435,-1.0,,,,,,,
3 weeks,2019-04-26,2019-05-17,G4,XLE,VLO,-0.06032651740926709,0.2525,0.02417372729327291,1.495540579133399,,,,,,,
3 weeks,2019-04-26,2019-05-17,G1,XLE,FANG,0.03553757451484785,,,,0.37450000000000006,1.0,1.0539010996076428,0.03757711958854752,0.016815190860951172,-0.054276248313647524,-1.0
3 weeks,2019-04-26,2019-05-17,G3,XLE,TRGP,0.061398650903325525,,,,0.3287,1.0,1.0468767449242986,0.033070634370489516,0.014841472815116405,0.856591265092705,-0.021532016402309728
3 weeks,2019-04-26,2019-05-17,G4,XLP,PG,0.015019748733781091,0.1259,0.011713828717273094,-1.0,,,,,,,
3 weeks,2019-04-26,2019-05-17,G1,XLP,CHD,-0.00015358426720601948,,,,0.2563,1.0,1.0361231621583435,0.02594533614251378,0.011675729639791852,-1.0,-1.0
3 weeks,2019-04-26,2019-05-17,G3,XLP,MO,-0.008334628605897398,,,,0.2065,1.0,1.0289706711134912,0.02104364838274142,0.009465081818787595,-1.0,-1.0
3 weeks,2019-04-26,2019-05-17,G2,XLU,CNP,-0.013432455439717494,0.153,0.014380458907629469,-0.06592303305487734,,,,,,,
3 weeks,2019-04-26,2019-05-17,G4,XLU,SO,0.03624661371307947,0.1427,0.013366860597096103,-1.0,,,,,,,
3 weeks,2019-05-17,2019-06-10,G2,XLK,NVDA,-0.05066489036935529,0.3954,0.038244775146571215,0.3247532551880503,,,,,,,
3 weeks,2019-05-17,2019-06-10,G4,XLK,ORCL,-0.008990781317550156,0.1744,0.016495384051323215,-0.45495168287221865,,,,,,,
3 weeks,2019-05-17,2019-06-10,G1,XLK,QCOM,-0.12656658901509477,,,,0.3178,1.0,1.0452124607292086,0.031989273844857544,0.014368465392147256,-1.0,-1.0
3 weeks,2019-05-17,2019-06-10,G3,XLK,KLAC,0.04475116271303259,,,,0.2749,1.0,1.0388273975131102,0.027767214983457824,0.012494431865018862,0.611654706447613,-0.5258875902547211
3 weeks,2019-05-17,2019-06-10,G2,XLY,AZO,0.1291954497491865,0.36340000000000006,0.035096502545778785,-1.0,,,,,,,
3 weeks,2019-05-17,2019-06-10,G3,XLY,TSLA,0.008766500314837167,,,,0.5565,1.0,1.0835562411190387,0.05546515005417089,0.024443872153989268,-0.8419457928757936,-1.0
3 weeks,2019-05-17,2019-06-10,G1,XLV,DHR,0.05240276493609297,,,,0.19510000000000002,1.0,1.0273431980434178,0.01991265801053962,0.008955179172982762,1.6316308404612112,1.7983322732702502
3 weeks,2019-05-17,2019-06-10,G3,XLV,ISRG,0.039947710303801065,,,,0.24420000000000003,1.0,1.0343493215010175,0.024745551499527004,0.011141108735115647,0.6143390582571813,-0.4975016458516446
3 weeks,2019-05-17,2019-06-10,G2,XLI,MMM,0.0037846721304182207,0.2138,0.020373454134276978,-1.0,,,,,,,
3 weeks,2019-05-17,2019-06-10,G4,XLI,CTAS,0.04977161622292625,0.1875,0.01778476418839525,-1.0,,,,,,,
3 weeks,2019-05-17,2019-06-10,G3,XLI,BA,-0.0034364327333936684,,,,0.2697,1.0,1.0380635748068856,0.027255415697387327,0.012265926040044516,-1.0,-1.0
3 weeks,2019-05-17,2019-06-10,G2,XLC,NWSA,0.03155135789199148,0.2451,0.023454297537161932,-1.0,,,,,,,
3 weeks,2019-05-17,2019-06-10,G4,XLC,CHTR,0.02329132246759813,0.1863,0.017666651274724877,-1.0,,,,,,,
3 weeks,2019-05-17,2019-06-10,G1,XLC,MTCH,-0.035121322864497095,,,,0.3862,1.0,1.0557052857356455,0.03871953687228564,0.017315849974980098,-1.0,-1.0
3 weeks,2019-05-17,2019-06-10,G2,XLB,FCX,0.023143555303547947,0.42100000000000004,0.040763020401005656,-1.0,,,,,,,
3 weeks,2019-05-17,2019-06-10,G4,XLB,LIN,0.06550635228752899,0.19030000000000002,0.01806036208614929,-1.0,,,,,,,
3 weeks,2019-05-17,2019-06-10,G1,XLB,VMC,0.045704174106466766,,,,0.23629999999999998,1.0,1.033209172408922,0.023967965083505904,0.01079119410775882,0.9068858765118579,0.15788869820818507
3 weeks,2019-05-17,2019-06-10,G3,XLB,STLD,-0.1319120649932669,,,,0.32539999999999997,1.0,1.0463592519533775,0.0327371752716167,0.01469840253257146,-1.0,-1.0
3 weeks,2019-05-17,2019-06-10,G2,XLE,HAL,-0.12855985284671168,0.3342,0.032223300277142194,2.9896550552243215,,,,,,,
3 weeks,2019-05-17,2019-06-10,G4,XLE,KMI,0.033152006722626304,0.1611,0.015186377844836648,-1.0,,,,,,,
3 weeks,2019-05-17,2019-06-10,G1,XLE,TRGP,-0.08773992428462607,,,,0.2756,1.0,1.038930386146307,0.02783611055263643,0.01252516986735961,-1.0,-1.0
3 weeks,2019-05-17,2019-06-10,G3,XLE,MPC,-0.08219444398786602,,,,0.3289,1.0,1.046888972566248,0.03308159640640765,0.014850140011359203,-1.0,-1.0
3 weeks,2019-05-17,2019-06-10,G2,XLP,TGT,0.23501147144450596,0.3464,0.033423791299557484,-1.0,,,,,,,
3 weeks,2019-05-17,2019-06-10,G4,XLP,GIS,-0.020228895552653947,0.1772,0.016770972770190795,0.20618498579935385,,,,,,,
3 weeks,2019-05-17,2019-06-10,G1,XLP,HSY,0.06668205283231132,,,,0.1336,1.0,1.018833952139144,0.013859960571621246,0.006179310998281536,3.811128609474192,6.743274404941532
3 weeks,2019-05-17,2019-06-10,G3,XLP,MO,-0.021776545230866473,,,,0.2064,1.0,1.0289387462721233,0.021024910827804895,0.009460615259251197,-1.0,-1.0
3 weeks,2019-05-17,2019-06-10,G2,XLU,DUK,-0.01043599606304857,0.136,0.01271627819124892,-0.1793199310290049,,,,,,,
3 weeks,2019-05-17,2019-06-10,G4,XLU,ED,0.003335842226259711,0.11689999999999999,0.010837064690636085,-1.0,,,,,,,
3 weeks,2019-05-17,2019-06-10,G1,XLU,WEC,0.022744382562850385,,,,0.13970000000000002,1.0,1.01966488760153,0.01446020412961633,0.006456545076139164,0.5728949853665597,-0.5230429083967942
3 weeks,2019-05-17,2019-06-10,G3,XLU,NRG,-0.03878590907698931,,,,0.2555,1.0,1.0359888208374322,0.025857780302839785,0.0116404321693963,-1.0,-1.0
3 weeks,2019-06-10,2019-07-01,G2,XLK,QCOM,0.09895069737589268,0.3436,0.03318148230786023,-1.0,,,,,,,
3 weeks,2019-06-10,2019-07-01,G4,XLK,NOW,0.027694201686406794,0.3386,0.032689457696129416,-1.0,,,,,,,
3 weeks,2019-06-10,2019-07-01,G1,XLK,AMD,-0.0610893411754847,,,,0.5605,1.0,1.084172288917572,0.055827173970142925,0.02460778094823468,-1.0,-1.0
3 weeks,2019-06-10,2019-07-01,G3,XLK,AVGO,0.0821511179424379,,,,0.4637,1.0,1.0680012011677427,0.04631097966094701,0.020596288487534774,0.7739015357456178,-0.31298705670882754
3 weeks,2019-06-10,2019-07-01,G2,XLY,LOW,0.061156399820169405,0.23329999999999998,0.02232550776377862,-1.0,,,,,,,
3 weeks,2019-06-10,2019-07-01,G4,XLY,SBUX,0.03197853450281074,0.2115,0.020179603953837867,-1.0,,,,,,,
3 weeks,2019-06-10,2019-07-01,G1,XLY,CMG,0.00675898718763257,,,,0.3007,1.0,1.0425834575766164,0.03027433725493167,0.013623846699977328,-0.7767420263995557,-1.0
3 weeks,2019-06-10,2019-07-01,G3,XLY,TSLA,0.06712699101851438,,,,0.6144,1.0,1.0935380305501299,0.061122898968541395,0.02680110134493947,0.09822983123008022,-1.0
3 weeks,2019-06-10,2019-07-01,G4,XLV,ABT,0.039621419348534914,0.18239999999999998,0.017315128129242,-1.0,,,,,,,
3 weeks,2019-06-10,2019-07-01,G4,XLI,NOC,0.02322432596610935,0.2255,0.02155771089431659,-1.0,,,,,,,
3 weeks,2019-06-10,2019-07-01,G3,XLI,PH,0.019064756938821814,,,,0.25120000000000003,1.0,1.035298214354879,0.02540221293846173,0.011450588599939608,-0.24948440574814446,-1.0
3 weeks,2019-06-10,2019-07-01,G2,XLC,FOXA,0.0555394063747745,0.32299999999999995,0.031154276632989416,-1.0,,,,,,,
3 weeks,2019-06-10,2019-07-01,G4,XLC,T,0.04697800282417974,0.1938,0.018437284234165536,-1.0,,,,,,,
3 weeks,2019-06-10,2019-07-01,G1,XLC,TTWO,0.0373948859440314,,,,0.3448,1.0,1.0492417008912194,0.03461430495984002,0.01553782090989537,0.08033040060800012,-1.0
3 weeks,2019-06-10,2019-07-01,G3,XLC,FOX,0.06579727973100047,,,,0.40549999999999997,1.0,1.0586695367746488,0.0405865452774171,0.01813859770957563,0.6211599011756985,-0.607040022030541
3 weeks,2019-06-10,2019-07-01,G2,XLB,FCX,0.07917090000431481,0.4211,0.0408063819485823,-1.0,,,,,,,
3 weeks,2019-06-10,2019-07-01,G4,XLB,APD,0.03923456063668351,0.19329999999999997,0.01838806648044424,-1.0,,,,,,,
3 weeks,2019-06-10,2019-07-01,G1,XLB,NEM,0.07424185088262059,,,,0.2493,1.0,1.0350225033255327,0.02521519088056971,0.01136663990299966,1.944330313986626,2.450390607231062
3 weeks,2019-06-10,2019-07-01,G3,XLB,STLD,0.1866115162564057,,,,0.3737,1.0,1.0536920325541559,0.0374579795076747,0.016780905335014893,3.981889538867711,6.92087679708801
3 weeks,2019-06-10,2019-07-01,G2,XLE,DVN,0.11035366438925309,0.43700000000000006,0.04237032808907156,-1.0,,,,,,,
3 weeks,2019-06-10,2019-07-01,G4,XLE,KMI,0.0,0.19519999999999998,0.018575094086735723,-1.0,,,,,,,
3 weeks,2019-06-10,2019-07-01,G3,XLE,EOG,0.09260598418442667,,,,0.34380000000000005,1.0,1.0490889494412157,0.03451590136579216,0.01549464963947208,1.6829948087696813,1.8085200863369653
3 weeks,2019-06-10,2019-07-01,G2,XLP,KR,-0.11439119154973298,0.5283,0.05134766468580179,1.2277778794750795,,,,,,,
3 weeks,2019-06-10,2019-07-01,G4,XLP,PEP,-0.012874998961092676,0.1563,0.014746105488589335,-0.12688818270997082,,,,,,,
3 weeks,2019-06-10,2019-07-01,G1,XLP,HSY,-0.018209988469604532,,,,0.1907,1.0,1.0266596555457674,0.01944687292557941,0.008757988197745946,-1.0,-1.0
3 weeks,2019-06-10,2019-07-01,G3,XLP,PM,0.028551214464119568,,,,0.25980000000000003,1.0,1.0365497810032507,0.02624872537715704,0.011830074025456272,0.08771812931404988,-1.0
3 weeks,2019-06-10,2019-07-01,G2,XLU,CNP,-0.014868583108409106,0.19039999999999999,0.018102604094385008,-0.17864948982555584,,,,,,,
3 weeks,2019-06-10,2019-07-01,G4,XLU,SO,0.006607858322139171,0.1606,0.015169336902683694,-1.0,,,,,,,
3 weeks,2019-06-10,2019-07-01,G1,XLU,WEC,0.00471347221984586,,,,0.161,1.0,1.0225241220015409,0.0165234459928406,0.0074212914140659066,-0.7147403621564119,-1.0
3 weeks,2019-06-10,2019-07-01,G3,XLU,NRG,0.03596490017630294,,,,0.2792,1.0,1.0393948832629707,0.028158240266676505,0.012683167159754602,0.2772424638646551,-1.0
3 weeks,2019-07-01,2019-07-23,G4,XLK,TXN,0.02457533634100595,0.2391,0.02294256239001233,-1.0,,,,,,,
3 weeks,2019-07-01,2019-07-23,G1,XLK,NVDA,0.05710999966196573,,,,0.35100000000000003,1.0,1.0500969552558246,0.035179532358010905,0.01580524636691124,0.6233871184180462,-0.5562837653183871
3 weeks,2019-07-01,2019-07-23,G3,XLK,QCOM,-0.04385950161341501,,,,0.285,1.0,1.0401586065943935,0.02868382848469558,0.012937423314772871,-1.0,-1.0
3 weeks,2019-07-01,2019-07-23,G4,XLY,HD,0.013315250316012994,0.1527,0.01443708809296365,-1.0,,,,,,,
3 weeks,2019-07-01,2019-07-23,G1,XLY,AZO,0.06599988801602619,,,,0.21,1.0,1.0292922276305636,0.02130084361914356,0.0096213415947466,2.0984635724338414,2.815233044579308
3 weeks,2019-07-01,2019-07-23,G3,XLY,TSLA,0.14526571040634284,,,,0.6101,1.0,1.0926837432446816,0.06065700612339754,0.026627167156511627,1.3948710905846826,0.9747488289907114
3 weeks,2019-07-01,2019-07-23,G2,XLV,ABBV,-0.06317718569064423,0.2366,0.022696456700020608,1.783570428003721,,,,,,,
3 weeks,2019-07-01,2019-07-23,G4,XLV,MRK,-0.032094613134397876,0.1549,0.014653647016088494,1.1902133372777892,,,,,,,
3 weeks,2019-07-01,2019-07-23,G1,XLV,AMGN,-0.05548723620247109,,,,0.2069,1.0,1.0288527009398318,0.020995663751762563,0.009482946948499016,-1.0,-1.0
3 weeks,2019-07-01,2019-07-23,G4,XLI,ETN,-0.01647004007707309,0.1716,0.016297584323081916,0.010581675822158854,,,,,,,
3 weeks,2019-07-01,2019-07-23,G3,XLI,MMM,0.017248169489633813,,,,0.19010000000000002,1.0,1.0264838845540012,0.019341786749075354,0.008731081813254363,-0.10824321902636735,-1.0
3 weeks,2019-07-01,2019-07-23,G2,XLC,GOOGL,0.04368185835949201,0.203,0.019388729497048972,-1.0,,,,,,,
3 weeks,2019-07-01,2019-07-23,G4,XLC,NWSA,-0.016176455126448386,0.2729,0.02626979053805147,-0.38421834376573993,,,,,,,
3 weeks,2019-07-01,2019-07-23,G1,XLC,META,0.04849736447928832,,,,0.2655,1.0,1.037290066167975,0.02676436440183701,0.012081149307012186,0.8120125608497419,-0.07233177684440872
3 weeks,2019-07-01,2019-07-23,G4,XLB,LIN,0.018817673652168798,0.20120000000000002,0.019211528152069106,-1.0,,,,,,,
3 weeks,2019-07-01,2019-07-23,G1,XLB,FCX,0.022070616558342415,,,,0.3757,1.0,1.053908595507103,0.03761003757489215,0.016866606553868,-0.4131721747314505,-1.0
3 weeks,2019-07-01,2019-07-23,G3,XLB,DOW,0.04904296021148902,,,,0.2412,1.0,1.0337581435241479,0.02437228842669076,0.011008310336460414,1.0122427304684538,0.3884798139017378
3 weeks,2019-07-01,2019-07-23,G2,XLE,EQT,-0.024891184468011196,0.455,0.044188107818913774,-0.43669947194803715,,,,,,,
3 weeks,2019-07-01,2019-07-23,G4,XLE,CVX,0.007850266835030872,0.1545,0.014614272507036384,-1.0,,,,,,,
3 weeks,2019-07-01,2019-07-23,G3,XLE,HAL,0.03877971552922954,,,,0.35590000000000005,1.0,1.0508490799927752,0.0356617196422472,0.01601631106221449,0.08743257246878677,-1.0
3 weeks,2019-07-01,2019-07-23,G2,XLP,KR,-0.0361111981282054,0.225,0.02155451476958574,0.6753426608869779,,,,,,,
3 weeks,2019-07-01,2019-07-23,G4,XLP,KO,0.05290694109109717,0.1362,0.01281297950401873,-1.0,,,,,,,
3 weeks,2019-07-01,2019-07-23,G1,XLP,COST,0.06279630087712218,,,,0.1467,1.0,1.0204663495671082,0.015069482731178986,0.0067741631460257,3.1671172128022453,5.248735142265989
3 weeks,2019-07-01,2019-07-23,G3,XLP,MO,0.04927660093583386,,,,0.2267,1.0,1.0316730461561003,0.022944867414543935,0.010365059103438358,1.1476088767721162,0.6983554656136981
3 weeks,2019-07-01,2019-07-23,G2,XLU,VST,-0.05843588122338472,0.2544,0.024448705141168314,1.3901421726006502,,,,,,,
3 weeks,2019-07-01,2019-07-23,G4,XLU,D,-0.021025291875115815,0.2118,0.0202550466447748,0.03802732444161938,,,,,,,
3 weeks,2019-07-01,2019-07-23,G1,XLU,WEC,0.0316371066793979,,,,0.1536,1.0,1.021413290513211,0.01574867815463982,0.007086701756840002,1.0088737841199094,0.44267622894090874
3 weeks,2019-07-23,2019-08-13,G4,XLK,APH,-0.10522562506720246,0.2459,0.02362150689535361,3.454653360319724,,,,,,,
3 weeks,2019-07-23,2019-08-13,G1,XLK,MU,-0.059211902222176316,,,,0.4043,1.0,1.058366287355363,0.04041473860020993,0.018087555524638664,-1.0,-1.0
3 weeks,2019-07-23,2019-08-13,G4,XLY,ROST,0.003110119519013521,0.198,0.01890596601731008,-1.0,,,,,,,
3 weeks,2019-07-23,2019-08-13,G1,XLY,ORLY,-0.048038924321240684,,,,0.3077,1.0,1.043517419720282,0.03090882488974516,0.013929040412045976,-1.0,-1.0
3 weeks,2019-07-23,2019-08-13,G3,XLY,RCL,-0.04132598618209393,,,,0.36840000000000006,1.0,1.0527574109905196,0.03688250230167402,0.016553593914041154,-1.0,-1.0
3 weeks,2019-07-23,2019-08-13,G2,XLV,BMY,0.07990724031968921,0.2923,0.028188979152117037,-1.0,,,,,,,
3 weeks,2019-07-23,2019-08-13,G4,XLV,ABT,-0.02084736678448651,0.1602,0.015184749280176092,0.3729147844214391,,,,,,,
3 weeks,2019-07-23,2019-08-13,G1,XLV,CVS,0.07315780682740369,,,,0.2932,1.0,1.0413548645641943,0.029481623429017025,0.013296268846976076,1.4814714496149066,1.3918696763146565
3 weeks,2019-07-23,2019-08-13,G3,XLV,ABBV,-0.04015949918839257,,,,0.2782,1.0,1.0391356820605369,0.02800513696808218,0.01263929310338425,-1.0,-1.0
3 weeks,2019-07-23,2019-08-13,G4,XLI,CTAS,0.020629663226237716,0.1689,0.016041195980237444,-1.0,,,,,,,
3 weeks,2019-07-23,2019-08-13,G3,XLI,MMM,-0.07120341371963113,,,,0.3032,1.0,1.0428444517659707,0.030465907973023582,0.013732904863829332,-1.0,-1.0
3 weeks,2019-07-23,2019-08-13,G2,XLC,NFLX,0.01620569821188389,0.2895,0.027913372804021286,-1.0,,,,,,,
3 weeks,2019-07-23,2019-08-13,G4,XLC,CHTR,-0.06909921661340024,0.3012,0.029064996701035618,1.377403215426416,,,,,,,
3 weeks,2019-07-23,2019-08-13,G1,XLC,MTCH,0.055803084673694325,,,,0.581,1.0,1.0875864653335112,0.05778894322929506,0.025445334309184768,-0.034363988068118245,-1.0
3 weeks,2019-07-23,2019-08-13,G2,XLB,IP,-0.07994483477240288,0.3048,0.029419333302367606,1.717425101063359,,,,,,,
3 weeks,2019-07-23,2019-08-13,G4,XLB,PPG,-0.04516967696387786,0.1766,0.016799216392367755,1.6887966622299966,,,,,,,
3 weeks,2019-07-23,2019-08-13,G1,XLB,NEM,-0.04947002036208781,,,,0.2782,1.0,1.0391356820605369,0.028005136968082225,0.012639293103384327,-1.0,-1.0
3 weeks,2019-07-23,2019-08-13,G3,XLB,DD,-0.06113809609240506,,,,0.3292,1.0,1.0467555426129145,0.033024880797872774,0.014863140006771115,-1.0,-1.0
3 weeks,2019-07-23,2019-08-13,G4,XLE,CVX,-0.02726125572989757,0.19260000000000002,0.018374352847751546,0.48365800721158325,,,,,,,
3 weeks,2019-07-23,2019-08-13,G1,XLE,OKE,0.029399480667617883,,,,0.23149999999999998,1.0,1.0323424298244483,0.023407975114613015,0.010578253265733573,0.2559600103669206,-1.0
3 weeks,2019-07-23,2019-08-13,G3,XLE,EOG,-0.1035506751007862,,,,0.32189999999999996,1.0,1.0456518436971132,0.0323064257309113,0.014546534409008117,-1.0,-1.0
3 weeks,2019-07-23,2019-08-13,G2,XLP,KR,0.10710848033485698,0.24420000000000003,0.02345415451688138,-1.0,,,,,,,
3 weeks,2019-07-23,2019-08-13,G4,XLP,PG,0.029863473236445337,0.2291,0.02196765015247855,-1.0,,,,,,,
3 weeks,2019-07-23,2019-08-13,G1,XLP,HSY,0.054790365730592816,,,,0.2529,1.0,1.0354337403996468,0.02551465599239102,0.011525667162005012,1.147407582016096,0.6794364316502495
3 weeks,2019-07-23,2019-08-13,G3,XLP,ADM,-0.06857389396036628,,,,0.2504,1.0,1.0350707220652413,0.02526855283426525,0.011415246588396077,-1.0,-1.0
3 weeks,2019-07-23,2019-08-13,G2,XLU,VST,0.05412982308666381,0.29,0.027962588405051596,-1.0,,,,,,,
3 weeks,2019-07-23,2019-08-13,G4,XLU,SRE,-0.011514576454353054,0.1679,0.01594275275010746,-0.2777548121810105,,,,,,,
3 weeks,2019-07-23,2019-08-13,G1,XLU,ETR,0.03708530221400275,,,,0.1961,1.0,1.0273084346657761,0.019922973871661965,0.008999965252444632,0.8614340636541324,0.08632281058763569
3 weeks,2019-07-23,2019-08-13,G3,XLU,PCG,-0.10269963903723534,,,,0.9338,1.0,1.1545509101359859,0.09239496827098037,0.03923446687748529,-1.0,-1.0
3 weeks,2019-08-13,2019-09-04,G3,XLK,NOW,0.024142775219555324,,,,0.32939999999999997,1.0,1.0467388672763525,0.03302193937274643,0.014871806137784348,-0.2688868165180882,-1.0
3 weeks,2019-08-13,2019-09-04,G2,XLY,TJX,0.02044643039781424,0.3414,0.03304506251516906,-1.0,,,,,,,
3 weeks,2019-08-13,2019-09-04,G4,XLY,MCD,-0.0003399103657186764,0.1493,0.01413459237777619,-0.9759518805612569,,,,,,,
3 weeks,2019-08-13,2019-09-04,G3,XLY,RCL,-0.03934707860513431,,,,0.2879,1.0,1.0405219773560448,0.028937184383157386,0.013064415040075949,-1.0,-1.0
3 weeks,2019-08-13,2019-09-04,G2,XLV,JNJ,-0.02694037981457309,0.23399999999999999,0.02247325504085035,0.19877515587317718,,,,,,,
3 weeks,2019-08-13,2019-09-04,G4,XLV,MRK,-0.0003489287318584333,0.1856,0.017708247549154225,-0.9802956938065223,,,,,,,
3 weeks,2019-08-13,2019-09-04,G1,XLV,AMGN,0.00806152074046862,,,,0.1925,1.0,1.0267559487723845,0.019545447827329164,0.008838683287705552,-0.5875499598839227,-1.0
3 weeks,2019-08-13,2019-09-04,G3,XLV,ABBV,0.021073737839218287,,,,0.24969999999999998,1.0,1.0349227214911825,0.025176757508717843,0.01138431659146268,-0.16296855018279255,-1.0
3 weeks,2019-08-13,2019-09-04,G2,XLI,UBER,-0.12235942108281095,0.48479999999999995,0.047152502633201906,1.5949719367949928,,,,,,,
3 weeks,2019-08-13,2019-09-04,G4,XLI,LMT,0.037377328622961725,0.184,0.017550726080251707,-1.0,,,,,,,
3 weeks,2019-08-13,2019-09-04,G3,XLI,CAT,0.0007563160676511416,,,,0.287,1.0,1.0403887051845329,0.02884859270989144,0.013025013534643413,-0.9737832595420894,-1.0
3 weeks,2019-08-13,2019-09-04,G2,XLC,DIS,0.006423083674112373,0.20199999999999999,0.019322849102651855,-1.0,,,,,,,
3 weeks,2019-08-13,2019-09-04,G4,XLC,T,0.024670276189459495,0.17420000000000002,0.016585913072750542,-1.0,,,,,,,
3 weeks,2019-08-13,2019-09-04,G1,XLC,MTCH,0.0625311228068619,,,,0.4838,1.0,1.0711282432737834,0.04821205352101128,0.021437018883327694,0.29700185410294155,-1.0
3 weeks,2019-08-13,2019-09-04,G3,XLC,META,-0.006951470580421337,,,,0.2878,1.0,1.0405071660993765,0.028927340876550568,0.013060037526882012,-1.0,-1.0
3 weeks,2019-08-13,2019-09-04,G2,XLB,FCX,-0.06066735610374907,0.41490000000000005,0.040277286256545856,0.5062423947166848,,,,,,,
3 weeks,2019-08-13,2019-09-04,G4,XLB,ECL,-0.003036796231608352,0.20559999999999998,0.019677273864619482,-0.84566987009981,,,,,,,
3 weeks,2019-08-13,2019-09-04,G3,XLB,IFF,-0.05736663877067183,,,,0.245,1.0,1.0342418916561333,0.024714062338822944,0.01117650499426198,-1.0,-1.0
3 weeks,2019-08-13,2019-09-04,G3,XLE,EQT,-0.13983748399063367,,,,0.6284000000000001,1.0,1.0958467785834347,0.06242380289631061,0.027366154634231612,-1.0,-1.0
3 weeks,2019-08-13,2019-09-04,G4,XLP,GIS,-0.0012872587143414327,0.2439,0.023447884263641874,-0.9451012850512288,,,,,,,
3 weeks,2019-08-13,2019-09-04,G1,XLP,KR,0.07732615469455029,,,,0.24609999999999999,1.0,1.0344010768157694,0.024822353105358477,0.011225163411742048,2.115182286157138,2.8240047208470354
3 weeks,2019-08-13,2019-09-04,G3,XLP,MNST,0.0003445978195759647,,,,0.2591,1.0,1.036289677156313,0.02610213332087524,0.011799215829389996,-0.9867980974834624,-1.0
3 weeks,2019-08-13,2019-09-04,G2,XLU,CNP,0.0158057499711437,0.3036,0.02932468705599129,-1.0,,,,,,,
3 weeks,2019-08-13,2019-09-04,G4,XLU,NEE,0.04525380043097238,0.20010000000000003,0.019135791451746716,-1.0,,,,,,,
3 weeks,2019-08-13,2019-09-04,G1,XLU,WEC,0.08899289452864312,,,,0.187,1.0,1.0259842645966466,0.01900396606160881,0.008592001564280864,3.6828590537437105,6.333405314302938
3 weeks,2019-08-13,2019-09-04,G3,XLU,PCG,-0.36932164973169557,,,,1.0392000000000001,1.0,1.1769266126232467,0.10268386803020525,0.043136015182313005,-1.0,-1.0
3 weeks,2019-09-04,2019-09-25,G4,XLK,INTU,-0.06943553482683118,0.2413,0.023206836585596205,1.9920292914859319,,,,,,,
3 weeks,2019-09-04,2019-09-25,G3,XLK,CSCO,0.04839384469724095,,,,0.248,1.0,1.0346464960961523,0.024994732344840953,0.011309178585200327,0.9361617491867138,0.21559214027082518
3 weeks,2019-09-04,2019-09-25,G4,XLY,SBUX,-0.05993139388835733,0.2146,0.020578180719607292,1.9123757199417288,,,,,,,
3 weeks,2019-09-04,2019-09-25,G3,XLY,RCL,0.05425154014270128,,,,0.30079999999999996,1.0,1.0424094397533707,0.030192414910352544,0.01362821031622861,0.7968599167633756,-0.13105975659702085
3 weeks,2019-09-04,2019-09-25,G2,XLV,GILD,0.024176358747392657,0.2281,0.02190728964347516,-1.0,,,,,,,
3 weeks,2019-09-04,2019-09-25,G4,XLV,MRK,-0.027864530271328514,0.1862,0.017782086914137848,0.5670000043231413,,,,,,,
3 weeks,2019-09-04,2019-09-25,G3,XLV,PFE,0.0019535415438580728,,,,0.20829999999999999,1.0,1.0289563783854174,0.021086213067630713,0.009545460939106647,-0.9073545573312561,-1.0
3 weeks,2019-09-04,2019-09-25,G2,XLI,UBER,-0.009690511664906643,0.43189999999999995,0.04196492509460126,-0.7690806871914717,,,,,,,
3 weeks,2019-09-04,2019-09-25,G4,XLI,TDG,-0.01587825245150698,0.23420000000000002,0.02250784159032601,-0.2945457525198003,,,,,,,
3 weeks,2019-09-04,2019-09-25,G3,XLI,GE,0.042034547495798824,,,,0.40490000000000004,1.0,1.0583830030346426,0.04043699888232117,0.018113078488175532,0.03950710135850777,-1.0
3 weeks,2019-09-04,2019-09-25,G2,XLC,FOX,-0.036434770121538396,0.5315,0.05175948200016881,-0.29607544910477346,,,,,,,
3 weeks,2019-09-04,2019-09-25,G4,XLC,VZ,0.03592296084349145,0.16510000000000002,0.015704730584492906,-1.0,,,,,,,
3 weeks,2019-09-04,2019-09-25,G1,XLC,MTCH,-0.16581041193383728,,,,0.36829999999999996,1.0,1.0526644128786597,0.03683572604154007,0.016549302181093056,-1.0,-1.0
3 weeks,2019-09-04,2019-09-25,G2,XLB,FCX,0.08396110402902734,0.4077,0.03958418745851954,-1.0,,,,,,,
3 weeks,2019-09-04,2019-09-25,G4,XLB,SHW,0.01845985481606882,0.2109,0.020213902940770148,-1.0,,,,,,,
3 weeks,2019-09-04,2019-09-25,G1,XLB,NEM,-0.031796621351962595,,,,0.282,1.0,1.0396195899493084,0.028341818999948032,0.012805956936107487,-1.0,-1.0
3 weeks,2019-09-04,2019-09-25,G3,XLB,IFF,0.09794469384948257,,,,0.2691,1.0,1.037721806174966,0.027071931412095684,0.012239541097843896,2.6179425973915187,3.9203550356250894
3 weeks,2019-09-04,2019-09-25,G2,XLE,EQT,0.055765634589140856,0.6185,0.0603090338046103,-1.0,,,,,,,
3 weeks,2019-09-04,2019-09-25,G4,XLE,OKE,0.03645821612673461,0.2202,0.0211295174948293,-1.0,,,,,,,
3 weeks,2019-09-04,2019-09-25,G3,XLE,DVN,0.08578747207829296,,,,0.4201,1.0,1.060791083704996,0.04193240076182916,0.01875841397241819,1.0458516688695028,0.3325427410894526
3 weeks,2019-09-04,2019-09-25,G2,XLP,MO,-0.06679296236111565,0.2623,0.02527422473481389,1.6427304125816327,,,,,,,
3 weeks,2019-09-04,2019-09-25,G4,XLP,GIS,-0.0025777443187108284,0.3152,0.03048151992680522,-0.9154325530714782,,,,,,,
3 weeks,2019-09-04,2019-09-25,G1,XLP,HSY,-0.04975187624581778,,,,0.17980000000000002,1.0,1.0249481472611461,0.018280272381352058,0.008268562641720273,-1.0,-1.0
3 weeks,2019-09-04,2019-09-25,G3,XLP,PM,0.04798028496079243,,,,0.3019,1.0,1.0425735638117948,0.030300690766811574,0.013676203000662981,0.5834716551526751,-0.6046621164708021
3 weeks,2019-09-04,2019-09-25,G4,XLU,ED,0.03456233850704149,0.1493,0.0141492363351525,-1.0,,,,,,,
3 weeks,2019-09-04,2019-09-25,G1,XLU,WEC,-0.023553294061350316,,,,0.1728,1.0,1.023973380210461,0.017591100535870156,0.007953552415591316,-1.0,-1.0
3 weeks,2019-09-04,2019-09-25,G3,XLU,PCG,0.007483666920545806,,,,1.5021,1.0,1.2903893076931872,0.14773757297458764,0.05919086153419566,-0.9493448635315465,-1.0
3 weeks,2019-09-25,2019-10-16,G2,XLK,AMD,0.04299250206683225,0.4683,0.04556363484758106,-1.0,,,,,,,
3 weeks,2019-09-25,2019-10-16,G4,XLK,MSFT,0.007534512562275664,0.2061,0.019759124712648166,-1.0,,,,,,,
3 weeks,2019-09-25,2019-10-16,G3,XLK,NOW,-0.018428585316165758,,,,0.35850000000000004,1.0,1.0511159212326238,0.03585401065001365,0.016128201585719835,-1.0,-1.0
3 weeks,2019-09-25,2019-10-16,G4,XLY,NKE,0.04481869065709909,0.2133,0.020468013976712034,-1.0,,,,,,,
3 weeks,2019-09-25,2019-10-16,G1,XLY,ROST,0.03713966814308223,,,,0.2378,1.0,1.0331369464878173,0.023972929744748076,0.010857686232966028,0.549233595498215,-0.6313467188698252
3 weeks,2019-09-25,2019-10-16,G3,XLY,TSLA,0.13576742123070407,,,,0.46659999999999996,1.0,1.0682432706790097,0.04648921040258171,0.020717841671168857,1.9204071236100049,2.2592270770010487
3 weeks,2019-09-25,2019-10-16,G2,XLV,VRTX,0.0267638270430941,0.2753,0.026571976511935425,-1.0,,,,,,,
3 weeks,2019-09-25,2019-10-16,G4,XLV,ABBV,0.05201814968045082,0.2065,0.019798507562485253,-1.0,,,,,,,
3 weeks,2019-09-25,2019-10-16,G1,XLV,LLY,-0.030882604600222185,,,,0.2262,1.0,1.031470876819251,0.022830864847603455,0.01034283679411391,-1.0,-1.0
3 weeks,2019-09-25,2019-10-16,G3,XLV,PFE,0.01225600402109639,,,,0.2002,1.0,1.027775239532797,0.02027099848400481,0.009183471933180478,-0.39539218895570394,-1.0
3 weeks,2019-09-25,2019-10-16,G2,XLI,UBER,0.005997491547579781,0.46520000000000006,0.04525874586359986,-1.0,,,,,,,
3 weeks,2019-09-25,2019-10-16,G4,XLI,LMT,-0.019440372415483798,0.1778,0.016972778389126,0.14538539122968452,,,,,,,
3 weeks,2019-09-25,2019-10-16,G3,XLI,GE,-0.028384472246655967,,,,0.39399999999999996,1.0,1.05663169362287,0.03934730969661216,0.01764882708329627,-1.0,-1.0
3 weeks,2019-09-25,2019-10-16,G2,XLC,MTCH,0.07250855762038366,0.469,0.04563247989267868,-1.0,,,,,,,
3 weeks,2019-09-25,2019-10-16,G4,XLC,VZ,0.010740648636878403,0.15039999999999998,0.014275118302876458,-1.0,,,,,,,
3 weeks,2019-09-25,2019-10-16,G3,XLC,FOX,-0.01296876012046222,,,,0.40700000000000003,1.0,1.0586779880689698,0.040626384088167454,0.018202379395968252,-1.0,-1.0
3 weeks,2019-09-25,2019-10-16,G4,XLB,SHW,0.03617761211923831,0.21030000000000001,0.02017264400869997,-1.0,,,,,,,
3 weeks,2019-09-25,2019-10-16,G1,XLB,NEM,-0.04397274082078795,,,,0.2869,1.0,1.0403080604455568,0.028806672787104654,0.013020635049725036,-1.0,-1.0
3 weeks,2019-09-25,2019-10-16,G3,XLB,IFF,-0.024158652250381163,,,,0.2767,1.0,1.0388023962990642,0.027802569135601723,0.012573461712967169,-1.0,-1.0
3 weeks,2019-09-25,2019-10-16,G4,XLE,CVX,-0.0680107100682753,0.17010000000000003,0.01621466252088383,3.1943956576759023,,,,,,,
3 weeks,2019-09-25,2019-10-16,G1,XLE,MPC,0.04222784064555518,,,,0.373,1.0,1.0533561283097006,0.0372809263822971,0.016750899987477027,0.1326929007216724,-1.0
3 weeks,2019-09-25,2019-10-16,G3,XLE,EOG,-0.10818349432840324,,,,0.34850000000000003,1.0,1.0495811246931617,0.0348698734776533,0.015697462485832356,-1.0,-1.0
3 weeks,2019-09-25,2019-10-16,G4,XLP,GIS,-0.019184496826544994,0.19690000000000002,0.01885331662214407,0.017566150881479503,,,,,,,
3 weeks,2019-09-25,2019-10-16,G3,XLP,PM,0.05074383280735706,,,,0.2757,1.0,1.038655234159915,0.027704125876083955,0.012529560576989134,0.831634502179424,-0.035193726614543785
3 weeks,2019-09-25,2019-10-16,G4,XLU,PEG,-0.005793491902438497,0.1777,0.0169629326864413,-0.6584616581618995,,,,,,,
3 weeks,2019-09-25,2019-10-16,G1,XLU,VST,-0.018047736215552446,,,,0.2477,1.0,1.0345673137458606,0.0249476027104256,0.011295915656749676,-1.0,-1.0
3 weeks,2019-09-25,2019-10-16,G3,XLU,PCG,-0.26833799915617884,,,,1.2473,1.0,1.2247134333553449,0.12296187972045197,0.05056438603267003,-1.0,-1.0
3 weeks,2019-10-16,2019-11-06,G4,XLK,APH,0.041607216338160447,0.2626,0.025390654453947756,-1.0,,,,,,,
3 weeks,2019-10-16,2019-11-06,G3,XLK,CSCO,0.0316306634471073,,,,0.20800000000000002,1.0,1.0287421953203666,0.020971154964120806,0.009532066912216614,0.508293820784963,-0.6969735784125928
3 weeks,2019-10-16,2019-11-06,G4,XLY,TJX,-0.0077586915230053455,0.2059,0.019807761439996904,-0.6083004358413484,,,,,,,
3 weeks,2019-10-16,2019-11-06,G3,XLY,MAR,0.09488801639254785,,,,0.2611,1.0,1.0363786789772285,0.026199577729344895,0.011887367942466493,2.6217383872667663,3.9219758064609334
3 weeks,2019-10-16,2019-11-06,G4,XLV,MRK,-0.014209454176148495,0.20809999999999998,0.020024392903967243,-0.2903927602552523,,,,,,,
3 weeks,2019-10-16,2019-11-06,G3,XLV,PFE,0.03494788200648258,,,,0.2389,1.0,1.033158765053742,0.024013759044571245,0.01090643143373654,0.455327420484934,-0.8359576215547082
3 weeks,2019-10-16,2019-11-06,G2,XLI,UBER,-0.1546909374130524,0.5865,0.05725524385661069,1.7017776363062644,,,,,,,
3 weeks,2019-10-16,2019-11-06,G4,XLI,CTAS,-0.007566201727484123,0.2134,0.020546275119272848,-0.6317482520037492,,,,,,,
3 weeks,2019-10-16,2019-11-06,G3,XLI,UNP,0.07978723114514907,,,,0.2928,1.0,1.0410450556628177,0.02932051866482808,0.013278781014085661,1.7212080405951067,1.9176003009037599
3 weeks,2019-10-16,2019-11-06,G2,XLC,MTCH,-0.12503268112811983,0.5644,0.055083259136946276,1.2698853170119713,,,,,,,
3 weeks,2019-10-16,2019-11-06,G4,XLC,VZ,-0.002653914252122025,0.1801,0.017267233034036888,-0.8463034438180859,,,,,,,
3 weeks,2019-10-16,2019-11-06,G3,XLC,FOX,0.023587150827997228,,,,0.7883,1.0,1.125200556186532,0.0780242251332682,0.03368734992128289,-0.6976945200325976,-1.0
3 weeks,2019-10-16,2019-11-06,G2,XLB,NEM,-0.004757826786506381,0.26030000000000003,0.025164202850336628,-0.8109287699354727,,,,,,,
3 weeks,2019-10-16,2019-11-06,G4,XLB,PPG,0.09087121864551961,0.28559999999999997,0.027655081468977695,-1.0,,,,,,,
3 weeks,2019-10-16,2019-11-06,G3,XLB,IFF,0.11623033944772043,,,,0.34700000000000003,1.0,1.0492127690747959,0.03465577827626096,0.015632760403956718,2.3538516584790616,3.286995299688855
3 weeks,2019-10-16,2019-11-06,G2,XLE,EQT,0.12656905980881716,0.6889,0.06731361761739538,-1.0,,,,,,,
3 weeks,2019-10-16,2019-11-06,G4,XLE,PSX,0.11443629456436089,0.23829999999999998,0.022998072228385742,-1.0,,,,,,,
3 weeks,2019-10-16,2019-11-06,G3,XLE,WMB,-0.02498903597852853,,,,0.2709,1.0,1.0378126357453734,0.02716444532898958,0.012318684197354478,-1.0,-1.0
3 weeks,2019-10-16,2019-11-06,G2,XLP,KR,0.10159147886454822,0.25739999999999996,0.02487867477118119,-1.0,,,,,,,
3 weeks,2019-10-16,2019-11-06,G4,XLP,SYY,0.027245957951612887,0.19399999999999998,0.018635972989445953,-1.0,,,,,,,
3 weeks,2019-10-16,2019-11-06,G3,XLP,MNST,-0.009377189932843866,,,,0.336,1.0,1.0475356282659505,0.03357307564976992,0.015157549615529434,-1.0,-1.0
3 weeks,2019-10-16,2019-11-06,G4,XLU,PEG,0.0024282109060744794,0.24609999999999999,0.023766078103141314,-1.0,,,,,,,
3 weeks,2019-10-16,2019-11-06,G1,XLU,SO,0.01244067170812202,,,,0.1917,1.0,1.0264427479590381,0.01936610039041183,0.00880282325871006,-0.35760574109791454,-1.0
3 weeks,2019-10-16,2019-11-06,G3,XLU,PCG,-0.12182746460988136,,,,1.3854,1.0,1.259109084440119,0.1363381366540879,0.05530172811044133,-1.0,-1.0
3 weeks,2019-11-06,2019-11-27,G2,XLK,NOW,0.1654443750839183,0.3147,0.030550025744680687,-1.0,,,,,,,
3 weeks,2019-11-06,2019-11-27,G4,XLK,APH,0.008553154978261368,0.22510000000000002,0.021728186305566784,-1.0,,,,,,,
3 weeks,2019-11-06,2019-11-27,G1,XLK,AMD,0.09685498226213562,,,,0.3791,1.0,1.0541036432954816,0.037786214184457004,0.017012202314231364,1.5632359407409488,1.5129808696720533
3 weeks,2019-11-06,2019-11-27,G3,XLK,INTU,0.03444859008145551,,,,0.3104,1.0,1.0436109217220864,0.031024120953182223,0.014046617462546283,0.11038085924951946,-1.0
3 weeks,2019-11-06,2019-11-27,G2,XLY,MCD,0.010918071477923341,0.1402,0.013367691438021313,-1.0,,,,,,,
3 weeks,2019-11-06,2019-11-27,G4,XLY,MAR,0.06986402387694013,0.1934,0.018606583763470505,-1.0,,,,,,,
3 weeks,2019-11-06,2019-11-27,G1,XLY,AMZN,0.012663103447279722,,,,0.1629,1.0,1.0223718562041755,0.016500464674331604,0.007507100110690055,-0.23256079769810445,-1.0
3 weeks,2019-11-06,2019-11-27,G4,XLV,ABBV,0.07614544722367134,0.1887,0.018143748429753827,-1.0,,,,,,,
3 weeks,2019-11-06,2019-11-27,G1,XLV,VRTX,0.12292695916636864,,,,0.2507,1.0,1.0348058114444145,0.025146359561730044,0.011428500662183682,3.88845945531813,6.710648170458837
3 weeks,2019-11-06,2019-11-27,G3,XLV,SYK,0.01955099508524838,,,,0.2143,1.0,1.0295772979609383,0.02156209499492953,0.009813132228582148,-0.09327015348712686,-1.0
3 weeks,2019-11-06,2019-11-27,G4,XLI,CAT,0.0013751868782021504,0.2228,0.02150170349711929,-1.0,,,,,,,
3 weeks,2019-11-06,2019-11-27,G3,XLI,NOC,0.02575429205029023,,,,0.2023,1.0,1.0278765824819343,0.020380412568645586,0.00927739083439106,0.26367864063322344,-1.0
3 weeks,2019-11-06,2019-11-27,G2,XLC,MTCH,0.04639023003750942,0.4411,0.0429893691099192,-1.0,,,,,,,
3 weeks,2019-11-06,2019-11-27,G4,XLC,VZ,-0.0004988274832925521,0.1273,0.012097426368573949,-0.9587658177785298,,,,,,,
3 weeks,2019-11-06,2019-11-27,G1,XLC,META,0.05455501897649806,,,,0.22469999999999998,1.0,1.0310604371331746,0.02258620004581703,0.010276153343669001,1.4154137865524468,1.2863206744377713
3 weeks,2019-11-06,2019-11-27,G3,XLC,LYV,0.1482809588919587,,,,0.2495,1.0,1.034631763158391,0.025028202068994004,0.011375478465843466,4.92455496736042,8.990717847589096
3 weeks,2019-11-06,2019-11-27,G2,XLB,NEM,0.014076623069174454,0.22829999999999998,0.022043291011707045,-1.0,,,,,,,
3 weeks,2019-11-06,2019-11-27,G4,XLB,PPG,-0.0005435031668643564,0.1649,0.015800014776919283,-0.9656010975598416,,,,,,,
3 weeks,2019-11-06,2019-11-27,G1,XLB,FCX,0.09116510745636708,,,,0.37270000000000003,1.0,1.0531096362048933,0.03715636065576608,0.016738038977557837,1.4535531964759234,1.2735919842520431
3 weeks,2019-11-06,2019-11-27,G4,XLE,PSX,-0.024145006044380635,0.19649999999999998,0.01891185702212726,0.2767125944390567,,,,,,,
3 weeks,2019-11-06,2019-11-27,G1,XLE,EQT,-0.1564244658087176,,,,0.6355,1.0,1.096831362070798,0.06299816755082023,0.02765199187026825,-1.0,-1.0
3 weeks,2019-11-06,2019-11-27,G3,XLE,WMB,0.021132720871085864,,,,0.249,1.0,1.0345592769764644,0.02497896966551667,0.0113533812388755,-0.15397948137710726,-1.0
3 weeks,2019-11-06,2019-11-27,G4,XLP,ADM,0.009601878275036446,0.1791,0.01719837811072247,-1.0,,,,,,,
3 weeks,2019-11-06,2019-11-27,G3,XLP,CHD,0.043324838194736204,,,,0.24059999999999998,1.0,1.0333444904978206,0.024151855495955398,0.01098173882283962,0.7938513337822706,-0.09118693697589209
3 weeks,2019-11-06,2019-11-27,G2,XLU,VST,0.028349554402322896,0.23920000000000002,0.023116599418581317,-1.0,,,,,,,
3 weeks,2019-11-06,2019-11-27,G4,XLU,D,0.026439427311791164,0.15259999999999999,0.014588765209286002,-1.0,,,,,,,
3 weeks,2019-11-06,2019-11-27,G1,XLU,PPL,0.029720674455392837,,,,0.1788,1.0,1.0245787367370107,0.018066237202529957,0.008223594755141285,0.6450948873421689,-0.37473357193731116
3 weeks,2019-11-06,2019-11-27,G3,XLU,PCG,0.09104057144171196,,,,1.7301,1.0,1.356079859072559,0.16968208377763863,0.06650177435538972,-0.46346385301929194,-1.0
3 weeks,2019-11-27,2019-12-19,G4,XLK,MSFT,0.02225581606711624,0.15,0.01431800751901548,-1.0,,,,,,,
3 weeks,2019-11-27,2019-12-19,G1,XLK,AMD,0.086780055744333,,,,0.36810000000000004,1.0,1.0524275794374247,0.03671803987303285,0.01654071839964972,1.3634174385236628,1.0768430655125485
3 weeks,2019-11-27,2019-12-19,G3,XLK,INTU,0.007247671569368563,,,,0.2034,1.0,1.0280615837768179,0.020503462680433435,0.009326566911382958,-0.6465147530282747,-1.0
3 weeks,2019-11-27,2019-12-19,G4,XLY,MAR,0.06155398564468073,0.17559999999999998,0.01683890873610951,-1.0,,,,,,,
3 weeks,2019-11-27,2019-12-19,G1,XLY,HLT,0.03732229667222753,,,,0.17920000000000003,1.0,1.0246639855654023,0.018120419310454303,0.008241583251809046,1.05968173433464,0.535907691528392
3 weeks,2019-11-27,2019-12-19,G3,XLY,SBUX,0.032062389888178666,,,,0.1696,1.0,1.023328842808811,0.017175073912039034,0.007809364913534671,0.8667977822036732,0.11834280713804546
3 weeks,2019-11-27,2019-12-19,G4,XLV,JNJ,0.055172083405125916,0.1424,0.013569633767214422,-1.0,,,,,,,
3 weeks,2019-11-27,2019-12-19,G1,XLV,DHR,0.026263344173835357,,,,0.21170000000000003,1.0,1.0292374551824228,0.0213207738831142,0.00969719025213157,0.23181946011048327,-1.0
3 weeks,2019-11-27,2019-12-19,G2,XLI,UBER,0.016954900097682968,0.3958,0.038516984039593326,-1.0,,,,,,,
3 weeks,2019-11-27,2019-12-19,G4,XLI,ADP,-0.010594637724365419,0.1463,0.013953665956828305,-0.24072729294620487,,,,,,,
3 weeks,2019-11-27,2019-12-19,G1,XLI,GE,-0.02214336155598473,,,,0.2845,1.0,1.0397855116254793,0.02848883873605692,0.012915519007558933,-1.0,-1.0
3 weeks,2019-11-27,2019-12-19,G2,XLC,TMUS,-0.02228398191166958,0.18899999999999997,0.01815845231584018,0.2271961026232685,,,,,,,
3 weeks,2019-11-27,2019-12-19,G4,XLC,CHTR,0.003989224224971943,0.1739,0.01667150377630718,-1.0,,,,,,,
3 weeks,2019-11-27,2019-12-19,G1,XLC,DIS,-0.02940579192260462,,,,0.21,1.0,1.0289961724517716,0.021153373588183977,0.009621341594746476,-1.0,-1.0
3 weeks,2019-11-27,2019-12-19,G3,XLC,NWSA,0.06503440015163031,,,,0.5033,1.0,1.0741124128853408,0.050018831630026704,0.022248739496119455,0.30019830596342123,-1.0
3 weeks,2019-11-27,2019-12-19,G2,XLB,ECL,0.028441736263251194,0.1553,0.014839906814696999,-1.0,,,,,,,
3 weeks,2019-11-27,2019-12-19,G4,XLB,APD,-0.012624894179399049,0.1691,0.016198831321093878,-0.22062932015601333,,,,,,,
3 weeks,2019-11-27,2019-12-19,G1,XLB,FCX,0.11972413795550918,,,,0.37439999999999996,1.0,1.0534036387622312,0.03733805579107707,0.016810905537643413,2.20649094921864,2.9450878505486497
3 weeks,2019-11-27,2019-12-19,G3,XLB,CTVA,0.06372371794474851,,,,0.3013,1.0,1.0422801223812155,0.03014278174997812,0.013650026785033189,1.114062281089725,0.570956299297908
3 weeks,2019-11-27,2019-12-19,G2,XLE,EQT,0.177703996490999,0.5897,0.05758526633288826,-1.0,,,,,,,
3 weeks,2019-11-27,2019-12-19,G1,XLE,HAL,0.1533767475379848,,,,0.34119999999999995,1.0,1.048297057650512,0.0340704551398544,0.015382354712184148,3.5017522339632636,5.831183642140339
3 weeks,2019-11-27,2019-12-19,G3,XLE,WMB,0.05202572435376007,,,,0.2776,1.0,1.0387675565115684,0.027809512156465665,0.01261296347176748,0.870788817187653,0.05115406635945652
3 weeks,2019-11-27,2019-12-19,G2,XLP,CHD,-0.010113705425918385,0.17600000000000002,0.016878298142650943,-0.400786421685412,,,,,,,
3 weeks,2019-11-27,2019-12-19,G4,XLP,KDP,-0.08586967613731777,0.2366,0.022845630696310085,2.7586914223903247,,,,,,,
3 weeks,2019-11-27,2019-12-19,G1,XLP,KR,0.056188032280978684,,,,0.3479,1.0,1.0493202454334785,0.03472992235445068,0.015671584511826632,0.6178565476630908,-0.5617681899161158
3 weeks,2019-11-27,2019-12-19,G3,XLP,CL,0.009751383636467326,,,,0.1524,1.0,1.0209545995680667,0.015481344583156233,0.007032385820178304,-0.37012036751143895,-1.0
3 weeks,2019-11-27,2019-12-19,G2,XLU,WEC,0.03445154967562569,0.1535,0.014662657457240809,-1.0,,,,,,,
3 weeks,2019-11-27,2019-12-19,G4,XLU,D,-0.004293614297248727,0.1265,0.012004016093330197,-0.6423185154146533,,,,,,,
3 weeks,2019-11-27,2019-12-19,G3,XLU,PCG,0.44635744686265233,,,,1.2281,1.0,1.219893422408853,0.12101782900919693,0.049893840703949685,2.688361049913817,3.538917454712445
3 weeks,2019-12-19,2020-01-13,G4,XLK,MSFT,0.04861588162699526,0.1273,0.012092154793778565,-1.0,,,,,,,
3 weeks,2019-12-19,2020-01-13,G1,XLK,MU,0.05354850521252619,,,,0.3179,1.0,1.0447483423544401,0.03176765742879474,0.014372810676158353,0.6856296480957689,-0.387721507200827
3 weeks,2019-12-19,2020-01-13,G4,XLY,SBUX,0.028920128685821833,0.1452,0.013854760223595783,-1.0,,,,,,,
3 weeks,2019-12-19,2020-01-13,G1,XLY,TSLA,0.29902971359606156,,,,0.4341,1.0,1.0627989083772487,0.043203252251311886,0.01935068730118598,5.921463038398491,11.207876730266559
3 weeks,2019-12-19,2020-01-13,G3,XLY,MCD,0.04795467192887859,,,,0.11289999999999999,1.0,1.0155696852216267,0.01158235842133382,0.005235379232109115,3.1403201476263813,5.18579576979473
3 weeks,2019-12-19,2020-01-13,G4,XLV,MRK,-0.005334260903740784,0.1297,0.012328474980921246,-0.5673219184046935,,,,,,,
3 weeks,2019-12-19,2020-01-13,G1,XLV,BMY,0.05993667327646057,,,,0.1895,1.0,1.0260855785396026,0.019125245157957813,0.008704171416867839,2.1339035281083203,2.8890657267224666
3 weeks,2019-12-19,2020-01-13,G3,XLV,MCK,0.059287657996696774,,,,0.2608,1.0,1.0362860127912932,0.026146091203930803,0.011874147903017086,1.267553399637173,0.9371196479335864
3 weeks,2019-12-19,2020-01-13,G4,XLI,ETN,0.006578869571466139,0.1566,0.014977356388400151,-1.0,,,,,,,
3 weeks,2019-12-19,2020-01-13,G1,XLI,UBER,0.138379448156146,,,,0.34700000000000003,1.0,1.0491632703858134,0.03463209876577652,0.015632760403956825,2.9956991660260748,4.707000904827461
3 weeks,2019-12-19,2020-01-13,G3,XLI,BA,-0.009835050291835179,,,,0.2297,1.0,1.0317872158818813,0.023083829903655338,0.010498335162101174,-1.0,-1.0
3 weeks,2019-12-19,2020-01-13,G2,XLC,LYV,0.03623082791001364,0.3897,0.037926473164663695,-1.0,,,,,,,
3 weeks,2019-12-19,2020-01-13,G4,XLC,NWSA,0.04669543398401177,0.39899999999999997,0.03884163374917283,-1.0,,,,,,,
3 weeks,2019-12-19,2020-01-13,G1,XLC,FOX,0.006934853156450371,,,,0.7543000000000001,1.0,1.1186567768499054,0.07466638900701503,0.03236335779434059,-0.9071221569882151,-1.0
3 weeks,2019-12-19,2020-01-13,G2,XLB,IFF,0.038821056477583715,0.2816,0.027285949447965915,-1.0,,,,,,,
3 weeks,2019-12-19,2020-01-13,G4,XLB,NUE,-0.04913894030666721,0.1893,0.018197490716259083,1.7003140747730972,,,,,,,
3 weeks,2019-12-19,2020-01-13,G1,XLB,FCX,0.04076927081323589,,,,0.33490000000000003,1.0,1.0473190510506696,0.03344108722670147,0.015109957880134552,0.2191371212561286,-1.0
3 weeks,2019-12-19,2020-01-13,G3,XLB,DD,-0.055512231334152284,,,,0.222,1.0,1.0306852436561065,0.02232561416036154,0.01015606064605607,-1.0,-1.0
3 weeks,2019-12-19,2020-01-13,G4,XLE,OKE,0.030548631416711824,0.1522,0.014544071034238179,-1.0,,,,,,,
3 weeks,2019-12-19,2020-01-13,G1,XLE,HAL,-0.02982030173356509,,,,0.2832,1.0,1.039574289251453,0.028351535226266274,0.012858555163404672,-1.0,-1.0
3 weeks,2019-12-19,2020-01-13,G2,XLP,KDP,-0.020512249256563142,0.2188,0.021102448591844705,-0.027968286841826617,,,,,,,
3 weeks,2019-12-19,2020-01-13,G4,XLP,GIS,0.006679016781822922,0.1911,0.018374745242332447,-1.0,,,,,,,
3 weeks,2019-12-19,2020-01-13,G1,XLP,MO,0.015963998992436723,,,,0.1925,1.0,1.0265066882849925,0.01942066917850457,0.008838683287705543,-0.17798924199242883,-1.0
3 weeks,2019-12-19,2020-01-13,G4,XLU,XEL,-0.001098145658217864,0.2023,0.01947765551031313,-0.9436202340863669,,,,,,,
3 weeks,2019-12-19,2020-01-13,G1,XLU,PPL,-0.008118640375585628,,,,0.1729,1.0,1.0237681407312413,0.01749055729977393,0.007958056425204243,-1.0,-1.0
3 weeks,2019-12-19,2020-01-13,G3,XLU,VST,-0.0701604696119984,,,,0.2893,1.0,1.0404767672014936,0.02895209611616342,0.013125688891433594,-1.0,-1.0
3 weeks,2020-01-13,2020-02-04,G4,XLK,IBM,0.09158115623773533,0.2575,0.024920009225122018,-1.0,,,,,,,
3 weeks,2020-01-13,2020-02-04,G1,XLK,AMD,0.014358990009014416,,,,0.5531,1.0,1.0824645934711525,0.054899548279078315,0.024304425115720667,-0.7384497603510065,-1.0
3 weeks,2020-01-13,2020-02-04,G4,XLY,MCD,0.039271657564420304,0.1894,0.01821416588766464,-1.0,,,,,,,
3 weeks,2020-01-13,2020-02-04,G1,XLY,TSLA,0.6900888331140387,,,,0.7093,1.0,1.1102225314551892,0.0702437720880029,0.030594462867534946,8.824199535433271,17.953308779091845
3 weeks,2020-01-13,2020-02-04,G3,XLY,GM,-0.01743869209809268,,,,0.2432,1.0,1.0337169211889505,0.02440640557256266,0.011096853556447695,-1.0,-1.0
3 weeks,2020-01-13,2020-02-04,G2,XLV,GILD,0.04804863427011208,0.22460000000000002,0.021680443955980427,-1.0,,,,,,,
3 weeks,2020-01-13,2020-02-04,G4,XLV,AMGN,-0.06377685555463775,0.21989999999999998,0.02121762860791336,2.005842770329737,,,,,,,
3 weeks,2020-01-13,2020-02-04,G1,XLV,BMY,-0.028117872107892405,,,,0.2298,1.0,1.0317879044950318,0.023086931259021615,0.010502775991660454,-1.0,-1.0
3 weeks,2020-01-13,2020-02-04,G2,XLI,BA,-0.037187321331455414,0.33270000000000005,0.03232343932836206,0.15047538579304498,,,,,,,
3 weeks,2020-01-13,2020-02-04,G4,XLI,UNP,0.018566021449365477,0.2372,0.02292115991429964,-1.0,,,,,,,
3 weeks,2020-01-13,2020-02-04,G1,XLI,UBER,0.12858815079473995,,,,0.3818,1.0,1.0545209831743845,0.03805048999786026,0.01712773615478619,2.37940853854894,3.3243991471492915
3 weeks,2020-01-13,2020-02-04,G4,XLC,NWSA,-0.05216204499716781,0.2372,0.02292115991429953,1.2757157662263903,,,,,,,
3 weeks,2020-01-13,2020-02-04,G1,XLC,MTCH,-0.07423531243250148,,,,0.39049999999999996,1.0,1.0558796691733188,0.03890665259957949,0.017499492869551308,-1.0,-1.0
3 weeks,2020-01-13,2020-02-04,G2,XLB,DD,-0.12748343611202873,0.3059,0.029685225215360617,3.294507964388375,,,,,,,
3 weeks,2020-01-13,2020-02-04,G1,XLB,NEM,0.041931637155717016,,,,0.2164,1.0,1.0298731269437196,0.021767417681824327,0.009906723104028726,0.9263487184669499,0.21720472908885524
3 weeks,2020-01-13,2020-02-04,G3,XLB,NUE,-0.08487895681442326,,,,0.23620000000000002,1.0,1.0327074455030523,0.023717133254080015,0.01078676042133373,-1.0,-1.0
3 weeks,2020-01-13,2020-02-04,G2,XLE,EQT,-0.3166067863755616,0.6456000000000001,0.0630944273614273,4.017983356310145,,,,,,,
3 weeks,2020-01-13,2020-02-04,G4,XLE,WMB,-0.0967199430618989,0.18739999999999998,0.018017213735640778,4.3681964637280295,,,,,,,
3 weeks,2020-01-13,2020-02-04,G1,XLE,OXY,-0.1303414531153232,,,,0.2788,1.0,1.0389114404349145,0.027911637391273704,0.012665618836486462,-1.0,-1.0
3 weeks,2020-01-13,2020-02-04,G3,XLE,PSX,-0.15745486694133748,,,,0.2361,1.0,1.0326930526585612,0.023707286420568432,0.010782326625128732,-1.0,-1.0
3 weeks,2020-01-13,2020-02-04,G2,XLP,KDP,0.03129507694302003,0.2159,0.02082373988805299,-1.0,,,,,,,
3 weeks,2020-01-13,2020-02-04,G4,XLP,KO,0.048280925129411845,0.1162,0.011005926777487672,-1.0,,,,,,,
3 weeks,2020-01-13,2020-02-04,G1,XLP,MO,-0.083530148532724,,,,0.2444,1.0,1.0338903658781018,0.024524565312923977,0.011149958456799145,-1.0,-1.0
3 weeks,2020-01-13,2020-02-04,G4,XLU,SO,0.07747126436781615,0.12710000000000002,0.012079197352064534,-1.0,,,,,,,
3 weeks,2020-01-13,2020-02-04,G1,XLU,DTE,0.027085298208034292,,,,0.1412,1.0,1.019388612823083,0.014362075259885138,0.006524652781052364,0.8858902852073545,0.1796314138436006
3 weeks,2020-01-13,2020-02-04,G3,XLU,PCG,0.513098528612322,,,,0.9338,1.0,1.1542035532843025,0.09225340608151336,0.03923446687748531,4.561838314771357,8.14744111214039
3 weeks,2020-02-04,2020-02-26,G2,XLK,QCOM,-0.10423891781865435,0.4188,0.04078835280685537,1.5556049863610748,,,,,,,
3 weeks,2020-02-04,2020-02-26,G4,XLK,IBM,-0.052985636990087515,0.1877,0.01803844733228412,1.9373723810062682,,,,,,,
3 weeks,2020-02-04,2020-02-26,G1,XLK,CRM,-0.0502813282086475,,,,0.2589,1.0,1.0360119317878766,0.02596047547701123,0.011790398221304357,-1.0,-1.0
3 weeks,2020-02-04,2020-02-26,G3,XLK,APH,-0.07867857505915155,,,,0.1867,1.0,1.0256961284483046,0.01885099253043537,0.00857853649780962,-1.0,-1.0
3 weeks,2020-02-04,2020-02-26,G2,XLY,F,-0.21459708815847145,0.3851,0.03747227265705982,4.726823406800792,,,,,,,
3 weeks,2020-02-04,2020-02-26,G4,XLY,MCD,-0.021060214934656374,0.1462,0.013951761435809914,0.5095022253320076,,,,,,,
3 weeks,2020-02-04,2020-02-26,G1,XLY,TSLA,-0.12204362948755931,,,,1.2398,1.0,1.2226862373700347,0.12215086221533902,0.05030280555293375,-1.0,-1.0
3 weeks,2020-02-04,2020-02-26,G3,XLY,RCL,-0.3022033605116411,,,,0.31,1.0,1.0435647746032273,0.03099141435382789,0.01402920357161578,-1.0,-1.0
3 weeks,2020-02-04,2020-02-26,G4,XLV,SYK,-0.06789918202271661,0.1833,0.017605158337382697,2.856777696712894,,,,,,,
3 weeks,2020-02-04,2020-02-26,G1,XLV,GILD,0.10830840271071218,,,,0.3094,1.0,1.0434748632933815,0.030932348127839796,0.01400307951970207,2.5014607446898665,3.629948671369829
3 weeks,2020-02-04,2020-02-26,G3,XLV,AMGN,-0.025910085811052253,,,,0.22,1.0,1.0304027489166117,0.0221301418894339,0.010067051260569747,-1.0,-1.0
3 weeks,2020-02-04,2020-02-26,G4,XLI,ADP,-0.05451363422817368,0.1834,0.01761500582515259,2.0947270054451708,,,,,,,
3 weeks,2020-02-04,2020-02-26,G1,XLI,UBER,-0.1058914649784446,,,,0.6126,1.0,1.0927921308843591,0.06075486736631147,0.02672831357252231,-1.0,-1.0
3 weeks,2020-02-04,2020-02-26,G3,XLI,MMM,-0.04407964722895885,,,,0.2232,1.0,1.0308596363110971,0.02244524651062531,0.010209445100100013,-1.0,-1.0
3 weeks,2020-02-04,2020-02-26,G2,XLC,LYV,-0.14410480138156634,0.2805,0.027176145196632424,4.302621116383472,,,,,,,
3 weeks,2020-02-04,2020-02-26,G4,XLC,CHTR,-0.025688713012752662,0.1867,0.01793997265366175,0.4319259849880177,,,,,,,
3 weeks,2020-02-04,2020-02-26,G1,XLC,NFLX,0.02772279295253277,,,,0.3385,1.0,1.04786949738237,0.033796889724208676,0.01526566482998638,-0.17972354323850692,-1.0
3 weeks,2020-02-04,2020-02-26,G3,XLC,CMCSA,-0.04652205190451686,,,,0.2032,1.0,1.028017346742641,0.020475813922020986,0.009317626805248325,-1.0,-1.0
3 weeks,2020-02-04,2020-02-26,G2,XLB,FCX,-0.13122890668716902,0.41359999999999997,0.04027671385774059,2.2581830571053088,,,,,,,
3 weeks,2020-02-04,2020-02-26,G4,XLB,CTVA,-0.0791597994717842,0.295,0.02860369732889469,1.7674673858270453,,,,,,,
3 weeks,2020-02-04,2020-02-26,G1,XLB,APD,-0.04682539102769068,,,,0.1796,1.0,1.0247038540469102,0.018151820913886167,0.008259569959056301,-1.0,-1.0
3 weeks,2020-02-04,2020-02-26,G3,XLB,DD,-0.1032257089105344,,,,0.2887,1.0,1.0403908582810626,0.028894479505210378,0.013099431259652503,-1.0,-1.0
3 weeks,2020-02-04,2020-02-26,G2,XLE,EQT,-0.12791238644771086,0.8629000000000001,0.08440549389048327,0.5154509564706542,,,,,,,
3 weeks,2020-02-04,2020-02-26,G3,XLE,PSX,-0.08545594984738936,,,,0.271,1.0,1.0377813315693025,0.02715183355655421,0.012323080004811655,-1.0,-1.0
3 weeks,2020-02-04,2020-02-26,G2,XLP,TGT,-0.017308778647075473,0.22460000000000002,0.021672084281689548,-0.20133299492105283,,,,,,,
3 weeks,2020-02-04,2020-02-26,G4,XLP,GIS,-0.007802123139571293,0.18309999999999998,0.017585463360587618,-0.5563311025936695,,,,,,,
3 weeks,2020-02-04,2020-02-26,G1,XLP,CL,-0.03289127709150763,,,,0.1655,1.0,1.0227449207704142,0.016763323735822733,0.007624456767574938,-1.0,-1.0
3 weeks,2020-02-04,2020-02-26,G3,XLP,SYY,-0.029176433701257,,,,0.17379999999999998,1.0,1.0238961799066086,0.017580665698963948,0.00799858746904652,-1.0,-1.0
3 weeks,2020-02-04,2020-02-26,G2,XLU,VST,-0.016334095570540885,0.26530000000000004,0.025679600944896953,-0.36392720410296,,,,,,,
3 weeks,2020-02-04,2020-02-26,G4,XLU,PCG,-0.0017912852080346209,0.7042,0.06883987690568885,-0.973978959746127,,,,,,,
3 weeks,2020-02-04,2020-02-26,G1,XLU,WEC,0.012887559758189004,,,,0.16820000000000002,1.0,1.023118839614339,0.017029205778467567,0.007746246763257134,-0.24320840761201823,-1.0
3 weeks,2020-02-26,2020-03-18,G2,XLK,QCOM,-0.2257502602122763,0.43090000000000006,0.04199721269044082,4.375362928875049,,,,,,,
3 weeks,2020-02-26,2020-03-18,G1,XLK,CRM,-0.26069203995224477,,,,0.3382,1.0,1.04778766636185,0.0337500207755343,0.015252694509843739,-1.0,-1.0
3 weeks,2020-02-26,2020-03-18,G3,XLK,KLAC,-0.10355133967707209,,,,0.4509,1.0,1.0654690761156957,0.04484029697688476,0.020058751865126824,-1.0,-1.0
3 weeks,2020-02-26,2020-03-18,G2,XLY,TJX,-0.361618976003639,0.2704,0.026199771785674078,12.802371217652006,,,,,,,
3 weeks,2020-02-26,2020-03-18,G4,XLY,MCD,-0.3424123558569707,0.2444,0.023639707970804457,13.484627148518806,,,,,,,
3 weeks,2020-02-26,2020-03-18,G1,XLY,TSLA,-0.5361838595979755,,,,0.6981,1.0,1.1081365564127543,0.06913541180296712,0.03015124598477724,-1.0,-1.0
3 weeks,2020-02-26,2020-03-18,G3,XLY,RCL,-0.7261154517997709,,,,0.9283,1.0,1.1530443409033284,0.09170625820545765,0.039028221299046886,-1.0,-1.0
3 weeks,2020-02-26,2020-03-18,G2,XLV,BMY,-0.19019983175690403,0.3028,0.029389698512062943,5.471649638693535,,,,,,,
3 weeks,2020-02-26,2020-03-18,G1,XLV,GILD,0.07308708699536193,,,,0.47350000000000003,1.0,1.0691445687932688,0.0470633721013172,0.021006710011421754,0.5529504948778732,-0.812321006004764
3 weeks,2020-02-26,2020-03-18,G3,XLV,PFE,-0.06797259660864419,,,,0.2691,1.0,1.0374668991362426,0.026947268001112242,0.012239541097843844,-1.0,-1.0
3 weeks,2020-02-26,2020-03-18,G3,XLI,MMM,-0.08015569495869279,,,,0.3243,1.0,1.0456802665299407,0.03238174699374667,0.01465068663550398,-1.0,-1.0
3 weeks,2020-02-26,2020-03-18,G2,XLC,MTCH,-0.21259847398931853,0.5153,0.05029868417971374,3.2267203895378023,,,,,,,
3 weeks,2020-02-26,2020-03-18,G1,XLC,TMUS,-0.20640682824712908,,,,0.2874,1.0,1.0401624295267167,0.028749039647065815,0.013042526394517891,-1.0,-1.0
3 weeks,2020-02-26,2020-03-18,G3,XLC,TTWO,-0.026034515779123635,,,,0.39159999999999995,1.0,1.0560324664487344,0.03900571248066703,0.017546440257703435,-1.0,-1.0
3 weeks,2020-02-26,2020-03-18,G2,XLB,IFF,-0.12175942009103136,0.37,0.03600448969634801,2.3817843585040888,,,,,,,
3 weeks,2020-02-26,2020-03-18,G1,XLB,NEM,-0.15612666654872376,,,,0.3222,1.0,1.0453632615677726,0.032175022152522124,0.014559556799583474,-1.0,-1.0
3 weeks,2020-02-26,2020-03-18,G3,XLB,DD,-0.31729127435508186,,,,0.42479999999999996,1.0,1.061278894504165,0.04227254454300037,0.01895747420862684,-1.0,-1.0
3 weeks,2020-02-26,2020-03-18,G2,XLE,EQT,0.7520166787757046,1.0234999999999999,0.10014576628096342,-1.0,,,,,,,
3 weeks,2020-02-26,2020-03-18,G3,XLE,DVN,-0.6729353260256146,,,,0.6854,1.0,1.1058086918198378,0.06788851862494512,0.029647232637281182,-1.0,-1.0
3 weeks,2020-02-26,2020-03-18,G4,XLP,HSY,-0.2668898964963806,0.2232,0.02155213898178996,11.383452831381783,,,,,,,
3 weeks,2020-02-26,2020-03-18,G1,XLP,CHD,-0.06784919409018297,,,,0.2347,1.0,1.03247262731669,0.023560054371776922,0.010720241949359686,-1.0,-1.0
3 weeks,2020-02-26,2020-03-18,G3,XLP,MO,-0.09021850111062069,,,,0.3248,1.0,1.0457557971782103,0.03243096691975596,0.014672377279650525,-1.0,-1.0
3 weeks,2020-02-26,2020-03-18,G2,XLU,CNP,-0.4821428370564813,0.2607,0.02524469431851258,18.098778974040247,,,,,,,
3 weeks,2020-02-26,2020-03-18,G4,XLU,D,-0.06489564545948423,0.1986,0.01912965835985198,2.3924100597469526,,,,,,,
3 weeks,2020-02-26,2020-03-18,G1,XLU,AEE,-0.10087123019445199,,,,0.185,1.0,1.0254227846253152,0.01866586014586752,0.0085022154854889,-1.0,-1.0
3 weeks,2020-02-26,2020-03-18,G3,XLU,VST,-0.4137095147460478,,,,0.38280000000000003,1.0,1.0546574139885365,0.03813970422046951,0.017170507088557493,-1.0,-1.0
3 weeks,2020-03-18,2020-04-08,G3,XLK,AVGO,0.5818084127781118,,,,1.0653,1.0,1.1813365661985393,0.10471418175881139,0.04408742190631275,4.556156797540505,8.083585051323453
3 weeks,2020-03-18,2020-04-08,G3,XLY,RCL,0.6820418656283609,,,,2.5883999999999996,1.0,1.6791976898774574,0.2510801874417198,0.09098700742443051,1.7164304462958673,-0.9687408583773278
3 weeks,2020-03-18,2020-04-08,G4,XLV,LLY,0.021874469331880197,0.6881999999999999,0.06775264155267963,-1.0,,,,,,,
3 weeks,2020-03-18,2020-04-08,G1,XLV,GILD,-0.05577916559544582,,,,0.9865,1.0,1.1642575166111053,0.09700607854858698,0.04119725449426128,-1.0,-1.0
3 weeks,2020-03-18,2020-04-08,G3,XLV,SYK,0.2738805093912571,,,,1.4827000000000001,1.0,1.2836963399054735,0.14537244785488196,0.058551412640440254,0.8839918666338917,-1.0
3 weeks,2020-03-18,2020-04-08,G3,XLI,BA,0.44145643337896434,,,,2.4026,1.0,1.5972267495815218,0.2335697526368363,0.0860593366786072,0.8900411050456467,-1.0
3 weeks,2020-03-18,2020-04-08,G2,XLC,FOX,0.20597870450334277,3.8045999999999998,0.3623728906087154,-1.0,,,,,,,
3 weeks,2020-03-18,2020-04-08,G3,XLC,LYV,0.2799999431028204,,,,3.3512,1.0,2.1055997244605966,0.3216211760979068,0.10936271347035459,-0.12941073563643757,-1.0
3 weeks,2020-03-18,2020-04-08,G2,XLB,IP,0.07011285067438333,1.1551,0.11348513345340001,-1.0,,,,,,,
3 weeks,2020-03-18,2020-04-08,G3,XLB,LYB,0.3672663736998132,,,,1.3309,1.0,1.244038649988348,0.13062235701192285,0.05344996324792732,1.8116654920435256,1.3054781747907658
3 weeks,2020-03-18,2020-04-08,G2,XLE,MPC,0.4513431860549506,1.7331999999999999,0.16960475928686974,-1.0,,,,,,,
3 weeks,2020-03-18,2020-04-08,G1,XLE,EQT,0.24741047647232906,,,,2.2258,1.0,1.525755986805542,0.216802662075164,0.08118815594767273,0.14117822218692866,-1.0
3 weeks,2020-03-18,2020-04-08,G3,XLE,TRGP,0.6892172632521094,,,,2.4036,1.0,1.597648544706759,0.23366430516051073,0.08608637446452114,1.9496044026864356,0.06368422546460795
3 weeks,2020-03-18,2020-04-08,G4,XLP,KMB,-0.012727916385143145,0.9401,0.09246144176898007,-0.862343522428035,,,,,,,
3 weeks,2020-03-18,2020-04-08,G3,XLP,SYY,0.5289163856702763,,,,1.5106,1.0,1.2913077876640686,0.14807838655254432,0.05947015483205315,2.5718675627424865,2.995425918718841
3 weeks,2020-03-18,2020-04-08,G2,XLU,CNP,0.3488371124839582,1.3454,0.13203144357579097,-1.0,,,,,,,
3 weeks,2020-03-18,2020-04-08,G3,XLU,PCG,0.49931227201555384,,,,2.0178,1.0,1.4490889470503214,0.19695535910101394,0.07521720785386068,1.5351545360056331,-0.33228942687142604
3 weeks,2020-04-08,2020-04-30,G3,XLK,APH,0.10851528876682348,,,,0.6069,1.0,1.090941009943238,0.0598162881415925,0.026497610954801916,0.8141428052164381,-0.3367598741802549
3 weeks,2020-04-08,2020-04-30,G3,XLY,RCL,0.24520773041360755,,,,1.7546000000000002,1.0,1.3625672272503018,0.1717150769587623,0.06726557125332426,0.4279918499672264,-1.0
3 weeks,2020-04-08,2020-04-30,G4,XLV,VRTX,0.006168362026530483,0.425,0.04181379696402627,-1.0,,,,,,,
3 weeks,2020-04-08,2020-04-30,G1,XLV,GILD,0.12014890623934638,,,,0.7453,1.0,1.1160914293420403,0.07341164830007815,0.03201109418842864,0.6366463500209738,-0.8732477911119687
3 weeks,2020-04-08,2020-04-30,G3,XLV,SYK,0.056679676604830975,,,,0.4648,1.0,1.0669304498383998,0.045840404980548886,0.020642404961585873,0.2364567160539146,-1.0
3 weeks,2020-04-08,2020-04-30,G3,XLI,BA,-0.03983108217617126,,,,1.1283,1.0,1.1956035566673788,0.1109182213282166,0.04636031387739645,-1.0,-1.0
3 weeks,2020-04-08,2020-04-30,G1,XLC,MTCH,0.11197804425913271,,,,0.6401,1.0,1.0968118394502804,0.06307924154278796,0.027836922258594507,0.7751964278640799,-0.4551766654386591
3 weeks,2020-04-08,2020-04-30,G3,XLC,LYV,0.18829451605925995,,,,1.0119,1.0,1.169812398180485,0.09954036947610514,0.04213466096998733,0.8916397141208161,-0.5613559607863062
3 weeks,2020-04-08,2020-04-30,G2,XLB,AMCR,0.05405418478076207,0.6507999999999999,0.06402102037149296,-1.0,,,,,,,
3 weeks,2020-04-08,2020-04-30,G3,XLB,FCX,0.09962681376427862,,,,0.7736,1.0,1.121457335997094,0.07618926369324161,0.03311623012331298,0.30762274019870794,-1.0
3 weeks,2020-04-08,2020-04-30,G4,XLE,EQT,0.34594129838201804,1.2021,0.11801140282003865,-1.0,,,,,,,
3 weeks,2020-04-08,2020-04-30,G3,XLE,TRGP,0.6354108082363041,,,,1.9276,1.0,1.4182965172592268,0.18835452860446014,0.0725434257855921,2.373483042558808,1.992887206881794
3 weeks,2020-04-08,2020-04-30,G3,XLP,SYY,0.19089963425644574,,,,0.7028,1.0,1.1081772009227995,0.06923874459375029,0.030337383157874286,1.7571215419419515,1.7267491366398557
3 weeks,2020-04-08,2020-04-30,G3,XLU,PCG,-0.023853062860996643,,,,1.2181,1.0,1.2165366127410289,0.11968142017913128,0.04954342680044999,-1.0,-1.0
3 weeks,2020-04-30,2020-05-21,G4,XLK,ORCL,-0.014158939100189505,0.3284,0.032331971653846506,-0.5620762243707771,,,,,,,
3 weeks,2020-04-30,2020-05-21,G1,XLK,AMD,0.04313804471387361,,,,0.546,1.0,1.0803725444829602,0.053801819278669914,0.0240128572346238,-0.19820472072816997,-1.0
3 weeks,2020-04-30,2020-05-21,G3,XLK,AMAT,0.11189785382833928,,,,0.6089,1.0,1.0912321785507544,0.05998635888540711,0.02657859526823702,0.8653883300718337,-0.22246924380230182
3 weeks,2020-04-30,2020-05-21,G1,XLY,TSLA,0.05847445427855558,,,,0.7653,1.0,1.11981436571146,0.07534861889267348,0.03279287927162662,-0.22394789529126635,-1.0
3 weeks,2020-04-30,2020-05-21,G3,XLY,RCL,-0.07312391290115083,,,,1.2294,1.0,1.219169987864128,0.12075833052944764,0.04993933546581555,-1.0,-1.0
3 weeks,2020-04-30,2020-05-21,G4,XLV,TMO,0.00319691041728265,0.2902,0.02856958574630974,-1.0,,,,,,,
3 weeks,2020-04-30,2020-05-21,G1,XLV,GILD,-0.12499975455683998,,,,0.5817,1.0,1.0864924383281735,0.05731236083722464,0.02547386063456756,-1.0,-1.0
3 weeks,2020-04-30,2020-05-21,G3,XLV,MDT,-0.022739081089792834,,,,0.43320000000000003,1.0,1.061772868012725,0.04270352271932217,0.019312673389132177,-1.0,-1.0
3 weeks,2020-04-30,2020-05-21,G3,XLI,BA,-0.014324239194874355,,,,0.8795999999999999,1.0,1.1421913279010816,0.08655923291576356,0.037190332716566916,-1.0,-1.0
3 weeks,2020-04-30,2020-05-21,G4,XLC,VZ,-0.06057469570950591,0.22829999999999998,0.022471706227220892,1.6955984159373427,,,,,,,
3 weeks,2020-04-30,2020-05-21,G1,XLC,MTCH,0.09147604768594397,,,,0.6908,1.0,1.1059131315096224,0.0680338850499419,0.029861724522475964,0.34456598529973403,-1.0
3 weeks,2020-04-30,2020-05-21,G3,XLC,LYV,0.01470915674444373,,,,0.9577,1.0,1.1582384468099602,0.0942101388733815,0.04012761407454586,-0.8438686438599473,-1.0
3 weeks,2020-04-30,2020-05-21,G1,XLB,NEM,0.06724947556098071,,,,0.45439999999999997,1.0,1.0651844417264527,0.044790029422058904,0.02020590093897669,0.5014385216693005,-0.8978004573631984
3 weeks,2020-04-30,2020-05-21,G3,XLB,LYB,0.03986198139443142,,,,0.6422,1.0,1.097126619594569,0.06325917025420945,0.02792127914644344,-0.3698624051778656,-1.0
3 weeks,2020-04-30,2020-05-21,G1,XLE,HAL,0.14095214174438975,,,,0.8722,1.0,1.140703199344624,0.08583390445833716,0.036909215797124036,0.6421499480174095,-0.9932552780006443
3 weeks,2020-04-30,2020-05-21,G3,XLE,TRGP,0.3356478597106072,,,,1.2466,1.0,1.2233082755865017,0.12243497369066701,0.05053999087446359,1.7414377574713602,1.222785999371192
3 weeks,2020-04-30,2020-05-21,G4,XLP,GIS,0.0010018165390774936,0.27149999999999996,0.026727565967649695,-1.0,,,,,,,
3 weeks,2020-04-30,2020-05-21,G1,XLP,KDP,0.01587346662523048,,,,0.2834,1.0,1.0387410901375707,0.027953109380236325,0.012867320020825362,-0.43213950157353564,-1.0
3 weeks,2020-04-30,2020-05-21,G3,XLP,SYY,-0.06735386502076113,,,,0.7191,1.0,1.1111314993873413,0.07081317147750665,0.0309813067293198,-1.0,-1.0
3 weeks,2020-04-30,2020-05-21,G3,XLU,PCG,0.11184209866353001,,,,1.0125,1.0,1.1698776225675245,0.09957363622659382,0.04215673730927478,0.12320994694838383,-1.0
3 weeks,2020-05-21,2020-06-12,G4,XLK,AAPL,0.06927545336745644,0.2821,0.027765641022250445,-1.0,,,,,,,
3 weeks,2020-05-21,2020-06-12,G1,XLK,NVDA,0.018383912832379057,,,,0.6244,1.0,1.0939757927177265,0.06151543523514096,0.027204904777622208,-0.7011495933970544,-1.0
3 weeks,2020-05-21,2020-06-12,G3,XLK,MU,0.07673582379746358,,,,0.4907,1.0,1.0711280677611468,0.048367651316069425,0.021724682425960158,0.5865112675415214,-0.7418716680702417
3 weeks,2020-05-21,2020-06-12,G4,XLY,ORLY,0.015014355360455145,0.31329999999999997,0.03083872285359647,-1.0,,,,,,,
3 weeks,2020-05-21,2020-06-12,G1,XLY,TSLA,0.13011120930561226,,,,0.63,1.0,1.0949678991780107,0.062065806917025595,0.027430611205851878,1.0963428297895965,0.2811712383610385
3 weeks,2020-05-21,2020-06-12,G3,XLY,RCL,0.4113035976178998,,,,1.0395,1.0,1.1757434171710892,0.10222001492423201,0.043146983740549524,3.0237090350922786,4.459481985189874
3 weeks,2020-05-21,2020-06-12,G2,XLV,GILD,0.004783656971705907,0.4399,0.04330346269658871,-1.0,,,,,,,
3 weeks,2020-05-21,2020-06-12,G4,XLV,TMO,0.012605550767644802,0.2852,0.028070997382223257,-1.0,,,,,,,
3 weeks,2020-05-21,2020-06-12,G3,XLV,MRK,0.0046574747147165585,,,,0.3885,1.0,1.0547168707846495,0.03830896449262782,0.017414101605188803,-0.8784233722732763,-1.0
3 weeks,2020-05-21,2020-06-12,G4,XLI,UNP,0.02153234685526373,0.3308,0.03256222029920887,-1.0,,,,,,,
3 weeks,2020-05-21,2020-06-12,G3,XLI,BA,0.363381255444863,,,,0.7342,1.0,1.1139597433735822,0.07230129296563134,0.03157559496178637,4.025930250204482,6.899186456284909
3 weeks,2020-05-21,2020-06-12,G4,XLC,DIS,-0.019859169217118944,0.37920000000000004,0.03732815157046741,-0.4679841250743658,,,,,,,
3 weeks,2020-05-21,2020-06-12,G1,XLC,TTWO,-0.030320590255310642,,,,0.36210000000000003,1.0,1.05062120456964,0.035709640131482465,0.016283009184689595,-1.0,-1.0
3 weeks,2020-05-21,2020-06-12,G3,XLC,OMC,0.07312777743144494,,,,0.433,1.0,1.0617530835218323,0.042689520244214116,0.01930422472013011,0.7130147402243565,-0.4107666029316721
3 weeks,2020-05-21,2020-06-12,G4,XLB,SHW,-0.0392632847565656,0.32780000000000004,0.03226677357133192,0.21683330593207883,,,,,,,
3 weeks,2020-05-21,2020-06-12,G1,XLB,FCX,0.17865176144496142,,,,0.6308,1.0,1.0951098633962628,0.062144429168998705,0.027462830204156935,1.8747832079867832,2.0419988554585773
3 weeks,2020-05-21,2020-06-12,G3,XLB,MLM,0.10619948048537986,,,,0.3944,1.0,1.0556401579205508,0.038889822614321445,0.01766588571141276,1.7307782176993287,1.8619749607100649
3 weeks,2020-05-21,2020-06-12,G4,XLE,WMB,-0.04471456608809943,0.4108,0.040439124043794517,0.10572538711952983,,,,,,,
3 weeks,2020-05-21,2020-06-12,G3,XLE,OXY,0.2989914261661961,,,,0.8116,1.0,1.128736139615426,0.07989703737348111,0.03458852393751581,2.742209173145579,3.922305642713649
3 weeks,2020-05-21,2020-06-12,G4,XLP,MNST,-0.0008776705391758677,0.29760000000000003,0.029292383596774198,-0.9700375854946635,,,,,,,
3 weeks,2020-05-21,2020-06-12,G3,XLP,SYY,0.03391757659202588,,,,0.5246999999999999,1.0,1.076787608128106,0.051712452042146514,0.023135143952928875,-0.34411200295854205,-1.0
3 weeks,2020-05-21,2020-06-12,G4,XLU,NRG,-0.045892503575017174,0.4011,0.039484233335990944,0.16229947241206677,,,,,,,
3 weeks,2020-05-21,2020-06-12,G3,XLU,CNP,0.0739857329181508,,,,0.42200000000000004,1.0,1.0599982028153916,0.041606794353276556,0.01883891262767994,0.7782127671252419,-0.25751924332366594
3 weeks,2020-06-12,2020-07-06,G1,XLK,MU,0.04579997809816749,,,,0.6371,1.0,1.0962551141804027,0.06277469338397627,0.02771633864477899,-0.2704069804368292,-1.0
3 weeks,2020-06-12,2020-07-06,G3,XLK,IBM,-0.014108893982714199,,,,0.4204,1.0,1.0597681926838372,0.04146068250465514,0.018771126768413516,-1.0,-1.0
3 weeks,2020-06-12,2020-07-06,G1,XLY,F,-0.041795421009085065,,,,0.8199,1.0,1.1303814226548001,0.08072209873422555,0.03490834309798549,-1.0,-1.0
3 weeks,2020-06-12,2020-07-06,G3,XLY,RCL,-0.18241256678468198,,,,1.2451999999999999,1.0,1.2230123538331112,0.12231419171317502,0.05049118881690615,-1.0,-1.0
3 weeks,2020-06-12,2020-07-06,G2,XLV,PFE,0.022518641707971243,0.3608,0.0355041973707187,-1.0,,,,,,,
3 weeks,2020-06-12,2020-07-06,G3,XLV,MDT,0.006565000241016694,,,,0.3714,1.0,1.0520815774177237,0.036636791371161465,0.016682297010070905,-0.8208085371203021,-1.0
3 weeks,2020-06-12,2020-07-06,G1,XLI,BA,-0.008442778170567156,,,,1.1072,1.0,1.1907936568269049,0.10884799404785703,0.045602767656156055,-1.0,-1.0
3 weeks,2020-06-12,2020-07-06,G3,XLI,PH,0.03519089112530449,,,,0.6051,1.0,1.090603626409888,0.059629578413135945,0.026424691746082554,-0.4098416916267825,-1.0
3 weeks,2020-06-12,2020-07-06,G1,XLC,MTCH,0.0853867471997245,,,,0.5229,1.0,1.0765102164635025,0.05154665957002653,0.023060763462634522,0.6564942890959995,-0.615080795108768
3 weeks,2020-06-12,2020-07-06,G3,XLC,LYV,-0.07451139916528648,,,,0.7212000000000001,1.0,1.1115601203598318,0.07103593344622337,0.031064084232295137,-1.0,-1.0
3 weeks,2020-06-12,2020-07-06,G2,XLB,NEM,0.10333656730976681,0.4966,0.04887053941220371,-1.0,,,,,,,
3 weeks,2020-06-12,2020-07-06,G1,XLB,FCX,0.21544324760490774,,,,0.7508,1.0,1.117105734243398,0.07394190455246723,0.03222645603452225,1.9136826933100561,2.051452919804977
3 weeks,2020-06-12,2020-07-06,G3,XLB,LYB,0.02462109971434634,,,,0.6415000000000001,1.0,1.097039535019468,0.06320707561769275,0.027893164907026927,-0.6104692477268401,-1.0
3 weeks,2020-06-12,2020-07-06,G1,XLE,OXY,-0.017297150268048456,,,,1.1726999999999999,1.0,1.2058139144111353,0.11524347481977075,0.04794237956831213,-1.0,-1.0
3 weeks,2020-06-12,2020-07-06,G3,XLE,OKE,-0.1701379019917887,,,,1.0429000000000002,1.0,1.1765130237547483,0.10256318773567966,0.04327124055430642,-1.0,-1.0
3 weeks,2020-06-12,2020-07-06,G4,XLP,CHD,0.06540764811000521,0.3226,0.0317424482439742,-1.0,,,,,,,
3 weeks,2020-06-12,2020-07-06,G3,XLP,SYY,-0.0009902947464602851,,,,0.6866,1.0,1.1051832558256929,0.06763796019841752,0.02969492143794261,-1.0,-1.0
3 weeks,2020-06-12,2020-07-06,G2,XLU,PCG,-0.16969183663729948,0.9018999999999999,0.0886719706366665,0.913703230219298,,,,,,,
3 weeks,2020-06-12,2020-07-06,G3,XLU,ED,-0.030246639938814823,,,,0.3272,1.0,1.0453196429883138,0.032284357168619944,0.014776455258176809,-1.0,-1.0
3 weeks,2020-07-06,2020-07-27,G2,XLK,AMD,0.29157301966140636,0.5700999999999999,0.05610659131659861,-1.0,,,,,,,
3 weeks,2020-07-06,2020-07-27,G4,XLK,KLAC,-0.03202498997971526,0.41350000000000003,0.04069936762232774,-0.21313298336983633,,,,,,,
3 weeks,2020-07-06,2020-07-27,G1,XLK,CRM,-0.03418973350074672,,,,0.3267,1.0,1.0452308415480414,0.032228796388827585,0.014754777410435772,-1.0,-1.0
3 weeks,2020-07-06,2020-07-27,G3,XLK,IBM,0.05008717023392584,,,,0.3795,1.0,1.0533249935636975,0.03742801560471018,0.017029323258666806,0.3382267113200219,-1.0
3 weeks,2020-07-06,2020-07-27,G4,XLY,ORLY,0.05779166843308281,0.3505,0.03449670556948211,-1.0,,,,,,,
3 weeks,2020-07-06,2020-07-27,G1,XLY,TSLA,0.12250104275752238,,,,0.9684999999999999,1.0,1.1605326084773533,0.09527772624286453,0.04052957418488038,0.28572592554596765,-1.0
3 weeks,2020-07-06,2020-07-27,G3,XLY,RCL,-0.01439421053989276,,,,1.0067,1.0,1.1686562206359803,0.09901634438978124,0.0419432031996619,-1.0,-1.0
3 weeks,2020-07-06,2020-07-27,G4,XLV,TMO,0.0815390887022649,0.282,0.027750318110886966,-1.0,,,,,,,
3 weeks,2020-07-06,2020-07-27,G3,XLV,SYK,0.07308348837186718,,,,0.4105,1.0,1.0581854911513655,0.040479903004627234,0.0183511124570962,0.8054264696116731,-0.18816925920255456
3 weeks,2020-07-06,2020-07-27,G2,XLI,UBER,-0.04704799093200018,0.5720000000000001,0.05629341396855176,-0.1642363179770283,,,,,,,
3 weeks,2020-07-06,2020-07-27,G3,XLI,RTX,-0.03521799402401404,,,,0.44799999999999995,1.0,1.064173745360885,0.044170952005397134,0.01993673330410799,-1.0,-1.0
3 weeks,2020-07-06,2020-07-27,G2,XLC,FOX,-0.031662127516053906,1.2567,0.12335333508378728,-0.7433216743224047,,,,,,,
3 weeks,2020-07-06,2020-07-27,G4,XLC,GOOGL,0.01985811465008447,0.3141,0.030912024875670744,-1.0,,,,,,,
3 weeks,2020-07-06,2020-07-27,G1,XLC,NFLX,0.003726091127702169,,,,0.5718,1.0,1.0848076056884055,0.05634959892488835,0.025069969038450515,-0.9338754632012763,-1.0
3 weeks,2020-07-06,2020-07-27,G3,XLC,LYV,0.04135506172408543,,,,0.6379,1.0,1.0963837259823552,0.06284718630459019,0.02774850276540947,-0.341974332412317,-1.0
3 weeks,2020-07-06,2020-07-27,G4,XLB,VMC,0.03556141714854677,0.43170000000000003,0.04249083085729866,-1.0,,,,,,,
3 weeks,2020-07-06,2020-07-27,G1,XLB,NEM,0.12847313862552978,,,,0.4462,1.0,1.0638835697542313,0.0439938014316974,0.019860954285280348,1.9202554551915871,2.252087887799436
3 weeks,2020-07-06,2020-07-27,G3,XLB,ECL,0.05110818947719964,,,,0.2824,1.0,1.038616243361255,0.027865569315249777,0.012823491408778946,0.8340981624671113,-0.02585452606201788
3 weeks,2020-07-06,2020-07-27,G1,XLE,OXY,-0.08140817160007374,,,,0.7887000000000001,1.0,1.1243152882449101,0.07765533573425414,0.03370286276293971,-1.0,-1.0
3 weeks,2020-07-06,2020-07-27,G3,XLE,OKE,-0.009543920065887668,,,,0.9387000000000001,1.0,1.1543018554199111,0.09235982694620037,0.039417988862619026,-1.0,-1.0
3 weeks,2020-07-06,2020-07-27,G4,XLP,CL,0.022337189491501652,0.209,0.020558687108107352,-1.0,,,,,,,
3 weeks,2020-07-06,2020-07-27,G1,XLP,KR,0.030536735747118904,,,,0.2747,1.0,1.0374827553708448,0.027107091960558317,0.012485648603015643,0.12652201097597793,-1.0
3 weeks,2020-07-06,2020-07-27,G3,XLP,SYY,0.004278258269979185,,,,0.5254,1.0,1.0769163468633822,0.051786374180554595,0.02316406094528463,-0.9173864102734275,-1.0
3 weeks,2020-07-06,2020-07-27,G2,XLU,PCG,-0.010928806447463413,0.5409,0.05323506187197262,-0.7947066075785423,,,,,,,
3 weeks,2020-07-06,2020-07-27,G1,XLU,CNP,-0.027040900656397637,,,,0.2685,1.0,1.03657354564094,0.026496353152376525,0.012213152245597535,-1.0,-1.0
3 weeks,2020-07-06,2020-07-27,G3,XLU,ED,0.022708777634180555,,,,0.2841,1.0,1.0388671383602746,0.028033022183722736,0.012897993616531439,-0.1899275973403155,-1.0
3 weeks,2020-07-27,2020-08-17,G4,XLK,CSCO,-0.10807391415372469,0.33299999999999996,0.03278407290554441,2.2965371467145372,,,,,,,
3 weeks,2020-07-27,2020-08-17,G1,XLK,AMD,0.19501227649978392,,,,0.6895,1.0,1.105677140498879,0.06790702613127222,0.029810112894051315,1.8717540379813178,1.9968063629417476
3 weeks,2020-07-27,2020-08-17,G3,XLK,KLAC,0.10398645118244665,,,,0.5061,1.0,1.0736684632574698,0.0498779570888018,0.022364979246059534,1.0848177682440183,0.35560098631965165
3 weeks,2020-07-27,2020-08-17,G4,XLY,HD,0.07785494257521863,0.2516,0.02476628463647666,-1.0,,,,,,,
3 weeks,2020-07-27,2020-08-17,G1,XLY,TSLA,0.1922837117926326,,,,0.7774,1.0,1.1221243487495418,0.07653692175674023,0.03326405762832184,1.5123000426352946,1.1091643066225156
3 weeks,2020-07-27,2020-08-17,G3,XLY,RCL,0.22292075469040196,,,,0.943,1.0,1.1551719485619387,0.0927715010252509,0.03957886508383521,1.402901238277114,0.7117420114234942
3 weeks,2020-07-27,2020-08-17,G2,XLV,GILD,-0.07231044295960753,0.3574,0.03518686547193734,1.05504076563107,,,,,,,
3 weeks,2020-07-27,2020-08-17,G4,XLV,BSX,0.026075620333461336,0.354,0.0348520677137224,-1.0,,,,,,,
3 weeks,2020-07-27,2020-08-17,G3,XLV,CVS,0.03723861906685899,,,,0.3455,1.0,1.0480653174272714,0.0340701586692247,0.01556803449305472,0.09299811099783062,-1.0
3 weeks,2020-07-27,2020-08-17,G4,XLI,ETN,0.06713616346134299,0.2816,0.027721558691843867,-1.0,,,,,,,
3 weeks,2020-07-27,2020-08-17,G1,XLI,LMT,0.01797979185044518,,,,0.3081,1.0,1.0424131649329482,0.030386864075044505,0.01394646416671967,-0.40830380502437946,-1.0
3 weeks,2020-07-27,2020-08-17,G3,XLI,GE,-0.035767796215121384,,,,0.6334000000000001,1.0,1.09556093730177,0.06239521416821432,0.02756749921001608,-1.0,-1.0
3 weeks,2020-07-27,2020-08-17,G4,XLC,CMCSA,-0.0006885202963931025,0.3089,0.030410547195019438,-0.9773591612154269,,,,,,,
3 weeks,2020-07-27,2020-08-17,G1,XLC,TTWO,0.10028887634890649,,,,0.4869,1.0,1.0704913349427942,0.047988965466483555,0.021566318656613123,1.0898320139647573,0.38167027393778974
3 weeks,2020-07-27,2020-08-17,G3,XLC,FOXA,-0.006220822902873291,,,,0.54,1.0,1.0793570114823023,0.05321255717580483,0.02376607142229294,-1.0,-1.0
3 weeks,2020-07-27,2020-08-17,G4,XLB,AMCR,0.04528653920082171,0.4401,0.04332839371817713,-1.0,,,,,,,
3 weeks,2020-07-27,2020-08-17,G1,XLB,NEM,-0.009994006320607318,,,,0.4842,1.0,1.0700471260680753,0.04772330541907752,0.02145370819584742,-1.0,-1.0
3 weeks,2020-07-27,2020-08-17,G3,XLB,LYB,-0.017772826729390845,,,,0.47979999999999995,1.0,1.0693245860275968,0.04729036724375656,0.021270036536688592,-1.0,-1.0
3 weeks,2020-07-27,2020-08-17,G3,XLE,DVN,0.14948964284522215,,,,0.9009999999999999,1.0,1.146528075169756,0.08865723281095172,0.03800054048781252,0.6861528169279374,-0.9220651170365335
3 weeks,2020-07-27,2020-08-17,G4,XLP,HSY,0.013945142965229085,0.1586,0.015603068556928282,-1.0,,,,,,,
3 weeks,2020-07-27,2020-08-17,G1,XLP,CHD,0.10167548549083061,,,,0.3032,1.0,1.0416811152953556,0.029904246586324002,0.013732904863829202,2.4000350150045056,3.368658400415547
3 weeks,2020-07-27,2020-08-17,G3,XLP,SYY,0.1057604252309634,,,,0.5331,1.0,1.0781909492216086,0.052533902635372276,0.02348182466908439,1.0131842472284287,0.17407724475739617
3 weeks,2020-07-27,2020-08-17,G2,XLU,PCG,0.013259842543323463,0.4457,0.04387954925270773,-1.0,,,,,,,
3 weeks,2020-07-27,2020-08-17,G4,XLU,DTE,0.026576466928035947,0.29510000000000003,0.029051317221117735,-1.0,,,,,,,
3 weeks,2020-07-27,2020-08-17,G3,XLU,PPL,0.14059417221126314,,,,0.3106,1.0,1.0427874127824506,0.03063309346228539,0.01405532376499113,3.5896171858829335,5.95869843086993
3 weeks,2020-08-17,2020-09-08,G2,XLK,MU,-0.004201939110293318,0.4039,0.03976756730498989,-0.8943375369665614,,,,,,,
3 weeks,2020-08-17,2020-09-08,G4,XLK,INTU,0.04158956299950245,0.3274,0.03223501525858337,-1.0,,,,,,,
3 weeks,2020-08-17,2020-09-08,G1,XLK,AMD,-0.04525595499156987,,,,0.4971,1.0,1.0721702456256224,0.04899026610979617,0.021991070371106848,-1.0,-1.0
3 weeks,2020-08-17,2020-09-08,G4,XLY,MCD,0.029518387059593643,0.207,0.020374611423229855,-1.0,,,,,,,
3 weeks,2020-08-17,2020-09-08,G1,XLY,TSLA,-0.10055893158052265,,,,0.7704000000000001,1.0,1.1207822240276961,0.07584777365304686,0.03299164026523708,-1.0,-1.0
3 weeks,2020-08-17,2020-09-08,G3,XLY,RCL,0.18610058209527858,,,,0.7807,1.0,1.1227511158538543,0.07685855784794089,0.03339232596357896,1.4213384599729957,0.8971264927911768
3 weeks,2020-08-17,2020-09-08,G2,XLV,GILD,-0.0724512942379989,0.2664,0.026226691475335094,1.7625022510420654,,,,,,,
3 weeks,2020-08-17,2020-09-08,G4,XLV,TMO,-0.027591309480664683,0.25420000000000004,0.025024847975528515,0.10255652732219978,,,,,,,
3 weeks,2020-08-17,2020-09-08,G1,XLV,DHR,-0.04582389830330458,,,,0.2366,1.0,1.0319186459941962,0.023341317238486477,0.010804494508389922,-1.0,-1.0
3 weeks,2020-08-17,2020-09-08,G3,XLV,LLY,-0.014650283401929198,,,,0.2763,1.0,1.0376922195828815,0.027252286773340316,0.012555902558910322,-1.0,-1.0
3 weeks,2020-08-17,2020-09-08,G2,XLI,UBER,0.16417911220295545,0.47229999999999994,0.04649974013203874,-1.0,,,,,,,
3 weeks,2020-08-17,2020-09-08,G4,XLI,UNP,-0.021994763989275357,0.2792,0.027487581627212928,-0.19982906144422896,,,,,,,
3 weeks,2020-08-17,2020-09-08,G1,XLI,TT,-0.022324585896928872,,,,0.2851,1.0,1.0389891280386292,0.02811912155120697,0.01294180385204123,-1.0,-1.0
3 weeks,2020-08-17,2020-09-08,G3,XLI,ADP,-0.026994166962239885,,,,0.2519,1.0,1.0341288058180795,0.02484863484385547,0.01148150712457471,-1.0,-1.0
3 weeks,2020-08-17,2020-09-08,G4,XLC,CMCSA,0.006432335980084858,0.2516,0.024768710380882828,-1.0,,,,,,,
3 weeks,2020-08-17,2020-09-08,G1,XLC,MTCH,-0.10556067710701766,,,,0.46950000000000003,1.0,1.0676348289109456,0.0462745824243228,0.02083930914937969,-1.0,-1.0
3 weeks,2020-08-17,2020-09-08,G3,XLC,FOXA,0.09235143344011454,,,,0.4971,1.0,1.0721702456256224,0.0489902661097961,0.021991070371106872,0.8850976076173627,-0.08230079418928571
3 weeks,2020-08-17,2020-09-08,G4,XLB,NUE,-0.01682115716814303,0.35229999999999995,0.034687115686778305,-0.5150603665050564,,,,,,,
3 weeks,2020-08-17,2020-09-08,G1,XLB,NEM,-0.03774699236692769,,,,0.42950000000000005,1.0,1.0611783324969817,0.04233791846874341,0.019156306287812033,-1.0,-1.0
3 weeks,2020-08-17,2020-09-08,G3,XLB,PKG,0.04283004487555009,,,,0.302,1.0,1.0414973417750188,0.029783749828038584,0.013680565327126401,0.4380339991719129,-0.9025842084253115
3 weeks,2020-08-17,2020-09-08,G2,XLE,OXY,-0.20488863109905897,0.6139,0.060426069291662166,2.3907324024356216,,,,,,,
3 weeks,2020-08-17,2020-09-08,G4,XLE,WMB,-0.08325871883193547,0.26280000000000003,0.025872054855349064,2.2180945540443484,,,,,,,
3 weeks,2020-08-17,2020-09-08,G1,XLE,EQT,-0.1525427726226244,,,,0.6764,1.0,1.1032836053245243,0.06661800177918367,0.02928912996998832,-1.0,-1.0
3 weeks,2020-08-17,2020-09-08,G3,XLE,PSX,-0.07055813554685175,,,,0.4179,1.0,1.059331502792074,0.041196099953465654,0.01866515834962841,-1.0,-1.0
3 weeks,2020-08-17,2020-09-08,G4,XLP,PM,0.00983888626049123,0.2184,0.021497827212327455,-1.0,,,,,,,
3 weeks,2020-08-17,2020-09-08,G1,XLP,TGT,0.04681603578978488,,,,0.39880000000000004,1.0,1.0563154206089125,0.03931586428636725,0.017853420526992198,0.19076705140673433,-1.0
3 weeks,2020-08-17,2020-09-08,G4,XLU,SRE,-0.081662541661357,0.3211,0.03161455787589471,1.5830676481995831,,,,,,,
3 weeks,2020-08-17,2020-09-08,G3,XLU,SO,-0.013808571934181058,,,,0.2293,1.0,1.0308706829433407,0.022622111613617716,0.010480570743703925,-1.0,-1.0
3 weeks,2020-09-08,2020-09-29,G2,XLK,MU,0.12613826273343953,0.5816,0.05724356799661645,-1.0,,,,,,,
3 weeks,2020-09-08,2020-09-29,G1,XLK,CRM,0.025614422268373627,,,,0.4966,1.0,1.072101680171239,0.04894756706244481,0.02197027370935139,-0.4766967225215515,-1.0
3 weeks,2020-09-08,2020-09-29,G3,XLK,LRCX,0.11991039111262092,,,,0.5945,1.0,1.0887258365738324,0.058575822080223224,0.025994637233804668,1.0470970249191929,0.19965338459252013
3 weeks,2020-09-08,2020-09-29,G4,XLY,MCD,0.02387831722695899,0.2761,0.02717522561704853,-1.0,,,,,,,
3 weeks,2020-09-08,2020-09-29,G1,XLY,TSLA,0.2691015065749549,,,,1.3256999999999999,1.0,1.2428063369867002,0.13014347926036204,0.05327207874893128,1.067729463699036,-0.5063986574996864
3 weeks,2020-09-08,2020-09-29,G3,XLY,LOW,0.05541768324394547,,,,0.3892,1.0,1.0548250468685167,0.03837731004882953,0.017443993301020838,0.44402208423244316,-0.9660263355298332
3 weeks,2020-09-08,2020-09-29,G2,XLV,CVS,-0.03342831987206818,0.3143,0.030937822142944868,0.08050009847546025,,,,,,,
3 weeks,2020-09-08,2020-09-29,G4,XLV,MDT,-0.01251057043594972,0.3123,0.030740842983193385,-0.5930309899832784,,,,,,,
3 weeks,2020-09-08,2020-09-29,G1,XLV,ISRG,-0.0017862918847627585,,,,0.45840000000000003,1.0,1.0658434916638662,0.04518877942644037,0.02037391785478801,-1.0,-1.0
3 weeks,2020-09-08,2020-09-29,G3,XLV,ABBV,-0.036910152872453694,,,,0.35609999999999997,1.0,1.0496972539858676,0.03511826110039046,0.016024920559266194,-1.0,-1.0
3 weeks,2020-09-08,2020-09-29,G4,XLI,UNP,0.04547886817171176,0.33020000000000005,0.032503742198716955,-1.0,,,,,,,
3 weeks,2020-09-08,2020-09-29,G1,XLI,TDG,-0.025601207902279266,,,,0.4043,1.0,1.0571947593265032,0.03986386908060191,0.01808755552463867,-1.0,-1.0
3 weeks,2020-09-08,2020-09-29,G3,XLI,GE,-0.001610017992282775,,,,0.5947,1.0,1.0887606750798016,0.05859548385464659,0.02600276163288491,-1.0,-1.0
3 weeks,2020-09-08,2020-09-29,G4,XLC,NWSA,-0.04499176241030911,0.4399,0.043304079912793905,0.038972828909281665,,,,,,,
3 weeks,2020-09-08,2020-09-29,G1,XLC,LYV,-0.07818717091143279,,,,0.6609999999999999,1.0,1.1005108682237505,0.06511144003941706,0.028674584321185154,-1.0,-1.0
3 weeks,2020-09-08,2020-09-29,G2,XLB,IFF,0.005349759624881711,0.3447,0.03393167959863164,-1.0,,,,,,,
3 weeks,2020-09-08,2020-09-29,G4,XLB,NUE,-0.01002207012581513,0.4086,0.04022317106730296,-0.7508383884242779,,,,,,,
3 weeks,2020-09-08,2020-09-29,G1,XLB,DD,-0.028686774584056884,,,,0.4189,1.0,1.0595042826979584,0.04130108025793282,0.018707553477819466,-1.0,-1.0
3 weeks,2020-09-08,2020-09-29,G2,XLE,OXY,-0.09586040893537162,0.7953,0.07823341844745031,0.22531279902796864,,,,,,,
3 weeks,2020-09-08,2020-09-29,G1,XLE,HAL,-0.18501031332776474,,,,0.6069,1.0,1.0908926808328505,0.059794788063696855,0.026497610954801826,-1.0,-1.0
3 weeks,2020-09-08,2020-09-29,G3,XLE,TRGP,-0.05433382937950981,,,,0.8434999999999999,1.0,1.1349955739818256,0.08302507892736274,0.03581428403472536,-1.0,-1.0
3 weeks,2020-09-08,2020-09-29,G4,XLP,CL,0.007667961736861573,0.2727,0.026840306020430634,-1.0,,,,,,,
3 weeks,2020-09-08,2020-09-29,G1,XLP,TGT,0.08986122829001153,,,,0.3188,1.0,1.044027534295034,0.031445017835699175,0.014411913421819494,1.8577254673391561,2.180264316991091
3 weeks,2020-09-08,2020-09-29,G2,XLU,VST,0.04557564322490748,0.5152,0.050713396658094156,-1.0,,,,,,,
3 weeks,2020-09-08,2020-09-29,G4,XLU,WEC,0.01119397607443795,0.2919,0.028731556505814448,-1.0,,,,,,,
3 weeks,2020-09-08,2020-09-29,G1,XLU,PPL,-0.03361494908177565,,,,0.25920000000000004,1.0,1.0352036056213165,0.025574433825290725,0.011803624469982534,-1.0,-1.0
3 weeks,2020-09-08,2020-09-29,G3,XLU,PCG,0.018438163834568755,,,,0.3825,1.0,1.053779714752512,0.03771767047748685,0.017157676907831047,-0.5111531650510011,-1.0
3 weeks,2020-09-29,2020-10-20,G2,XLK,MSFT,0.03565567723259022,0.3226,0.031762287474480094,-1.0,,,,,,,
3 weeks,2020-09-29,2020-10-20,G4,XLK,AVGO,0.03494763285389135,0.3182,0.031328944421581545,-1.0,,,,,,,
3 weeks,2020-09-29,2020-10-20,G1,XLK,MU,0.055610387622685664,,,,0.5578,1.0,1.0823796480286876,0.05496087553945228,0.024497159880898303,0.011817717182601939,-1.0
3 weeks,2020-09-29,2020-10-20,G3,XLK,KLAC,0.0640871247167012,,,,0.44380000000000003,1.0,1.0634707901040654,0.043745392255597704,0.019759863890967396,0.4650028588668238,-0.9688087622446863
3 weeks,2020-09-29,2020-10-20,G2,XLY,BKNG,-0.0007588616235320034,0.3604,0.03548472129194252,-0.978614412177887,,,,,,,
3 weeks,2020-09-29,2020-10-20,G4,XLY,MCD,0.04010442847926332,0.24359999999999998,0.023980579707962975,-1.0,,,,,,,
3 weeks,2020-09-29,2020-10-20,G1,XLY,TJX,0.014216989204489217,,,,0.3615,1.0,1.0505136856574262,0.03564340553857908,0.016257217407739184,-0.6011326922984026,-1.0
3 weeks,2020-09-29,2020-10-20,G3,XLY,RCL,-0.04052782648096587,,,,0.8123,1.0,1.128856205011336,0.07995886844796125,0.03461552091536663,-1.0,-1.0
3 weeks,2020-09-29,2020-10-20,G2,XLV,CVS,0.032846778458246684,0.2778,0.027349674868566952,-1.0,,,,,,,
3 weeks,2020-09-29,2020-10-20,G4,XLV,DHR,0.07592056465723585,0.2597,0.0255666694542886,-1.0,,,,,,,
3 weeks,2020-09-29,2020-10-20,G3,XLV,ABBV,-0.017178567533769562,,,,0.299,1.0,1.0410504062889727,0.02948826240582016,0.013549648772603468,-1.0,-1.0
3 weeks,2020-09-29,2020-10-20,G2,XLI,BA,0.02224938419223088,0.5677,0.05588402782986278,-1.0,,,,,,,
3 weeks,2020-09-29,2020-10-20,G4,XLI,UNP,0.04836750632056863,0.2894,0.028492307231260016,-1.0,,,,,,,
3 weeks,2020-09-29,2020-10-20,G1,XLI,UBER,0.024837738090187855,,,,0.47479999999999994,1.0,1.0685006366367387,0.04679611258975504,0.02106108025138305,-0.46923501300350334,-1.0
3 weeks,2020-09-29,2020-10-20,G3,XLI,GD,0.006996584638083059,,,,0.34119999999999995,1.0,1.0474048054252,0.03364441758841238,0.015382354712184212,-0.7920432232272402,-1.0
3 weeks,2020-09-29,2020-10-20,G2,XLC,META,0.02204060419769238,0.3824,0.03765088635599353,-1.0,,,,,,,
3 weeks,2020-09-29,2020-10-20,G4,XLC,VZ,-0.023302634329927963,0.18309999999999998,0.018019678322466374,0.2931770430593612,,,,,,,
3 weeks,2020-09-29,2020-10-20,G1,XLC,FOX,-0.05895043408072298,,,,0.4961,1.0,1.0720047627297697,0.04889188095007234,0.021949474524226,-1.0,-1.0
3 weeks,2020-09-29,2020-10-20,G2,XLB,NEM,-0.025171337614108724,0.376,0.03702075560809577,-0.3200749903493554,,,,,,,
3 weeks,2020-09-29,2020-10-20,G4,XLB,PKG,0.07154034999681014,0.3301,0.03250091995260264,-1.0,,,,,,,
3 weeks,2020-09-29,2020-10-20,G1,XLB,FCX,0.14947779764991354,,,,0.5371,1.0,1.0788614480448087,0.052925080660090724,0.023646663192066764,1.824328197247897,1.986313503581178
3 weeks,2020-09-29,2020-10-20,G3,XLB,LYB,0.10742750677685242,,,,0.434,1.0,1.061897854719429,0.042780843402211596,0.01934646394513225,1.5111124099834545,1.3533836563905468
3 weeks,2020-09-29,2020-10-20,G2,XLE,FANG,-0.08814102252801448,0.6696,0.06589960463126117,0.3375045726177617,,,,,,,
3 weeks,2020-09-29,2020-10-20,G3,XLE,TRGP,0.14705898803924344,,,,0.6975,1.0,1.1071385627680779,0.06869056743473867,0.030127468745666734,1.1408905695670772,0.3250507571070804
3 weeks,2020-09-29,2020-10-20,G2,XLP,KR,-0.013029056343418333,0.2703,0.026610875627629437,-0.5103860344268204,,,,,,,
3 weeks,2020-09-29,2020-10-20,G4,XLP,ADM,0.10635079953365612,0.2531,0.024916482365614726,-1.0,,,,,,,
3 weeks,2020-09-29,2020-10-20,G1,XLP,TGT,0.05052859788007624,,,,0.2681,1.0,1.0364893502530335,0.026444527074386142,0.01219555750480952,0.9107393275721518,0.15117719067013624
3 weeks,2020-09-29,2020-10-20,G3,XLP,KDP,0.08409157993667216,,,,0.2802,1.0,1.0382662151902873,0.027636455982316233,0.01272703039043106,2.0427772645841396,2.6006329316883767
3 weeks,2020-09-29,2020-10-20,G4,XLU,PEG,0.09288322285521744,0.25989999999999996,0.025586371845327416,-1.0,,,,,,,
3 weeks,2020-09-29,2020-10-20,G3,XLU,NRG,0.11717162729196051,,,,0.38439999999999996,1.0,1.0540618220357791,0.03789816768558766,0.01723891880834676,2.0917491384819633,2.660891147397534
3 weeks,2020-10-20,2020-11-10,G4,XLK,AVGO,-0.036765027945705464,0.3652,0.03595429574087879,0.02254896635076964,,,,,,,
3 weeks,2020-10-20,2020-11-10,G1,XLK,LRCX,0.12184717022211111,,,,0.5504,1.0,1.0811237775672926,0.05423594948140899,0.024193606133937322,1.2466126505977,0.6832295454167274
3 weeks,2020-10-20,2020-11-10,G3,XLK,CSCO,-0.012245157163690457,,,,0.3469,1.0,1.0482803336832234,0.034208596391931266,0.015628446084705285,-1.0,-1.0
3 weeks,2020-10-20,2020-11-10,G4,XLY,HD,-0.036603413665245554,0.2928,0.028824162249002867,0.2698864705603645,,,,,,,
3 weeks,2020-10-20,2020-11-10,G1,XLY,CMG,-0.07817750165438042,,,,0.4888,1.0,1.0708055382937163,0.04817647350277389,0.021645518805539412,-1.0,-1.0
3 weeks,2020-10-20,2020-11-10,G3,XLY,RCL,0.19323510704332558,,,,0.7744,1.0,1.1215520715124474,0.07624306926373794,0.03314736279203343,1.5344612816529204,1.162556218442405
3 weeks,2020-10-20,2020-11-10,G2,XLV,GILD,0.0011560954387390687,0.3226,0.03175923475473113,-1.0,,,,,,,
3 weeks,2020-10-20,2020-11-10,G4,XLV,SYK,0.04424845424282986,0.342,0.033669770977941806,-1.0,,,,,,,
3 weeks,2020-10-20,2020-11-10,G1,XLV,ABT,0.022609738750136055,,,,0.36460000000000004,1.0,1.050997492248863,0.03595151235494941,0.016390434091021484,-0.37110465543396165,-1.0
3 weeks,2020-10-20,2020-11-10,G3,XLV,ABBV,0.17353099715276232,,,,0.3417,1.0,1.0474869965055678,0.033696523685297956,0.015403955459183423,4.149818977572312,7.182573689022881
3 weeks,2020-10-20,2020-11-10,G2,XLI,UBER,0.29440920469290743,0.679,0.0668198878582173,-1.0,,,,,,,
3 weeks,2020-10-20,2020-11-10,G4,XLI,UNP,-0.02669527909278613,0.35009999999999997,0.03446741574703481,-0.225492294266864,,,,,,,
3 weeks,2020-10-20,2020-11-10,G1,XLI,GE,0.22343355580052493,,,,0.6307,1.0,1.0950826639027167,0.062130423748779924,0.027458803167893495,2.596202026626488,3.6743075840932473
3 weeks,2020-10-20,2020-11-10,G3,XLI,GD,0.0928066943291046,,,,0.3354,1.0,1.0465288234495027,0.033076110396654715,0.015131592081682393,1.8058527201702312,2.058360986060657
3 weeks,2020-10-20,2020-11-10,G2,XLC,FOXA,0.030710195602599022,0.4807,0.047323193680555015,-1.0,,,,,,,
3 weeks,2020-10-20,2020-11-10,G1,XLC,NFLX,-0.0859883820970162,,,,0.6311,1.0,1.0951536637524937,0.06216973486699156,0.027474910732686784,-1.0,-1.0
3 weeks,2020-10-20,2020-11-10,G3,XLC,NWSA,0.17472926382673326,,,,0.5069,1.0,1.073802777890999,0.049957223467498625,0.02239817610956886,2.4975775613392415,3.506013589768001
3 weeks,2020-10-20,2020-11-10,G2,XLB,IFF,-0.010211097701448346,0.39,0.03839606569803749,-0.7340587501398552,,,,,,,
3 weeks,2020-10-20,2020-11-10,G4,XLB,PPG,0.0649780958197903,0.3243,0.03192665990027214,-1.0,,,,,,,
3 weeks,2020-10-20,2020-11-10,G1,XLB,FCX,0.12549670290554804,,,,0.6273,1.0,1.094479757781682,0.06179627349378277,0.027321826369317424,1.0308134424671116,0.13524420749186294
3 weeks,2020-10-20,2020-11-10,G3,XLB,LIN,0.12347791128875296,,,,0.3105,1.0,1.0427736329907902,0.030623819649725766,0.014050970667350896,3.032087202089394,4.743679935613896
3 weeks,2020-10-20,2020-11-10,G2,XLE,SLB,0.18205263667673988,0.6047,0.05951860348837488,-1.0,,,,,,,
3 weeks,2020-10-20,2020-11-10,G3,XLE,VLO,0.2275183458272072,,,,0.5486,1.0,1.0808175182586277,0.05405892716991062,0.02411968663419419,3.2087099714743266,5.082202882379223
3 weeks,2020-10-20,2020-11-10,G4,XLP,ADM,-0.014153750178888203,0.231,0.022736203282599007,-0.3774796080522106,,,,,,,
3 weeks,2020-10-20,2020-11-10,G1,XLP,TGT,-0.04124479108038548,,,,0.3061,1.0,1.0421153323133683,0.030190454165362122,0.013859328229291732,-1.0,-1.0
3 weeks,2020-10-20,2020-11-10,G3,XLP,MO,0.022997317069202383,,,,0.33049999999999996,1.0,1.0457858347602942,0.03259355367681333,0.014919462243566045,-0.2944213049845399,-1.0
3 weeks,2020-10-20,2020-11-10,G4,XLU,ETR,0.03736618452778706,0.2704,0.026617688803358082,-1.0,,,,,,,
3 weeks,2020-10-20,2020-11-10,G1,XLU,PCG,-0.046703266677596056,,,,0.5239,1.0,1.0766439853148502,0.05162953722632992,0.02310208995965048,-1.0,-1.0
3 weeks,2020-11-10,2020-12-02,G2,XLK,ADBE,0.06473453487970127,0.36810000000000004,0.036241375007810175,-1.0,,,,,,,
3 weeks,2020-11-10,2020-12-02,G4,XLK,APH,0.0758311314314033,0.3004,0.029574263827627248,-1.0,,,,,,,
3 weeks,2020-11-10,2020-12-02,G1,XLK,LRCX,0.17493311027322322,,,,0.4218,1.0,1.0599541942571862,0.04158141845723192,0.01883044084284522,3.2070019918427874,5.106012969936612
3 weeks,2020-11-10,2020-12-02,G3,XLK,IBM,0.056907980796346846,,,,0.2566,1.0,1.0348144688571825,0.025313096550315,0.01168896439152259,1.248163541873689,0.890117139477947
3 weeks,2020-11-10,2020-12-02,G2,XLY,AMZN,0.05552181494625419,0.38049999999999995,0.03746228388533218,-1.0,,,,,,,
3 weeks,2020-11-10,2020-12-02,G4,XLY,RCL,0.0937201698649246,0.7637,0.07513825200358483,-1.0,,,,,,,
3 weeks,2020-11-10,2020-12-02,G1,XLY,GM,0.08519956891440361,,,,0.44189999999999996,1.0,1.0631682506388158,0.043559811938478986,0.01967979206238317,0.9559214129467264,0.11948938310681134
3 weeks,2020-11-10,2020-12-02,G3,XLY,LOW,-0.02504648684696642,,,,0.4056,1.0,1.0573887210013433,0.03998671625273279,0.018142850549374142,-1.0,-1.0
3 weeks,2020-11-10,2020-12-02,G2,XLV,BSX,-0.10602092031866506,0.29960000000000003,0.029495467126761488,2.5944818186137946,,,,,,,
3 weeks,2020-11-10,2020-12-02,G4,XLV,SYK,0.01600363061486032,0.32770000000000005,0.03226303327244375,-1.0,,,,,,,
3 weeks,2020-11-10,2020-12-02,G3,XLV,VRTX,0.05270485499438915,,,,0.3423,1.0,1.0475754080111057,0.03375417598779337,0.015429872854707065,0.5614321325292875,-0.6675638852255
3 weeks,2020-11-10,2020-12-02,G4,XLI,TT,0.005293546369321334,0.317,0.03120923285509953,-1.0,,,,,,,
3 weeks,2020-11-10,2020-12-02,G1,XLI,UBER,0.12957447133165734,,,,0.46840000000000004,1.0,1.067458507850804,0.046167753564708695,0.020793245362255203,1.8066011734802245,1.9873145052002683
3 weeks,2020-11-10,2020-12-02,G3,XLI,NOC,-0.04561422908079482,,,,0.2774,1.0,1.0378569772996065,0.027362085807243922,0.012604186061427446,-1.0,-1.0
3 weeks,2020-11-10,2020-12-02,G2,XLC,NFLX,0.04818430523361972,0.38520000000000004,0.03792502622956081,-1.0,,,,,,,
3 weeks,2020-11-10,2020-12-02,G4,XLC,VZ,0.004255237073639284,0.1564,0.015387177520999723,-1.0,,,,,,,
3 weeks,2020-11-10,2020-12-02,G3,XLC,FOX,0.12546803007937046,,,,0.5831000000000001,1.0,1.0867347630449142,0.057450008188373244,0.025530898846311652,1.1839514742621526,0.5171133326569834
3 weeks,2020-11-10,2020-12-02,G2,XLB,IFF,0.0006224390960964943,0.3268,0.03217439787657677,-1.0,,,,,,,
3 weeks,2020-11-10,2020-12-02,G4,XLB,ECL,0.03255906477719939,0.2909,0.028638535625651797,-1.0,,,,,,,
3 weeks,2020-11-10,2020-12-02,G1,XLB,FCX,0.21493435503528335,,,,0.49219999999999997,1.0,1.0713632944166878,0.04850958433461458,0.02178715423292816,3.430760600888396,5.589711491627869
3 weeks,2020-11-10,2020-12-02,G3,XLB,VMC,0.008341026639103077,,,,0.3722,1.0,1.0521691351324927,0.036698404489524446,0.016716601860340328,-0.7727141886649591,-1.0
3 weeks,2020-11-10,2020-12-02,G2,XLE,EQT,0.026931243780668357,0.6739,0.06632046218093944,-1.0,,,,,,,
3 weeks,2020-11-10,2020-12-02,G4,XLE,DVN,0.25850371530755023,0.7106999999999999,0.06993497485387834,-1.0,,,,,,,
3 weeks,2020-11-10,2020-12-02,G1,XLE,BKR,0.11761381159092399,,,,0.5252,1.0,1.076859202442047,0.051756003792502094,0.023155799447567384,1.2724670177870796,0.7600173658939959
3 weeks,2020-11-10,2020-12-02,G3,XLE,WMB,0.08304119832395296,,,,0.3677,1.0,1.0514730286313083,0.03625532236950723,0.016523549574480313,1.29045538411197,0.9104956565385842
3 weeks,2020-11-10,2020-12-02,G2,XLP,KR,0.017297620102452393,0.2905,0.028599135719285348,-1.0,,,,,,,
3 weeks,2020-11-10,2020-12-02,G4,XLP,HSY,-0.01450918182817984,0.2273,0.02237318337257584,-0.35149229385190395,,,,,,,
3 weeks,2020-11-10,2020-12-02,G3,XLP,KMB,0.01310885501126613,,,,0.2291,1.0,1.0308449965334705,0.022603857146217286,0.010471687874359056,-0.4200611459155368,-1.0
3 weeks,2020-11-10,2020-12-02,G4,XLU,SRE,-0.03331867768011865,0.2345,0.023082540658566998,0.44345798727110886,,,,,,,
3 weeks,2020-11-10,2020-12-02,G1,XLU,VST,-0.06491543774341824,,,,0.3616,1.0,1.050532106882368,0.03565468313137696,0.016261516300741363,-1.0,-1.0
3 weeks,2020-11-10,2020-12-02,G3,XLU,NRG,0.030358487320359062,,,,0.34090000000000004,1.0,1.0473621295945477,0.033616308219845896,0.015369392990747133,-0.09691191781623087,-1.0
3 weeks,2020-12-02,2020-12-23,G4,XLK,CSCO,0.011164459971049867,0.22920000000000001,0.022564915231951192,-1.0,,,,,,,
3 weeks,2020-12-02,2020-12-23,G1,XLK,AMAT,-0.014773300481278673,,,,0.3615,1.0,1.0505076416247319,0.03564054386929605,0.016257217407739086,-1.0,-1.0
3 weeks,2020-12-02,2020-12-23,G1,XLY,TSLA,0.13564915935159827,,,,0.8856,1.0,1.1433921205602293,0.08714321807306416,0.037417905780255736,0.5566232502208581,-1.0
3 weeks,2020-12-02,2020-12-23,G2,XLV,BSX,0.0064420906640119124,0.3094,0.030465281376461515,-1.0,,,,,,,
3 weeks,2020-12-02,2020-12-23,G4,XLV,ABBV,-0.016287394923495513,0.2394,0.02356983107055624,-0.30897277648111854,,,,,,,
3 weeks,2020-12-02,2020-12-23,G1,XLV,MCK,-0.05960733262273621,,,,0.31989999999999996,1.0,1.044173277461904,0.03154386984459095,0.014459693910327313,-1.0,-1.0
3 weeks,2020-12-02,2020-12-23,G3,XLV,TMO,-0.04246475790885951,,,,0.2865,1.0,1.0391900517554025,0.02825414098011959,0.01300312003014763,-1.0,-1.0
3 weeks,2020-12-02,2020-12-23,G4,XLI,ETN,-0.01597705232441171,0.26039999999999996,0.025638662711102555,-0.37683753226750916,,,,,,,
3 weeks,2020-12-02,2020-12-23,G1,XLI,BA,-0.018583888982275143,,,,0.5212,1.0,1.0761786542447134,0.051358316350938786,0.02299048544533629,-1.0,-1.0
3 weeks,2020-12-02,2020-12-23,G3,XLI,NOC,0.006325986041897602,,,,0.24960000000000002,1.0,1.0337894204512383,0.02461915588675455,0.011379897583304328,-0.7430461844022391,-1.0
3 weeks,2020-12-02,2020-12-23,G4,XLC,NWSA,-0.03860787444187108,0.3427,0.0337448217036092,0.14411256283928475,,,,,,,
3 weeks,2020-12-02,2020-12-23,G1,XLC,TMUS,-0.0068350339455470754,,,,0.2648,1.0,1.0360008327162689,0.026116556276240273,0.012050334543092933,-1.0,-1.0
3 weeks,2020-12-02,2020-12-23,G2,XLB,NEM,0.0036916273595586357,0.35719999999999996,0.03517268465337985,-1.0,,,,,,,
3 weeks,2020-12-02,2020-12-23,G4,XLB,NUE,-0.04591636762410356,0.32130000000000003,0.03163730775388776,0.45133612446720184,,,,,,,
3 weeks,2020-12-02,2020-12-23,G1,XLB,FCX,0.03239225389838718,,,,0.48119999999999996,1.0,1.069543226545888,0.0474230322244287,0.021328498816536624,-0.3169510177018734,-1.0
3 weeks,2020-12-02,2020-12-23,G3,XLB,APD,-0.027859248921934032,,,,0.2591,1.0,1.0351693867781215,0.025555041016759043,0.011799215829389996,-1.0,-1.0
3 weeks,2020-12-02,2020-12-23,G1,XLE,OXY,0.12645407707639178,,,,0.7526,1.0,1.1173974578858314,0.07409796006648203,0.032296876892613374,0.7065797352981755,-0.7195821992115995
3 weeks,2020-12-02,2020-12-23,G3,XLE,PSX,0.07651712674052535,,,,0.4891,1.0,1.070842661456665,0.04820034004312894,0.021658020752471214,0.5874810566078792,-0.7379970520522817
3 weeks,2020-12-02,2020-12-23,G4,XLP,COST,-0.05634956429316673,0.2412,0.023747165541302587,1.3728964282141374,,,,,,,
3 weeks,2020-12-02,2020-12-23,G1,XLP,TGT,-0.008502957128528998,,,,0.26739999999999997,1.0,1.0363809538884114,0.026372682012939002,0.012164762525360057,-1.0,-1.0
3 weeks,2020-12-02,2020-12-23,G3,XLP,KMB,-0.02746394140378927,,,,0.213,1.0,1.0285400146031387,0.02101324788625516,0.00975517058710542,-1.0,-1.0
3 weeks,2020-12-02,2020-12-23,G4,XLU,NRG,0.05148866789722284,0.3159,0.03110547169449024,-1.0,,,,,,,
3 weeks,2020-12-02,2020-12-23,G1,XLU,PCG,-0.0015960224734831163,,,,0.3532,1.0,1.0492324105633748,0.03482324611384274,0.015900041497372078,-1.0,-1.0
3 weeks,2020-12-02,2020-12-23,G3,XLU,XEL,-0.057430155462611654,,,,0.2429,1.0,1.03282051225495,0.023959091329329368,0.01108357486716869,-1.0,-1.0
3 weeks,2020-12-23,2021-01-15,G2,XLK,CRM,-0.06283251527249001,0.3306,0.03255321640289986,0.9301476847889247,,,,,,,
3 weeks,2020-12-23,2021-01-15,G4,XLK,AVGO,0.04792459538960192,0.2636,0.02595389929284545,-1.0,,,,,,,
3 weeks,2020-12-23,2021-01-15,G1,XLK,ORCL,-0.05028479142644238,,,,0.22260000000000002,1.0,1.029906644070976,0.021959101733294257,0.010182754857884743,-1.0,-1.0
3 weeks,2020-12-23,2021-01-15,G4,XLY,TJX,0.01663219405412697,0.2866,0.028219546921354567,-1.0,,,,,,,
3 weeks,2020-12-23,2021-01-15,G1,XLY,TSLA,0.2789250412141797,,,,0.5832999999999999,1.0,1.0867600163488587,0.05746547431913311,0.025539045591064274,3.8537847206337545,6.524362027551909
3 weeks,2020-12-23,2021-01-15,G3,XLY,RCL,0.021002616970561716,,,,0.5871999999999999,1.0,1.087436059898557,0.05784891299453393,0.02569782864805007,-0.636940162167847,-1.0
3 weeks,2020-12-23,2021-01-15,G2,XLV,GILD,0.10369437385557867,0.2695,0.0265351066841331,-1.0,,,,,,,
3 weeks,2020-12-23,2021-01-15,G4,XLV,MDT,0.025188906913611975,0.2236,0.022013182278552666,-1.0,,,,,,,
3 weeks,2020-12-23,2021-01-15,G1,XLV,LLY,0.152828175714407,,,,0.2814,1.0,1.0384371013289375,0.02775177596252264,0.012779651982270653,4.50696920877401,7.951032042513008
3 weeks,2020-12-23,2021-01-15,G4,XLI,ADP,-0.08031273249528748,0.23600000000000002,0.023234862968970094,2.456561487044028,,,,,,,
3 weeks,2020-12-23,2021-01-15,G1,XLI,UBER,0.03369952344337834,,,,0.4736,1.0,1.068298245637798,0.04667520230453481,0.021010892947584743,-0.27799941340363066,-1.0
3 weeks,2020-12-23,2021-01-15,G3,XLI,LMT,-0.012315306894195466,,,,0.24739999999999998,1.0,1.0334708769763892,0.02440241999978482,0.011282651743967705,-1.0,-1.0
3 weeks,2020-12-23,2021-01-15,G2,XLC,T,0.038513697549701575,0.23309999999999997,0.022949151827359137,-1.0,,,,,,,
3 weeks,2020-12-23,2021-01-15,G1,XLC,DIS,-0.01215804754491756,,,,0.31829999999999997,1.0,1.0439324880562308,0.03138628914871454,0.014390190743158976,-1.0,-1.0
3 weeks,2020-12-23,2021-01-15,G3,XLC,FOXA,0.1202420075989159,,,,0.3661,1.0,1.0512168580620374,0.036093488933909394,0.01645485743938821,2.3314043931605046,3.194819055171637
3 weeks,2020-12-23,2021-01-15,G4,XLB,CTVA,0.11664118793956502,0.32380000000000003,0.03188352367159827,-1.0,,,,,,,
3 weeks,2020-12-23,2021-01-15,G1,XLB,FCX,0.2208365766400675,,,,0.46159999999999995,1.0,1.0663426511040621,0.04549433963841978,0.020508213669257203,3.8541550090678065,6.5332707191167545
3 weeks,2020-12-23,2021-01-15,G2,XLE,EQT,0.30373516993606,0.6672,0.0656669710389884,-1.0,,,,,,,
3 weeks,2020-12-23,2021-01-15,G1,XLE,HAL,0.06468165458756436,,,,0.5316,1.0,1.0779268516376508,0.05238130060849472,0.023419969080973012,0.2348233784992153,-1.0
3 weeks,2020-12-23,2021-01-15,G3,XLE,VLO,0.044989925391867525,,,,0.4854,1.0,1.0702333904855512,0.04783628981810721,0.021503766405973835,-0.05950219879222962,-1.0
3 weeks,2020-12-23,2021-01-15,G2,XLP,KR,0.07359029632914926,0.2416,0.02378657305147096,-1.0,,,,,,,
3 weeks,2020-12-23,2021-01-15,G4,XLP,PEP,-0.020912242261885927,0.187,0.01840698018458348,0.13610391558962287,,,,,,,
3 weeks,2020-12-23,2021-01-15,G1,XLP,MO,-0.01928094979810102,,,,0.2334,1.0,1.0314528101515574,0.023023152530010645,0.010662572617705514,-1.0,-1.0
3 weeks,2020-12-23,2021-01-15,G3,XLP,KMB,-0.01655456886301676,,,,0.2165,1.0,1.0290374227375354,0.021358093719708694,0.009911178596729875,-1.0,-1.0
3 weeks,2020-12-23,2021-01-15,G2,XLU,PPL,0.06684073744210739,0.2492,0.024535305240322665,-1.0,,,,,,,
3 weeks,2020-12-23,2021-01-15,G3,XLU,CNP,-0.0018605532725453067,,,,0.3043,1.0,1.0418344934630221,0.030007409470403996,0.013780869183959665,-1.0,-1.0
3 weeks,2021-01-15,2021-02-08,G2,XLK,ADBE,0.07789037774897545,0.29760000000000003,0.029303042678755373,-1.0,,,,,,,
3 weeks,2021-01-15,2021-02-08,G4,XLK,APH,0.004250860567494463,0.30829999999999996,0.030356939634118105,-1.0,,,,,,,
3 weeks,2021-01-15,2021-02-08,G1,XLK,AMAT,0.029571623086609877,,,,0.3873,1.0,1.0545082060495818,0.038180830962661456,0.01736284678457582,-0.2254850839802538,-1.0
3 weeks,2021-01-15,2021-02-08,G2,XLY,AMZN,0.07044864110382942,0.3873,0.0381363867143227,-1.0,,,,,,,
3 weeks,2021-01-15,2021-02-08,G1,XLY,TSLA,0.04510027294276209,,,,0.8759999999999999,1.0,1.1414568309528526,0.08620230562672478,0.03705363437642733,-0.4768089714670014,-1.0
3 weeks,2021-01-15,2021-02-08,G3,XLY,RCL,-0.030444555028298126,,,,0.6179,1.0,1.0928058342616038,0.06086681590342969,0.026942542972464945,-1.0,-1.0
3 weeks,2021-01-15,2021-02-08,G2,XLV,PFE,-0.04090472453181415,0.293,0.028849950549029845,0.4178438352016405,,,,,,,
3 weeks,2021-01-15,2021-02-08,G4,XLV,MDT,0.010786670276832888,0.2266,0.02230875475414724,-1.0,,,,,,,
3 weeks,2021-01-15,2021-02-08,G1,XLV,LLY,0.07862880310937759,,,,0.3337,1.0,1.0462587891396846,0.03290295459132491,0.015058024950791286,1.3897186160329986,1.14968523929773
3 weeks,2021-01-15,2021-02-08,G2,XLI,WM,-0.0029638950451490453,0.20489999999999997,0.020170717788427536,-0.8530595154700168,,,,,,,
3 weeks,2021-01-15,2021-02-08,G4,XLI,GD,0.04224088273463056,0.2681,0.026397194257330663,-1.0,,,,,,,
3 weeks,2021-01-15,2021-02-08,G1,XLI,DE,0.07325623131536818,,,,0.28809999999999997,1.0,1.039426704526786,0.02841174352539996,0.013073169742611366,1.5783785936923382,1.5877065359532891
3 weeks,2021-01-15,2021-02-08,G3,XLI,CTAS,0.07078224322732662,,,,0.2924,1.0,1.0400637349865933,0.028835295173600756,0.013261291456706771,1.4547084675633566,1.3164039747575007
3 weeks,2021-01-15,2021-02-08,G2,XLC,META,0.06055034761302891,0.5223,0.05142207616010839,-1.0,,,,,,,
3 weeks,2021-01-15,2021-02-08,G1,XLC,FOXA,0.03810726573705425,,,,0.368,1.0,1.051510308568654,0.036280571745382045,0.016536426351147757,0.05034909605317206,-1.0
3 weeks,2021-01-15,2021-02-08,G4,XLB,PPG,-0.05282364630953029,0.311,0.03062286841828122,0.7249738198266114,,,,,,,
3 weeks,2021-01-15,2021-02-08,G1,XLB,FCX,0.05831956666579208,,,,0.614,1.0,1.092118929230031,0.06048347890461172,0.026784929007100434,-0.035776914258394465,-1.0
3 weeks,2021-01-15,2021-02-08,G4,XLE,WMB,0.0,0.36119999999999997,0.03556655934768093,-1.0,,,,,,,
3 weeks,2021-01-15,2021-02-08,G1,XLE,FANG,0.16357206720506046,,,,0.6164999999999999,1.0,1.092559093269446,0.06072920927436881,0.026885980603829428,1.6934661122633323,1.6412640469397624
3 weeks,2021-01-15,2021-02-08,G2,XLP,COST,-0.004471978994499359,0.1936,0.019057307141410133,-0.7653404564812812,,,,,,,
3 weeks,2021-01-15,2021-02-08,G4,XLP,MDLZ,-0.020971874245191757,0.2446,0.024082127626583728,-0.12915193497930844,,,,,,,
3 weeks,2021-01-15,2021-02-08,G1,XLP,TGT,-0.004363491229462113,,,,0.2541,1.0,1.034442189693341,0.025062473946809275,0.011578644794756674,-1.0,-1.0
3 weeks,2021-01-15,2021-02-08,G3,XLP,KMB,0.0068551747318401635,,,,0.24850000000000003,1.0,1.0336301004639246,0.024510788156181715,0.011331281278809105,-0.7203201019828793,-1.0
3 weeks,2021-01-15,2021-02-08,G2,XLU,PCG,-0.028594750969976324,0.3909,0.03849081691041344,-0.25710199821089763,,,,,,,
3 weeks,2021-01-15,2021-02-08,G1,XLU,NRG,0.038812683631075595,,,,0.3207,1.0,1.0442937506706167,0.031622659757940846,0.014494435236509564,0.227369358813321,-1.0
3 weeks,2021-01-15,2021-02-08,G3,XLU,D,0.024278699760793776,,,,0.2255,1.0,1.030320911493715,0.02224482276135733,0.0103117209351693,0.09143147694436315,-1.0
3 weeks,2021-02-08,2021-03-02,G2,XLK,AMD,-0.08024493133628419,0.4439,0.04372493662223901,0.8352212155173422,,,,,,,
3 weeks,2021-02-08,2021-03-02,G4,XLK,INTU,0.030815484339349553,0.3921,0.03862586229108587,-1.0,,,,,,,
3 weeks,2021-02-08,2021-03-02,G1,XLK,PLTR,-0.32094313286225784,,,,1.4261000000000001,1.0,1.2685796759889885,0.13988241715207395,0.0566697500017358,-1.0,-1.0
3 weeks,2021-02-08,2021-03-02,G2,XLY,BKNG,0.08699408926651842,0.4324,0.04259304145974459,-1.0,,,,,,,
3 weeks,2021-02-08,2021-03-02,G4,XLY,SBUX,0.013140977102042095,0.252,0.024827832000283403,-1.0,,,,,,,
3 weeks,2021-02-08,2021-03-02,G1,XLY,F,0.08564017937808943,,,,0.5209,1.0,1.0760943146483828,0.051313318792934534,0.022978080438400324,0.6689659018874752,-0.5845664847724225
3 weeks,2021-02-08,2021-03-02,G3,XLY,RCL,0.3241868683333884,,,,0.6483,1.0,1.098173191693868,0.06383912828940565,0.02816607491771795,4.078184446124219,7.024322781920384
3 weeks,2021-02-08,2021-03-02,G2,XLV,MRK,-0.02918454043954455,0.174,0.017142558767650126,0.7024611573517818,,,,,,,
3 weeks,2021-02-08,2021-03-02,G1,XLV,LLY,-0.0037786462672319,,,,0.31620000000000004,1.0,1.043583745978132,0.03116365488655511,0.014298926305672423,-1.0,-1.0
3 weeks,2021-02-08,2021-03-02,G4,XLI,GD,0.050363098129128314,0.2202,0.02169482944297659,-1.0,,,,,,,
3 weeks,2021-02-08,2021-03-02,G1,XLI,MMM,-0.012118363712538716,,,,0.22390000000000002,1.0,1.030059672362061,0.022071230266084173,0.010240578699902381,-1.0,-1.0
3 weeks,2021-02-08,2021-03-02,G3,XLI,BA,0.05279548290882419,,,,0.4396,1.0,1.0627559258505914,0.04331356785614534,0.01958281339109149,0.21891327641653757,-1.0
3 weeks,2021-02-08,2021-03-02,G2,XLC,TMUS,-0.02894522197698024,0.2751,0.02710346853349479,0.06795268440308266,,,,,,,
3 weeks,2021-02-08,2021-03-02,G4,XLC,CMCSA,0.04628757100924119,0.24609999999999999,0.02424657757429126,-1.0,,,,,,,
3 weeks,2021-02-08,2021-03-02,G1,XLC,GOOGL,-0.009613783039181145,,,,0.2531,1.0,1.0342642615041309,0.024948052089859545,0.011534497859152351,-1.0,-1.0
3 weeks,2021-02-08,2021-03-02,G2,XLB,APD,0.04873044030818918,0.252,0.024827832000283385,-1.0,,,,,,,
3 weeks,2021-02-08,2021-03-02,G1,XLB,IFF,0.07779955225884727,,,,0.4122,1.0,1.0583886078397304,0.04061650029854397,0.018423308358366527,0.9154666622430854,0.053607964516415585
3 weeks,2021-02-08,2021-03-02,G3,XLB,IP,0.10411559575075535,,,,0.3171,1.0,1.043719005531333,0.031252296436542,0.014338045410357497,2.3314542488793664,3.2123307948092563
3 weeks,2021-02-08,2021-03-02,G2,XLE,HAL,0.11395523472290736,0.5343,0.052619551557346274,-1.0,,,,,,,
3 weeks,2021-02-08,2021-03-02,G4,XLE,WMB,0.05422255600164583,0.35729999999999995,0.03519938061183767,-1.0,,,,,,,
3 weeks,2021-02-08,2021-03-02,G1,XLE,FANG,0.030175286225329723,,,,0.6574,1.0,1.0998067785147214,0.06473329431313593,0.028530597099820473,-0.5338521460168225,-1.0
3 weeks,2021-02-08,2021-03-02,G2,XLP,CHD,-0.03482272555153065,0.2425,0.02389190787504686,0.4575112935162535,,,,,,,
3 weeks,2021-02-08,2021-03-02,G4,XLP,PM,-0.010698816765863484,0.2223,0.021901736068348724,-0.5115082780435443,,,,,,,
3 weeks,2021-02-08,2021-03-02,G1,XLP,KR,-0.01636661104980719,,,,0.34490000000000004,1.0,1.0479297201150826,0.03399015116170144,0.015542137453979843,-1.0,-1.0
3 weeks,2021-02-08,2021-03-02,G2,XLU,PCG,-0.0849455779953524,0.45909999999999995,0.04522087888010909,0.878459244911242,,,,,,,
3 weeks,2021-02-08,2021-03-02,G4,XLU,PEG,-0.07141632871030756,0.2489,0.02452242866365923,1.9122861234434851,,,,,,,
3 weeks,2021-02-08,2021-03-02,G1,XLU,NRG,-0.06631814589247575,,,,0.3657,1.0,1.0511218552081978,0.03603837275212978,0.016437680195925192,-1.0,-1.0
3 weeks,2021-02-08,2021-03-02,G3,XLU,WEC,-0.017369272310983175,,,,0.2298,1.0,1.0309037727383978,0.02265252885584217,0.010502775991660308,-1.0,-1.0
3 weeks,2021-03-02,2021-03-23,G2,XLK,PLTR,-0.04983657418986365,0.8395,0.08259220599607907,-0.3965947078320011,,,,,,,
3 weeks,2021-03-02,2021-03-23,G4,XLK,ORCL,0.009150559432602234,0.3295,0.03245710669912585,-1.0,,,,,,,
3 weeks,2021-03-02,2021-03-23,G1,XLK,AMAT,-0.00953214890453602,,,,0.44799999999999995,1.0,1.0641168062963444,0.04414456838605656,0.019936733304108036,-1.0,-1.0
3 weeks,2021-03-02,2021-03-23,G2,XLY,TSLA,-0.035370918670260765,0.652,0.06418612642298828,-0.44893202563486345,,,,,,,
3 weeks,2021-03-02,2021-03-23,G1,XLY,RCL,-0.10382393341867013,,,,0.6774,1.0,1.1034336202503607,0.06670237953346178,0.02932895724549864,-1.0,-1.0
3 weeks,2021-03-02,2021-03-23,G3,XLY,LOW,0.10640905885255414,,,,0.2732,1.0,1.037207002637562,0.026932483700751766,0.012419760313118226,2.950956028967503,4.57193170160445
3 weeks,2021-03-02,2021-03-23,G2,XLV,VRTX,0.007214933494819942,0.37579999999999997,0.037016406267912444,-1.0,,,,,,,
3 weeks,2021-03-02,2021-03-23,G4,XLV,SYK,-0.06503940291928756,0.2561,0.025227194826216586,1.5781464553362623,,,,,,,
3 weeks,2021-03-02,2021-03-23,G1,XLV,BSX,-0.03921560136451219,,,,0.318,1.0,1.0438633399071846,0.031345247596751495,0.014377155853261676,-1.0,-1.0
3 weeks,2021-03-02,2021-03-23,G3,XLV,UNH,0.10509547649460105,,,,0.2759,1.0,1.03760356822576,0.027198454797377102,0.012538341671111888,2.8640237939081774,4.3828416898497276
3 weeks,2021-03-02,2021-03-23,G4,XLI,GD,0.04287932059065458,0.2736,0.026951146117751016,-1.0,,,,,,,
3 weeks,2021-03-02,2021-03-23,G1,XLI,GE,-0.023933851578547882,,,,0.4202,1.0,1.0596662928499792,0.041408278235589284,0.018762651674520188,-1.0,-1.0
3 weeks,2021-03-02,2021-03-23,G3,XLI,LMT,0.04436038018645716,,,,0.2438,1.0,1.0329266844336673,0.0240361772847723,0.011123407977784126,0.8455671906930473,0.027895027821104312
3 weeks,2021-03-02,2021-03-23,G2,XLC,TTWO,-0.07610135624581726,0.32530000000000003,0.03204346852712777,1.374941282695111,,,,,,,
3 weeks,2021-03-02,2021-03-23,G4,XLC,FOX,0.09394312110488734,0.42829999999999996,0.042184850560026695,-1.0,,,,,,,
3 weeks,2021-03-02,2021-03-23,G1,XLC,DIS,-0.02686396826538051,,,,0.32299999999999995,1.0,1.044616362078715,0.03183768982133339,0.014594278477297865,-1.0,-1.0
3 weeks,2021-03-02,2021-03-23,G3,XLC,VZ,0.035103794843937,,,,0.1844,1.0,1.024487958042567,0.018183582506657615,0.00847527095625681,0.9305213827409653,0.2525660661660667
3 weeks,2021-03-02,2021-03-23,G2,XLB,NEM,0.06879997720416187,0.3567,0.03513570234390213,-1.0,,,,,,,
3 weeks,2021-03-02,2021-03-23,G4,XLB,IP,-0.013966181664381794,0.2929,0.028852280157124866,-0.5159418393165376,,,,,,,
3 weeks,2021-03-02,2021-03-23,G1,XLB,FCX,-0.08470722107274564,,,,0.5811,1.0,1.086354261961041,0.057237974711929616,0.025449409793261536,-1.0,-1.0
3 weeks,2021-03-02,2021-03-23,G4,XLE,OXY,-0.04389159366955897,0.6479,0.0637832511905832,-0.31186333637318486,,,,,,,
3 weeks,2021-03-02,2021-03-23,G1,XLE,MPC,-0.06407272773550798,,,,0.47259999999999996,1.0,1.0681102230858108,0.04656548211035772,0.02096905900978901,-1.0,-1.0
3 weeks,2021-03-02,2021-03-23,G2,XLP,WMT,0.03373491966931108,0.2138,0.021059714163122682,-1.0,,,,,,,
3 weeks,2021-03-02,2021-03-23,G4,XLP,PM,0.04892912273916994,0.2401,0.023650913354674608,-1.0,,,,,,,
3 weeks,2021-03-02,2021-03-23,G1,XLP,ADM,-0.03154944268006887,,,,0.2579,1.0,1.03497085831729,0.025425261673438008,0.011746303641943701,-1.0,-1.0
3 weeks,2021-03-02,2021-03-23,G3,XLP,PEP,0.07250724271141573,,,,0.20170000000000002,1.0,1.0269170447307026,0.019888234438989013,0.009250561859032632,2.645735519351688,3.9283706952564197
3 weeks,2021-03-02,2021-03-23,G2,XLU,VST,0.008134643912726558,0.4266,0.042017516492908843,-1.0,,,,,,,
3 weeks,2021-03-02,2021-03-23,G3,XLU,ETR,0.10534035941370612,,,,0.2595,1.0,1.0352038248056035,0.025582883755428235,0.011816849738001265,3.117610837806927,4.93529884555896
3 weeks,2021-03-23,2021-04-14,G2,XLK,PLTR,0.018916617787099854,0.6855,0.06748521516552279,-1.0,,,,,,,
3 weeks,2021-03-23,2021-04-14,G1,XLK,MU,0.06170928259427222,,,,0.5254,1.0,1.0768432370478758,0.051753159841486485,0.02316406094528455,0.1923770989690321,-1.0
3 weeks,2021-03-23,2021-04-14,G2,XLY,DASH,0.09023982912379047,0.6325999999999999,0.06228755852365123,-1.0,,,,,,,
3 weeks,2021-03-23,2021-04-14,G4,XLY,ORLY,0.06676419380695187,0.22440000000000002,0.022111667530711233,-1.0,,,,,,,
3 weeks,2021-03-23,2021-04-14,G1,XLY,AZO,0.09619443892356916,,,,0.22949999999999998,1.0,1.0308548549104475,0.02262007327549892,0.010489453172941785,3.2526139394854585,5.22907437936511
3 weeks,2021-03-23,2021-04-14,G2,XLV,LLY,-0.003702249932572843,0.2586,0.025481070041934936,-0.8547058688477372,,,,,,,
3 weeks,2021-03-23,2021-04-14,G4,XLV,UNH,0.01934862092744294,0.22089999999999999,0.021766823699835177,-1.0,,,,,,,
3 weeks,2021-03-23,2021-04-14,G1,XLV,MCK,0.011569537418827158,,,,0.2637,1.0,1.035801438609864,0.02598941546706339,0.012001900574532735,-0.554836566698107,-1.0
3 weeks,2021-03-23,2021-04-14,G3,XLV,ISRG,0.10552598192953422,,,,0.25120000000000003,1.0,1.0339826621111645,0.024757978435272974,0.011450588599939523,3.2623020375197562,5.248003689412748
3 weeks,2021-03-23,2021-04-14,G4,XLI,ADP,0.038632938109944615,0.2095,0.020643591808808023,-1.0,,,,,,,
3 weeks,2021-03-23,2021-04-14,G1,XLI,BA,0.04634193855246105,,,,0.4255,1.0,1.060494441732389,0.04192287475354761,0.018987101948581567,0.10540936958383518,-1.0
3 weeks,2021-03-23,2021-04-14,G2,XLC,TTWO,0.043658303545708765,0.3066,0.030209320286799537,-1.0,,,,,,,
3 weeks,2021-03-23,2021-04-14,G4,XLC,FOX,-0.07804137631949848,0.3972,0.03913103936931384,0.9943599142091217,,,,,,,
3 weeks,2021-03-23,2021-04-14,G1,XLC,NWSA,0.011489850543840774,,,,0.3005,1.0,1.0412288519470865,0.029614416743351434,0.013615119144956155,-0.6120183408163751,-1.0
3 weeks,2021-03-23,2021-04-14,G4,XLB,PPG,0.02305572412965473,0.2266,0.022328424520073303,-1.0,,,,,,,
3 weeks,2021-03-23,2021-04-14,G1,XLB,STLD,0.14033829913780704,,,,0.3973,1.0,1.0560342886783705,0.039146810394190976,0.017789510871018942,2.5849229534836358,3.7389729302100676
3 weeks,2021-03-23,2021-04-14,G3,XLB,DD,0.016595905493759444,,,,0.321,1.0,1.0442998869345401,0.03163353334064432,0.014507461471350366,-0.47536984518778624,-1.0
3 weeks,2021-03-23,2021-04-14,G2,XLE,BKR,-0.06177963243051754,0.4445,0.043787078527112916,0.4109101248274345,,,,,,,
3 weeks,2021-03-23,2021-04-14,G1,XLE,FANG,0.11382223717979456,,,,0.6112,1.0,1.0915857989658364,0.06019011816845127,0.026671679072603257,0.891045252000431,-0.1662902754105522
3 weeks,2021-03-23,2021-04-14,G3,XLE,PSX,0.005191257348847733,,,,0.3699,1.0,1.0517647255945328,0.036449070803406675,0.016617957288832183,-0.8575750428084286,-1.0
3 weeks,2021-03-23,2021-04-14,G2,XLP,COST,0.06708001591051937,0.1898,0.018702478526805115,-1.0,,,,,,,
3 weeks,2021-03-23,2021-04-14,G4,XLP,MO,0.034239680569618125,0.20920000000000002,0.020614032544572714,-1.0,,,,,,,
3 weeks,2021-03-23,2021-04-14,G1,XLP,GIS,-0.0011808988455797031,,,,0.276,1.0,1.0376033425702105,0.0272010925316663,0.012542732055612108,-1.0,-1.0
3 weeks,2021-03-23,2021-04-14,G3,XLP,CL,0.021222025456013593,,,,0.17300000000000001,1.0,1.0228853443433328,0.01705295600155305,0.007962560322747912,0.2444778168712083,-1.0
3 weeks,2021-03-23,2021-04-14,G2,XLU,PCG,0.07967020004718273,0.2878,0.02835753284951528,-1.0,,,,,,,
3 weeks,2021-03-23,2021-04-14,G4,XLU,PEG,0.07716040936522339,0.19329999999999997,0.019047354305406647,-1.0,,,,,,,
3 weeks,2021-03-23,2021-04-14,G1,XLU,ETR,0.06186903119143006,,,,0.2004,1.0,1.0267189299070512,0.01975287509362593,0.009192418700334808,2.1321532130476886,2.823814213673577
3 weeks,2021-03-23,2021-04-14,G3,XLU,VST,0.055688170538925164,,,,0.41450000000000004,1.0,1.0587466667360237,0.040840068013817406,0.01852093746500312,0.3635670371578279,-1.0
3 weeks,2021-04-14,2021-05-05,G2,XLK,PLTR,-0.10759498153251978,0.6744,0.0663932323555117,0.620571520850012,,,,,,,
3 weeks,2021-04-14,2021-05-05,G4,XLK,APH,-0.011962564627134187,0.2445,0.0240904630967831,-0.5034315206364128,,,,,,,
3 weeks,2021-04-14,2021-05-05,G1,XLK,LRCX,-0.045953427247540035,,,,0.4337,1.0,1.0618070688577823,0.042731430761043236,0.019333793259076065,-1.0,-1.0
3 weeks,2021-04-14,2021-05-05,G2,XLY,ABNB,-0.07991833265355053,0.5246,0.0516669846700563,0.5467969180687897,,,,,,,
3 weeks,2021-04-14,2021-05-05,G4,XLY,MCD,0.020537807367387417,0.2039,0.020090304286009178,-1.0,,,,,,,
3 weeks,2021-04-14,2021-05-05,G1,XLY,LOW,-0.004615398445145802,,,,0.2507,1.0,1.0339131451090717,0.024710165880691724,0.011428500662183646,-1.0,-1.0
3 weeks,2021-04-14,2021-05-05,G2,XLV,LLY,0.053606694563612445,0.2441,0.024051055295105712,-1.0,,,,,,,
3 weeks,2021-04-14,2021-05-05,G4,XLV,UNH,0.09815527265711776,0.2248,0.022149564803514144,-1.0,,,,,,,
3 weeks,2021-04-14,2021-05-05,G1,XLV,DHR,0.07248202535863735,,,,0.3064,1.0,1.042112199554934,0.030196985406163057,0.013872401355811696,1.4003066658383787,1.1892262936135611
3 weeks,2021-04-14,2021-05-05,G4,XLI,PH,-0.0062015906305386,0.2929,0.028858371190376125,-0.7851025413171344,,,,,,,
3 weeks,2021-04-14,2021-05-05,G1,XLI,TT,0.055266783190144775,,,,0.21280000000000002,1.0,1.0284761162651084,0.020976119451606302,0.009746251752505639,1.6347477338527687,1.7488174536584005
3 weeks,2021-04-14,2021-05-05,G2,XLC,LYV,-0.03997570123943017,0.40149999999999997,0.039552831596685385,0.010691260920501433,,,,,,,
3 weeks,2021-04-14,2021-05-05,G4,XLC,T,0.07736292392256972,0.2257,0.022238238061247813,-1.0,,,,,,,
3 weeks,2021-04-14,2021-05-05,G1,XLC,META,0.04028774592210893,,,,0.429,1.0,1.06105575820423,0.04226880976120094,0.0191351647735744,-0.04686821914986783,-1.0
3 weeks,2021-04-14,2021-05-05,G2,XLB,FCX,0.14403755413098818,0.5771000000000001,0.056830191037946814,-1.0,,,,,,,
3 weeks,2021-04-14,2021-05-05,G4,XLB,PKG,0.1062084651668107,0.2421,0.023854015458380288,-1.0,,,,,,,
3 weeks,2021-04-14,2021-05-05,G1,XLB,NUE,0.1741719352357214,,,,0.34740000000000004,1.0,1.0483084816916297,0.03423491066836523,0.01565001662192966,4.0875533727232725,7.042384655855576
3 weeks,2021-04-14,2021-05-05,G3,XLB,DD,0.05681065110076289,,,,0.2865,1.0,1.0391541789625922,0.028236845304856845,0.013003120030147565,1.011933361797722,0.357864273899982
3 weeks,2021-04-14,2021-05-05,G2,XLE,BKR,0.11056478392544467,0.4334,0.04269301316220663,-1.0,,,,,,,
3 weeks,2021-04-14,2021-05-05,G1,XLE,KMI,0.06818907930874119,,,,0.3394,1.0,1.0470886126572665,0.03344708471624113,0.015304570056090974,1.0387151791327942,0.37870365349317314
3 weeks,2021-04-14,2021-05-05,G3,XLE,COP,0.05219184102074936,,,,0.3556,1.0,1.0495643331871467,0.035042399579872846,0.016003396024606792,0.4893911845787693,-0.8358156087893749
3 weeks,2021-04-14,2021-05-05,G4,XLP,MO,-0.05842267784062194,0.2488,0.024514093445211042,1.3832281610248613,,,,,,,
3 weeks,2021-04-14,2021-05-05,G1,XLP,TGT,0.032570293260124394,,,,0.2004,1.0,1.0267218834862373,0.019754328359306836,0.009192418700334737,0.6487674330258659,-0.3637790047929269
3 weeks,2021-04-14,2021-05-05,G2,XLU,NRG,-0.07901271364544471,0.4955,0.04880419885162644,0.6189736847367913,,,,,,,
3 weeks,2021-04-14,2021-05-05,G4,XLU,XEL,0.030139554771767108,0.2773,0.02732170586690092,-1.0,,,,,,,
3 weeks,2021-04-14,2021-05-05,G1,XLU,PEG,-0.024036845974857446,,,,0.2047,1.0,1.027328837650642,0.02017801906327018,0.009384666784042385,-1.0,-1.0
3 weeks,2021-05-05,2021-05-26,G2,XLK,KLAC,0.02063171918418316,0.3267,0.03218959789373003,-1.0,,,,,,,
3 weeks,2021-05-05,2021-05-26,G1,XLK,IBM,-0.001638911255483988,,,,0.18280000000000002,1.0,1.024248573081869,0.0180180608647965,0.008403399225931791,-1.0,-1.0
3 weeks,2021-05-05,2021-05-26,G3,XLK,AVGO,0.03753689103284241,,,,0.2766,1.0,1.0376903574589766,0.027259620283727734,0.012569072086978918,0.37701445002333656,-1.0
3 weeks,2021-05-05,2021-05-26,G2,XLY,F,0.19724382967212373,0.37929999999999997,0.03736930655758615,-1.0,,,,,,,
3 weeks,2021-05-05,2021-05-26,G4,XLY,ORLY,-0.05154530692924453,0.2137,0.02105802335361796,1.4477751811586166,,,,,,,
3 weeks,2021-05-05,2021-05-26,G1,XLY,ROST,-0.02004374486819327,,,,0.3354,1.0,1.0464764409762397,0.033051152475143904,0.015131592081682339,-1.0,-1.0
3 weeks,2021-05-05,2021-05-26,G2,XLV,ABT,-0.014851092012797995,0.2018,0.019885499666860484,-0.2531697839331829,,,,,,,
3 weeks,2021-05-05,2021-05-26,G4,XLV,UNH,0.00172125855450167,0.2005,0.019757406347132276,-1.0,,,,,,,
3 weeks,2021-05-05,2021-05-26,G1,XLV,BSX,-0.029241084174318144,,,,0.2216,1.0,1.0297242528706716,0.021841138704151834,0.010138262299113196,-1.0,-1.0
3 weeks,2021-05-05,2021-05-26,G2,XLI,UBER,-0.001172359768136788,0.5053,0.04977054081858886,-0.9764447050633835,,,,,,,
3 weeks,2021-05-05,2021-05-26,G4,XLI,ADP,0.003718002611857507,0.205,0.020200804234392033,-1.0,,,,,,,
3 weeks,2021-05-05,2021-05-26,G1,XLI,RTX,0.03436170586715748,,,,0.31129999999999997,1.0,1.0428412929852688,0.03067759455236743,0.014085792448165305,0.12009127079704007,-1.0
3 weeks,2021-05-05,2021-05-26,G2,XLC,LYV,0.14637561127414744,0.44,0.04334479073651671,-1.0,,,,,,,
3 weeks,2021-05-05,2021-05-26,G4,XLC,T,-0.07742741565416278,0.15710000000000002,0.01548080378932494,4.001511336740424,,,,,,,
3 weeks,2021-05-05,2021-05-26,G1,XLC,OMC,-0.01563088510138133,,,,0.2281,1.0,1.0306531589996177,0.022481558785446422,0.010427266925026046,-1.0,-1.0
3 weeks,2021-05-05,2021-05-26,G4,XLB,CTVA,-0.05811186353782405,0.2809,0.027678459297604752,1.0995338979309777,,,,,,,
3 weeks,2021-05-05,2021-05-26,G1,XLB,STLD,0.016177399430315376,,,,0.39020000000000005,1.0,1.054920693367528,0.038447229950239664,0.01748668684355122,-0.5792310798137362,-1.0
3 weeks,2021-05-05,2021-05-26,G2,XLE,HAL,0.012727229967406162,0.444,0.04373848519574655,-1.0,,,,,,,
3 weeks,2021-05-05,2021-05-26,G4,XLE,KMI,0.04797246909222941,0.2354,0.02319604268761681,-1.0,,,,,,,
3 weeks,2021-05-05,2021-05-26,G1,XLE,TRGP,0.03980252695239761,,,,0.39380000000000004,1.0,1.0554841880129893,0.03880166124113424,0.017640297143369774,0.025794403622142914,-1.0
3 weeks,2021-05-05,2021-05-26,G2,XLP,KR,0.002733777087439604,0.2465,0.024289624098933857,-1.0,,,,,,,
3 weeks,2021-05-05,2021-05-26,G4,XLP,GIS,0.016173421443224978,0.16690000000000002,0.016446529034761254,-1.0,,,,,,,
3 weeks,2021-05-05,2021-05-26,G1,XLP,PM,0.01959328172521202,,,,0.18530000000000002,1.0,1.02459783338172,0.018264405840575666,0.008515686243088797,0.07275768487821233,-1.0
3 weeks,2021-05-05,2021-05-26,G2,XLU,VST,-0.0018449700168007288,0.3116,0.030702401720808802,-0.9399079578992594,,,,,,,
3 weeks,2021-05-05,2021-05-26,G4,XLU,ED,0.024521620360175023,0.183,0.018033027711508325,-1.0,,,,,,,
3 weeks,2021-05-05,2021-05-26,G1,XLU,CNP,0.04092710210473749,,,,0.2546,1.0,1.0344749417941221,0.02509235672632939,0.011600714169479779,0.6310585151929005,-0.44381352593013146
3 weeks,2021-05-05,2021-05-26,G3,XLU,NEE,-0.004201437257414176,,,,0.20670000000000002,1.0,1.027607498036567,0.020373049390014646,0.009474014605322725,-1.0,-1.0
3 weeks,2021-05-26,2021-06-17,G2,XLK,NOW,0.0926845453405225,0.271,0.02670414169114383,-1.0,,,,,,,
3 weeks,2021-05-26,2021-06-17,G4,XLK,IBM,0.015483519562403236,0.1629,0.016053260822110605,-1.0,,,,,,,
3 weeks,2021-05-26,2021-06-17,G1,XLK,ORCL,-0.0214481096405289,,,,0.2446,1.0,1.0330244111819962,0.024106310155121827,0.011158807740532345,-1.0,-1.0
3 weeks,2021-05-26,2021-06-17,G2,XLY,ABNB,0.11836732429122221,0.4473,0.04406420246309385,-1.0,,,,,,,
3 weeks,2021-05-26,2021-06-17,G1,XLY,F,0.06258995632697517,,,,0.428,1.0,1.060890043663085,0.04216753619543482,0.01909287400874289,0.4843161819293411,-0.9109661194479368
3 weeks,2021-05-26,2021-06-17,G2,XLV,VRTX,-0.08916828901975915,0.47090000000000004,0.04638674363697139,0.9222795572287128,,,,,,,
3 weeks,2021-05-26,2021-06-17,G4,XLV,UNH,-0.03838233498074406,0.1754,0.017285033276204783,1.220553143717841,,,,,,,
3 weeks,2021-05-26,2021-06-17,G1,XLV,CVS,-0.035387154457743875,,,,0.20489999999999997,1.0,1.0273511926018146,0.020194820294889032,0.009393603562110175,-1.0,-1.0
3 weeks,2021-05-26,2021-06-17,G2,XLI,UBER,-0.027777742539419892,0.4031,0.039713424133954775,-0.300545265356003,,,,,,,
3 weeks,2021-05-26,2021-06-17,G4,XLI,RTX,0.007283049865424163,0.2064,0.02033965545192934,-1.0,,,,,,,
3 weeks,2021-05-26,2021-06-17,G1,XLI,TT,-0.016205219846286534,,,,0.18969999999999998,1.0,1.0252119466367273,0.01869709617302142,0.008713141994811267,-1.0,-1.0
3 weeks,2021-05-26,2021-06-17,G3,XLI,DE,-0.08207083150620753,,,,0.23620000000000002,1.0,1.0318136210671136,0.023278732715466877,0.010786760421333745,-1.0,-1.0
3 weeks,2021-05-26,2021-06-17,G2,XLC,MTCH,0.03878590144167782,0.35409999999999997,0.03488886490465228,-1.0,,,,,,,
3 weeks,2021-05-26,2021-06-17,G4,XLC,GOOGL,0.02292138150063039,0.1956,0.01927549425523233,-1.0,,,,,,,
3 weeks,2021-05-26,2021-06-17,G1,XLC,META,0.02700954761612384,,,,0.2469,1.0,1.0333569163265737,0.024332904510143687,0.011260543035000908,0.11000097028549272,-1.0
3 weeks,2021-05-26,2021-06-17,G3,XLC,FOXA,-0.009597271929967954,,,,0.2959,1.0,1.0405414459899252,0.029159882035031497,0.01341426662988629,-1.0,-1.0
3 weeks,2021-05-26,2021-06-17,G4,XLB,LIN,-0.0384266545662707,0.1802,0.017758023727595666,1.1639037741883578,,,,,,,
3 weeks,2021-05-26,2021-06-17,G1,XLB,NUE,-0.05552799027323341,,,,0.34740000000000004,1.0,1.0483024503452478,0.03423204597974962,0.015650016621929667,-1.0,-1.0
3 weeks,2021-05-26,2021-06-17,G2,XLE,FANG,0.10984798221609049,0.4962,0.04887617371344158,-1.0,,,,,,,
3 weeks,2021-05-26,2021-06-17,G4,XLE,WMB,0.05028102362385001,0.2134,0.021029371448892043,-1.0,,,,,,,
3 weeks,2021-05-26,2021-06-17,G1,XLE,BKR,-0.007861198690859439,,,,0.3594,1.0,1.0501421588177076,0.035413729038343826,0.01616691629924174,-1.0,-1.0
3 weeks,2021-05-26,2021-06-17,G2,XLP,KR,0.07666946539511788,0.25980000000000003,0.025600805482970956,-1.0,,,,,,,
3 weeks,2021-05-26,2021-06-17,G4,XLP,PG,-0.029901584752769272,0.1433,0.014121770035170235,1.1174105426089929,,,,,,,
3 weeks,2021-05-26,2021-06-17,G1,XLP,TGT,0.018096945610136084,,,,0.19190000000000002,1.0,1.0255204546768488,0.018913875994967896,0.008811788934186379,-0.04319211911134635,-1.0
3 weeks,2021-05-26,2021-06-17,G2,XLU,PCG,0.019940378441626105,0.33770000000000006,0.03327383726246736,-1.0,,,,,,,
3 weeks,2021-05-26,2021-06-17,G4,XLU,PPL,-0.004573705133364525,0.1374,0.013540336123775327,-0.6622162779745476,,,,,,,
3 weeks,2021-05-26,2021-06-17,G1,XLU,CNP,0.009159616817408178,,,,0.1923,1.0,1.025576587704147,0.018953290367062763,0.008829718948655056,-0.516726824735089,-1.0
3 weeks,2021-05-26,2021-06-17,G3,XLU,NRG,0.16900075719176955,,,,0.2909,1.0,1.0397994673935875,0.02866737662062455,0.0131956902539925,4.895229250596414,8.791173277888273
3 weeks,2021-06-17,2021-07-09,G2,XLK,ORCL,0.13151107882118396,0.18969999999999998,0.01868719573329595,-1.0,,,,,,,
3 weeks,2021-06-17,2021-07-09,G4,XLK,MSFT,0.06531258168155829,0.1642,0.016174446256966304,-1.0,,,,,,,
3 weeks,2021-06-17,2021-07-09,G1,XLK,NVDA,0.0746626403040147,,,,0.33640000000000003,1.0,1.0466403496759156,0.03315537039367472,0.015174852512370652,1.2519018613726196,0.8466268851875305
3 weeks,2021-06-17,2021-07-09,G2,XLY,NKE,0.24883641038287552,0.2581,0.025426348402566832,-1.0,,,,,,,
3 weeks,2021-06-17,2021-07-09,G4,XLY,MCD,0.00769633416785287,0.1409,0.013878350162429838,-1.0,,,,,,,
3 weeks,2021-06-17,2021-07-09,G1,XLY,F,-0.01963440238770575,,,,0.41350000000000003,1.0,1.0585992494065222,0.040746750376486805,0.01847849676552121,-1.0,-1.0
3 weeks,2021-06-17,2021-07-09,G3,XLY,TJX,0.05656922675082621,,,,0.2119,1.0,1.0283560774353557,0.0208912171161695,0.009706111520719655,1.7077994755529273,1.9067406917016911
3 weeks,2021-06-17,2021-07-09,G2,XLV,VRTX,0.052028047462318705,0.2658,0.02618489695782672,-1.0,,,,,,,
3 weeks,2021-06-17,2021-07-09,G4,XLV,ISRG,0.07431556826865604,0.209,0.020588887260941463,-1.0,,,,,,,
3 weeks,2021-06-17,2021-07-09,G1,XLV,LLY,0.05751300050577557,,,,0.2426,1.0,1.0327492848928739,0.02391592766514031,0.011070295192020753,1.4047990657542426,1.2369516967127283
3 weeks,2021-06-17,2021-07-09,G3,XLV,ABT,0.07265074334934063,,,,0.1789,1.0,1.0237164794580988,0.017639585144443512,0.008228092047079154,3.118619726849168,4.947218821964027
3 weeks,2021-06-17,2021-07-09,G2,XLI,UBER,-0.012676077634691252,0.3766,0.03709732349832159,-0.6583020973126337,,,,,,,
3 weeks,2021-06-17,2021-07-09,G4,XLI,CTAS,0.07362648016605378,0.2254,0.022204746099463272,-1.0,,,,,,,
3 weeks,2021-06-17,2021-07-09,G1,XLI,BA,0.0015466730010011975,,,,0.3037,1.0,1.041716766666522,0.029934787056597283,0.013754708438515343,-0.9483319190453269,-1.0
3 weeks,2021-06-17,2021-07-09,G3,XLI,PH,0.09226994055823279,,,,0.31370000000000003,1.0,1.043213173676385,0.03091972604549739,0.014190216657286802,1.9841771696961539,2.457083712436255
3 weeks,2021-06-17,2021-07-09,G2,XLC,NWSA,0.0007844078776502172,0.298,0.029356759747369225,-1.0,,,,,,,
3 weeks,2021-06-17,2021-07-09,G4,XLC,CMCSA,0.01320233767313539,0.1884,0.018559098808530367,-1.0,,,,,,,
3 weeks,2021-06-17,2021-07-09,G1,XLC,META,0.041336183809963956,,,,0.2235,1.0,1.030007285754794,0.022034139965413372,0.010222788732845106,0.8760062282825067,0.1082003503379676
3 weeks,2021-06-17,2021-07-09,G3,XLC,T,0.014041862334031485,,,,0.20629999999999998,1.0,1.0275627372653924,0.02033944666095145,0.009456148588864193,-0.30962417178292434,-1.0
3 weeks,2021-06-17,2021-07-09,G2,XLB,FCX,0.038406959986277966,0.4879,0.048052399223246216,-1.0,,,,,,,
3 weeks,2021-06-17,2021-07-09,G4,XLB,APD,-0.01970778338910084,0.1877,0.018490123354283117,0.06585461932765546,,,,,,,
3 weeks,2021-06-17,2021-07-09,G3,XLB,CTVA,-0.001378618502573925,,,,0.2954,1.0,1.040480925430808,0.02911725496009709,0.013392421112630422,-1.0,-1.0
3 weeks,2021-06-17,2021-07-09,G4,XLE,OKE,0.06203841096999008,0.2974,0.029297660569575067,-1.0,,,,,,,
3 weeks,2021-06-17,2021-07-09,G1,XLE,TRGP,-0.007054920543388299,,,,0.3709,1.0,1.0519303401629367,0.03655268020428556,0.016660853063790858,-1.0,-1.0
3 weeks,2021-06-17,2021-07-09,G2,XLP,KDP,0.02022982610676438,0.1949,0.0191995788585577,-1.0,,,,,,,
3 weeks,2021-06-17,2021-07-09,G4,XLP,HSY,0.018673283011657382,0.1444,0.014223264655414534,-1.0,,,,,,,
3 weeks,2021-06-17,2021-07-09,G3,XLP,MO,0.011307757025911025,,,,0.1848,1.0,1.0245397314795017,0.0182209592616572,0.008493234422292554,-0.3794093459334904,-1.0
3 weeks,2021-06-17,2021-07-09,G4,XLU,ETR,-0.04393879264680589,0.2274,0.022401796303803304,0.9613959546336048,,,,,,,
3 weeks,2021-06-17,2021-07-09,G1,XLU,VST,0.06446269119986403,,,,0.316,1.0,1.0435585005024863,0.03114625577838181,0.014290231994752881,1.0696770635463246,0.462830743759324
3 weeks,2021-06-17,2021-07-09,G3,XLU,PCG,0.01368521214009033,,,,0.2762,1.0,1.0376434882818613,0.027225987249480464,0.012551512499507792,-0.49734744181401813,-1.0
3 weeks,2021-07-09,2021-07-30,G2,XLK,PLTR,-0.0678403507490335,0.4736,0.04664066657944278,0.4545321867019516,,,,,,,
3 weeks,2021-07-09,2021-07-30,G4,XLK,MSFT,0.02507699116454254,0.2207,0.021737136196926746,-1.0,,,,,,,
3 weeks,2021-07-09,2021-07-30,G1,XLK,NOW,0.0379963696491894,,,,0.41450000000000004,1.0,1.058766768611168,0.04084945933732352,0.018520937465003183,-0.0698440012283652,-1.0
3 weeks,2021-07-09,2021-07-30,G2,XLY,RCL,-0.06631857154661247,0.39590000000000003,0.03899290683652411,0.7007855255482722,,,,,,,
3 weeks,2021-07-09,2021-07-30,G1,XLY,DASH,-0.032957901471550644,,,,0.5047,1.0,1.0734048305393364,0.04972612365259691,0.02230686923711306,-1.0,-1.0
3 weeks,2021-07-09,2021-07-30,G3,XLY,TSLA,0.04604609814921212,,,,0.5628,1.0,1.0832090025454781,0.05544078598991348,0.024701956841094767,-0.16945444897571416,-1.0
3 weeks,2021-07-09,2021-07-30,G2,XLV,VRTX,0.017258771223969793,0.2602,0.02562867354519187,-1.0,,,,,,,
3 weeks,2021-07-09,2021-07-30,G4,XLV,SYK,0.024618833181282218,0.1885,0.018564429444631443,-1.0,,,,,,,
3 weeks,2021-07-09,2021-07-30,G1,XLV,TMO,0.04398162451686649,,,,0.2084,1.0,1.027868821362818,0.020550718925695047,0.009549925393167964,1.1401501658355673,0.687217699687543
3 weeks,2021-07-09,2021-07-30,G2,XLI,CAT,-0.043972168919602095,0.2869,0.02825883530653482,0.556050291620958,,,,,,,
3 weeks,2021-07-09,2021-07-30,G4,XLI,WM,0.03649331352154528,0.2186,0.021530229908773107,-1.0,,,,,,,
3 weeks,2021-07-09,2021-07-30,G1,XLI,TT,0.06982947617875523,,,,0.2144,1.0,1.0287199220969878,0.021141894851821583,0.009817590042328277,2.3028958221660396,3.187336597324265
3 weeks,2021-07-09,2021-07-30,G2,XLC,TTWO,0.017902231256506695,0.2488,0.024505601505273804,-1.0,,,,,,,
3 weeks,2021-07-09,2021-07-30,G1,XLC,MTCH,-0.020660266233673563,,,,0.34409999999999996,1.0,1.0478215259364423,0.03391796077685807,0.015507602133614564,-1.0,-1.0
3 weeks,2021-07-09,2021-07-30,G3,XLC,T,-0.01405997775632184,,,,0.2039,1.0,1.0272323542031765,0.020107329989499382,0.009348915234999497,-1.0,-1.0
3 weeks,2021-07-09,2021-07-30,G2,XLB,FCX,0.04603129521215332,0.4951,0.04875615543322381,-1.0,,,,,,,
3 weeks,2021-07-09,2021-07-30,G1,XLB,IFF,0.019905193353848105,,,,0.16699999999999998,1.0,1.0220730825735138,0.016471331783675755,0.007692127982308922,0.2084750410756384,-1.0
3 weeks,2021-07-09,2021-07-30,G3,XLB,LYB,-0.03309673880993347,,,,0.2695,1.0,1.0366692847469743,0.026570310109443555,0.012257131493713592,-1.0,-1.0
3 weeks,2021-07-09,2021-07-30,G2,XLE,BKR,-0.06555214126122555,0.374,0.03683672059875346,0.7795324935478605,,,,,,,
3 weeks,2021-07-09,2021-07-30,G1,XLE,OXY,-0.1369048858517763,,,,0.529,1.0,1.077469070206219,0.052116558396264036,0.023312699521986318,-1.0,-1.0
3 weeks,2021-07-09,2021-07-30,G3,XLE,EOG,-0.10188047249460186,,,,0.4437,1.0,1.06342900089171,0.043723630703625546,0.01975565050830918,-1.0,-1.0
3 weeks,2021-07-09,2021-07-30,G2,XLP,SYY,-0.02547951817702454,0.2175,0.021421849878610545,0.18941726888234434,,,,,,,
3 weeks,2021-07-09,2021-07-30,G4,XLP,PEP,0.049973194165798374,0.157,0.015460426373409263,-1.0,,,,,,,
3 weeks,2021-07-09,2021-07-30,G1,XLP,TGT,0.05016484741663252,,,,0.1693,1.0,1.0223915640560626,0.01669797596587724,0.007795841447097374,2.0042471925427168,2.5625767338958343
3 weeks,2021-07-09,2021-07-30,G3,XLP,MO,0.013502024049124595,,,,0.2227,1.0,1.0299019564274705,0.02195967012640685,0.010187203507233827,-0.3851444957322787,-1.0
3 weeks,2021-07-09,2021-07-30,G1,XLU,NRG,-0.009680489624868116,,,,0.3096,1.0,1.0426076592763662,0.030520220118342895,0.014011787965779515,-1.0,-1.0
3 weeks,2021-07-09,2021-07-30,G3,XLU,PCG,-0.15236259141601105,,,,0.32030000000000003,1.0,1.0442142823584222,0.0315740707059972,0.0144770654280175,-1.0,-1.0
3 weeks,2021-07-30,2021-08-20,G2,XLK,PLTR,0.10594201941050208,0.5589999999999999,0.05504255529470977,-1.0,,,,,,,
3 weeks,2021-07-30,2021-08-20,G4,XLK,CSCO,0.05147190080306974,0.2483,0.0244572526120051,-1.0,,,,,,,
3 weeks,2021-07-30,2021-08-20,G1,XLK,AMD,-0.014502315473408856,,,,0.39630000000000004,1.0,1.0558955839014,0.03905691301641775,0.01774689140904974,-1.0,-1.0
3 weeks,2021-07-30,2021-08-20,G2,XLY,ABNB,-0.0021526114187792045,0.5044,0.04967205945343544,-0.9566635359502825,,,,,,,
3 weeks,2021-07-30,2021-08-20,G4,XLY,MCD,-0.017387049200877636,0.14300000000000002,0.014081696575490016,0.23472687454016206,,,,,,,
3 weeks,2021-07-30,2021-08-20,G1,XLY,CMG,0.015079645503200068,,,,0.2489,1.0,1.0336672086832517,0.024540066820925348,0.01134896146552426,-0.3855091914280513,-1.0
3 weeks,2021-07-30,2021-08-20,G2,XLV,VRTX,-0.02842541757858219,0.2372,0.023363688197053388,0.21664941505969848,,,,,,,
3 weeks,2021-07-30,2021-08-20,G4,XLV,UNH,0.04242864987752237,0.17129999999999998,0.016870478270731813,-1.0,,,,,,,
3 weeks,2021-07-30,2021-08-20,G1,XLV,PFE,0.13805196451674928,,,,0.174,1.0,1.023041885122168,0.017160239972560033,0.008007593135185544,7.0448737743469945,13.362627752554545
3 weeks,2021-07-30,2021-08-20,G2,XLI,UBER,-0.0807638839271686,0.521,0.05130508323467842,0.5741887320938643,,,,,,,
3 weeks,2021-07-30,2021-08-20,G4,XLI,WM,0.031566338672914585,0.1483,0.014603990552677673,-1.0,,,,,,,
3 weeks,2021-07-30,2021-08-20,G1,XLI,TT,-0.05009562345791796,,,,0.25739999999999996,1.0,1.034901075409399,0.025377449983770527,0.011724252264677992,-1.0,-1.0
3 weeks,2021-07-30,2021-08-20,G3,XLI,DE,-0.028097940305182645,,,,0.2977,1.0,1.040830013323702,0.02934725797746214,0.013492888206972356,-1.0,-1.0
3 weeks,2021-07-30,2021-08-20,G2,XLC,NWSA,-0.10272004622173259,0.3947,0.03887568873794983,1.6422694891437115,,,,,,,
3 weeks,2021-07-30,2021-08-20,G4,XLC,CMCSA,0.009859011333424927,0.1884,0.018555480394970104,-1.0,,,,,,,
3 weeks,2021-07-30,2021-08-20,G1,XLC,META,0.008616298980377746,,,,0.2396,1.0,1.032323814571165,0.02362384196841879,0.010937444196588167,-0.6352710540522404,-1.0
3 weeks,2021-07-30,2021-08-20,G3,XLC,OMC,-0.016204090717665154,,,,0.2346,1.0,1.031604403335519,0.023131235753228827,0.01071580650602632,-1.0,-1.0
3 weeks,2021-07-30,2021-08-20,G2,XLB,CTVA,-0.016625450102613626,0.3464,0.034119893369841864,-0.5127344062186132,,,,,,,
3 weeks,2021-07-30,2021-08-20,G4,XLB,LIN,0.021015571788085774,0.1884,0.018555480394969983,-1.0,,,,,,,
3 weeks,2021-07-30,2021-08-20,G1,XLB,STLD,0.03925543136392373,,,,0.38530000000000003,1.0,1.054174869141917,0.03797393127087922,0.0172773886282192,0.033746837637200766,-1.0
3 weeks,2021-07-30,2021-08-20,G3,XLB,LYB,-0.011275313741031301,,,,0.2895,1.0,1.0396130106345123,0.028539557975041065,0.013134440572100128,-1.0,-1.0
3 weeks,2021-07-30,2021-08-20,G2,XLE,EQT,-0.11963037010328992,0.5083,0.050055739581775775,1.389943113473541,,,,,,,
3 weeks,2021-07-30,2021-08-20,G3,XLE,PSX,-0.09047267269794268,,,,0.3884,1.0,1.0546587708620603,0.038279141979863575,0.01740983094495998,-1.0,-1.0
3 weeks,2021-07-30,2021-08-20,G4,XLP,MO,0.008951127130820025,0.16670000000000001,0.016417190441457816,-1.0,,,,,,,
3 weeks,2021-07-30,2021-08-20,G1,XLP,TGT,-0.02597334949371244,,,,0.3049,1.0,1.041903098992186,0.030056434624818985,0.01380702606373634,-1.0,-1.0
3 weeks,2021-07-30,2021-08-20,G3,XLP,ADM,-0.007200376456990787,,,,0.2134,1.0,1.0285760997510311,0.021042495217094163,0.009773006928984711,-1.0,-1.0
3 weeks,2021-07-30,2021-08-20,G2,XLU,PCG,0.05574522109622482,0.4218,0.04154349343997586,-1.0,,,,,,,
3 weeks,2021-07-30,2021-08-20,G4,XLU,DTE,0.035458793186667226,0.17629999999999998,0.017363176605726262,-1.0,,,,,,,
3 weeks,2021-07-30,2021-08-20,G1,XLU,AEE,0.0675644187245188,,,,0.3414,1.0,1.0474081505577,0.03365121074910696,0.015390995329276002,1.0077856701281314,0.3096143384878012
3 weeks,2021-08-20,2021-09-13,G2,XLK,MU,0.05866459484441111,0.3172,0.031243273172260472,-1.0,,,,,,,
3 weeks,2021-08-20,2021-09-13,G4,XLK,APH,0.019470856781677703,0.1841,0.018130869318364464,-1.0,,,,,,,
3 weeks,2021-08-20,2021-09-13,G1,XLK,AMD,0.0014333638193191334,,,,0.4043,1.0,1.057155223877376,0.03984534824486959,0.018087555524638654,-0.9640268216377369,-1.0
3 weeks,2021-08-20,2021-09-13,G3,XLK,AMAT,0.09823172843457084,,,,0.3686,1.0,1.0515836787018593,0.03633050022864394,0.016562177064407872,1.7038363858563748,1.8165409385072984
3 weeks,2021-08-20,2021-09-13,G2,XLY,GM,0.04139332326449319,0.32189999999999996,0.031706169814864675,-1.0,,,,,,,
3 weeks,2021-08-20,2021-09-13,G4,XLY,ROST,-0.07547633898570183,0.2774,0.027323041771228584,1.762369564035113,,,,,,,
3 weeks,2021-08-20,2021-09-13,G1,XLY,CMG,-0.012873096082258617,,,,0.2229,1.0,1.029930506302133,0.021979375289783946,0.01019610047514562,-1.0,-1.0
3 weeks,2021-08-20,2021-09-13,G3,XLY,BKNG,0.1192340718198599,,,,0.2829,1.0,1.0386392168184682,0.02789030298012412,0.012845407066390677,3.2751085172804126,5.274215724331845
3 weeks,2021-08-20,2021-09-13,G2,XLV,VRTX,-0.026193539560581014,0.2291,0.022564747429524145,0.16081687341684603,,,,,,,
3 weeks,2021-08-20,2021-09-13,G4,XLV,ABBV,-0.09543859497542517,0.188,0.018515161506533432,4.154618550950679,,,,,,,
3 weeks,2021-08-20,2021-09-13,G1,XLV,PFE,-0.08497543742600755,,,,0.3147,1.0,1.0433722671195227,0.03102252910407613,0.014233708542607923,-1.0,-1.0
3 weeks,2021-08-20,2021-09-13,G3,XLV,AMGN,-0.03046568082853951,,,,0.21660000000000001,1.0,1.0290327029354907,0.021358656634540302,0.009915633978944799,-1.0,-1.0
3 weeks,2021-08-20,2021-09-13,G2,XLI,UBER,0.0030037278997021577,0.37479999999999997,0.03691548995334629,-1.0,,,,,,,
3 weeks,2021-08-20,2021-09-13,G4,XLI,WM,0.018075752719316496,0.1653,0.016278329762290548,-1.0,,,,,,,
3 weeks,2021-08-20,2021-09-13,G3,XLI,TDG,0.027443910713491837,,,,0.2732,1.0,1.0372117766432065,0.026934792749178357,0.012419760313118278,0.01890187049346803,-1.0
3 weeks,2021-08-20,2021-09-13,G2,XLC,MTCH,0.22124223512450603,0.37939999999999996,0.03736840712770748,-1.0,,,,,,,
3 weeks,2021-08-20,2021-09-13,G4,XLC,GOOGL,0.03567656061344482,0.17629999999999998,0.017362273127790016,-1.0,,,,,,,
3 weeks,2021-08-20,2021-09-13,G1,XLC,CHTR,-0.001284513716019342,,,,0.21760000000000002,1.0,1.029175002220858,0.021457184227528712,0.00996018172513671,-1.0,-1.0
3 weeks,2021-08-20,2021-09-13,G3,XLC,NWSA,-0.009954948625888194,,,,0.3983,1.0,1.0562113557933037,0.03925466674291327,0.017832119912706182,-1.0,-1.0
3 weeks,2021-08-20,2021-09-13,G2,XLB,NEM,0.0218887943094217,0.2701,0.026603934155872234,-1.0,,,,,,,
3 weeks,2021-08-20,2021-09-13,G4,XLB,SHW,-0.016251090956439174,0.1745,0.0171849025942983,-0.054339070747424945,,,,,,,
3 weeks,2021-08-20,2021-09-13,G1,XLB,NUE,-0.06201674166135818,,,,0.4274,1.0,1.0608175109857687,0.04211927691107889,0.019067494597462376,-1.0,-1.0
3 weeks,2021-08-20,2021-09-13,G3,XLB,LYB,-0.02773351312274497,,,,0.29719999999999996,1.0,1.0407574461816878,0.02929887262817044,0.013471052378181822,-1.0,-1.0
3 weeks,2021-08-20,2021-09-13,G2,XLE,EQT,0.23347732025663337,0.5042,0.04965145165183104,-1.0,,,,,,,
3 weeks,2021-08-20,2021-09-13,G3,XLE,VLO,0.09933575301359654,,,,0.3709,1.0,1.0519394185054067,0.036556967757984234,0.016660853063790917,1.7172864464914803,1.8447723731023435
3 weeks,2021-08-20,2021-09-13,G2,XLP,TGT,-0.04064728066197276,0.2077,0.020456266099318943,0.9870332378657347,,,,,,,
3 weeks,2021-08-20,2021-09-13,G4,XLP,MO,0.03321638924365411,0.1641,0.016160079647847676,-1.0,,,,,,,
3 weeks,2021-08-20,2021-09-13,G1,XLP,KR,-0.08649354039597379,,,,0.325,1.0,1.0449229533537039,0.03203696072156866,0.014681052790598514,-1.0,-1.0
3 weeks,2021-08-20,2021-09-13,G2,XLU,VST,0.025923923045408692,0.2842,0.02799287661162193,-1.0,,,,,,,
3 weeks,2021-08-20,2021-09-13,G4,XLU,AEP,-0.030302708220319552,0.16519999999999999,0.016268475598926264,0.8626642696823745,,,,,,,
3 weeks,2021-08-20,2021-09-13,G1,XLU,AEE,-0.033031049365148,,,,0.1826,1.0,1.0242412782376227,0.018008545173402283,0.00839441324921436,-1.0,-1.0
3 weeks,2021-09-13,2021-10-04,G4,XLK,MSFT,-0.04673536803562994,0.1819,0.017915593981448194,1.6086418392839748,,,,,,,
3 weeks,2021-09-13,2021-10-04,G1,XLK,NVDA,-0.10924529993997278,,,,0.3483,1.0,1.048459921497231,0.03433012788176301,0.015688836917955515,-1.0,-1.0
3 weeks,2021-09-13,2021-10-04,G2,XLY,GM,0.062180308319926825,0.3119,0.030722796752889203,-1.0,,,,,,,
3 weeks,2021-09-13,2021-10-04,G4,XLY,MCD,0.007752544042278098,0.1543,0.01519586067762339,-1.0,,,,,,,
3 weeks,2021-09-13,2021-10-04,G1,XLY,DASH,-0.05253070717949282,,,,0.47159999999999996,1.0,1.0679487155009697,0.04646792765852052,0.020927214900672574,-1.0,-1.0
3 weeks,2021-09-13,2021-10-04,G3,XLY,ROST,-0.029414277689198243,,,,0.2595,1.0,1.0352056115964923,0.025583750810452412,0.011816849738001378,-1.0,-1.0
3 weeks,2021-09-13,2021-10-04,G2,XLV,VRTX,-0.06984064198282325,0.2662,0.026221263756061725,1.6635116687187828,,,,,,,
3 weeks,2021-09-13,2021-10-04,G4,XLV,MDT,-0.033650172724483673,0.17920000000000003,0.01764954129462227,0.9065749167507668,,,,,,,
3 weeks,2021-09-13,2021-10-04,G1,XLV,MCK,-0.029508593371408542,,,,0.215,1.0,1.0288022285463885,0.02119956031700598,0.009844334603129697,-1.0,-1.0
3 weeks,2021-09-13,2021-10-04,G3,XLV,AMGN,-0.02436316415865447,,,,0.2271,1.0,1.0305278198331953,0.022391730997491928,0.01038283496871743,-1.0,-1.0
3 weeks,2021-09-13,2021-10-04,G2,XLI,UBER,0.14100328347665814,0.3947,0.038876303588965606,-1.0,,,,,,,
3 weeks,2021-09-13,2021-10-04,G4,XLI,GD,-0.009577611866985913,0.18719999999999998,0.018437840063106992,-0.4805458863833987,,,,,,,
3 weeks,2021-09-13,2021-10-04,G3,XLI,TDG,0.05275109796208888,,,,0.2866,1.0,1.0391827144727734,0.02825332483782814,0.013007498947034646,0.867075760636177,0.04312009130769834
3 weeks,2021-09-13,2021-10-04,G2,XLC,TTWO,0.027463626549276476,0.2777,0.027354114115273748,-1.0,,,,,,,
3 weeks,2021-09-13,2021-10-04,G4,XLC,META,-0.13354228932584733,0.2289,0.02254655608043656,4.9229573177129575,,,,,,,
3 weeks,2021-09-13,2021-10-04,G1,XLC,MTCH,-0.05777402228490891,,,,0.4301,1.0,1.0612454715478108,0.04238361924615449,0.01918167270166583,-1.0,-1.0
3 weeks,2021-09-13,2021-10-04,G3,XLC,NWSA,0.07667583415295365,,,,0.4219,1.0,1.05993838801788,0.04157647199889594,0.01883467678695331,0.8442121340884758,-0.11134943676509224
3 weeks,2021-09-13,2021-10-04,G2,XLB,FCX,-0.07310860046406342,0.4429,0.04362095562627407,0.6759972223081738,,,,,,,
3 weeks,2021-09-13,2021-10-04,G4,XLB,PKG,-0.07486039294488778,0.22870000000000001,0.022526851272156853,2.3231627465581544,,,,,,,
3 weeks,2021-09-13,2021-10-04,G1,XLB,AMCR,-0.054471680351012686,,,,0.3602,1.0,1.0502851710035046,0.03550194735157303,0.0162013222049641,-1.0,-1.0
3 weeks,2021-09-13,2021-10-04,G3,XLB,LYB,0.0026479459374952885,,,,0.3195,1.0,1.0440908339853017,0.0314938433642731,0.014442320683217663,-0.9159217912254203,-1.0
3 weeks,2021-09-13,2021-10-04,G2,XLE,OXY,0.1936210945127268,0.502,0.04943656415462223,-1.0,,,,,,,
3 weeks,2021-09-13,2021-10-04,G1,XLE,BKR,0.04346038623384718,,,,0.39270000000000005,1.0,1.0553301088100024,0.03870191956822912,0.017593375014151737,0.12295169641984294,-1.0
3 weeks,2021-09-13,2021-10-04,G3,XLE,PSX,0.12563192091922692,,,,0.33049999999999996,1.0,1.0457515392775845,0.03257719262394828,0.014919462243565947,2.856437918682775,4.354105954863827
3 weeks,2021-09-13,2021-10-04,G2,XLP,TGT,-0.0707939196400007,0.1893,0.018644765707037842,2.7969862830337457,,,,,,,
3 weeks,2021-09-13,2021-10-04,G4,XLP,PG,-0.04729550196566357,0.146,0.014377935952854533,2.289450037943296,,,,,,,
3 weeks,2021-09-13,2021-10-04,G1,XLP,COST,-0.04246602645724129,,,,0.2148,1.0,1.028773803467568,0.021179854634912742,0.009835420191728981,-1.0,-1.0
3 weeks,2021-09-13,2021-10-04,G3,XLP,KR,-0.07579301029689312,,,,0.24719999999999998,1.0,1.033419938275687,0.02437200835036217,0.01127380858854837,-1.0,-1.0
3 weeks,2021-09-13,2021-10-04,G4,XLU,PPL,-0.0423154858669772,0.1757,0.017304655431971055,1.4453238051072472,,,,,,,
3 weeks,2021-09-13,2021-10-04,G1,XLU,NRG,-0.08528005719574872,,,,0.2825,1.0,1.0385772156540138,0.027849459394359663,0.012827874756576374,-1.0,-1.0
3 weeks,2021-10-04,2021-10-25,G2,XLK,PLTR,0.09667672696341456,0.541,0.05327605044168305,-1.0,,,,,,,
3 weeks,2021-10-04,2021-10-25,G3,XLK,QCOM,0.04144297435717026,,,,0.2849,1.0,1.0389255118237812,0.028082986405785604,0.012933042669451068,0.4757324508988914,-0.805346460401356
3 weeks,2021-10-04,2021-10-25,G4,XLY,TSLA,0.311350743967709,0.47909999999999997,0.04718651564606387,-1.0,,,,,,,
3 weeks,2021-10-04,2021-10-25,G1,XLY,ABNB,0.028814623058748046,,,,0.4364,1.0,1.0622474689524772,0.04300087708980373,0.019447796075443474,-0.3299061552030398,-1.0
3 weeks,2021-10-04,2021-10-25,G3,XLY,NKE,0.11607982169105058,,,,0.23800000000000002,1.0,1.032086261232134,0.023462733341405483,0.010866549984108834,3.947412562806589,6.729551751176593
3 weeks,2021-10-04,2021-10-25,G2,XLV,ISRG,0.062101997953293964,0.4378,0.04312208088260742,-1.0,,,,,,,
3 weeks,2021-10-04,2021-10-25,G1,XLV,MRK,-0.017328217447609484,,,,0.27949999999999997,1.0,1.0381290545627375,0.027551059432112862,0.012696327265495628,-1.0,-1.0
3 weeks,2021-10-04,2021-10-25,G3,XLV,LLY,0.08983778600205117,,,,0.3055,1.0,1.0419855189987883,0.030112079290868198,0.013833179078596696,1.9834467800865352,2.4592385981109706
3 weeks,2021-10-04,2021-10-25,G4,XLI,TDG,-0.012282443986734837,0.3249,0.03200621214407564,-0.6162481229754535,,,,,,,
3 weeks,2021-10-04,2021-10-25,G1,XLI,UBER,0.0,,,,0.4293,1.0,1.0611115945275504,0.042302033236512784,0.01914784999152817,-1.0,-1.0
3 weeks,2021-10-04,2021-10-25,G3,XLI,TT,0.029206369208973015,,,,0.26789999999999997,1.0,1.0364260898389188,0.026408362732086653,0.012186759482543615,0.10595153153840342,-1.0
3 weeks,2021-10-04,2021-10-25,G4,XLC,FOX,0.017777792483232968,0.33049999999999996,0.03255773003983532,-1.0,,,,,,,
3 weeks,2021-10-04,2021-10-25,G1,XLC,LYV,0.026028328984285087,,,,0.4279,1.0,1.0608881258647191,0.042164229407766325,0.019088644364829772,-0.38269169507243606,-1.0
3 weeks,2021-10-04,2021-10-25,G3,XLC,TMUS,-0.07596054348926562,,,,0.2571,1.0,1.0348502841310898,0.025344426742213384,0.011711020130036378,-1.0,-1.0
3 weeks,2021-10-04,2021-10-25,G2,XLB,NUE,0.13060541525427238,0.4905,0.04830821827207538,-1.0,,,,,,,
3 weeks,2021-10-04,2021-10-25,G3,XLB,PPG,0.11152001204784767,,,,0.3029,1.0,1.0415974057612556,0.02985599006008885,0.013719821430030487,2.7352642408910253,4.09646620717256
3 weeks,2021-10-04,2021-10-25,G4,XLE,OKE,0.09673657743326425,0.3195,0.03147437764419335,-1.0,,,,,,,
3 weeks,2021-10-04,2021-10-25,G1,XLE,FANG,0.05832858324570367,,,,0.5715,1.0,1.084693558955085,0.05629208328994265,0.02505771483761434,0.03617737764778939,-1.0
3 weeks,2021-10-04,2021-10-25,G3,XLE,PSX,0.10593039864121034,,,,0.3975,1.0,1.0560766215486834,0.039171631470251204,0.017798033512871694,1.7042631278112301,1.8010834487120309
3 weeks,2021-10-04,2021-10-25,G2,XLP,KDP,0.052567271906295954,0.2415,0.023790963022427784,-1.0,,,,,,,
3 weeks,2021-10-04,2021-10-25,G4,XLP,GIS,0.015495912745886908,0.21030000000000001,0.020716976621053155,-1.0,,,,,,,
3 weeks,2021-10-04,2021-10-25,G3,XLP,KR,0.017663735013076387,,,,0.28350000000000003,1.0,1.0387187969160088,0.027945080533813494,0.01287170228736968,-0.36791253860573936,-1.0
3 weeks,2021-10-04,2021-10-25,G2,XLU,VST,0.14571101534858988,0.3936,0.03877108142981686,-1.0,,,,,,,
3 weeks,2021-10-04,2021-10-25,G1,XLU,PCG,0.18737274518247315,,,,0.42219999999999996,1.0,1.0599800089642817,0.0416031587444532,0.018847383999002102,3.503810547978042,5.759173380503976
3 weeks,2021-10-04,2021-10-25,G3,XLU,ETR,0.023772283462449417,,,,0.24539999999999998,1.0,1.0331536888494643,0.02419178152715464,0.01119420049653234,-0.017340519722959136,-1.0
3 weeks,2021-10-25,2021-11-15,G2,XLK,PLTR,-0.07870917009091172,0.5661999999999999,0.05574745868985327,0.4118880383194532,,,,,,,
3 weeks,2021-10-25,2021-11-15,G4,XLK,AVGO,0.08370524043784333,0.2285,0.02250351450007055,-1.0,,,,,,,
3 weeks,2021-10-25,2021-11-15,G1,XLK,AMD,0.1972050078657086,,,,0.4631,1.0,1.0665710800590795,0.04563487157037832,0.020571128845232187,3.3213665576242093,5.350352904279556
3 weeks,2021-10-25,2021-11-15,G3,XLK,QCOM,0.27726834529131983,,,,0.3342,1.0,1.0463195946036328,0.03294502202929749,0.01507966553236117,7.416092271686734,14.315243576992332
3 weeks,2021-10-25,2021-11-15,G2,XLY,CMG,0.03628215624596054,0.2302,0.022671004478839928,-1.0,,,,,,,
3 weeks,2021-10-25,2021-11-15,G4,XLY,HLT,0.005204980736380316,0.2978,0.02933035746995658,-1.0,,,,,,,
3 weeks,2021-10-25,2021-11-15,G1,XLY,F,0.24125017515580338,,,,0.4325,1.0,1.0616364439800086,0.0426232588874542,0.01928310124483135,4.66005935381007,8.31456661951295
3 weeks,2021-10-25,2021-11-15,G3,XLY,ROST,0.02059749555550816,,,,0.256,1.0,1.0347034062384786,0.025242421202340992,0.011662493906477521,-0.1840126828405032,-1.0
3 weeks,2021-10-25,2021-11-15,G2,XLV,DHR,-0.02097334275180851,0.20600000000000002,0.020286649920018822,0.033849493854185786,,,,,,,
3 weeks,2021-10-25,2021-11-15,G4,XLV,UNH,0.002914332405264286,0.1636,0.01610870327456507,-1.0,,,,,,,
3 weeks,2021-10-25,2021-11-15,G1,XLV,MCK,0.06979999083735078,,,,0.3232,1.0,1.0446555409972562,0.03186169538320216,0.014602957829341227,1.1907180392588272,0.7218737555738601
3 weeks,2021-10-25,2021-11-15,G3,XLV,BMY,0.031309521294460296,,,,0.25780000000000003,1.0,1.0349652365675999,0.025419746452916437,0.011741893584521032,0.23170077059789995,-1.0
3 weeks,2021-10-25,2021-11-15,G2,XLI,BA,0.09498755900084377,0.3406,0.033545665221580825,-1.0,,,,,,,
3 weeks,2021-10-25,2021-11-15,G4,XLI,UNP,0.004910771213134213,0.18789999999999998,0.01850319754987661,-1.0,,,,,,,
3 weeks,2021-10-25,2021-11-15,G1,XLI,GE,0.013010603339415061,,,,0.35090000000000005,1.0,1.0488649563832004,0.03458959873872088,0.01580093628126413,-0.6238579279946773,-1.0
3 weeks,2021-10-25,2021-11-15,G3,XLI,DE,0.02390003425200815,,,,0.2557,1.0,1.0346597930420895,0.025212866879449517,0.011649257191483612,-0.0520699464173745,-1.0
3 weeks,2021-10-25,2021-11-15,G2,XLC,DIS,-0.07894892621844418,0.285,0.028069549535776506,1.812618211696578,,,,,,,
3 weeks,2021-10-25,2021-11-15,G1,XLC,TTWO,-0.029455157264585252,,,,0.4154,1.0,1.0589136505955823,0.04094004655292809,0.018559125234270325,-1.0,-1.0
3 weeks,2021-10-25,2021-11-15,G3,XLC,CMCSA,-0.012943809030927067,,,,0.2686,1.0,1.0365416681707862,0.026483672818058045,0.012217550659201885,-1.0,-1.0
3 weeks,2021-10-25,2021-11-15,G4,XLB,APD,0.033614239324130324,0.24600000000000002,0.02422763004139949,-1.0,,,,,,,
3 weeks,2021-10-25,2021-11-15,G1,XLB,FCX,0.038637703439685867,,,,0.46799999999999997,1.0,1.0673687357813764,0.0461170673148806,0.02077649183893328,-0.1621821228164143,-1.0
3 weeks,2021-10-25,2021-11-15,G3,XLB,PKG,0.00672065865544047,,,,0.30269999999999997,1.0,1.041580757425131,0.029842622086417414,0.013711098603695128,-0.7747966436736385,-1.0
3 weeks,2021-10-25,2021-11-15,G4,XLE,EOG,-0.008932113341023173,0.3924,0.03864617709392876,-0.7688745947803888,,,,,,,
3 weeks,2021-10-25,2021-11-15,G1,XLE,HAL,-0.10755155697087593,,,,0.38380000000000003,1.0,1.053947075850583,0.037829101606800565,0.017213267553267273,-1.0,-1.0
3 weeks,2021-10-25,2021-11-15,G4,XLP,PEP,0.02876530676186606,0.1359,0.013379011276981923,-1.0,,,,,,,
3 weeks,2021-10-25,2021-11-15,G1,XLP,ADM,0.004802529554687407,,,,0.2597,1.0,1.0352418942657622,0.02560692182240763,0.011825666038583657,-0.8124518992171542,-1.0
3 weeks,2021-10-25,2021-11-15,G3,XLP,MNST,0.10215694509557327,,,,0.3194,1.0,1.0440829905460352,0.03148744230027534,0.01443797710931742,2.244371013732037,3.0223054871073787
3 weeks,2021-10-25,2021-11-15,G4,XLU,D,-0.008104550999806115,0.1818,0.01790212448148397,-0.5472855186439706,,,,,,,
3 weeks,2021-10-25,2021-11-15,G1,XLU,PCG,0.06174962471093437,,,,0.4266,1.0,1.0606941941770593,0.04204252128779077,0.019033649603157766,0.4687421881348166,-0.9445492296075474
3 weeks,2021-10-25,2021-11-15,G3,XLU,ETR,0.02205306668016216,,,,0.2194,1.0,1.0294354857146855,0.021636564472843525,0.010040339838117092,0.0192499233342458,-1.0
3 weeks,2021-11-15,2021-12-07,G2,XLK,PLTR,-0.1687313450955068,0.4476,0.044083533019716556,2.827536804276574,,,,,,,
3 weeks,2021-11-15,2021-12-07,G4,XLK,MSFT,-0.0015987555877676751,0.1783,0.017560856653073952,-0.9089591345483834,,,,,,,
3 weeks,2021-11-15,2021-12-07,G1,XLK,NVDA,0.0801323191291361,,,,0.5421,1.0,1.0796785715697859,0.05340364203712185,0.023852487185335964,0.5005028884253768,-0.9809769289120764
3 weeks,2021-11-15,2021-12-07,G3,XLK,IBM,0.022798125588514573,,,,0.19440000000000002,1.0,1.0258909691338987,0.01916981312124637,0.008923822297613742,0.1892721877005039,-1.0
3 weeks,2021-11-15,2021-12-07,G2,XLY,RCL,-0.15974662217355884,0.3889,0.038305279704177665,3.1703551940422594,,,,,,,
3 weeks,2021-11-15,2021-12-07,G4,XLY,ORLY,0.035443907244311346,0.2305,0.02270419407871294,-1.0,,,,,,,
3 weeks,2021-11-15,2021-12-07,G1,XLY,F,0.010095790770698443,,,,0.4747,1.0,1.0684553855649404,0.0467729756810626,0.021056898535172636,-0.7841533359019094,-1.0
3 weeks,2021-11-15,2021-12-07,G2,XLV,BSX,0.0014514120239368378,0.23149999999999998,0.022802717403451366,-1.0,,,,,,,
3 weeks,2021-11-15,2021-12-07,G4,XLV,UNH,0.03426305017438813,0.18,0.017728371914527922,-1.0,,,,,,,
3 weeks,2021-11-15,2021-12-07,G1,XLV,PFE,0.041692260457498964,,,,0.27399999999999997,1.0,1.037326232842027,0.02701215605666168,0.012454903770743136,0.5434628901907603,-0.649453123377171
3 weeks,2021-11-15,2021-12-07,G3,XLV,BMY,-0.041764474181581135,,,,0.20629999999999998,1.0,1.027568649285956,0.02034235203836154,0.009456148588864274,-1.0,-1.0
3 weeks,2021-11-15,2021-12-07,G4,XLI,WM,0.01129135939381265,0.1796,0.01768895662492791,-1.0,,,,,,,
3 weeks,2021-11-15,2021-12-07,G1,XLI,CAT,-0.01550248416984168,,,,0.2548,1.0,1.0345218541456793,0.025120733691830006,0.011609541155468348,-1.0,-1.0
3 weeks,2021-11-15,2021-12-07,G3,XLI,NOC,0.011812518875951694,,,,0.18170000000000003,1.0,1.0241127292441798,0.01791840509631443,0.008353970823687565,-0.3407605859752886,-1.0
3 weeks,2021-11-15,2021-12-07,G2,XLC,DIS,-0.048096891518952356,0.2445,0.02408349026171423,0.9970897488813126,,,,,,,
3 weeks,2021-11-15,2021-12-07,G1,XLC,LYV,-0.06304989679194295,,,,0.4593,1.0,1.065946554647498,0.045257513018768736,0.020411699123311595,-1.0,-1.0
3 weeks,2021-11-15,2021-12-07,G3,XLC,OMC,0.012313236213609802,,,,0.3098,1.0,1.0426346045795625,0.03053848079103449,0.014020495983074827,-0.5967960456885346,-1.0
3 weeks,2021-11-15,2021-12-07,G4,XLB,ECL,-0.019960949157821206,0.267,0.026300072376601504,-0.24103063778714517,,,,,,,
3 weeks,2021-11-15,2021-12-07,G1,XLB,NUE,0.03683148109658463,,,,0.41950000000000004,1.0,1.0595569070385467,0.041340226147357176,0.018732985587421747,-0.10906435380157609,-1.0
3 weeks,2021-11-15,2021-12-07,G3,XLB,IP,-0.05662276552679646,,,,0.2325,1.0,1.0313016557783012,0.022923759057415814,0.010622636818138714,-1.0,-1.0
3 weeks,2021-11-15,2021-12-07,G2,XLE,BKR,0.006065714020444757,0.39289999999999997,0.03869909127908477,-1.0,,,,,,,
3 weeks,2021-11-15,2021-12-07,G4,XLE,EOG,-0.02832636396018895,0.37920000000000004,0.037350250221193294,-0.24160176190423566,,,,,,,
3 weeks,2021-11-15,2021-12-07,G1,XLE,EQT,-0.059926861050426106,,,,0.5328,1.0,1.0781062304826132,0.05248892558500531,0.023469455347570188,-1.0,-1.0
3 weeks,2021-11-15,2021-12-07,G4,XLP,PG,0.029511950939835607,0.1442,0.014200552780480555,-1.0,,,,,,,
3 weeks,2021-11-15,2021-12-07,G1,XLP,COST,0.04256651104314768,,,,0.2095,1.0,1.0280216870381393,0.020657649658956688,0.009599027077264491,1.0605689294712044,0.5152393974862244
3 weeks,2021-11-15,2021-12-07,G3,XLP,MO,-0.015708011127809063,,,,0.18359999999999999,1.0,1.0243779642372108,0.01810562633140292,0.008439338664797317,-1.0,-1.0
3 weeks,2021-11-15,2021-12-07,G2,XLU,WEC,0.019767946542526005,0.19260000000000002,0.0189699321815932,-1.0,,,,,,,
3 weeks,2021-11-15,2021-12-07,G4,XLU,ED,0.04570806479968059,0.17670000000000002,0.017403194563628523,-1.0,,,,,,,
3 weeks,2021-11-15,2021-12-07,G1,XLU,PCG,0.004846393452156761,,,,0.3586,1.0,1.0500390767265175,0.03534439594379442,0.01613250364256737,-0.8628808521762942,-1.0
3 weeks,2021-11-15,2021-12-07,G3,XLU,ETR,-0.001808953101374744,,,,0.1813,1.0,1.024056926152199,0.017878989980727355,0.008335993507064878,-1.0,-1.0
3 weeks,2021-12-07,2021-12-29,G2,XLK,PLTR,-0.0662897774341632,0.5217,0.05136834287238566,0.2904791886872191,,,,,,,
3 weeks,2021-12-07,2021-12-29,G4,XLK,APH,0.05132673098494345,0.2489,0.024510904712101253,-1.0,,,,,,,
3 weeks,2021-12-07,2021-12-29,G1,XLK,MU,0.12047053486032211,,,,0.4939,1.0,1.0716243602799849,0.048667806974536175,0.021857928121808586,1.4753639489725594,1.2347120142462775
3 weeks,2021-12-07,2021-12-29,G3,XLK,IBM,0.09680870966085076,,,,0.21100000000000002,1.0,1.0282461575757451,0.02081125318216191,0.009665962326116408,3.651748206293937,6.093194632039568
3 weeks,2021-12-07,2021-12-29,G2,XLY,DASH,-0.08167139089186803,0.6191,0.060945652858005954,0.34006917740548137,,,,,,,
3 weeks,2021-12-07,2021-12-29,G4,XLY,MCD,0.03301137132907406,0.17329999999999998,0.017062139516724965,-1.0,,,,,,,
3 weeks,2021-12-07,2021-12-29,G1,XLY,AZO,0.03976640042564772,,,,0.2995,1.0,1.0411086718118223,0.029529736335857336,0.013571474918578219,0.3466561290410275,-1.0
3 weeks,2021-12-07,2021-12-29,G3,XLY,RCL,0.09184819027561408,,,,0.5455,1.0,1.0802677504547447,0.05374365575784923,0.02399230542102367,0.7090052580243356,-0.5173269255433087
3 weeks,2021-12-07,2021-12-29,G2,XLV,MRK,0.07470975820050696,0.26289999999999997,0.0258901028049711,-1.0,,,,,,,
3 weeks,2021-12-07,2021-12-29,G4,XLV,JNJ,0.05013467649524639,0.1801,0.017732200770267128,-1.0,,,,,,,
3 weeks,2021-12-07,2021-12-29,G1,XLV,VRTX,0.08819806059766089,,,,0.3785,1.0,1.0531271305947139,0.037309559998739986,0.01698651775304478,1.363953383546725,1.0646332881652976
3 weeks,2021-12-07,2021-12-29,G3,XLV,MDT,-0.06820892683353152,,,,0.3209,1.0,1.0443136628543057,0.03163747289563339,0.014503119499875315,-1.0,-1.0
3 weeks,2021-12-07,2021-12-29,G2,XLI,UBER,0.11502093074601771,0.5156000000000001,0.050768285335897285,-1.0,,,,,,,
3 weeks,2021-12-07,2021-12-29,G4,XLI,UNP,0.01922842007320269,0.23199999999999998,0.022845923885128797,-1.0,,,,,,,
3 weeks,2021-12-07,2021-12-29,G3,XLI,GE,-0.02744227716864389,,,,0.299,1.0,1.0410342344793375,0.029480487777839532,0.013549648772603545,-1.0,-1.0
3 weeks,2021-12-07,2021-12-29,G2,XLC,MTCH,-0.033097740576654155,0.47759999999999997,0.04702962328142858,-0.29623632367635655,,,,,,,
3 weeks,2021-12-07,2021-12-29,G3,XLC,META,0.062358744767829766,,,,0.3214,1.0,1.0443889926414398,0.03168671664236311,0.014524828289277715,0.9679774800163485,0.2371748407969385
3 weeks,2021-12-07,2021-12-29,G2,XLB,STLD,0.0028942354419403404,0.4606,0.04535674332219847,-1.0,,,,,,,
3 weeks,2021-12-07,2021-12-29,G4,XLB,SHW,0.02805979121154145,0.23199999999999998,0.022845923885128735,-1.0,,,,,,,
3 weeks,2021-12-07,2021-12-29,G1,XLB,FCX,0.08279603862651608,,,,0.46990000000000004,1.0,1.0676835024170996,0.04630630123526099,0.020856056562768267,0.7880080338498088,-0.2753886064734393
3 weeks,2021-12-07,2021-12-29,G3,XLB,IP,0.0015003990682085355,,,,0.27440000000000003,1.0,1.0373969092318691,0.027057331477036844,0.01247247289688866,-0.9445474115035395,-1.0
3 weeks,2021-12-07,2021-12-29,G2,XLE,OXY,-0.05946303460364755,0.5088,0.05009933675502751,0.18690263095509652,,,,,,,
3 weeks,2021-12-07,2021-12-29,G4,XLE,CVX,0.0002543227441595963,0.2418,0.02381142759712481,-1.0,,,,,,,
3 weeks,2021-12-07,2021-12-29,G3,XLE,PSX,0.005104678848190325,,,,0.369,1.0,1.051654590740862,0.036374174757285646,0.016579342103116346,-0.8596620024439785,-1.0
3 weeks,2021-12-07,2021-12-29,G4,XLP,HSY,0.05395613000602517,0.19879999999999998,0.019574807090785122,-1.0,,,,,,,
3 weeks,2021-12-07,2021-12-29,G3,XLP,SYY,0.06884295363726012,,,,0.3111,1.0,1.0428413235793463,0.030672272741001285,0.014077087645850065,1.2444686188915544,0.8470887382433288
3 weeks,2021-12-07,2021-12-29,G4,XLU,SO,0.05584003113048763,0.1784,0.01756468654454635,-1.0,,,,,,,
3 weeks,2021-12-07,2021-12-29,G1,XLU,PCG,-0.03617365801912531,,,,0.3691,1.0,1.051670051994316,0.03638402116545324,0.016583633099891498,-1.0,-1.0
3 weeks,2021-12-07,2021-12-29,G3,XLU,NRG,0.10370583928254717,,,,0.3136,1.0,1.0432161753014708,0.030918501344226672,0.014185866880018628,2.3541677239770835,3.2640794878935893
3 weeks,2021-12-29,2022-01-20,G2,XLK,PLTR,-0.19537700472365327,0.4636,0.04565599309416219,3.279328768968016,,,,,,,
3 weeks,2021-12-29,2022-01-20,G4,XLK,MSFT,-0.11799985464248786,0.1971,0.019411223871784532,5.078949757207645,,,,,,,
3 weeks,2021-12-29,2022-01-20,G1,XLK,AAPL,-0.08289662440698464,,,,0.259,1.0,1.035136956333982,0.025536517354859435,0.011794807079831809,-1.0,-1.0
3 weeks,2021-12-29,2022-01-20,G3,XLK,ORCL,-0.058754264540652246,,,,0.2465,1.0,1.0333228393747371,0.02430507159207481,0.011242854098673951,-1.0,-1.0
3 weeks,2021-12-29,2022-01-20,G2,XLY,ABNB,-0.0563784179632324,0.4175,0.04111867683951142,0.3711145955226285,,,,,,,
3 weeks,2021-12-29,2022-01-20,G4,XLY,MCD,-0.05720882329539356,0.136,0.013390365798959315,3.2723868902700017,,,,,,,
3 weeks,2021-12-29,2022-01-20,G1,XLY,AZO,-0.08142909590320335,,,,0.2193,1.0,1.0294182766289248,0.021625260808555515,0.010035887548058871,-1.0,-1.0
3 weeks,2021-12-29,2022-01-20,G3,XLY,RCL,0.03784200829366613,,,,0.45649999999999996,1.0,1.0654968900451405,0.04498394150139602,0.020294130216983126,-0.15876628346380572,-1.0
3 weeks,2021-12-29,2022-01-20,G4,XLV,UNH,-0.08422004416267093,0.20370000000000002,0.020061538181656405,3.1980850820142424,,,,,,,
3 weeks,2021-12-29,2022-01-20,G1,XLV,VRTX,0.02368795053124262,,,,0.4,1.0,1.0564796930018414,0.03942259861534817,0.01790453137851993,-0.39912762315926165,-1.0
3 weeks,2021-12-29,2022-01-20,G3,XLV,MDT,0.020779276337875352,,,,0.2235,1.0,1.0300173601224452,0.022039070842921882,0.010222788732845088,-0.05716187011809182,-1.0
3 weeks,2021-12-29,2022-01-20,G4,XLI,MMM,-0.02712845048503687,0.16510000000000002,0.016258019786093,0.6686196007857257,,,,,,,
3 weeks,2021-12-29,2022-01-20,G1,XLI,UBER,-0.10927930969610533,,,,0.4549,1.0,1.0652377882383792,0.0448264793247046,0.020226912001126213,-1.0,-1.0
3 weeks,2021-12-29,2022-01-20,G3,XLI,HON,0.006697946514103936,,,,0.18469999999999998,1.0,1.0245357762008487,0.01821605544246947,0.008488743723244374,-0.6323053289304206,-1.0
3 weeks,2021-12-29,2022-01-20,G2,XLC,NFLX,-0.1675402094603291,0.3237,0.03188283593588907,4.254871611710571,,,,,,,
3 weeks,2021-12-29,2022-01-20,G4,XLC,VZ,0.032150235787885784,0.1378,0.013567751543948306,-1.0,,,,,,,
3 weeks,2021-12-29,2022-01-20,G1,XLC,LYV,-0.06167069412272408,,,,0.4325,1.0,1.0616333899623913,0.04262183839573874,0.01928310124483154,-1.0,-1.0
3 weeks,2021-12-29,2022-01-20,G3,XLC,FOX,0.025887338665022464,,,,0.3096,1.0,1.042608858990176,0.03052079531522374,0.014011787965779345,-0.15181310324144826,-1.0
3 weeks,2021-12-29,2022-01-20,G4,XLB,ECL,-0.09535756832870168,0.1542,0.015183902655642963,5.280175162560256,,,,,,,
3 weeks,2021-12-29,2022-01-20,G1,XLB,FCX,0.03225248889774979,,,,0.41009999999999996,1.0,1.0580717321101123,0.040416890240500485,0.018334120828848652,-0.2020046889844458,-1.0
3 weeks,2021-12-29,2022-01-20,G3,XLB,IP,0.031036012764017684,,,,0.2378,1.0,1.0320675666962478,0.023447952970346915,0.01085768623296601,0.32361288865031534,-1.0
3 weeks,2021-12-29,2022-01-20,G2,XLE,OXY,0.19446330890017594,0.43439999999999995,0.04278218455691462,-1.0,,,,,,,
3 weeks,2021-12-29,2022-01-20,G4,XLE,CVX,0.08902064538108245,0.20350000000000001,0.02004183187003516,-1.0,,,,,,,
3 weeks,2021-12-29,2022-01-20,G1,XLE,EQT,-0.07368412257558732,,,,0.5175,1.0,1.0755404333139829,0.05098589989861632,0.02283742734215572,-1.0,-1.0
3 weeks,2021-12-29,2022-01-20,G3,XLE,KMI,0.10107381759511314,,,,0.2391,1.0,1.032254753560758,0.023576029809887378,0.010915292771487128,3.2871432726440073,5.304829881808025
3 weeks,2021-12-29,2022-01-20,G2,XLP,TGT,-0.02720244388660742,0.24280000000000002,0.02391388627639265,0.13751665338733088,,,,,,,
3 weeks,2021-12-29,2022-01-20,G4,XLP,KO,0.03053430007716429,0.13390000000000002,0.013183414976176075,-1.0,,,,,,,
3 weeks,2021-12-29,2022-01-20,G1,XLP,CHD,0.009902743270786774,,,,0.1593,1.0,1.0210110202793141,0.015713141340565034,0.007344480785761954,-0.3697795331846341,-1.0
3 weeks,2021-12-29,2022-01-20,G4,XLU,AEE,-0.01158463894186279,0.1153,0.011350387041775871,0.020638230152394854,,,,,,,
3 weeks,2021-12-29,2022-01-20,G1,XLU,VST,-0.006401594077308448,,,,0.2767,1.0,1.0377271523115053,0.027280145829543575,0.012573461712967075,-1.0,-1.0
3 weeks,2022-01-20,2022-02-10,G2,XLK,PLTR,-0.07250338401092593,0.6152000000000001,0.06052782157638177,0.19785219627360662,,,,,,,
3 weeks,2022-01-20,2022-02-10,G1,XLK,MU,0.0699422635633653,,,,0.4606,1.0,1.0662372947648302,0.04542228428168092,0.020466257460239688,0.5398226810793274,-0.8189718464290352
3 weeks,2022-01-20,2022-02-10,G3,XLK,CRM,-0.023638651058551674,,,,0.35240000000000005,1.0,1.0491659343184734,0.034771111964245476,0.01586557646166954,-1.0,-1.0
3 weeks,2022-01-20,2022-02-10,G2,XLY,CMG,0.11092335216346183,0.3638,0.03579407808704188,-1.0,,,,,,,
3 weeks,2022-01-20,2022-02-10,G1,XLY,F,-0.16060247533853556,,,,0.5956,1.0,1.0889550838388933,0.05870073365535853,0.026039316586680947,-1.0,-1.0
3 weeks,2022-01-20,2022-02-10,G3,XLY,NKE,0.014642774773072187,,,,0.2917,1.0,1.040015576830004,0.028793152509170552,0.013230680581070605,-0.49144940734056863,-1.0
3 weeks,2022-01-20,2022-02-10,G2,XLV,PFE,-0.05671175052222499,0.3685,0.036256851469335404,0.5641664464491483,,,,,,,
3 weeks,2022-01-20,2022-02-10,G4,XLV,AMGN,-0.0003494104895128691,0.2382,0.023423452292594245,-0.9850828782560245,,,,,,,
3 weeks,2022-01-20,2022-02-10,G1,XLV,VRTX,0.03184462079463035,,,,0.42219999999999996,1.0,1.0600653916127065,0.041642981890389355,0.018847383999002154,-0.23529441579255383,-1.0
3 weeks,2022-01-20,2022-02-10,G3,XLV,DHR,-0.0026859317903173974,,,,0.3444,1.0,1.0479426557989564,0.03398334080631591,0.015520553673702659,-1.0,-1.0
3 weeks,2022-01-20,2022-02-10,G2,XLI,UBER,-0.001850864499975069,0.6406999999999999,0.06303391834214231,-0.9706370070486692,,,,,,,
3 weeks,2022-01-20,2022-02-10,G4,XLI,GD,0.012154518280433013,0.2606,0.02563014857325071,-1.0,,,,,,,
3 weeks,2022-01-20,2022-02-10,G1,XLI,BA,0.02128949767317545,,,,0.39549999999999996,1.0,1.0558478523490553,0.03901466160006624,0.017712788334616474,-0.4543205861578139,-1.0
3 weeks,2022-01-20,2022-02-10,G3,XLI,CTAS,0.0035498415352686052,,,,0.3898,1.0,1.0549552591949731,0.038453506911728955,0.0174696106800233,-0.9076848428046561,-1.0
3 weeks,2022-01-20,2022-02-10,G2,XLC,CHTR,0.06005321588275314,0.3574,0.03516390032692395,-1.0,,,,,,,
3 weeks,2022-01-20,2022-02-10,G4,XLC,VZ,-0.006741629803262872,0.1868,0.0183592608240048,-0.6327940504855071,,,,,,,
3 weeks,2022-01-20,2022-02-10,G1,XLC,LYV,0.05771965246222366,,,,0.45159999999999995,1.0,1.064779433704796,0.044536593562873504,0.020088191712868513,0.2960051015293583,-1.0
3 weeks,2022-01-20,2022-02-10,G3,XLC,NFLX,-0.20064932038345273,,,,0.555,1.0,1.0819531919194998,0.05470881869464467,0.024382365519951644,-1.0,-1.0
3 weeks,2022-01-20,2022-02-10,G2,XLB,NUE,0.21177997139257698,0.5093,0.0501143607131279,-1.0,,,,,,,
3 weeks,2022-01-20,2022-02-10,G4,XLB,DOW,0.05431569616569365,0.3325,0.03271192126705099,-1.0,,,,,,,
3 weeks,2022-01-20,2022-02-10,G1,XLB,FCX,0.016670577451085578,,,,0.511,1.0,1.0745308179541455,0.050381147492983905,0.022568209014922524,-0.6691108027381267,-1.0
3 weeks,2022-01-20,2022-02-10,G3,XLB,SHW,-0.05956415437910101,,,,0.3035,1.0,1.0417708306805005,0.02995538889493307,0.013745987330866988,-1.0,-1.0
3 weeks,2022-01-20,2022-02-10,G4,XLE,PSX,0.04631596601368915,0.36219999999999997,0.03563653560973435,-1.0,,,,,,,
3 weeks,2022-01-20,2022-02-10,G1,XLE,SLB,0.060511955717005295,,,,0.4403,1.0,1.0629588446740632,0.04342448648540294,0.01961233439356832,0.3934984755052022,-1.0
3 weeks,2022-01-20,2022-02-10,G4,XLP,HSY,0.021389912876021544,0.225,0.022122997640249987,-1.0,,,,,,,
3 weeks,2022-01-20,2022-02-10,G1,XLP,KDP,0.004461062080102884,,,,0.2401,1.0,1.0324718973448663,0.023710186647094438,0.01095959288022358,-0.8118504022552876,-1.0
3 weeks,2022-01-20,2022-02-10,G3,XLP,COST,0.07548550597152914,,,,0.2924,1.0,1.0401193870058694,0.02886210036147426,0.013261291456706703,1.6153850560470246,1.6668683876768267
3 weeks,2022-01-20,2022-02-10,G4,XLU,SO,-0.02843264046349525,0.1789,0.017580845978142964,0.6172509843294001,,,,,,,
3 weeks,2022-01-20,2022-02-10,G1,XLU,VST,0.01610690637687373,,,,0.3947,1.0,1.0557224115212138,0.038935904138467016,0.017678678587336797,-0.5863225284407656,-1.0
3 weeks,2022-01-20,2022-02-10,G3,XLU,NEE,-0.09651579740026373,,,,0.2706,1.0,1.0369050204251893,0.026714774573086984,0.0123054961236755,-1.0,-1.0
3 weeks,2022-02-10,2022-03-04,G2,XLK,PLTR,-0.19174043517789363,0.8306,0.08161232031696385,1.3494055117317711,,,,,,,
3 weeks,2022-02-10,2022-03-04,G4,XLK,IBM,-0.0516778758936518,0.2188,0.021451203066355104,1.4090898647407504,,,,,,,
3 weeks,2022-02-10,2022-03-04,G3,XLK,CRM,-0.06734971205878326,,,,0.4339,1.0,1.0620559804056122,0.04285201601483386,0.019342240486098356,-1.0,-1.0
3 weeks,2022-02-10,2022-03-04,G2,XLY,F,-0.0680308770454825,0.45280000000000004,0.044492768854257396,0.5290322179841771,,,,,,,
3 weeks,2022-02-10,2022-03-04,G4,XLY,MAR,-0.08816132382395836,0.3936,0.03866604104760545,1.2800711279288857,,,,,,,
3 weeks,2022-02-10,2022-03-04,G1,XLY,AZO,-0.024840968858898083,,,,0.34159999999999996,1.0,1.0476375051136135,0.03376559159350843,0.015399635521973818,-1.0,-1.0
3 weeks,2022-02-10,2022-03-04,G3,XLY,SBUX,-0.05539795681320281,,,,0.2565,1.0,1.0349666406370546,0.02538430518979315,0.01168455291667131,-1.0,-1.0
3 weeks,2022-02-10,2022-03-04,G2,XLV,PFE,-0.03853734114543128,0.2914,0.028602644599589118,0.3473348945497461,,,,,,,
3 weeks,2022-02-10,2022-03-04,G4,XLV,AMGN,0.02660171932345201,0.2217,0.021736901089891146,-1.0,,,,,,,
3 weeks,2022-02-10,2022-03-04,G3,XLV,GILD,0.001133038263830377,,,,0.2322,1.0,1.0314556076008916,0.022990542780109587,0.010609322906658275,-0.9507172025181277,-1.0
3 weeks,2022-02-10,2022-03-04,G2,XLI,TT,-0.026857231971748052,0.34630000000000005,0.03400914961024888,-0.2102939273831651,,,,,,,
3 weeks,2022-02-10,2022-03-04,G4,XLI,GD,0.15965382642822457,0.2168,0.02125416846152709,-1.0,,,,,,,
3 weeks,2022-02-10,2022-03-04,G3,XLI,ADP,0.01420638450233036,,,,0.2544,1.0,1.0346613592098568,0.02517744489499652,0.01159188674699074,-0.4357495543499913,-1.0
3 weeks,2022-02-10,2022-03-04,G2,XLC,META,-0.12281318781670902,0.4216,0.041422186737527115,1.96491318999932,,,,,,,
3 weeks,2022-02-10,2022-03-04,G4,XLC,NWSA,-0.08495047762375074,0.5768,0.05668978436636482,0.4985147425283487,,,,,,,
3 weeks,2022-02-10,2022-03-04,G1,XLC,OMC,-0.0766642527881134,,,,0.2953,1.0,1.0406708195227894,0.029205996494603,0.013388051686124005,-1.0,-1.0
3 weeks,2022-02-10,2022-03-04,G2,XLB,AMCR,-0.018485302859280184,0.353,0.03466886380146575,-0.46680390320439047,,,,,,,
3 weeks,2022-02-10,2022-03-04,G4,XLB,DOW,-0.023137385332323457,0.27690000000000003,0.02717448111498783,-0.14856201910834999,,,,,,,
3 weeks,2022-02-10,2022-03-04,G1,XLB,NUE,0.1408833555636484,,,,0.4401,1.0,1.0630502598910423,0.04346219690305939,0.019603900335342705,2.241514824431973,2.970286235963228
3 weeks,2022-02-10,2022-03-04,G3,XLB,ECL,-0.10269561759713852,,,,0.34090000000000004,1.0,1.047530868921357,0.03369666336259929,0.015369392990747095,-1.0,-1.0
3 weeks,2022-02-10,2022-03-04,G4,XLE,EOG,0.05405659003072727,0.4498,0.04419754696539641,-1.0,,,,,,,
3 weeks,2022-02-10,2022-03-04,G1,XLE,HAL,0.05685265631203684,,,,0.4269,1.0,1.0609373444939783,0.04216307379264985,0.019046342250121782,0.348399231792909,-1.0
3 weeks,2022-02-10,2022-03-04,G3,XLE,EQT,0.22348580700322396,,,,0.5379999999999999,1.0,1.0791905652454346,0.05309375951011922,0.02368372988243622,3.209266947100055,5.092589405218572
3 weeks,2022-02-10,2022-03-04,G2,XLP,KR,0.3107975679277566,0.3735,0.036687251575331134,-1.0,,,,,,,
3 weeks,2022-02-10,2022-03-04,G4,XLP,MO,0.06596274136807301,0.19870000000000002,0.019470952284328685,-1.0,,,,,,,
3 weeks,2022-02-10,2022-03-04,G1,XLP,MDLZ,-0.04403178586041845,,,,0.1868,1.0,1.0250210865952918,0.01851775215515955,0.008583024964860391,-1.0,-1.0
3 weeks,2022-02-10,2022-03-04,G3,XLP,KMB,-0.005007663228379755,,,,0.1968,1.0,1.0264244734664754,0.019502998204617025,0.009031308890049872,-1.0,-1.0
3 weeks,2022-02-10,2022-03-04,G2,XLU,WEC,0.03657184426611182,0.20620000000000002,0.020209865341138597,-1.0,,,,,,,
3 weeks,2022-02-10,2022-03-04,G4,XLU,XEL,0.06231399902607926,0.24239999999999998,0.023776116703660765,-1.0,,,,,,,
3 weeks,2022-02-10,2022-03-04,G1,XLU,PCG,-0.016681550766764697,,,,0.3467,1.0,1.0484156457956144,0.03426777583219271,0.015619817128468046,-1.0,-1.0
3 weeks,2022-02-10,2022-03-04,G3,XLU,NEE,0.06897631767493095,,,,0.2814,1.0,1.0386133660918522,0.02783695289696693,0.012779651982270695,1.4778688217145524,1.3758825064408255
3 weeks,2022-03-04,2022-03-25,G2,XLK,PLTR,0.18339418082900583,0.8622,0.08473137530965878,-1.0,,,,,,,
3 weeks,2022-03-04,2022-03-25,G3,XLK,ADBE,-0.045363080406355616,,,,0.5183,1.0,1.0758352299153817,0.051137858968838414,0.02287053261099836,-1.0,-1.0
3 weeks,2022-03-04,2022-03-25,G3,XLY,DASH,0.17171155353184253,,,,0.9076000000000001,1.0,1.1480144050232493,0.08936130239632704,0.038249595518900496,0.9215426468415062,-0.38046015422872503
3 weeks,2022-03-04,2022-03-25,G4,XLV,BSX,-0.010464037626314093,0.4365,0.04290869286140584,-0.7561324540900666,,,,,,,
3 weeks,2022-03-04,2022-03-25,G3,XLV,PFE,0.08489149629677284,,,,0.35509999999999997,1.0,1.0496627184891263,0.03507623826074981,0.01598186884962031,1.4201995569110406,1.2042965149525267
3 weeks,2022-03-04,2022-03-25,G4,XLI,UNP,0.03306480000496026,0.3086,0.030316414009675576,-1.0,,,,,,,
3 weeks,2022-03-04,2022-03-25,G1,XLI,LMT,-0.009800288382750266,,,,0.3969,1.0,1.0561507477865142,0.03919157935824484,0.017772464336853044,-1.0,-1.0
3 weeks,2022-03-04,2022-03-25,G3,XLI,UBER,0.14180360242721157,,,,0.7076,1.0,1.1091390246393342,0.06974329936747732,0.030527265160024734,1.0332218824355968,0.07001323625450473
3 weeks,2022-03-04,2022-03-25,G2,XLC,TTWO,-0.022213749945318106,0.5808,0.057103346034509075,-0.6109903974472228,,,,,,,
3 weeks,2022-03-04,2022-03-25,G4,XLC,VZ,-0.06949757796452594,0.2249,0.02207176600173621,2.14870943988166,,,,,,,
3 weeks,2022-03-04,2022-03-25,G1,XLC,OMC,0.08476615744050697,,,,0.3053,1.0,1.0421217141782022,0.03017213640451528,0.013824461836365395,1.8094184748489193,2.0847091023918187
3 weeks,2022-03-04,2022-03-25,G3,XLC,NFLX,0.03350559739563308,,,,0.4996,1.0,1.0727201059426588,0.049298339341817016,0.022095015843454087,-0.3203503841515365,-1.0
3 weeks,2022-03-04,2022-03-25,G4,XLB,PKG,0.05059549886628889,0.3169,0.031133831232396266,-1.0,,,,,,,
3 weeks,2022-03-04,2022-03-25,G1,XLB,FCX,0.03632005042693742,,,,0.5852,1.0,1.0872330622405104,0.05771665073137325,0.02561642008244401,-0.3707179823032437,-1.0
3 weeks,2022-03-04,2022-03-25,G3,XLB,ECL,0.059794325200991816,,,,0.3556,1.0,1.0497394668918443,0.03512547021642137,0.0160033960246068,0.702306754402898,-0.37170471231935276
3 weeks,2022-03-04,2022-03-25,G4,XLE,KMI,0.01220845308819185,0.3065,0.030109592817465784,-1.0,,,,,,,
3 weeks,2022-03-04,2022-03-25,G1,XLE,OXY,0.048087841560114475,,,,0.894,1.0,1.1452447098548006,0.08802877328826002,0.03773596832350376,-0.4537258698057104,-1.0
3 weeks,2022-03-04,2022-03-25,G3,XLE,PSX,-0.005338137770518836,,,,0.4215,1.0,1.060037600625407,0.041613074866059335,0.01881773239019858,-1.0,-1.0
3 weeks,2022-03-04,2022-03-25,G4,XLP,MO,0.01967380908176386,0.2738,0.02688885372268336,-1.0,,,,,,,
3 weeks,2022-03-04,2022-03-25,G1,XLP,ADM,0.1291060588785069,,,,0.34619999999999995,1.0,1.0483000583017055,0.034199888628866464,0.01559824288426675,2.7750432546594515,4.1804553356652
3 weeks,2022-03-04,2022-03-25,G3,XLP,MNST,-0.03221843035433225,,,,0.3895,1.0,1.0549915093225972,0.03846309460780716,0.017456802460614075,-1.0,-1.0
3 weeks,2022-03-04,2022-03-25,G2,XLU,PCG,0.06964303985016973,0.4215,0.041432346883691976,-1.0,,,,,,,
3 weeks,2022-03-04,2022-03-25,G4,XLU,D,0.015356410228749562,0.24480000000000002,0.024032194451283163,-1.0,,,,,,,
3 weeks,2022-03-04,2022-03-25,G3,XLU,NEE,0.04650292000540324,,,,0.3251,1.0,1.0450955766642551,0.03212209778471115,0.014685390386077017,0.4476924986990374,-0.9041671141080141
3 weeks,2022-03-25,2022-04-18,G2,XLK,MU,-0.08774365005629658,0.5807,0.057026375019643076,0.538650317963798,,,,,,,
3 weeks,2022-03-25,2022-04-18,G4,XLK,TXN,-0.04510533026125352,0.2498,0.024459732836499853,0.8440647149647287,,,,,,,
3 weeks,2022-03-25,2022-04-18,G1,XLK,NVDA,-0.21338285031613557,,,,0.49200000000000005,1.0,1.0715953531290348,0.048611450864532835,0.02177882597290461,-1.0,-1.0
3 weeks,2022-03-25,2022-04-18,G3,XLK,INTU,0.02249967005048248,,,,0.32880000000000004,1.0,1.0457842083601967,0.03254830399475808,0.014845806466503585,-0.30872987870255897,-1.0
3 weeks,2022-03-25,2022-04-18,G4,XLY,ORLY,0.0259611309924328,0.2231,0.02182961060615415,-1.0,,,,,,,
3 weeks,2022-03-25,2022-04-18,G1,XLY,TSLA,-0.006283153260782548,,,,0.5532,1.0,1.0818652601270553,0.05463069182458873,0.02430852813424391,-1.0,-1.0
3 weeks,2022-03-25,2022-04-18,G3,XLY,SBUX,-0.08976563290597295,,,,0.2631,1.0,1.0360178001157765,0.026077886270355025,0.011975476497574727,-1.0,-1.0
3 weeks,2022-03-25,2022-04-18,G4,XLV,UNH,0.041030728041865805,0.2735,0.02679413119091284,-1.0,,,,,,,
3 weeks,2022-03-25,2022-04-18,G3,XLV,GILD,0.0453234155059008,,,,0.2325,1.0,1.0315876909161106,0.02306370469033953,0.010622636818138725,0.9651402979021428,0.29306167808879224
3 weeks,2022-03-25,2022-04-18,G4,XLI,TDG,-0.06267677243136027,0.3223,0.031600130793960964,0.983433956018255,,,,,,,
3 weeks,2022-03-25,2022-04-18,G1,XLI,NOC,0.016150782376390227,,,,0.2817,1.0,1.0387472481051707,0.027909871964881833,0.012792804945950262,-0.4213236665251513,-1.0
3 weeks,2022-03-25,2022-04-18,G3,XLI,TT,-0.06183305383660331,,,,0.2535,1.0,1.0346199174822377,0.025132295341243522,0.01155215794333545,-1.0,-1.0
3 weeks,2022-03-25,2022-04-18,G4,XLC,TMUS,0.05205567890052176,0.2531,0.024784787688778308,-1.0,,,,,,,
3 weeks,2022-03-25,2022-04-18,G3,XLC,NFLX,-0.0962685351082263,,,,0.3921,1.0,1.0555288447393345,0.03878048114646911,0.01756777580355189,-1.0,-1.0
3 weeks,2022-03-25,2022-04-18,G2,XLB,AMCR,0.016754720521915845,0.2212,0.021642439780890487,-1.0,,,,,,,
3 weeks,2022-03-25,2022-04-18,G4,XLB,DOW,0.018238131135148272,0.2721,0.026656239976504577,-1.0,,,,,,,
3 weeks,2022-03-25,2022-04-18,G1,XLB,STLD,0.015500499103109355,,,,0.4581,1.0,1.0660475096696336,0.04527612257718134,0.02036132225954237,-0.6576451731994962,-1.0
3 weeks,2022-03-25,2022-04-18,G3,XLB,SHW,0.003915073949198655,,,,0.26239999999999997,1.0,1.035915621711066,0.026008938050462446,0.011944643456235573,-0.8494719799169529,-1.0
3 weeks,2022-03-25,2022-04-18,G4,XLE,OKE,0.00318239903917239,0.273,0.026744884413905098,-1.0,,,,,,,
3 weeks,2022-03-25,2022-04-18,G1,XLE,OXY,0.045307328400186364,,,,0.585,1.0,1.087332884716186,0.05775720151780375,0.02560827706759712,-0.21555533838978935,-1.0
3 weeks,2022-03-25,2022-04-18,G4,XLP,MO,0.018277025488363297,0.2,0.019553936701724044,-1.0,,,,,,,
3 weeks,2022-03-25,2022-04-18,G1,XLP,ADM,0.03176818273999715,,,,0.2798,1.0,1.0384671561920327,0.02772273970181699,0.012709486397019016,0.14592508105954005,-1.0
3 weeks,2022-03-25,2022-04-18,G3,XLP,MNST,0.04752230798209167,,,,0.2999,1.0,1.0414450241414488,0.029702328849618296,0.01358893389949545,0.59995225366655,-0.5527769959298603
3 weeks,2022-03-25,2022-04-18,G4,XLU,SO,0.06908212884215947,0.16870000000000002,0.016470227169161994,-1.0,,,,,,,
3 weeks,2022-03-25,2022-04-18,G1,XLU,PCG,0.016694330316533446,,,,0.2681,1.0,1.0367487890124032,0.02657036833275389,0.01219555750480963,-0.3716936811916879,-1.0
3 weeks,2022-03-25,2022-04-18,G3,XLU,NEE,-0.026566722573927226,,,,0.22329999999999997,1.0,1.0302703224238572,0.02215742005657071,0.010213893087922499,-1.0,-1.0
3 weeks,2022-04-18,2022-05-09,G2,XLK,AMD,-0.08020022183669406,0.6297,0.0617688206345634,0.29839328342003646,,,,,,,
3 weeks,2022-04-18,2022-05-09,G3,XLK,LRCX,-0.0497291780611836,,,,0.5019,1.0,1.0733794644830361,0.04965176983956546,0.022190590014245365,-1.0,-1.0
3 weeks,2022-04-18,2022-05-09,G4,XLY,ROST,-0.10603874087407172,0.32520000000000004,0.031814191214647534,2.333064171225909,,,,,,,
3 weeks,2022-04-18,2022-05-09,G1,XLY,DASH,-0.3774975629967108,,,,1.0362,1.0,1.1754600483422801,0.10206960127131531,0.04302628745818489,-1.0,-1.0
3 weeks,2022-04-18,2022-05-09,G3,XLY,SBUX,-0.07675886991468828,,,,0.3675,1.0,1.0518444912898783,0.036426129806686726,0.016514964530700293,-1.0,-1.0
3 weeks,2022-04-18,2022-05-09,G4,XLV,UNH,-0.0892377832499669,0.22940000000000002,0.022379458827173106,2.9874862005874134,,,,,,,
3 weeks,2022-04-18,2022-05-09,G1,XLV,VRTX,-0.16951124639491633,,,,0.4443,1.0,1.0639613180981746,0.0439850005729433,0.01978092926447092,-1.0,-1.0
3 weeks,2022-04-18,2022-05-09,G3,XLV,ABT,-0.07653284633700042,,,,0.2852,1.0,1.0394044934026816,0.028322589244473676,0.012946184281259683,-1.0,-1.0
3 weeks,2022-04-18,2022-05-09,G2,XLI,TT,-0.07830908522281999,0.29969999999999997,0.02930320708514412,1.6723725152432358,,,,,,,
3 weeks,2022-04-18,2022-05-09,G4,XLI,RTX,-0.12032596745671853,0.2937,0.028712347371724414,3.1907394717303452,,,,,,,
3 weeks,2022-04-18,2022-05-09,G1,XLI,LMT,-0.0611845040883372,,,,0.32020000000000004,1.0,1.044627061289605,0.03176918162718931,0.01447272270884087,-1.0,-1.0
3 weeks,2022-04-18,2022-05-09,G3,XLI,MMM,0.04241352680864385,,,,0.281,1.0,1.038784462326856,0.027908964742570434,0.01276211318283218,0.5197097850050001,-0.7156376510851166
3 weeks,2022-04-18,2022-05-09,G2,XLC,OMC,-0.015648741320408055,0.3015,0.029480462118491233,-0.4691826316184974,,,,,,,
3 weeks,2022-04-18,2022-05-09,G4,XLC,VZ,-0.08934252824697553,0.1864,0.01814368754446525,3.924165940800143,,,,,,,
3 weeks,2022-04-18,2022-05-09,G3,XLC,MTCH,-0.21841486950345257,,,,0.625,1.0,1.0944880370642802,0.06175430765531676,0.027229102135986706,-1.0,-1.0
3 weeks,2022-04-18,2022-05-09,G4,XLB,PKG,-6.211899267061227e-05,0.29719999999999996,0.029057017323538704,-0.9978621689907489,,,,,,,
3 weeks,2022-04-18,2022-05-09,G1,XLB,NUE,-0.23659942602249462,,,,0.4855,1.0,1.0706686404642507,0.04803854183809896,0.021507937264975532,-1.0,-1.0
3 weeks,2022-04-18,2022-05-09,G3,XLB,PPG,0.009774113967304654,,,,0.285,1.0,1.0393749358032935,0.028302892994730208,0.012937423314772883,-0.6546602508399219,-1.0
3 weeks,2022-04-18,2022-05-09,G4,XLE,EOG,-0.04362617363147481,0.4399,0.04310471572255744,0.012097467763706904,,,,,,,
3 weeks,2022-04-18,2022-05-09,G1,XLE,EQT,-0.19670352630783627,,,,0.6108,1.0,1.0919834870396468,0.060358871052259254,0.026655494283928886,-1.0,-1.0
3 weeks,2022-04-18,2022-05-09,G3,XLE,PSX,0.026617802581816896,,,,0.36939999999999995,1.0,1.052138278022676,0.036613172403260744,0.01659650545930615,-0.2729992831911401,-1.0
3 weeks,2022-04-18,2022-05-09,G4,XLP,KO,0.002638037405982896,0.2024,0.019719843489760795,-1.0,,,,,,,
3 weeks,2022-04-18,2022-05-09,G1,XLP,ADM,-0.12544041291546837,,,,0.3478,1.0,1.0488160557489117,0.03448668593564349,0.01566727114561281,-1.0,-1.0
3 weeks,2022-04-18,2022-05-09,G3,XLP,KMB,0.12307952646122722,,,,0.2673,1.0,1.03677186371003,0.026559714601932096,0.012160362807920417,3.634068110516286,6.097457873130428
3 weeks,2022-04-18,2022-05-09,G4,XLU,SO,-0.021099534792819452,0.233,0.022734058556953606,-0.07189757869406832,,,,,,,
3 weeks,2022-04-18,2022-05-09,G1,XLU,PCG,-0.007389120570932994,,,,0.3851,1.0,1.0545774094594915,0.03815866260149841,0.017268840511689344,-1.0,-1.0
3 weeks,2022-05-09,2022-05-31,G4,XLK,IBM,0.03272865762734689,0.2966,0.02898429243836733,-1.0,,,,,,,
3 weeks,2022-05-09,2022-05-31,G3,XLK,PLTR,0.1635389089531225,,,,0.9809,1.0,1.1636024754528733,0.09667212969083766,0.04098983282676185,0.6916862127288208,-1.0
3 weeks,2022-05-09,2022-05-31,G3,XLY,AMZN,0.10497845880748358,,,,0.5524,1.0,1.0819031526340535,0.05463076861750398,0.024275701210230084,0.9215995210041368,-0.0494484186637727
3 weeks,2022-05-09,2022-05-31,G2,XLV,VRTX,0.1430941579978695,0.3861,0.037796010595479476,-1.0,,,,,,,
3 weeks,2022-05-09,2022-05-31,G4,XLV,MRK,0.05009093553039423,0.2534,0.024729807622297966,-1.0,,,,,,,
3 weeks,2022-05-09,2022-05-31,G3,XLV,ISRG,0.09069997636353633,,,,0.5449,1.0,1.0806271212653173,0.05389332474774021,0.023967639965429718,0.6829538127045947,-0.5797310409891124
3 weeks,2022-05-09,2022-05-31,G3,XLI,BA,-0.014327535046798512,,,,0.6033,1.0,1.0906963196392665,0.05963436592838138,0.026351740946047118,-1.0,-1.0
3 weeks,2022-05-09,2022-05-31,G4,XLC,T,0.08900258102992353,0.301,0.029417579196385026,-1.0,,,,,,,
3 weeks,2022-05-09,2022-05-31,G3,XLC,NFLX,0.14061236801582266,,,,0.7082999999999999,1.0,1.109584272998199,0.06994895341117266,0.030554938107158595,1.0102140369317278,0.015485448172260607
3 weeks,2022-05-09,2022-05-31,G2,XLB,NEM,-0.015525218011029018,0.4241,0.04153605136498819,-0.6262230640412876,,,,,,,
3 weeks,2022-05-09,2022-05-31,G4,XLB,PKG,-0.02176890971359635,0.3144,0.03073708451280472,-0.2917705091864641,,,,,,,
3 weeks,2022-05-09,2022-05-31,G1,XLB,AMCR,0.04849958026675738,,,,0.3741,1.0,1.0528935652562001,0.03708875230972664,0.01679804893785996,0.30766276152239813,-1.0
3 weeks,2022-05-09,2022-05-31,G3,XLB,DD,0.059909868027895996,,,,0.42210000000000003,1.0,1.0604350045946376,0.04181320097045465,0.018843148365028466,0.4327979355186993,-1.0
3 weeks,2022-05-09,2022-05-31,G2,XLE,BKR,0.2031752594833256,0.5223,0.05119692851135488,-1.0,,,,,,,
3 weeks,2022-05-09,2022-05-31,G4,XLE,EOG,0.1612683482732178,0.5364,0.05258352969637302,-1.0,,,,,,,
3 weeks,2022-05-09,2022-05-31,G1,XLE,VLO,0.10306889647819184,,,,0.5459,1.0,1.0807969696930155,0.05399165310749873,0.02400874707062647,0.9089783428742055,-0.07234114634723965
3 weeks,2022-05-09,2022-05-31,G3,XLE,OKE,0.06708794711928157,,,,0.4253,1.0,1.060944683966663,0.04212811743773702,0.01897863739638253,0.5924743662812317,-0.6763064162978586
3 weeks,2022-05-09,2022-05-31,G4,XLP,MO,-0.021172641621225674,0.2733,0.026689714206425,-0.20671156470724605,,,,,,,
3 weeks,2022-05-09,2022-05-31,G3,XLP,COST,-0.0653729965072396,,,,0.4152,1.0,1.0593389652206038,0.041134141748390314,0.01855063978859181,-1.0,-1.0
3 weeks,2022-05-09,2022-05-31,G1,XLU,VST,0.09283049821498413,,,,0.3851,1.0,1.0546047132655885,0.03817155069445904,0.017268840511689414,1.4319289241885418,1.2135698643762698
3 weeks,2022-05-09,2022-05-31,G3,XLU,NEE,0.07652557984717911,,,,0.3525,1.0,1.049562827709343,0.03496234780488913,0.015869884961124403,1.1887997989791135,0.6989885058326148
3 weeks,2022-05-31,2022-06-22,G4,XLK,IBM,-0.012676588563910185,0.23170000000000002,0.02252336282898672,-0.4371804663380048,,,,,,,
3 weeks,2022-05-31,2022-06-22,G3,XLK,PLTR,0.03801842305342773,,,,0.7159,1.0,1.1111384035524,0.07075874410637147,0.030855089818566415,-0.46270353532173036,-1.0
3 weeks,2022-05-31,2022-06-22,G2,XLY,TSLA,-0.0659404041500461,0.705,0.06907843223810672,-0.04542703107742985,,,,,,,
3 weeks,2022-05-31,2022-06-22,G4,XLY,MCD,-0.030938428950666674,0.2065,0.020041346916629448,0.5437300237039102,,,,,,,
3 weeks,2022-05-31,2022-06-22,G3,XLY,AMZN,-0.09366569138301983,,,,0.4901,1.0,1.0715961625917325,0.048568958623795164,0.021699687332878508,-1.0,-1.0
3 weeks,2022-05-31,2022-06-22,G4,XLV,BMY,0.014579498324694296,0.2141,0.020789908074426364,-1.0,,,,,,,
3 weeks,2022-05-31,2022-06-22,G3,XLV,ISRG,-0.11869620604861775,,,,0.4334,1.0,1.0623792759106907,0.042990787037985395,0.019321121646107036,-1.0,-1.0
3 weeks,2022-05-31,2022-06-22,G4,XLI,MMM,-0.12653232385592594,0.2441,0.023744609136271015,4.328886364469221,,,,,,,
3 weeks,2022-05-31,2022-06-22,G3,XLI,UBER,-0.07327589254458555,,,,0.6511,1.0,1.0993136387155038,0.0643952776731363,0.02827832031106263,-1.0,-1.0
3 weeks,2022-05-31,2022-06-22,G2,XLC,NWSA,-0.13218382812092122,0.3843,0.037548523499226744,2.5203468952286068,,,,,,,
3 weeks,2022-05-31,2022-06-22,G4,XLC,T,-0.04556148328948739,0.2158,0.02095734750846431,1.1740100110992504,,,,,,,
3 weeks,2022-05-31,2022-06-22,G3,XLC,NFLX,-0.09395257247664146,,,,0.5611,1.0,1.0835330024237915,0.055550819702937786,0.02463235361465437,-1.0,-1.0
3 weeks,2022-05-31,2022-06-22,G2,XLB,NUE,-0.18586752844656151,0.5115999999999999,0.050073374000873,2.7119034248285536,,,,,,,
3 weeks,2022-05-31,2022-06-22,G4,XLB,IP,-0.14881321526672397,0.2785,0.027132326783988144,4.484719996611001,,,,,,,
3 weeks,2022-05-31,2022-06-22,G1,XLB,AMCR,-0.09465648300509766,,,,0.2974,1.0,1.04137838158024,0.02960362183983356,0.013479787032554468,-1.0,-1.0
3 weeks,2022-05-31,2022-06-22,G3,XLB,MLM,-0.10922851130830291,,,,0.3447,1.0,1.0485083070788823,0.0342606355891893,0.015533504259828853,-1.0,-1.0
3 weeks,2022-05-31,2022-06-22,G4,XLE,EOG,-0.18010478564150445,0.3472,0.03389654996219646,4.313366281889116,,,,,,,
3 weeks,2022-05-31,2022-06-22,G1,XLE,OXY,-0.19383592640472225,,,,0.5696,1.0,1.0849920353475662,0.056386419442995876,0.024980084298277336,-1.0,-1.0
3 weeks,2022-05-31,2022-06-22,G3,XLE,TRGP,-0.16662037996634105,,,,0.40259999999999996,1.0,1.057487824466854,0.039959835633459735,0.018015220133080614,-1.0,-1.0
3 weeks,2022-05-31,2022-06-22,G4,XLP,PM,-0.06654121960707016,0.261,0.02540897361324867,1.6188078518990014,,,,,,,
3 weeks,2022-05-31,2022-06-22,G3,XLP,TGT,-0.13015847824830462,,,,0.3615,1.0,1.0510850037897899,0.03591446601397306,0.01625721740773919,-1.0,-1.0
3 weeks,2022-05-31,2022-06-22,G4,XLU,SO,-0.10533988566702457,0.203,0.01969661038526295,4.348122524972121,,,,,,,
3 weeks,2022-05-31,2022-06-22,G1,XLU,VST,-0.13194110159959316,,,,0.3688,1.0,1.0522119377190835,0.03663305122986369,0.016570759794090496,-1.0,-1.0
3 weeks,2022-05-31,2022-06-22,G3,XLU,NEE,-0.013211734749183579,,,,0.3038,1.0,1.0423324147452777,0.030233802237584508,0.013759068831237172,-1.0,-1.0
3 weeks,2022-06-22,2022-07-14,G3,XLK,NVDA,-0.060391360298313046,,,,0.5854,1.0,1.0880436969691696,0.05808408511029473,0.025624562704800243,-1.0,-1.0
3 weeks,2022-06-22,2022-07-14,G2,XLY,HLT,0.011516145311250225,0.43310000000000004,0.042193135166442984,-1.0,,,,,,,
3 weeks,2022-06-22,2022-07-14,G3,XLY,RCL,-0.14745151471838802,,,,0.78,1.0,1.1235603755835228,0.0771908987327012,0.03336512592660035,-1.0,-1.0
3 weeks,2022-06-22,2022-07-14,G2,XLV,BSX,-0.008641633955525085,0.37420000000000003,0.036397452780794703,-0.7625758591522942,,,,,,,
3 weeks,2022-06-22,2022-07-14,G1,XLV,VRTX,0.05082441504892854,,,,0.3299,1.0,1.0465677235069968,0.03295238680928374,0.014893469601436704,0.5423591420882956,-0.7141907389047173
3 weeks,2022-06-22,2022-07-14,G3,XLV,ISRG,0.01839299437352082,,,,0.45799999999999996,1.0,1.0666601429683962,0.045557823026155894,0.020357123523424177,-0.5962714381027157,-1.0
3 weeks,2022-06-22,2022-07-14,G3,XLI,GE,-0.05232484773392454,,,,0.3948,1.0,1.0565748249511793,0.039339845430709494,0.01768294267072682,-1.0,-1.0
3 weeks,2022-06-22,2022-07-14,G3,XLC,NFLX,-0.0229749734193071,,,,0.5782,1.0,1.086796800828311,0.057376491458263415,0.025331180852569513,-1.0,-1.0
3 weeks,2022-06-22,2022-07-14,G2,XLB,AMCR,0.04468802150218609,0.4253,0.04142573742171308,-1.0,,,,,,,
3 weeks,2022-06-22,2022-07-14,G3,XLB,DD,-0.043283944309919886,,,,0.361,1.0,1.0513194398650154,0.03601350326633654,0.01623572136147722,-1.0,-1.0
3 weeks,2022-06-22,2022-07-14,G2,XLE,EQT,0.02964644584005538,0.6478,0.06329955932238582,-1.0,,,,,,,
3 weeks,2022-06-22,2022-07-14,G3,XLE,OKE,0.019137822215578693,,,,0.41159999999999997,1.0,1.0592226370980258,0.0409929509468904,0.018397830875125584,-0.5331435826522188,-1.0
3 weeks,2022-06-22,2022-07-14,G4,XLP,MNST,0.0772537172279284,0.3106,0.03013734639547562,-1.0,,,,,,,
3 weeks,2022-06-22,2022-07-14,G3,XLP,TGT,0.038918027260301136,,,,0.38689999999999997,1.0,1.0553379357983517,0.03856243941079915,0.01734575849941265,0.009221093243454659,-1.0
3 weeks,2022-06-22,2022-07-14,G2,XLU,VST,0.009687512551749045,0.39630000000000004,0.038572286007277586,-1.0,,,,,,,
3 weeks,2022-06-22,2022-07-14,G3,XLU,PCG,0.011111265751422739,,,,0.4366,1.0,1.0632070840810643,0.04345263296149375,0.01945623774357909,-0.7442901616279698,-1.0
3 weeks,2022-07-14,2022-08-04,G3,XLK,NVDA,0.2499998598664921,,,,0.5806,1.0,1.0876673870981752,0.057817222712733984,0.02542903139030838,3.3239686746736563,5.383745817002911
3 weeks,2022-07-14,2022-08-04,G4,XLY,MCD,0.03182901895875467,0.2613,0.025065815308710535,-1.0,,,,,,,
3 weeks,2022-07-14,2022-08-04,G3,XLY,RCL,0.2611892799485813,,,,0.8343,1.0,1.1345919945309588,0.0827146141273483,0.03546172179432554,2.157716235566927,2.5699700694702328
3 weeks,2022-07-14,2022-08-04,G4,XLV,GILD,0.001617724830431433,0.2632,0.025252828166855402,-1.0,,,,,,,
3 weeks,2022-07-14,2022-08-04,G3,XLV,ISRG,0.18672610058806582,,,,0.5018,1.0,1.0743007162256162,0.050072352185384215,0.022186435724201408,2.7291258037318644,4.067302642028877
3 weeks,2022-07-14,2022-08-04,G3,XLI,GE,0.20592535199470396,,,,0.5045000000000001,1.0,1.0747496292849719,0.05033779690390816,0.022298566196690173,3.0908693796791136,4.882697638613326
3 weeks,2022-07-14,2022-08-04,G4,XLC,T,-0.10132805554677082,0.289,0.0277921813473731,2.6459194865014903,,,,,,,
3 weeks,2022-07-14,2022-08-04,G3,XLC,DIS,0.1772648618007442,,,,0.3771,1.0,1.0542523178819379,0.03780780083321654,0.016926572432002598,3.6885790205762445,6.267421943395342
3 weeks,2022-07-14,2022-08-04,G2,XLB,NEM,-0.1765777711873685,0.4572,0.04434079196120335,2.982287265907833,,,,,,,
3 weeks,2022-07-14,2022-08-04,G3,XLB,DOW,0.04274049827259341,,,,0.4104,1.0,1.0594763855537834,0.04108380561513514,0.01834686470568429,0.0403247126855224,-1.0
3 weeks,2022-07-14,2022-08-04,G2,XLE,HAL,-0.0025604227740797514,0.6242,0.060754247470988704,-0.9578560696467776,,,,,,,
3 weeks,2022-07-14,2022-08-04,G3,XLE,FANG,0.09127519878273516,,,,0.7772,1.0,1.1234943392894614,0.07711672798515384,0.03325628055896189,0.1835979192517989,-1.0
3 weeks,2022-07-14,2022-08-04,G4,XLP,GIS,0.010977250139335704,0.23600000000000002,0.022575529997502616,-1.0,,,,,,,
3 weeks,2022-07-14,2022-08-04,G3,XLP,TGT,0.13856007974770979,,,,0.3626,1.0,1.0520066065479816,0.0363811423198344,0.016304499433843787,2.8085686955510747,4.308563660658366
3 weeks,2022-07-14,2022-08-04,G2,XLU,VST,0.11731356784765512,0.4054,0.039245843865795264,-1.0,,,,,,,
3 weeks,2022-07-14,2022-08-04,G4,XLU,NEE,0.0979660255153878,0.31739999999999996,0.030587215780931674,-1.0,,,,,,,
3 weeks,2022-07-14,2022-08-04,G3,XLU,PCG,0.103896132850535,,,,0.42219999999999996,1.0,1.061350010195727,0.042244532262664385,0.018847383999002053,1.4593983478036554,1.2574020170152416
3 weeks,2022-08-04,2022-08-25,G4,XLK,AAPL,0.026875080506859383,0.2576,0.02467033113688443,-1.0,,,,,,,
3 weeks,2022-08-04,2022-08-25,G1,XLK,AMD,-0.06476761735874792,,,,0.4936,1.0,1.0730060779170432,0.049296039303494854,0.021845440733921022,-1.0,-1.0
3 weeks,2022-08-04,2022-08-25,G3,XLK,MU,-0.056283922018700805,,,,0.39640000000000003,1.0,1.0573325888689533,0.03973681580454668,0.017751153824254927,-1.0,-1.0
3 weeks,2022-08-04,2022-08-25,G4,XLY,ORLY,0.009633389837176098,0.2347,0.022416389529575916,-1.0,,,,,,,
3 weeks,2022-08-04,2022-08-25,G3,XLY,RCL,0.11837781191714059,,,,0.6625,1.0,1.1022199818795784,0.0658907782490866,0.028734542348414112,0.7965763201284024,-0.4376861882244695
3 weeks,2022-08-04,2022-08-25,G4,XLV,UNH,0.014651007392715298,0.2351,0.02245576021952242,-1.0,,,,,,,
3 weeks,2022-08-04,2022-08-25,G3,XLV,MDT,-0.011479650796588636,,,,0.2477,1.0,1.0348846202524928,0.025104174163085715,0.011295915656749669,-1.0,-1.0
3 weeks,2022-08-04,2022-08-25,G4,XLI,ETN,0.0009909209068919012,0.2477,0.023695928411104523,-1.0,,,,,,,
3 weeks,2022-08-04,2022-08-25,G3,XLI,CAT,0.08298824172993657,,,,0.30210000000000004,1.0,1.042887184715359,0.03045820783935673,0.013684927546130382,1.724659381393507,1.9303083176291147
3 weeks,2022-08-04,2022-08-25,G4,XLC,LYV,-0.02205129770132208,0.4521,0.043807127429526214,-0.49662762670762484,,,,,,,
3 weeks,2022-08-04,2022-08-25,G3,XLC,MTCH,-0.09559610759647885,,,,0.5557,1.0,1.0834494004221804,0.05540009559465948,0.024411071389160276,-1.0,-1.0
3 weeks,2022-08-04,2022-08-25,G2,XLB,NEM,-0.0030915791944921,0.3948,0.038171171965884355,-0.9190074856162334,,,,,,,
3 weeks,2022-08-04,2022-08-25,G4,XLB,MLM,0.006361246448296054,0.2908,0.027937879820758058,-1.0,,,,,,,
3 weeks,2022-08-04,2022-08-25,G3,XLB,FCX,0.15542392591191523,,,,0.5132,1.0,1.076265490164851,0.05122289859453078,0.0226593765430081,2.034266513151019,2.4934074905732464
3 weeks,2022-08-04,2022-08-25,G1,XLE,EQT,0.20378592722182098,,,,0.5922,1.0,1.0897477653495,0.05898646956495301,0.025901178511145515,2.454791051656719,3.4028174943178504
3 weeks,2022-08-04,2022-08-25,G3,XLE,EOG,0.2544581449189942,,,,0.4866,1.0,1.0718501371481435,0.04860781215061579,0.021553810029308965,4.234922817149888,7.472191576456304
3 weeks,2022-08-04,2022-08-25,G4,XLP,MDLZ,0.0032686533046319965,0.2007,0.019069864950002915,-1.0,,,,,,,
3 weeks,2022-08-04,2022-08-25,G1,XLP,CL,0.00037109344994634696,,,,0.205,1.0,1.0287689337490897,0.020901345755760144,0.009398071784785064,-0.9822454757563147,-1.0
3 weeks,2022-08-04,2022-08-25,G3,XLP,TGT,0.011946956440141543,,,,0.5329,1.0,1.0795755527764221,0.05315931705775732,0.023473578554511633,-0.7752612881169788,-1.0
3 weeks,2022-08-04,2022-08-25,G4,XLU,DTE,0.04488381457208357,0.2498,0.023902621171333707,-1.0,,,,,,,
3 weeks,2022-08-04,2022-08-25,G1,XLU,ETR,0.012324004253296383,,,,0.2225,1.0,1.0312578968274964,0.022623824175668984,0.010178306098268504,-0.45526431970107273,-1.0
3 weeks,2022-08-04,2022-08-25,G3,XLU,NRG,0.09504331495339224,,,,0.3164,1.0,1.0450305853036754,0.031865475737973555,0.014307620188724909,1.9826422719975523,2.4955309820936726
3 weeks,2022-08-25,2022-09-16,G2,XLK,PLTR,-0.076009484642106,0.5904,0.05729222312871558,0.32669811871917154,,,,,,,
3 weeks,2022-08-25,2022-09-16,G1,XLK,AMD,-0.21269806651610423,,,,0.4539,1.0,1.0667225562852665,0.045493132299637425,0.020184887319119067,-1.0,-1.0
3 weeks,2022-08-25,2022-09-16,G3,XLK,MU,-0.13643784805978787,,,,0.3911,1.0,1.0567150725539127,0.039316979016435674,0.017525102101998823,-1.0,-1.0
3 weeks,2022-08-25,2022-09-16,G4,XLY,MCD,-0.023822171999692054,0.15539999999999998,0.014508980066559377,0.6418915658032989,,,,,,,
3 weeks,2022-08-25,2022-09-16,G1,XLY,F,-0.0759574916243081,,,,0.3987,1.0,1.0579083909357858,0.0400645220963403,0.01784916061245341,-1.0,-1.0
3 weeks,2022-08-25,2022-09-16,G3,XLY,BKNG,-0.0657641572787725,,,,0.3649,1.0,1.0526383893023963,0.03673971430532603,0.016403320655849884,-1.0,-1.0
3 weeks,2022-08-25,2022-09-16,G4,XLV,ELV,-0.02201576660373117,0.2409,0.022922200954238657,-0.03954394921835935,,,,,,,
3 weeks,2022-08-25,2022-09-16,G3,XLV,PFE,-0.03903978522119678,,,,0.26239999999999997,1.0,1.0372336332949403,0.026654478443986936,0.011944643456235573,-1.0,-1.0
3 weeks,2022-08-25,2022-09-16,G4,XLI,HON,-0.11515238231506641,0.19519999999999998,0.018425038470610295,5.249777035675963,,,,,,,
3 weeks,2022-08-25,2022-09-16,G3,XLI,CAT,-0.09759654159393993,,,,0.2681,1.0,1.0380678606480147,0.02721538714255574,0.012195557504809598,-1.0,-1.0
3 weeks,2022-08-25,2022-09-16,G4,XLC,TMUS,-0.048412556903282944,0.2483,0.023650414257027266,1.0470067195080128,,,,,,,
3 weeks,2022-08-25,2022-09-16,G3,XLC,CMCSA,-0.08191471542353213,,,,0.2773,1.0,1.0394198473616025,0.028120702166159185,0.01259979719377899,-1.0,-1.0
3 weeks,2022-08-25,2022-09-16,G2,XLB,NEM,-0.018740164033654083,0.3464,0.03330317465641999,-0.4372859576604503,,,,,,,
3 weeks,2022-08-25,2022-09-16,G4,XLB,CTVA,-0.029886383633160984,0.27440000000000003,0.026218797145542434,0.13988385764836853,,,,,,,
3 weeks,2022-08-25,2022-09-16,G1,XLB,STLD,-0.13531574462566398,,,,0.4376,1.0,1.0640927995293563,0.04389029476095508,0.019498439911121164,-1.0,-1.0
3 weeks,2022-08-25,2022-09-16,G3,XLB,LYB,-0.1382775077254661,,,,0.0437,1.0,1.0071478182628926,0.005160264680464091,0.002044078877485125,-1.0,-1.0
3 weeks,2022-08-25,2022-09-16,G4,XLE,OKE,-0.09647405809760201,0.265,0.02529379651061928,2.81413909363502,,,,,,,
3 weeks,2022-08-25,2022-09-16,G1,XLE,DVN,-0.07274072897511064,,,,0.5414,1.0,1.0812332982505928,0.054094432332913625,0.023823686806894326,-1.0,-1.0
3 weeks,2022-08-25,2022-09-16,G3,XLE,BKR,-0.10694182588772816,,,,0.41850000000000004,1.0,1.0610401911082634,0.04201193150778276,0.01869059666850426,-1.0,-1.0
3 weeks,2022-08-25,2022-09-16,G4,XLP,GIS,-0.03401816636973842,0.1931,0.018218393913682348,0.8672428827104341,,,,,,,
3 weeks,2022-08-25,2022-09-16,G3,XLP,MO,-0.06799278164263323,,,,0.2489,1.0,1.0352682243017168,0.02532599404763893,0.011348961465524153,-1.0,-1.0
3 weeks,2022-08-25,2022-09-16,G4,XLU,SO,-0.023634953980255724,0.17149999999999999,0.016093006509463183,0.4686475125923588,,,,,,,
3 weeks,2022-08-25,2022-09-16,G1,XLU,AEE,-0.04156883496908559,,,,0.2809,1.0,1.0399507433810404,0.0284749515442825,0.012757728212496874,-1.0,-1.0
3 weeks,2022-08-25,2022-09-16,G3,XLU,NRG,0.02356520697496589,,,,0.2721,1.0,1.0386548432595464,0.02760900421213498,0.012371426723617891,-0.14646660944735235,-1.0
3 weeks,2022-09-16,2022-10-07,G2,XLK,PLTR,0.04755776333469264,0.5946,0.05759943592122869,-1.0,,,,,,,
3 weeks,2022-09-16,2022-10-07,G3,XLK,NVDA,-0.08501288882771485,,,,0.5755,1.0,1.0872839801736232,0.057541017222276544,0.025221031287431854,-1.0,-1.0
3 weeks,2022-09-16,2022-10-07,G4,XLY,SBUX,-0.04687336817444321,0.3049,0.02911832432378392,0.6097550000896483,,,,,,,
3 weeks,2022-09-16,2022-10-07,G3,XLY,HD,0.030257045403356164,,,,0.2939,1.0,1.0420804224511644,0.029853807182816498,0.0133268684056563,0.01350709536208572,-1.0
3 weeks,2022-09-16,2022-10-07,G4,XLV,SYK,-0.054343227029074126,0.30079999999999996,0.028714961419500532,0.8925056605567732,,,,,,,
3 weeks,2022-09-16,2022-10-07,G3,XLV,ISRG,-0.08532095311066112,,,,0.4045,1.0,1.0590294983870325,0.040733058127953,0.018096063594988495,-1.0,-1.0
3 weeks,2022-09-16,2022-10-07,G3,XLI,MMM,-0.07795207323640285,,,,0.32049999999999995,1.0,1.046064602233341,0.032470716350790796,0.014485750545899411,-1.0,-1.0
3 weeks,2022-09-16,2022-10-07,G3,XLC,CMCSA,-0.144545124119958,,,,0.3669,1.0,1.0531535591674974,0.03703502793910836,0.01648920687425186,-1.0,-1.0
3 weeks,2022-09-16,2022-10-07,G2,XLB,AMCR,-0.07547164476990753,0.2917,0.027819679087634174,1.712886965092801,,,,,,,
3 weeks,2022-09-16,2022-10-07,G4,XLB,CTVA,-0.008475840801305479,0.30260000000000004,0.028892048061557422,-0.7066375916568158,,,,,,,
3 weeks,2022-09-16,2022-10-07,G3,XLB,NUE,-0.013064908740039516,,,,0.4916,1.0,1.0731025301138803,0.049296668904672304,0.02176216823983042,-1.0,-1.0
3 weeks,2022-09-16,2022-10-07,G4,XLE,CVX,0.022882666070743074,0.3443,0.032994304234573744,-1.0,,,,,,,
3 weeks,2022-09-16,2022-10-07,G1,XLE,SLB,0.1099815961301589,,,,0.4936,1.0,1.0734333663230273,0.04949325397461471,0.02184544073392095,1.2221532693439183,0.6730369623708574
3 weeks,2022-09-16,2022-10-07,G3,XLE,BKR,-0.038655499409558036,,,,0.493,1.0,1.073334078815635,0.04943427872750139,0.02182046323020222,-1.0,-1.0
3 weeks,2022-09-16,2022-10-07,G2,XLP,KDP,-0.012625561464884583,0.2243,0.021188392413136324,-0.40412839168218095,,,,,,,
3 weeks,2022-09-16,2022-10-07,G3,XLP,CHD,-0.07603863524191912,,,,0.248,1.0,1.0353402251589094,0.025337866296755985,0.011309178585200296,-1.0,-1.0
3 weeks,2022-09-16,2022-10-07,G4,XLU,CEG,-0.013790105350517834,0.4376,0.04217024937306096,-0.6729897129959304,,,,,,,
3 weeks,2022-10-07,2022-10-28,G3,XLK,AMD,0.06108829190137288,,,,0.6185,1.0,1.0949369830050928,0.061826987663164114,0.026966778160581618,-0.011947788331783449,-1.0
3 weeks,2022-10-07,2022-10-28,G4,XLY,ORLY,0.17661130130838187,0.3048,0.029041925745422244,-1.0,,,,,,,
3 weeks,2022-10-07,2022-10-28,G3,XLY,DASH,-0.047175502027759886,,,,0.7841,1.0,1.1254786842524351,0.07807455233966329,0.03352437615258568,-1.0,-1.0
3 weeks,2022-10-07,2022-10-28,G4,XLV,VRTX,0.06320496889787242,0.34149999999999997,0.03265193652482572,-1.0,,,,,,,
3 weeks,2022-10-07,2022-10-28,G3,XLV,ISRG,0.2940428934702277,,,,0.5339,1.0,1.0803130589912604,0.0535172061101096,0.023514805137043026,4.494361810765042,8.089160349548353
3 weeks,2022-10-07,2022-10-28,G3,XLI,MMM,0.17745543905469807,,,,0.408,1.0,1.0597184652396179,0.04114161990254056,0.01824488753478001,3.313282740812543,5.453148784317771
3 weeks,2022-10-07,2022-10-28,G2,XLC,FOX,-0.06526975413055325,0.3845,0.03688107919485571,0.7697354729158041,,,,,,,
3 weeks,2022-10-07,2022-10-28,G3,XLC,CHTR,0.1782548608859129,,,,0.5259,1.0,1.07896332431228,0.05273113144436046,0.023184712939455853,2.3804482476162985,3.2826295427043313
3 weeks,2022-10-07,2022-10-28,G2,XLB,AMCR,0.08998159179711829,0.34659999999999996,0.03315356836791784,-1.0,,,,,,,
3 weeks,2022-10-07,2022-10-28,G3,XLB,IFF,0.09389835850537165,,,,0.4025,1.0,1.0588497992175399,0.040600782968350034,0.01801096417398161,1.3127228501620083,0.9459568599032859
3 weeks,2022-10-07,2022-10-28,G4,XLE,EOG,0.05517540933216036,0.4778,0.0460543483565962,-1.0,,,,,,,
3 weeks,2022-10-07,2022-10-28,G1,XLE,OXY,0.029226130198112932,,,,0.534,1.0,1.0803299665282886,0.05352703175589938,0.023518927246677823,-0.45399307154946345,-1.0
3 weeks,2022-10-07,2022-10-28,G3,XLE,OKE,0.0951771624135449,,,,0.4008,1.0,1.0585818192702985,0.040433612264073104,0.017938596950197463,1.3539119332682916,1.0400337464989713
3 weeks,2022-10-07,2022-10-28,G3,XLP,CHD,0.07989249944453669,,,,0.2777,1.0,1.0398155443523636,0.028325623152097266,0.012617352014466027,1.8205028011403637,2.176336448901813
3 weeks,2022-10-07,2022-10-28,G2,XLU,VST,0.045971534873319175,0.3953,0.03794316320743958,-1.0,,,,,,,
3 weeks,2022-10-07,2022-10-28,G3,XLU,D,0.07796247115840105,,,,0.3176,1.0,1.0457615946744627,0.0322506375896521,0.014359774503387395,1.4173931737528185,1.2424360825681688
3 weeks,2022-10-28,2022-11-18,G1,XLK,APH,0.042914970476849224,,,,0.3169,1.0,1.0460635297264538,0.032380277819355534,0.014329353024620862,0.32534287433434605,-1.0
3 weeks,2022-10-28,2022-11-18,G3,XLK,AMD,0.18642157210439336,,,,0.6453,1.0,1.100133652763355,0.06464815948739733,0.02804572832023899,1.8836330930772265,2.076686700939385
3 weeks,2022-10-28,2022-11-18,G4,XLY,MCD,-0.004189123635897407,0.2079,0.01931207688005866,-0.7830826968060076,,,,,,,
3 weeks,2022-10-28,2022-11-18,G3,XLY,DASH,0.23863151752073541,,,,1.0187,1.0,1.1738320057108074,0.10122118436453052,0.04238467868541124,1.357525443106311,0.5288428229192181
3 weeks,2022-10-28,2022-11-18,G2,XLV,VRTX,0.002357482557079127,0.2939,0.027768606341413194,-1.0,,,,,,,
3 weeks,2022-10-28,2022-11-18,G4,XLV,ABBV,0.049928451601961354,0.2637,0.024798825661321224,-1.0,,,,,,,
3 weeks,2022-10-28,2022-11-18,G3,XLV,DHR,0.035146890810651366,,,,0.30260000000000004,1.0,1.0439175810904435,0.030974083001497052,0.013706737029376312,0.13471933322296126,-1.0
3 weeks,2022-10-28,2022-11-18,G4,XLI,GD,-0.00997136646800667,0.253,0.02374663448322968,-0.5800934875614228,,,,,,,
3 weeks,2022-10-28,2022-11-18,G3,XLI,MMM,0.012987929853324198,,,,0.318,1.0,1.046229295145198,0.03248844538448203,0.01437715585326176,-0.6002292599839882,-1.0
3 weeks,2022-10-28,2022-11-18,G2,XLC,META,0.12953646756954806,0.5165,0.04965046803147544,-1.0,,,,,,,
3 weeks,2022-10-28,2022-11-18,G4,XLC,T,0.026515151994715103,0.24480000000000002,0.022940296852322017,-1.0,,,,,,,
3 weeks,2022-10-28,2022-11-18,G1,XLC,NWSA,0.05440556607220737,,,,0.4681,1.0,1.0697950715546276,0.047244645998957197,0.020780680372550545,0.15157103883068856,-1.0
3 weeks,2022-10-28,2022-11-18,G3,XLC,CHTR,0.01667394854244253,,,,0.41950000000000004,1.0,1.0619565993655353,0.04246787162467955,0.01873298558742182,-0.6073749895025891,-1.0
3 weeks,2022-10-28,2022-11-18,G1,XLB,FCX,0.12857127740822327,,,,0.5526,1.0,1.0839123249456546,0.05554658909896556,0.024283908536085724,1.3146565701658472,0.8390347828977223
3 weeks,2022-10-28,2022-11-18,G3,XLB,PPG,0.13137353351703718,,,,0.3317,1.0,1.0483021448436642,0.033835604084424285,0.014971436029481247,2.8827009912175035,4.548658693113444
3 weeks,2022-10-28,2022-11-18,G2,XLE,EQT,0.06436854785420243,0.604,0.05824410711122373,-1.0,,,,,,,
3 weeks,2022-10-28,2022-11-18,G4,XLE,COP,0.015030470779051175,0.40700000000000003,0.03888913889394275,-1.0,,,,,,,
3 weeks,2022-10-28,2022-11-18,G1,XLE,SLB,0.05926651445715958,,,,0.4535,1.0,1.0674190009627766,0.04580977995094715,0.02016807458140756,0.2937524371569096,-1.0
3 weeks,2022-10-28,2022-11-18,G3,XLE,OKE,0.09670847665467952,,,,0.3326,1.0,1.0484388574311054,0.033924102188259406,0.015010406310794729,1.85073061382738,2.2157436796938024
3 weeks,2022-10-28,2022-11-18,G4,XLP,MO,-0.045562514076116445,0.2353,0.022006147590299556,1.070444810440184,,,,,,,
3 weeks,2022-10-28,2022-11-18,G3,XLP,CL,0.024383560266004967,,,,0.22390000000000002,1.0,1.0324032508155383,0.023235159401240463,0.010240578699902424,0.04942513390732928,-1.0
3 weeks,2022-10-28,2022-11-18,G2,XLU,WEC,0.053246347700591556,0.24100000000000002,0.022566633873025887,-1.0,,,,,,,
3 weeks,2022-10-28,2022-11-18,G4,XLU,NRG,-0.04693119691754677,0.3944,0.037650453926908224,0.24649750594389763,,,,,,,
3 weeks,2022-10-28,2022-11-18,G3,XLU,D,-0.14767321424637225,,,,0.261,1.0,1.0377692405904893,0.026883266008060312,0.011882961371549624,-1.0,-1.0
3 weeks,2022-11-18,2022-12-12,G4,XLK,APH,0.006022035783917801,0.26839999999999997,0.02521238849945773,-1.0,,,,,,,
3 weeks,2022-11-18,2022-12-12,G3,XLK,INTU,0.08080082167776959,,,,0.4876,1.0,1.07309923329067,0.04920816083484847,0.02159550191010849,0.6420207605188055,-0.6433707158482562
3 weeks,2022-11-18,2022-12-12,G4,XLY,SBUX,0.04849402743546882,0.2721,0.025576198818590554,-1.0,,,,,,,
3 weeks,2022-11-18,2022-12-12,G3,XLY,TSLA,-0.06864973055988466,,,,0.6043,1.0,1.0929665537660418,0.06067009160888138,0.02639227306952512,-1.0,-1.0
3 weeks,2022-11-18,2022-12-12,G4,XLV,JNJ,0.01582254809879413,0.15130000000000002,0.01370216710016519,-1.0,,,,,,,
3 weeks,2022-11-18,2022-12-12,G3,XLV,ELV,0.08108897452732622,,,,0.2606,1.0,1.037809315801818,0.026892942830398416,0.011865333998862318,2.015251065631517,2.647571887117382
3 weeks,2022-11-18,2022-12-12,G4,XLI,PH,-0.03203245969806612,0.2877,0.027110112311988746,0.18156868291174888,,,,,,,
3 weeks,2022-11-18,2022-12-12,G3,XLI,UNP,0.02493113770172717,,,,0.24969999999999998,1.0,1.036221584257972,0.025821204508969964,0.011384316591462681,-0.0344703829340578,-1.0
3 weeks,2022-11-18,2022-12-12,G2,XLC,WBD,0.04642525336566439,0.5529999999999999,0.053185256414740936,-1.0,,,,,,,
3 weeks,2022-11-18,2022-12-12,G4,XLC,T,0.017395718651492142,0.2069,0.019165847996077283,-1.0,,,,,,,
3 weeks,2022-11-18,2022-12-12,G3,XLC,META,0.023739198159932418,,,,0.4378,1.0,1.0649854684340205,0.04431427478892315,0.019506879110187312,-0.4642990712810626,-1.0
3 weeks,2022-11-18,2022-12-12,G4,XLB,LIN,0.006905019370278653,0.25420000000000004,0.02381616209483658,-1.0,,,,,,,
3 weeks,2022-11-18,2022-12-12,G1,XLB,DD,0.011877557814586881,,,,0.29059999999999997,1.0,1.0422285796679087,0.029842763507221117,0.013182567101959778,-0.6019953778170413,-1.0
3 weeks,2022-11-18,2022-12-12,G3,XLB,IP,0.028795220301400137,,,,0.28309999999999996,1.0,1.0411169485361502,0.02910530345644433,0.012854172572521269,-0.010653836868875999,-1.0
3 weeks,2022-11-18,2022-12-12,G4,XLE,EOG,-0.12026701083714542,0.40619999999999995,0.03876075383170816,2.102803711179664,,,,,,,
3 weeks,2022-11-18,2022-12-12,G1,XLE,HAL,-0.06254235441255895,,,,0.4547,1.0,1.0677149564734643,0.04597520446571223,0.020218507883165163,-1.0,-1.0
3 weeks,2022-11-18,2022-12-12,G4,XLP,GIS,0.07170177218244,0.2014,0.018625201026241794,-1.0,,,,,,,
3 weeks,2022-11-18,2022-12-12,G3,XLP,CHD,0.062418344165083184,,,,0.2112,1.0,1.0306893483040007,0.022036052585448652,0.009674885144060638,1.8325556005570975,2.2795217089022297
3 weeks,2022-11-18,2022-12-12,G1,XLU,XEL,0.04694327026658751,,,,0.215,1.0,1.031230159155008,0.022409616764420975,0.009844334603129758,1.0947823766945324,0.5961577643433462
3 weeks,2022-11-18,2022-12-12,G3,XLU,D,0.02506588682241695,,,,0.27399999999999997,1.0,1.039774279747407,0.028210520821007442,0.012454903770743112,-0.11147025673658884,-1.0
3 weeks,2022-12-12,2023-01-04,G4,XLK,IBM,-0.04429979493562952,0.20600000000000002,0.019067806067142052,1.3232769821362744,,,,,,,
3 weeks,2022-12-12,2023-01-04,G3,XLK,PLTR,-0.09739369572870338,,,,0.5451,1.0,1.0827571688798578,0.05486623947194595,0.02397586218148687,-1.0,-1.0
3 weeks,2022-12-12,2023-01-04,G4,XLY,HD,-0.025153933317929367,0.2871,0.027041362845686662,-0.06979786997156934,,,,,,,
3 weeks,2022-12-12,2023-01-04,G3,XLY,TSLA,-0.3228459395183889,,,,0.6648999999999999,1.0,1.1037899884539575,0.0666271182417467,0.02883043038711693,-1.0,-1.0
3 weeks,2022-12-12,2023-01-04,G4,XLV,JNJ,0.01287669280876469,0.1588,0.014429452731875288,-1.0,,,,,,,
3 weeks,2022-12-12,2023-01-04,G3,XLV,MDT,0.024844096071378052,,,,0.252,1.0,1.0365754985844835,0.026057175788804666,0.011485923619753223,-0.046554535582009615,-1.0
3 weeks,2022-12-12,2023-01-04,G4,XLI,CTAS,-0.029710208754178957,0.3204,0.030315596044040338,-0.01996949982384877,,,,,,,
3 weeks,2022-12-12,2023-01-04,G4,XLC,T,-0.008290081511568292,0.21660000000000001,0.02010981093381211,-0.587759350952946,,,,,,,
3 weeks,2022-12-12,2023-01-04,G1,XLC,FOXA,-0.007928883384564656,,,,0.3358,1.0,1.0490449851463535,0.03429676773254229,0.015148897529419223,-1.0,-1.0
3 weeks,2022-12-12,2023-01-04,G3,XLC,LYV,-0.03519016836394784,,,,0.5284,1.0,1.0799280339264397,0.053225910378008244,0.023287935420465214,-1.0,-1.0
3 weeks,2022-12-12,2023-01-04,G4,XLB,VMC,-0.024817921767061768,0.32189999999999996,0.030463081252964472,-0.18531150670627916,,,,,,,
3 weeks,2022-12-12,2023-01-04,G1,XLB,IFF,0.027231611635242015,,,,0.3784,1.0,1.0556047859728983,0.03848499085549413,0.01698223662594151,-0.2924095594177716,-1.0
3 weeks,2022-12-12,2023-01-04,G2,XLE,EQT,-0.10024372292778994,0.562,0.05405900258870867,0.8543391133288851,,,,,,,
3 weeks,2022-12-12,2023-01-04,G3,XLE,FANG,-0.026749053195537997,,,,0.4661,1.0,1.0695903333263883,0.047104994318391095,0.02069689034247244,-1.0,-1.0
3 weeks,2022-12-12,2023-01-04,G4,XLP,HSY,-0.06694809510625366,0.1905,0.01754429505684107,2.8159467159752603,,,,,,,
3 weeks,2022-12-12,2023-01-04,G1,XLP,KMB,-0.0083358900752587,,,,0.1725,1.0,1.0252657171809942,0.01824242232348955,0.007940039714301074,-1.0,-1.0
3 weeks,2022-12-12,2023-01-04,G3,XLP,TGT,0.017929857319010534,,,,0.3353,1.0,1.0489688849994976,0.03424760733879353,0.015127265453995498,-0.47646394267371794,-1.0
3 weeks,2022-12-12,2023-01-04,G4,XLU,ED,-0.017895109179293822,0.2623,0.0246028929076131,-0.2726420731703292,,,,,,,
3 weeks,2022-12-12,2023-01-04,G1,XLU,DTE,0.0031154038725886846,,,,0.2644,1.0,1.038384792074609,0.02727638281901655,0.012032723713834306,-0.88578383382944,-1.0
3 weeks,2022-12-12,2023-01-04,G3,XLU,NRG,-0.017753310909266018,,,,0.43689999999999996,1.0,1.064861015236355,0.04423534301072186,0.019468899474082913,-1.0,-1.0
3 weeks,2023-01-04,2023-01-26,G4,XLK,AVGO,0.06843506450913472,0.3043,0.02866384743039293,-1.0,,,,,,,
3 weeks,2023-01-04,2023-01-26,G3,XLK,PLTR,0.10030392934113852,,,,0.5766,1.0,1.0883065349759553,0.05802549379351234,0.025265915694178465,0.7286182810968733,-0.5251549751688768
3 weeks,2023-01-04,2023-01-26,G4,XLY,NKE,0.05214083608138398,0.3081,0.029037435986645564,-1.0,,,,,,,
3 weeks,2023-01-04,2023-01-26,G3,XLY,TSLA,0.4103309145834091,,,,0.8264,1.0,1.1344248208978622,0.08252454855171648,0.035158365527804124,3.9722285281725958,6.847523328903143
3 weeks,2023-01-04,2023-01-26,G4,XLV,MRK,-0.04648451762034789,0.19949999999999998,0.018361822060109848,1.5315852352873631,,,,,,,
3 weeks,2023-01-04,2023-01-26,G3,XLV,CVS,-0.040384472408062644,,,,0.2606,1.0,1.0379675581642998,0.026971771628446047,0.011865333998862426,-1.0,-1.0
3 weeks,2023-01-04,2023-01-26,G4,XLI,TDG,0.1208725197024596,0.3097,0.02919473618298468,-1.0,,,,,,,
3 weeks,2023-01-04,2023-01-26,G3,XLI,ADP,-0.05590925649604561,,,,0.301,1.0,1.0439367479426225,0.03094356926828086,0.01363693722623051,-1.0,-1.0
3 weeks,2023-01-04,2023-01-26,G2,XLC,WBD,0.44508668927003403,0.6642,0.0640193423098857,-1.0,,,,,,,
3 weeks,2023-01-04,2023-01-26,G4,XLC,VZ,-0.005517182103547014,0.254,0.023718784714241367,-0.7673918723064092,,,,,,,
3 weeks,2023-01-04,2023-01-26,G3,XLC,MTCH,0.22527223439506927,,,,0.578,1.0,1.0885488171278832,0.05816295347113496,0.025323024084812424,2.8731223390653136,4.399174159028916
3 weeks,2023-01-04,2023-01-26,G1,XLB,NEM,0.05086373524470478,,,,0.3666,1.0,1.0539133043254045,0.03739262768509239,0.016476326625486388,0.36026105661953833,-1.0
3 weeks,2023-01-04,2023-01-26,G3,XLB,CTVA,0.057631025024812654,,,,0.2921,1.0,1.0426104033096864,0.030068583457881378,0.013248173156842446,0.9166524790081805,0.1337881485469945
3 weeks,2023-01-04,2023-01-26,G2,XLE,EQT,-0.0033123392633614968,0.5487,0.052681660972356915,-0.9371253828709087,,,,,,,
3 weeks,2023-01-04,2023-01-26,G3,XLE,FANG,0.1475274497138297,,,,0.4152,1.0,1.0615353768186013,0.04216968321533115,0.018550639788591724,2.498424424023058,3.6355313819479003
3 weeks,2023-01-04,2023-01-26,G2,XLP,KDP,-0.019921338224124563,0.2327,0.021624932142086148,-0.07877915670523838,,,,,,,
3 weeks,2023-01-04,2023-01-26,G4,XLP,PG,-0.06696632308269945,0.2143,0.019816353141834855,2.3793464722489714,,,,,,,
3 weeks,2023-01-04,2023-01-26,G3,XLP,COST,0.0914227242985246,,,,0.2699,1.0,1.0393299749517086,0.027886053458931807,0.012274720152010673,2.278438967104621,3.2439052541888573
3 weeks,2023-01-04,2023-01-26,G4,XLU,SO,-0.06881826191593443,0.19940000000000002,0.018351994888778474,2.749906336232367,,,,,,,
3 weeks,2023-01-04,2023-01-26,G1,XLU,DTE,-0.051940397721691234,,,,0.214,1.0,1.0312449474251935,0.022391021947688456,0.009799758123936117,-1.0,-1.0
3 weeks,2023-01-04,2023-01-26,G3,XLU,NRG,0.043627136740350014,,,,0.3373,1.0,1.0494134749790016,0.03451227476685433,0.015213777813795898,0.26410493179804995,-1.0
3 weeks,2023-01-26,2023-02-16,G4,XLK,ORCL,-0.023488590758143912,0.23199999999999998,0.021514481993826516,0.09175720637307827,,,,,,,
3 weeks,2023-01-26,2023-02-16,G1,XLK,APH,0.03788754086246948,,,,0.2667,1.0,1.0389458761064783,0.027613999606573982,0.012133962220965595,0.37204104447982966,-1.0
3 weeks,2023-01-26,2023-02-16,G3,XLK,AAPL,0.06935742308112225,,,,0.331,1.0,1.0485414760322365,0.03393494134784494,0.014941119850634031,1.0438350657566966,0.3931985859816629
3 weeks,2023-01-26,2023-02-16,G4,XLY,ROST,-0.04465247511658843,0.2569,0.02396198283888893,0.8634716257337456,,,,,,,
3 weeks,2023-01-26,2023-02-16,G3,XLY,AZO,0.06462220657021689,,,,0.21350000000000002,1.0,1.03125859391697,0.022384972033891188,0.00977746573795061,1.8868567033444492,2.4122965548984703
3 weeks,2023-01-26,2023-02-16,G2,XLV,PFE,-0.02937870120299979,0.2853,0.026753753285336287,0.09811512761098395,,,,,,,
3 weeks,2023-01-26,2023-02-16,G4,XLV,ABT,-0.04492645149419516,0.2107,0.019421131758166885,1.3132766953863486,,,,,,,
3 weeks,2023-01-26,2023-02-16,G1,XLV,BSX,0.002804769630959658,,,,0.26170000000000004,1.0,1.0382137562216331,0.02712249739434888,0.01191380508129816,-0.8965888137003176,-1.0
3 weeks,2023-01-26,2023-02-16,G3,XLV,CVS,0.0035363483096744197,,,,0.2875,1.0,1.0420131260230916,0.029658701714455324,0.013046904339554247,-0.8807652356559176,-1.0
3 weeks,2023-01-26,2023-02-16,G4,XLI,TDG,0.05425683765822953,0.3013,0.028326628247177903,-1.0,,,,,,,
3 weeks,2023-01-26,2023-02-16,G3,XLI,NOC,0.04933813905535822,,,,0.26489999999999997,1.0,1.0386820813843216,0.027437058068721452,0.012054736978488337,0.7982299316414039,-0.1160273600284879
3 weeks,2023-01-26,2023-02-16,G4,XLC,T,-0.036999838555300535,0.2011,0.018477781038744617,1.0023962010221088,,,,,,,
3 weeks,2023-01-26,2023-02-16,G1,XLC,WBD,0.02066669464111337,,,,0.5573,1.0,1.0850737322339548,0.056171022765644486,0.024476666581338544,-0.6320755146770531,-1.0
3 weeks,2023-01-26,2023-02-16,G3,XLC,TTWO,0.00563050546835786,,,,0.5473,1.0,1.0833654315386194,0.055189036001203756,0.02406628032643162,-0.8979778253739563,-1.0
3 weeks,2023-01-26,2023-02-16,G4,XLB,LYB,0.04100782544155446,0.3009,0.02828730627017897,-1.0,,,,,,,
3 weeks,2023-01-26,2023-02-16,G1,XLB,FCX,-0.059185946229803776,,,,0.3962,1.0,1.0586189809762723,0.04034378799099536,0.017742628889608127,-1.0,-1.0
3 weeks,2023-01-26,2023-02-16,G2,XLE,EQT,-0.03836880806815213,0.506,0.048444028289569396,-0.2079765159328547,,,,,,,
3 weeks,2023-01-26,2023-02-16,G1,XLE,MPC,-0.059830920331336856,,,,0.34259999999999996,1.0,1.0503085781684762,0.035075241573712765,0.015442830120508651,-1.0,-1.0
3 weeks,2023-01-26,2023-02-16,G3,XLE,FANG,-0.054239845262938124,,,,0.2901,1.0,1.0423989928162603,0.029914293336413787,0.01316069302471034,-1.0,-1.0
3 weeks,2023-01-26,2023-02-16,G2,XLP,CL,-0.036541994440273284,0.2291,0.021229452510755357,0.7212876508124861,,,,,,,
3 weeks,2023-01-26,2023-02-16,G1,XLP,PM,-0.038535197544963484,,,,0.2303,1.0,1.0336618078541708,0.02403607414288662,0.010524978489395428,-1.0,-1.0
3 weeks,2023-01-26,2023-02-16,G3,XLP,ADM,-0.03574011049455861,,,,0.2484,1.0,1.036276083277742,0.025815138889167033,0.01132686095878497,-1.0,-1.0
3 weeks,2023-01-26,2023-02-16,G2,XLU,WEC,-0.005141165509775392,0.2189,0.02022698062597532,-0.7458263492291504,,,,,,,
3 weeks,2023-01-26,2023-02-16,G1,XLU,D,-0.07158868934545537,,,,0.24420000000000003,1.0,1.0356671279995944,0.025402302791907166,0.011141108735115708,-1.0,-1.0
3 weeks,2023-01-26,2023-02-16,G3,XLU,NRG,0.02921320632332214,,,,0.2782,1.0,1.0406373920561767,0.028744475662046753,0.01263929310338427,0.016306808542492668,-1.0
3 weeks,2023-02-16,2023-03-10,G4,XLK,CSCO,-0.04765616021914609,0.2184,0.02014248979891101,1.3659518110676934,,,,,,,
3 weeks,2023-02-16,2023-03-10,G1,XLK,PLTR,-0.24304841650286746,,,,0.6199,1.0,1.096049284317265,0.062350983105624716,0.027023313341379293,-1.0,-1.0
3 weeks,2023-02-16,2023-03-10,G3,XLK,IBM,-0.07074081505551755,,,,0.17300000000000001,1.0,1.025628527250014,0.018443183114804022,0.007962560322747883,-1.0,-1.0
3 weeks,2023-02-16,2023-03-10,G4,XLY,ORLY,-0.04881675128258134,0.2262,0.020908999362870318,1.3347244138937073,,,,,,,
3 weeks,2023-02-16,2023-03-10,G1,XLY,TSLA,-0.14155608688930577,,,,0.7768999999999999,1.0,1.1249840366924477,0.07774815857484889,0.033244614262319644,-1.0,-1.0
3 weeks,2023-02-16,2023-03-10,G2,XLV,BMY,-0.07254778057105404,0.1913,0.017479834362291963,3.150370024532746,,,,,,,
3 weeks,2023-02-16,2023-03-10,G1,XLV,SYK,0.005623054909150271,,,,0.27140000000000003,1.0,1.039708879303264,0.02811230437743722,0.012340662149221075,-0.7999788692646912,-1.0
3 weeks,2023-02-16,2023-03-10,G3,XLV,PFE,-0.08288696785276783,,,,0.20559999999999998,1.0,1.030208535366563,0.021645532429954272,0.009424878792035438,-1.0,-1.0
3 weeks,2023-02-16,2023-03-10,G4,XLI,GE,0.08369256459040919,0.28350000000000003,0.026540895365641668,-1.0,,,,,,,
3 weeks,2023-02-16,2023-03-10,G1,XLI,UBER,-0.14108228708260562,,,,0.4329,1.0,1.0645232112304353,0.04398587727339109,0.01930000023111054,-1.0,-1.0
3 weeks,2023-02-16,2023-03-10,G3,XLI,NOC,-0.008367379357863247,,,,0.24960000000000002,1.0,1.0365230821548421,0.025969558090497006,0.011379897583304373,-1.0,-1.0
3 weeks,2023-02-16,2023-03-10,G4,XLC,CHTR,-0.1770362558314742,0.3207,0.030197568790287007,4.8625996371077935,,,,,,,
3 weeks,2023-02-16,2023-03-10,G1,XLC,META,0.04099986626545715,,,,0.3898,1.0,1.0576882948994741,0.03975027809642886,0.01746961068002329,0.03143596042263885,-1.0
3 weeks,2023-02-16,2023-03-10,G2,XLB,NEM,-0.0717431109513631,0.3668,0.03472892145146881,1.0658030239038379,,,,,,,
3 weeks,2023-02-16,2023-03-10,G4,XLB,LYB,-0.08833791786094614,0.273,0.025508790447888716,2.4630382824857766,,,,,,,
3 weeks,2023-02-16,2023-03-10,G1,XLB,DD,-0.06334976749577304,,,,0.2253,1.0,1.033016734251924,0.023581338664226598,0.010302829698343834,-1.0,-1.0
3 weeks,2023-02-16,2023-03-10,G3,XLB,SHW,-0.05480437407231964,,,,0.3139,1.0,1.0460301307803044,0.03228992992988919,0.014198915890666646,-1.0,-1.0
3 weeks,2023-02-16,2023-03-10,G2,XLE,EQT,-0.04008816001120563,0.45159999999999995,0.043062557848947865,-0.06907155511234653,,,,,,,
3 weeks,2023-02-16,2023-03-10,G4,XLE,XOM,-0.06869433247878465,0.2606,0.0242899556498392,1.8280962497039162,,,,,,,
3 weeks,2023-02-16,2023-03-10,G1,XLE,BKR,-0.09888394844080017,,,,0.3691,1.0,1.0544613091159962,0.037715770841311294,0.016583633099891405,-1.0,-1.0
3 weeks,2023-02-16,2023-03-10,G2,XLP,KO,-0.00016874376733255758,0.1464,0.013071102535250786,-0.9870903187487473,,,,,,,
3 weeks,2023-02-16,2023-03-10,G4,XLP,HSY,0.010713570809395945,0.174,0.01578060223936654,-1.0,,,,,,,
3 weeks,2023-02-16,2023-03-10,G1,XLP,CHD,0.013165837536789127,,,,0.2822,1.0,1.0413013359125434,0.02917389510626317,0.012814724388746536,-0.5487116996604732,-1.0
3 weeks,2023-02-16,2023-03-10,G3,XLP,ADM,-0.058462281152236284,,,,0.22190000000000001,1.0,1.0325298783735581,0.02324721548013273,0.010151611224762292,-1.0,-1.0
3 weeks,2023-02-16,2023-03-10,G1,XLU,VST,0.07449618072841191,,,,0.34159999999999996,1.0,1.0502295190597752,0.03501274528245208,0.01539963552197372,1.1276875071475327,0.5757945461767997
3 weeks,2023-02-16,2023-03-10,G3,XLU,NRG,-0.07188952788462666,,,,0.3136,1.0,1.0459849948311704,0.032260440573923396,0.014185866880018685,-1.0,-1.0
3 weeks,2023-03-10,2023-03-31,G2,XLK,MU,0.09848871513433588,0.5133,0.049081821862675595,-1.0,,,,,,,
3 weeks,2023-03-10,2023-03-31,G3,XLK,IBM,0.04495827396034402,,,,0.2279,1.0,1.0334717060170306,0.02387836071192572,0.010418381414436967,0.8828040376276847,0.10252902887546855
3 weeks,2023-03-10,2023-03-31,G2,XLY,DASH,0.19406353409524568,0.6688,0.06434551088171574,-1.0,,,,,,,
3 weeks,2023-03-10,2023-03-31,G3,XLY,HD,0.030770665152192844,,,,0.3007,1.0,1.044134002671692,0.031033230071942988,0.013623846699977252,-0.008460766705285283,-1.0
3 weeks,2023-03-10,2023-03-31,G2,XLV,LLY,0.090153257965081,0.2579,0.023984218073033678,-1.0,,,,,,,
3 weeks,2023-03-10,2023-03-31,G3,XLV,PFE,0.03579558959461249,,,,0.2691,1.0,1.039453487062543,0.027927329255175964,0.012239541097843951,0.281740522609343,-1.0
3 weeks,2023-03-10,2023-03-31,G4,XLI,LMT,-0.005825356134509629,0.22,0.02025976087527946,-0.7124666885077822,,,,,,,
3 weeks,2023-03-10,2023-03-31,G1,XLI,TT,-0.011816561656333824,,,,0.3173,1.0,1.0466252823007558,0.032664846903504755,0.014346737368352003,-1.0,-1.0
3 weeks,2023-03-10,2023-03-31,G3,XLI,MMM,0.01009029214704582,,,,0.27940000000000004,1.0,1.040970218916434,0.028939676264091864,0.012691940671833123,-0.6513336204950652,-1.0
3 weeks,2023-03-10,2023-03-31,G2,XLC,MTCH,0.0817131604026895,0.5751,0.05515023735557355,-1.0,,,,,,,
3 weeks,2023-03-10,2023-03-31,G1,XLC,WBD,0.05226480697300051,,,,0.5588000000000001,1.0,1.085493113719989,0.05639226839937935,0.02453813905675326,-0.07319197371432928,-1.0
3 weeks,2023-03-10,2023-03-31,G3,XLC,CHTR,0.085344004220538,,,,0.44689999999999996,1.0,1.0668620938569082,0.04540139741064287,0.019890427851903456,0.8797660223676687,-0.0708138356178648
3 weeks,2023-03-10,2023-03-31,G2,XLB,NEM,0.1627133229091755,0.36829999999999996,0.034835142420680164,-1.0,,,,,,,
3 weeks,2023-03-10,2023-03-31,G1,XLB,LIN,0.04459757183969937,,,,0.261,1.0,1.0382667213298766,0.027131232815173215,0.011882961371549651,0.6437724059025445,-0.4672329302542285
3 weeks,2023-03-10,2023-03-31,G3,XLB,AMCR,0.05959033655831525,,,,0.5034000000000001,1.0,1.0761319575722794,0.05095180409249852,0.02225289227504359,0.16954321087697344,-1.0
3 weeks,2023-03-10,2023-03-31,G2,XLE,BKR,-0.00722388291207221,0.41369999999999996,0.03929682950244724,-0.816171355207616,,,,,,,
3 weeks,2023-03-10,2023-03-31,G3,XLE,CVX,0.021857524545023876,,,,0.2959,1.0,1.0434178217899144,0.03056143886570176,0.013414266629886224,-0.2848005409341552,-1.0
3 weeks,2023-03-10,2023-03-31,G2,XLP,KDP,0.03383130773283605,0.2137,0.019640760248494885,-1.0,,,,,,,
3 weeks,2023-03-10,2023-03-31,G4,XLP,MO,-0.02234057344698881,0.2118,0.01945408535286524,0.14837439240999806,,,,,,,
3 weeks,2023-03-10,2023-03-31,G1,XLP,KR,0.04819539320062449,,,,0.2445,1.0,1.035865520468917,0.025509634966853097,0.011154383153407684,0.8893015624586162,0.1053836471397207
3 weeks,2023-03-10,2023-03-31,G3,XLP,KMB,0.09710648131514699,,,,0.21359999999999998,1.0,1.0314271111813145,0.02247327707307206,0.009781924436322075,3.320975574652702,5.714360815337409
3 weeks,2023-03-10,2023-03-31,G2,XLU,SRE,0.0574519283506123,0.2743,0.025596071906161873,-1.0,,,,,,,
3 weeks,2023-03-10,2023-03-31,G1,XLU,PCG,0.02147825128076164,,,,0.2973,1.0,1.043626514216198,0.030699044463052036,0.013475419759180027,-0.30036091818389343,-1.0
3 weeks,2023-03-10,2023-03-31,G3,XLU,NEE,0.05574556757601545,,,,0.30510000000000004,1.0,1.0447921502900905,0.03146570647013402,0.013815744164754507,0.7716293015358442,-0.20717862495831396
3 weeks,2023-03-31,2023-04-24,G4,XLK,AAPL,0.002607775270522694,0.2148,0.01981188645247016,-1.0,,,,,,,
3 weeks,2023-03-31,2023-04-24,G1,XLK,AMD,-0.10651976547143649,,,,0.4285,1.0,1.0637692528794154,0.0435303482974666,0.019114020680689518,-1.0,-1.0
3 weeks,2023-03-31,2023-04-24,G3,XLK,IBM,-0.04340531793917257,,,,0.2566,1.0,1.037494132732861,0.026633702097829535,0.011688964391522606,-1.0,-1.0
3 weeks,2023-03-31,2023-04-24,G4,XLY,MCD,0.04860365533092903,0.14279999999999998,0.0127403664654713,-1.0,,,,,,,
3 weeks,2023-03-31,2023-04-24,G3,XLY,GM,-0.06515817911171229,,,,0.3483,1.0,1.0512063697512544,0.03564786189327813,0.015688836917955622,-1.0,-1.0
3 weeks,2023-03-31,2023-04-24,G4,XLV,BSX,0.02618431751457706,0.1744,0.015842720543547694,-1.0,,,,,,,
3 weeks,2023-03-31,2023-04-24,G3,XLV,PFE,-0.02181343938822189,,,,0.20379999999999998,1.0,1.0299060712970398,0.021444469418949626,0.009344445792172555,-1.0,-1.0
3 weeks,2023-03-31,2023-04-24,G2,XLI,GD,-0.010559945698683904,0.1685,0.015263286335600196,-0.3081473107102918,,,,,,,
3 weeks,2023-03-31,2023-04-24,G4,XLI,CTAS,-0.010201549887369876,0.2097,0.019310717605295874,-0.47171565055810694,,,,,,,
3 weeks,2023-03-31,2023-04-24,G3,XLI,MMM,-0.0004756532461609453,,,,0.255,1.0,1.0372609277303197,0.026476429917885576,0.01161836770498482,-1.0,-1.0
3 weeks,2023-03-31,2023-04-24,G4,XLC,TTWO,0.07116511019774396,0.2796,0.026181065063518808,-1.0,,,,,,,
3 weeks,2023-03-31,2023-04-24,G1,XLC,NFLX,-0.047643854708045,,,,0.5351,1.0,1.0813194999968767,0.05400289644047301,0.023564263870783902,-1.0,-1.0
3 weeks,2023-03-31,2023-04-24,G3,XLC,NWSA,-0.001157913667636179,,,,0.3114,1.0,1.0456060952293265,0.03202057656216827,0.014090144688616203,-1.0,-1.0
3 weeks,2023-03-31,2023-04-24,G2,XLB,STLD,-0.035556385717284145,0.4191,0.039893087154850154,-0.10870809322759556,,,,,,,
3 weeks,2023-03-31,2023-04-24,G4,XLB,ECL,0.003322585134011291,0.226,0.020912571150082843,-1.0,,,,,,,
3 weeks,2023-03-31,2023-04-24,G1,XLB,NEM,-0.02039985403433764,,,,0.3335,1.0,1.0489467257751337,0.03419303854226381,0.015049367973646732,-1.0,-1.0
3 weeks,2023-03-31,2023-04-24,G3,XLB,IFF,0.05545888362012241,,,,0.2482,1.0,1.0362720939066041,0.02580803383357715,0.011318019990697387,1.148899988962679,0.6952426068595394
3 weeks,2023-03-31,2023-04-24,G3,XLE,HAL,0.08944372428930514,,,,0.40409999999999996,1.0,1.0598898068597038,0.041132429990941806,0.018079047038415615,1.1745305178663785,0.634705489000789
3 weeks,2023-03-31,2023-04-24,G4,XLP,KO,0.030952769708838757,0.1352,0.011994724137091125,-1.0,,,,,,,
3 weeks,2023-03-31,2023-04-24,G3,XLP,TGT,-0.01020372046141016,,,,0.2525,1.0,1.0368969555926477,0.026230693979030696,0.01150800445745682,-1.0,-1.0
3 weeks,2023-03-31,2023-04-24,G4,XLU,PEG,0.028022268218907076,0.20329999999999998,0.018681836713721443,-1.0,,,,,,,
3 weeks,2023-03-31,2023-04-24,G1,XLU,ETR,0.011973441113332761,,,,0.1975,1.0,1.0290154131784168,0.020825456142919908,0.009062647078944523,-0.4250574378221529,-1.0
3 weeks,2023-03-31,2023-04-24,G3,XLU,D,0.028796139094014128,,,,0.23579999999999998,1.0,1.0344784375000275,0.02458924728402566,0.010769024577797954,0.1710866445562773,-1.0
3 weeks,2023-04-24,2023-05-15,G2,XLK,PLTR,0.17530864313814876,0.6747,0.06490252411645953,-1.0,,,,,,,
3 weeks,2023-04-24,2023-05-15,G4,XLK,CRM,0.04314589362792853,0.25989999999999996,0.02416031973122706,-1.0,,,,,,,
3 weeks,2023-04-24,2023-05-15,G3,XLK,KLAC,0.08901926224454804,,,,0.4213,1.0,1.0627953274128594,0.04290629274938279,0.01880925957146588,1.074736746996829,0.3942034630364193
3 weeks,2023-04-24,2023-05-15,G4,XLY,AZO,0.010985652799274437,0.17739999999999997,0.016055168467260513,-1.0,,,,,,,
3 weeks,2023-04-24,2023-05-15,G1,XLY,AMZN,0.04698237366333857,,,,0.4874,1.0,1.0735219419010693,0.04940030023033294,0.02158716434385913,-0.048945584454356705,-1.0
3 weeks,2023-04-24,2023-05-15,G3,XLY,GM,-0.05599305437797708,,,,0.423,1.0,1.0630665055285462,0.04307333546289983,0.018881265349695236,-1.0,-1.0
3 weeks,2023-04-24,2023-05-15,G4,XLV,ABBV,-0.10659454209980268,0.18960000000000002,0.017253216687469007,5.178241659552229,,,,,,,
3 weeks,2023-04-24,2023-05-15,G1,XLV,JNJ,-0.025232181380425156,,,,0.1459,1.0,1.0220065785929267,0.015847271039885136,0.006737891994202833,-1.0,-1.0
3 weeks,2023-04-24,2023-05-15,G3,XLV,CVS,-0.06250014680590288,,,,0.301,1.0,1.0442208804326125,0.031083441063894095,0.013636937226230588,-1.0,-1.0
3 weeks,2023-04-24,2023-05-15,G4,XLI,TDG,0.05604698404961228,0.2602,0.02418980282439152,-1.0,,,,,,,
3 weeks,2023-04-24,2023-05-15,G3,XLI,CAT,-0.05433466127643638,,,,0.33130000000000004,1.0,1.0487861439683708,0.034061507699676044,0.01495411313737742,-1.0,-1.0
3 weeks,2023-04-24,2023-05-15,G2,XLC,FOXA,-0.049938708550853694,0.3375,0.03178716560403514,0.5710337050156615,,,,,,,
3 weeks,2023-04-24,2023-05-15,G4,XLC,TTWO,-0.02128492997273801,0.3131,0.029388994795903917,-0.2757516845828091,,,,,,,
3 weeks,2023-04-24,2023-05-15,G1,XLC,OMC,-0.021966306351637432,,,,0.2262,1.0,1.033269406640935,0.023732395876633786,0.010342836794113875,-1.0,-1.0
3 weeks,2023-04-24,2023-05-15,G3,XLC,CHTR,0.03751172555634885,,,,0.4483,1.0,1.0671314308388948,0.04555917348981421,0.019949359910725474,-0.1766372679097139,-1.0
3 weeks,2023-04-24,2023-05-15,G4,XLB,PKG,-0.09985508250889619,0.20629999999999998,0.018893569433275494,4.285135922121244,,,,,,,
3 weeks,2023-04-24,2023-05-15,G3,XLB,NUE,-0.0939112804065454,,,,0.33399999999999996,1.0,1.0491966060973752,0.03432687764889602,0.015071009618794567,-1.0,-1.0
3 weeks,2023-04-24,2023-05-15,G1,XLE,TRGP,-0.07443799222677494,,,,0.2895,1.0,1.0425078128119396,0.029953159136547256,0.013134440572100208,-1.0,-1.0
3 weeks,2023-04-24,2023-05-15,G3,XLE,VLO,-0.05908334351197486,,,,0.36329999999999996,1.0,1.053689643844152,0.03720656238322704,0.016334581357015158,-1.0,-1.0
3 weeks,2023-04-24,2023-05-15,G4,XLP,HSY,0.0362452058283087,0.17129999999999998,0.01545626016850701,-1.0,,,,,,,
3 weeks,2023-04-24,2023-05-15,G1,XLP,WMT,-0.001983659999897247,,,,0.1566,1.0,1.023478308439604,0.016897092744668614,0.007222420561959675,-1.0,-1.0
3 weeks,2023-04-24,2023-05-15,G4,XLU,AEE,-0.062389767812945696,0.19039999999999999,0.017331786755984777,2.599730869721327,,,,,,,
3 weeks,2023-04-24,2023-05-15,G1,XLU,EXC,-0.053892494152549375,,,,0.2398,1.0,1.0352272179950972,0.025068757726051185,0.010946303998993266,-1.0,-1.0
3 weeks,2023-04-24,2023-05-15,G3,XLU,CEG,0.04225514553637688,,,,0.3284,1.0,1.0483459458615119,0.03377647991538621,0.014828471221730942,0.2510227721251763,-1.0
3 weeks,2023-05-15,2023-06-06,G4,XLK,AAPL,0.0414946344673508,0.1885,0.017108864628226028,-1.0,,,,,,,
3 weeks,2023-05-15,2023-06-06,G1,XLK,PLTR,0.6239495057522988,,,,0.4844,1.0,1.073105333004713,0.04914213019592411,0.021462052244077982,11.696834737620911,24.66595992233595
3 weeks,2023-05-15,2023-06-06,G3,XLK,QCOM,0.10244703720243375,,,,0.2901,1.0,1.0426731082566827,0.030049833855491634,0.0131606930247103,2.4092380575246177,3.5418526846208342
3 weeks,2023-05-15,2023-06-06,G4,XLY,MAR,0.03396485498172508,0.2336,0.0215389635346777,-1.0,,,,,,,
3 weeks,2023-05-15,2023-06-06,G1,XLY,CMG,0.0053733390292658445,,,,0.1868,1.0,1.0277552142871262,0.01990068924877669,0.008583024964860452,-0.729992315236208,-1.0
3 weeks,2023-05-15,2023-06-06,G3,XLY,GM,0.09169391583616604,,,,0.33020000000000005,1.0,1.0486957145188212,0.03399080528348051,0.014906466401676494,1.6976093997022557,1.884533474177966
3 weeks,2023-05-15,2023-06-06,G4,XLV,VRTX,-0.052316049200306414,0.20199999999999999,0.018434671345541605,1.8379160235454344,,,,,,,
3 weeks,2023-05-15,2023-06-06,G3,XLV,CVS,0.024110622297400797,,,,0.2186,1.0,1.032257155458924,0.023024030847128434,0.010004718426653214,0.04719379753645425,-1.0
3 weeks,2023-05-15,2023-06-06,G2,XLI,GD,0.002854231720394562,0.1808,0.01635280926503984,-1.0,,,,,,,
3 weeks,2023-05-15,2023-06-06,G4,XLI,TDG,-0.015739937518079894,0.2238,0.020576130256078323,-0.2350389834147656,,,,,,,
3 weeks,2023-05-15,2023-06-06,G3,XLI,CAT,0.07283828190467867,,,,0.2631,1.0,1.0386916159326067,0.027396442960728573,0.011975476497574746,1.6586766029841393,1.8513826551275172
3 weeks,2023-05-15,2023-06-06,G4,XLC,TTWO,0.08483243788954864,0.4462,0.042430810395871627,-1.0,,,,,,,
3 weeks,2023-05-15,2023-06-06,G1,XLC,NWSA,0.009589979817821614,,,,0.3926,1.0,1.0583315187817086,0.04012306499898836,0.017589108739964544,-0.7609858614225135,-1.0
3 weeks,2023-05-15,2023-06-06,G3,XLC,FOX,0.06394136167275377,,,,0.537,1.0,1.0818996272762478,0.05430791338012354,0.023642544172769734,0.17738571955806415,-1.0
3 weeks,2023-05-15,2023-06-06,G2,XLB,NEM,-0.09938630414005156,0.31920000000000004,0.02995098174786459,2.318298711431636,,,,,,,
3 weeks,2023-05-15,2023-06-06,G4,XLB,PPG,-0.010026656526943789,0.2054,0.018768622053691977,-0.4657755642230823,,,,,,,
3 weeks,2023-05-15,2023-06-06,G1,XLB,ECL,-0.0032809281393915146,,,,0.21739999999999998,1.0,1.032085823167793,0.022906145065700115,0.009951273059587607,-1.0,-1.0
3 weeks,2023-05-15,2023-06-06,G3,XLB,NUE,0.021569134638856235,,,,0.3397,1.0,1.0501418405937097,0.034924447655510484,0.015317536553660301,-0.3824058478573219,-1.0
3 weeks,2023-05-15,2023-06-06,G2,XLE,TRGP,0.00395569345574609,0.2957,0.027641431527291108,-1.0,,,,,,,
3 weeks,2023-05-15,2023-06-06,G1,XLE,EQT,0.06317593671269162,,,,0.452,1.0,1.0678085234457648,0.04595937491546593,0.020105012230128814,0.37460391549912186,-1.0
3 weeks,2023-05-15,2023-06-06,G3,XLE,PSX,0.03892515791958839,,,,0.3089,1.0,1.0454803120093863,0.03189746334573398,0.013981306528405188,0.22032142486322104,-1.0
3 weeks,2023-05-15,2023-06-06,G4,XLP,GIS,-0.07210087474754678,0.1671,0.015007946326839085,3.80417994423441,,,,,,,
3 weeks,2023-05-15,2023-06-06,G1,XLP,CHD,-0.03349962227064218,,,,0.1748,1.0,1.0260769898536042,0.018722518031442755,0.008043611318878456,-1.0,-1.0
3 weeks,2023-05-15,2023-06-06,G3,XLP,TGT,-0.16797300918333113,,,,0.4621,1.0,1.0694499493550493,0.046951588560422676,0.020529187945846725,-1.0,-1.0
3 weeks,2023-05-15,2023-06-06,G4,XLU,SO,-0.04211555487569463,0.1721,0.01549871847611951,1.7173572408961717,,,,,,,
3 weeks,2023-05-15,2023-06-06,G1,XLU,PCG,-0.007615625333243337,,,,0.2232,1.0,1.0329149855369726,0.023475939971414877,0.010209445100100105,-1.0,-1.0
3 weeks,2023-06-06,2023-06-28,G4,XLK,IBM,-0.007008762260597101,0.1476,0.013050408650768711,-0.46294691238007213,,,,,,,
3 weeks,2023-06-06,2023-06-28,G1,XLK,PLTR,-0.011642969258191305,,,,0.6321,1.0,1.0985265341175223,0.06368728208394822,0.027515172875894164,-1.0,-1.0
3 weeks,2023-06-06,2023-06-28,G4,XLY,MAR,-0.017910540962016608,0.22579999999999997,0.02072694174381885,-0.13588115490516928,,,,,,,
3 weeks,2023-06-06,2023-06-28,G1,XLY,TSLA,0.15783287271752489,,,,0.4849,1.0,1.07328534888578,0.04923669140051631,0.021482910591443034,2.205594613042376,2.93557118212005
3 weeks,2023-06-06,2023-06-28,G3,XLY,NKE,0.06441291376099945,,,,0.3096,1.0,1.0456804442675218,0.0320130202657558,0.014011787965779485,1.0120848712891224,0.3369078620963455
3 weeks,2023-06-06,2023-06-28,G2,XLV,MDT,0.04114837800803173,0.1795,0.016180221907458617,-1.0,,,,,,,
3 weeks,2023-06-06,2023-06-28,G4,XLV,ISRG,0.05466872449921034,0.1765,0.015885753134801884,-1.0,,,,,,,
3 weeks,2023-06-06,2023-06-28,G3,XLV,ABBV,-0.021560828368341278,,,,0.187,1.0,1.0278767140450067,0.01996859757522577,0.00859200156428091,-1.0,-1.0
3 weeks,2023-06-06,2023-06-28,G4,XLI,CTAS,0.009781314163718635,0.1753,0.015767971812872532,-1.0,,,,,,,
3 weeks,2023-06-06,2023-06-28,G1,XLI,UBER,0.09913047648364715,,,,0.3178,1.0,1.0469144773073231,0.032818834151010834,0.014368465392147239,2.0205361966093447,2.63406931437936
3 weeks,2023-06-06,2023-06-28,G3,XLI,DE,0.08432122233828254,,,,0.22460000000000002,1.0,1.0332094462457198,0.0236611774682134,0.01027170689890666,2.5636951056878043,3.975976884426416
3 weeks,2023-06-06,2023-06-28,G2,XLC,DIS,-0.03613280883119885,0.22899999999999998,0.021041290501789114,0.7172334951663961,,,,,,,
3 weeks,2023-06-06,2023-06-28,G4,XLC,TTWO,0.07591394168461174,0.22039999999999998,0.020196501466722215,-1.0,,,,,,,
3 weeks,2023-06-06,2023-06-28,G1,XLC,NFLX,0.0765108126874674,,,,0.3429,1.0,1.050726144867211,0.035285406070999455,0.01545578643179358,1.1683415668652484,0.668285721599764
3 weeks,2023-06-06,2023-06-28,G3,XLC,T,0.0070196703149503215,,,,0.2302,1.0,1.0340132426516968,0.02421128770459312,0.010520538209844678,-0.7100662137182102,-1.0
3 weeks,2023-06-06,2023-06-28,G2,XLB,NEM,-0.019290324193178665,0.2984,0.02786029075899184,-0.3076050655733821,,,,,,,
3 weeks,2023-06-06,2023-06-28,G4,XLB,VMC,0.08733758919842383,0.1945,0.01765285999486136,-1.0,,,,,,,
3 weeks,2023-06-06,2023-06-28,G3,XLB,IFF,-0.04138235052814676,,,,0.2727,1.0,1.0401950685410482,0.028386971387875333,0.012397792127009484,-1.0,-1.0
3 weeks,2023-06-06,2023-06-28,G2,XLE,TRGP,0.04292169698981785,0.2712,0.02518746443010825,-1.0,,,,,,,
3 weeks,2023-06-06,2023-06-28,G1,XLE,EQT,0.06397217141010669,,,,0.4022,1.0,1.0599392102483165,0.04111241071587811,0.01799819567249988,0.5560306558574013,-0.7759241406652633
3 weeks,2023-06-06,2023-06-28,G3,XLE,OKE,0.020401168059550168,,,,0.2384,1.0,1.0351947284449448,0.02501685681681818,0.010884276169834757,-0.18450314486210895,-1.0
3 weeks,2023-06-06,2023-06-28,G2,XLP,KMB,0.018785441308913686,0.1438,0.01267783051767203,-1.0,,,,,,,
3 weeks,2023-06-06,2023-06-28,G3,XLP,TGT,-0.0017331050572454432,,,,0.2842,1.0,1.0418927544740715,0.029517008889593112,0.012902375126407078,-1.0,-1.0
3 weeks,2023-06-06,2023-06-28,G2,XLU,PPL,-0.005830095759211673,0.1931,0.017515395092964913,-0.6671444904172699,,,,,,,
3 weeks,2023-06-06,2023-06-28,G4,XLU,VST,0.04897585862165443,0.28350000000000003,0.026396108971806588,-1.0,,,,,,,
3 weeks,2023-06-06,2023-06-28,G3,XLU,AEP,-0.021812178642267033,,,,0.2134,1.0,1.0316093113583193,0.022561055597248827,0.009773006928984727,-1.0,-1.0
3 weeks,2023-06-28,2023-07-20,G4,XLK,AAPL,0.020501975504464642,0.1656,0.01481265847700301,-1.0,,,,,,,
3 weeks,2023-06-28,2023-07-20,G1,XLK,ADBE,0.0714093500197932,,,,0.28600000000000003,1.0,1.042166642874434,0.029697458269503367,0.012981223825629187,1.404561002216285,1.2526926226805077
3 weeks,2023-06-28,2023-07-20,G2,XLY,AZO,0.00917699497582869,0.1898,0.017187960003198218,-1.0,,,,,,,
3 weeks,2023-06-28,2023-07-20,G4,XLY,HD,0.04104249340100563,0.1808,0.016304418976958876,-1.0,,,,,,,
3 weeks,2023-06-28,2023-07-20,G1,XLY,TSLA,0.02599127347771768,,,,0.5897,1.0,1.0910637714099276,0.05952988809953404,0.025799534199083072,-0.5633911920973151,-1.0
3 weeks,2023-06-28,2023-07-20,G2,XLV,PFE,0.01322677493174873,0.1932,0.01752178457900273,-1.0,,,,,,,
3 weeks,2023-06-28,2023-07-20,G4,XLV,VRTX,0.03147274241216946,0.2057,0.01874925221169337,-1.0,,,,,,,
3 weeks,2023-06-28,2023-07-20,G1,XLV,ISRG,0.04408670848528495,,,,0.2631,1.0,1.0387932135238909,0.02744726032159206,0.011975476497574826,0.6062334808185983,-0.5579720804874728
3 weeks,2023-06-28,2023-07-20,G3,XLV,TMO,0.055121063901522716,,,,0.20829999999999999,1.0,1.030891082552071,0.02206379979948759,0.009545460939106626,1.498257979244483,1.5383772982805213
3 weeks,2023-06-28,2023-07-20,G4,XLI,PH,0.05323572043549807,0.2267,0.02081188387806578,-1.0,,,,,,,
3 weeks,2023-06-28,2023-07-20,G1,XLI,UBER,0.0526672226030116,,,,0.3246,1.0,1.047949236382613,0.03349061411418676,0.014663701342024566,0.5725965019166861,-0.6782540703500646
3 weeks,2023-06-28,2023-07-20,G3,XLI,LMT,0.014121877672362393,,,,0.1818,1.0,1.027155046035468,0.019461785683793326,0.00835846487346542,-0.27437913962220317,-1.0
3 weeks,2023-06-28,2023-07-20,G4,XLC,FOX,-0.011218437932640879,0.31129999999999997,0.029124426888065564,-0.6148100020729386,,,,,,,
3 weeks,2023-06-28,2023-07-20,G1,XLC,MTCH,0.09225263392375993,,,,0.39049999999999996,1.0,1.0581054340884928,0.03996630544248699,0.017499492869551287,1.308260243282057,0.9513251092368886
3 weeks,2023-06-28,2023-07-20,G2,XLB,IFF,0.0874610124563382,0.2727,0.0253313483281783,-1.0,,,,,,,
3 weeks,2023-06-28,2023-07-20,G4,XLB,PPG,0.04480109642409147,0.22329999999999997,0.020477899826418813,-1.0,,,,,,,
3 weeks,2023-06-28,2023-07-20,G1,XLB,NUE,0.033684385705293085,,,,0.2833,1.0,1.0417666988172505,0.02943214245142506,0.012862937646171644,0.14447617127723555,-1.0
3 weeks,2023-06-28,2023-07-20,G3,XLB,IP,0.007650496357460845,,,,0.21100000000000002,1.0,1.0312748362294508,0.02232897401580671,0.009665962326116419,-0.6573735832176993,-1.0
3 weeks,2023-06-28,2023-07-20,G4,XLE,EQT,0.02691830253287497,0.34909999999999997,0.032838993924059916,-1.0,,,,,,,
3 weeks,2023-06-28,2023-07-20,G1,XLE,SLB,0.17843151314404504,,,,0.3329,1.0,1.0492085782389702,0.03430624954103427,0.015023394489228362,4.201137271814578,7.60144722936794
3 weeks,2023-06-28,2023-07-20,G3,XLE,MPC,0.07949615155035317,,,,0.26890000000000003,1.0,1.0396436189833045,0.028017161528671296,0.012230745248248834,1.8374091882577406,2.2583895550236193
3 weeks,2023-06-28,2023-07-20,G2,XLP,KR,0.014627862467595065,0.17370000000000002,0.015607533384759472,-1.0,,,,,,,
3 weeks,2023-06-28,2023-07-20,G4,XLP,CHD,-0.012491033847251698,0.14279999999999998,0.012576446691057262,-0.006791492533924637,,,,,,,
3 weeks,2023-06-28,2023-07-20,G1,XLP,PM,0.020581895842326947,,,,0.165,1.0,1.0248150010843255,0.017812990654578864,0.007601894079582652,0.15544302702681656,-1.0
3 weeks,2023-06-28,2023-07-20,G3,XLP,ADM,0.11752759718087247,,,,0.2,1.0,1.0297149937900643,0.021248699736312635,0.009174524721726725,4.531048894254249,8.571351765269549
3 weeks,2023-06-28,2023-07-20,G1,XLU,NRG,0.05880717460117313,,,,0.28809999999999997,1.0,1.0424781189141938,0.029903816243724502,0.013073169742611437,0.9665441401150312,0.24905099593065416
3 weeks,2023-06-28,2023-07-20,G3,XLU,XEL,0.05421290869571749,,,,0.18239999999999998,1.0,1.0272390263286515,0.01952068432066478,0.008385426825638267,1.777203288837942,2.2167572298876834
3 weeks,2023-07-20,2023-08-10,G2,XLK,MU,0.011593747825445533,0.3328,0.03121561213043606,-1.0,,,,,,,
3 weeks,2023-07-20,2023-08-10,G4,XLK,CSCO,0.019094837934227504,0.1791,0.01611681247543153,-1.0,,,,,,,
3 weeks,2023-07-20,2023-08-10,G1,XLK,PLTR,-0.10040860464802959,,,,0.8493999999999999,1.0,1.1395262334043017,0.08500860262941243,0.036039980696470214,-1.0,-1.0
3 weeks,2023-07-20,2023-08-10,G4,XLY,MCD,-0.03207336917245207,0.1875,0.016941343715095473,0.893201018280108,,,,,,,
3 weeks,2023-07-20,2023-08-10,G1,XLY,DASH,-0.014945002500259541,,,,0.5625,1.0,1.0864030315484057,0.05688076856242592,0.024689675994539213,-1.0,-1.0
3 weeks,2023-07-20,2023-08-10,G2,XLV,PFE,-0.017732650633387137,0.2507,0.023148475723929807,-0.23396033307472075,,,,,,,
3 weeks,2023-07-20,2023-08-10,G1,XLV,CVS,-0.0121544312409253,,,,0.295,1.0,1.0435478879976976,0.03060354112139612,0.013374942760431321,-1.0,-1.0
3 weeks,2023-07-20,2023-08-10,G3,XLV,GILD,0.0007507110675488704,,,,0.25170000000000003,1.0,1.037173164090211,0.026349056257261087,0.011472673806551084,-0.9715089959875898,-1.0
3 weeks,2023-07-20,2023-08-10,G2,XLI,BA,0.11539719032840923,0.3343,0.03136300977925355,-1.0,,,,,,,
3 weeks,2023-07-20,2023-08-10,G4,XLI,MMM,-0.003739535472165101,0.3306,0.03099942871878356,-0.8793676004132571,,,,,,,
3 weeks,2023-07-20,2023-08-10,G1,XLI,UBER,-0.04230193759099543,,,,0.5323,1.0,1.0812550579936213,0.053915858107570186,0.02344883781618624,-1.0,-1.0
3 weeks,2023-07-20,2023-08-10,G2,XLC,OMC,-0.09470343933884762,0.2639,0.024445366769105466,2.874085434403695,,,,,,,
3 weeks,2023-07-20,2023-08-10,G4,XLC,FOX,0.01701854729727592,0.5747,0.05497599924293901,-1.0,,,,,,,
3 weeks,2023-07-20,2023-08-10,G1,XLC,CHTR,0.08304462087283415,,,,0.41200000000000003,1.0,1.061542124257585,0.04210002165071809,0.01841481627880612,0.9725553008454979,0.16767369761905226
3 weeks,2023-07-20,2023-08-10,G3,XLC,T,-0.03342427622824151,,,,0.36369999999999997,1.0,1.053975818267179,0.03735429226487745,0.016351768709602997,-1.0,-1.0
3 weeks,2023-07-20,2023-08-10,G4,XLB,LYB,0.10477217746281897,0.2702,0.0250643681805423,-1.0,,,,,,,
3 weeks,2023-07-20,2023-08-10,G1,XLB,DD,0.0142390091570197,,,,0.2787,1.0,1.0411303983302096,0.02900188861736488,0.012661231485000781,-0.5090316584246846,-1.0
3 weeks,2023-07-20,2023-08-10,G3,XLB,CTVA,-0.07788773627266155,,,,0.3652,1.0,1.0542078543790605,0.03750168406285599,0.016416206273009284,-1.0,-1.0
3 weeks,2023-07-20,2023-08-10,G2,XLE,XOM,0.06488715076479856,0.25370000000000004,0.02344321506186333,-1.0,,,,,,,
3 weeks,2023-07-20,2023-08-10,G4,XLE,PSX,0.1020664119026975,0.29350000000000004,0.027353812471126417,-1.0,,,,,,,
3 weeks,2023-07-20,2023-08-10,G1,XLE,SLB,0.028990767876648116,,,,0.34009999999999996,1.0,1.0503497307595273,0.035035280705977896,0.015334823730906288,-0.17252645640423026,-1.0
3 weeks,2023-07-20,2023-08-10,G2,XLP,TGT,-0.027629042088721856,0.2562,0.023688835269430438,0.16633180882371712,,,,,,,
3 weeks,2023-07-20,2023-08-10,G1,XLP,PM,-0.01364825397992342,,,,0.16440000000000002,1.0,1.024774874090068,0.017776652439732574,0.0075748151461082,-1.0,-1.0
3 weeks,2023-07-20,2023-08-10,G3,XLP,GIS,-0.0521216970641003,,,,0.1727,1.0,1.0259278793483446,0.018591047644684618,0.00794904829390564,-1.0,-1.0
3 weeks,2023-07-20,2023-08-10,G4,XLU,PEG,-0.06112305073207536,0.2061,0.018767587085167195,2.2568411940597044,,,,,,,
3 weeks,2023-07-20,2023-08-10,G1,XLU,NRG,-0.03632321500598712,,,,0.3293,1.0,1.0487057061936877,0.033974018589198275,0.01486747312553485,-1.0,-1.0
3 weeks,2023-07-20,2023-08-10,G3,XLU,XEL,-0.07837661962865416,,,,0.25370000000000004,1.0,1.03746428379358,0.02654554976366982,0.011560987330427918,-1.0,-1.0
3 weeks,2023-08-10,2023-08-31,G2,XLK,CRM,0.06343343903407739,0.3679,0.034657210184856645,-1.0,,,,,,,
3 weeks,2023-08-10,2023-08-31,G4,XLK,IBM,0.024991199212327952,0.1624,0.01447106741073733,-1.0,,,,,,,
3 weeks,2023-08-10,2023-08-31,G1,XLK,LRCX,0.023324817831118727,,,,0.3579,1.0,1.053095522264208,0.036791713212160966,0.016102387028716452,-0.3660306684656084,-1.0
3 weeks,2023-08-10,2023-08-31,G2,XLY,TSLA,0.05192789771150497,0.423,0.04007088215719414,-1.0,,,,,,,
3 weeks,2023-08-10,2023-08-31,G1,XLY,AMZN,-0.00396942163285785,,,,0.305,1.0,1.0450567260189911,0.03159359027810504,0.013811385167923133,-1.0,-1.0
3 weeks,2023-08-10,2023-08-31,G2,XLV,SYK,0.0019079937097497002,0.195,0.01767051578425156,-1.0,,,,,,,
3 weeks,2023-08-10,2023-08-31,G4,XLV,ABBV,-0.029582669640724757,0.1804,0.016237306824355886,0.8218950938557694,,,,,,,
3 weeks,2023-08-10,2023-08-31,G1,XLV,LLY,0.06530827996176813,,,,0.2352,1.0,1.0347985120200864,0.024735624271031133,0.0107424175185947,1.6402519397197164,1.8401212193503311
3 weeks,2023-08-10,2023-08-31,G3,XLV,BMY,0.0058737744871413256,,,,0.1916,1.0,1.028588245799673,0.020453820694758172,0.008798340253898697,-0.712827516443092,-1.0
3 weeks,2023-08-10,2023-08-31,G2,XLI,HON,-0.004238752021737402,0.18600000000000003,0.01678697710238781,-0.74749759912793,,,,,,,
3 weeks,2023-08-10,2023-08-31,G4,XLI,GD,0.004342770273509267,0.1844,0.0166299211755809,-1.0,,,,,,,
3 weeks,2023-08-10,2023-08-31,G1,XLI,CAT,-0.009477935752719713,,,,0.2438,1.0,1.0360412725077122,0.02558044971059431,0.011123407977784074,-1.0,-1.0
3 weeks,2023-08-10,2023-08-31,G3,XLI,RTX,0.004876022089245646,,,,0.2039,1.0,1.0303250298102526,0.021661489380102154,0.009348915234999408,-0.7748990383955475,-1.0
3 weeks,2023-08-10,2023-08-31,G2,XLC,TTWO,0.02701133939783662,0.2682,0.024860560151176155,-1.0,,,,,,,
3 weeks,2023-08-10,2023-08-31,G4,XLC,NWSA,0.058099433217442265,0.5733,0.05483091847882164,-1.0,,,,,,,
3 weeks,2023-08-10,2023-08-31,G1,XLC,CHTR,0.022951706498272495,,,,0.2844,1.0,1.0419883170908086,0.029569413221031744,0.012911137821917336,-0.22380243643294173,-1.0
3 weeks,2023-08-10,2023-08-31,G3,XLC,OMC,0.014908709449657165,,,,0.2545,1.0,1.0375957456852927,0.02663164504364154,0.011596300512799659,-0.44018818870459675,-1.0
3 weeks,2023-08-10,2023-08-31,G2,XLB,IFF,0.11365783591647838,0.2968,0.027670735042001012,-1.0,,,,,,,
3 weeks,2023-08-10,2023-08-31,G4,XLB,LYB,-0.006398637586533806,0.214,0.019536226861328117,-0.6724732144055965,,,,,,,
3 weeks,2023-08-10,2023-08-31,G1,XLB,PKG,-0.024470081147474843,,,,0.21050000000000002,1.0,1.031261871933783,0.022309607835029572,0.009643653344213424,-1.0,-1.0
3 weeks,2023-08-10,2023-08-31,G3,XLB,CTVA,-0.02953164459354851,,,,0.2893,1.0,1.0427150561553133,0.030050884104628514,0.013125688891433722,-1.0,-1.0
3 weeks,2023-08-10,2023-08-31,G4,XLE,FANG,0.013894618473383913,0.23850000000000002,0.021942689302391502,-1.0,,,,,,,
3 weeks,2023-08-10,2023-08-31,G1,XLE,VLO,-0.03677889828504022,,,,0.3018,1.0,1.044577814699006,0.03127915001115691,0.013671840566736223,-1.0,-1.0
3 weeks,2023-08-10,2023-08-31,G2,XLP,KMB,0.00821714378538796,0.1484,0.013098080880615166,-1.0,,,,,,,
3 weeks,2023-08-10,2023-08-31,G4,XLP,COST,-0.01989729456221001,0.1789,0.016090086249687253,0.2366182662691909,,,,,,,
3 weeks,2023-08-10,2023-08-31,G1,XLP,ADM,-0.07191658209521423,,,,0.1999,1.0,1.0297589169791683,0.02126872292568297,0.009170050949378204,-1.0,-1.0
3 weeks,2023-08-10,2023-08-31,G3,XLP,GIS,-0.06521124005429779,,,,0.17190000000000003,1.0,1.0258312678397197,0.01852023859214418,0.00791301128535806,-1.0,-1.0
3 weeks,2023-08-10,2023-08-31,G2,XLU,EXC,0.007208767250929116,0.18969999999999998,0.0171501899680662,-1.0,,,,,,,
3 weeks,2023-08-10,2023-08-31,G1,XLU,VST,0.023786256386279847,,,,0.2622,1.0,1.0387200617024064,0.027388155641712167,0.011935833036265565,-0.13151302711112722,-1.0
3 weeks,2023-08-10,2023-08-31,G3,XLU,AEP,-0.03305392933368734,,,,0.1996,1.0,1.0297165092705653,0.021239266501335338,0.009156628965803833,-1.0,-1.0
3 weeks,2023-08-31,2023-09-22,G2,XLK,AMD,-0.0900492259036848,0.3972,0.03752712913648777,1.399576732240078,,,,,,,
3 weeks,2023-08-31,2023-09-22,G4,XLK,IBM,0.0005449805592063761,0.1245,0.010748217709387851,-1.0,,,,,,,
3 weeks,2023-08-31,2023-09-22,G1,XLK,NVDA,-0.1568549405905123,,,,0.39549999999999996,1.0,1.0589687979130642,0.04049493237305237,0.017712788334616526,-1.0,-1.0
3 weeks,2023-08-31,2023-09-22,G2,XLY,GM,-0.02775270498717164,0.3094,0.028900007777528422,-0.03969904780610134,,,,,,,
3 weeks,2023-08-31,2023-09-22,G4,XLY,MAR,-0.04496095828124058,0.2158,0.019704375701614412,1.2817753255464392,,,,,,,
3 weeks,2023-08-31,2023-09-22,G1,XLY,ROST,-0.08079841956956013,,,,0.15789999999999998,1.0,1.023908056232264,0.017156067430951372,0.007281200547656664,-1.0,-1.0
3 weeks,2023-08-31,2023-09-22,G2,XLV,JNJ,-0.007298171803389764,0.1507,0.013315192314985062,-0.4518913710937309,,,,,,,
3 weeks,2023-08-31,2023-09-22,G4,XLV,DHR,-0.06275478546093016,0.18539999999999998,0.016719544433460406,2.753378909974397,,,,,,,
3 weeks,2023-08-31,2023-09-22,G1,XLV,LLY,-0.006603816115312466,,,,0.18739999999999998,1.0,1.0280156612632136,0.02005069179285205,0.008609953424498778,-1.0,-1.0
3 weeks,2023-08-31,2023-09-22,G3,XLV,CVS,0.09176012017147772,,,,0.2192,1.0,1.032519876738983,0.023173121694606336,0.010031435147615135,2.959765170215943,4.905460441179089
3 weeks,2023-08-31,2023-09-22,G4,XLI,PH,-0.07100023181112702,0.20629999999999998,0.018771453605921702,2.7823512926419878,,,,,,,
3 weeks,2023-08-31,2023-09-22,G1,XLI,ADP,-0.05523082884976194,,,,0.1388,1.0,1.0212845848459304,0.015283605026853933,0.0064156682183745236,-1.0,-1.0
3 weeks,2023-08-31,2023-09-22,G3,XLI,RTX,-0.16806145201645317,,,,0.16690000000000002,1.0,1.025154039980495,0.018038899425100806,0.007687617354128494,-1.0,-1.0
3 weeks,2023-08-31,2023-09-22,G2,XLC,META,0.010780901860962366,0.3152,0.02946992579027432,-1.0,,,,,,,
3 weeks,2023-08-31,2023-09-22,G4,XLC,CMCSA,-0.031223336946949787,0.16870000000000002,0.015080669136700194,1.0704211904606367,,,,,,,
3 weeks,2023-08-31,2023-09-22,G1,XLC,GOOGL,-0.04347506390896383,,,,0.24789999999999998,1.0,1.036653722015843,0.025992248333177263,0.011304757718414292,-1.0,-1.0
3 weeks,2023-08-31,2023-09-22,G3,XLC,OMC,-0.08136581087756467,,,,0.19,1.0,1.0283809457191182,0.020305918348981468,0.008726597025815016,-1.0,-1.0
3 weeks,2023-08-31,2023-09-22,G2,XLB,IFF,-0.025774422881341685,0.22640000000000002,0.020745455453610243,0.24241296793781997,,,,,,,
3 weeks,2023-08-31,2023-09-22,G4,XLB,DOW,-0.07899561518694476,0.1866,0.016837334361525815,3.6916936785108847,,,,,,,
3 weeks,2023-08-31,2023-09-22,G1,XLB,STLD,-0.05150581525093678,,,,0.3201,1.0,1.0473459556236595,0.0330862389748892,0.014468379882836065,-1.0,-1.0
3 weeks,2023-08-31,2023-09-22,G4,XLE,FANG,-0.007972134894097094,0.1924,0.017406695301538773,-0.5420075576670604,,,,,,,
3 weeks,2023-08-31,2023-09-22,G1,XLE,TRGP,-0.0209857948410499,,,,0.19010000000000002,1.0,1.0283950057007318,0.02031573503510944,0.008731081813254245,-1.0,-1.0
3 weeks,2023-08-31,2023-09-22,G2,XLP,HSY,-0.03220706645910487,0.127,0.010992966963162147,1.929788342585948,,,,,,,
3 weeks,2023-08-31,2023-09-22,G1,XLP,WMT,-0.001598865004851291,,,,0.1165,1.0,1.0182571261794344,0.013100202294846338,0.005399892137020203,-1.0,-1.0
3 weeks,2023-08-31,2023-09-22,G3,XLP,GIS,-0.04197461540432601,,,,0.1793,1.0,1.0268810515098823,0.01925565915169754,0.008246080096369925,-1.0,-1.0
3 weeks,2023-08-31,2023-09-22,G2,XLU,XEL,0.054947270761636746,0.2189,0.02000882880020356,-1.0,,,,,,,
3 weeks,2023-08-31,2023-09-22,G4,XLU,CEG,0.059523880638473914,0.19190000000000002,0.017357609769027234,-1.0,,,,,,,
3 weeks,2023-08-31,2023-09-22,G1,XLU,VST,0.06383213105188434,,,,0.19699999999999998,1.0,1.0293670390605039,0.020993133626436695,0.009040263214241858,2.040619480052299,2.8123991718609282
3 weeks,2023-08-31,2023-09-22,G3,XLU,NEE,0.013472772963633028,,,,0.18359999999999999,1.0,1.0274827362092978,0.01967769464068688,0.008439338664797407,-0.3153276738131813,-1.0
3 weeks,2023-09-22,2023-10-13,G2,XLK,NVDA,0.0925498267592959,0.4102,0.03880225707069281,-1.0,,,,,,,
3 weeks,2023-09-22,2023-10-13,G1,XLK,MU,0.006467073433388704,,,,0.42869999999999997,1.0,1.0642420279706848,0.04375870284106169,0.019122478627307683,-0.8522105772449866,-1.0
3 weeks,2023-09-22,2023-10-13,G2,XLY,RCL,-0.05622542482790083,0.3985,0.03765276018570281,0.4932617038059872,,,,,,,
3 weeks,2023-09-22,2023-10-13,G1,XLY,AZO,-0.00683588425568582,,,,0.19640000000000002,1.0,1.0292865113558363,0.020936361572451472,0.009013398907258585,-1.0,-1.0
3 weeks,2023-09-22,2023-10-13,G3,XLY,MCD,-0.08783351328328315,,,,0.1444,1.0,1.0220549663525773,0.01583460239908758,0.006669864079670269,-1.0,-1.0
3 weeks,2023-09-22,2023-10-13,G2,XLV,PFE,-0.017742350691640096,0.2165,0.019771108403895968,-0.10261223957763277,,,,,,,
3 weeks,2023-09-22,2023-10-13,G4,XLV,AMGN,0.06126298274716668,0.2009,0.018239217453849876,-1.0,,,,,,,
3 weeks,2023-09-22,2023-10-13,G1,XLV,CVS,0.0054810813716037465,,,,0.2401,1.0,1.0355279171563527,0.025228110238902778,0.010959592880223691,-0.7827391223639202,-1.0
3 weeks,2023-09-22,2023-10-13,G3,XLV,TMO,-0.039658561467804,,,,0.2285,1.0,1.0338564047470873,0.024088665285171257,0.010445036625395589,-1.0,-1.0
3 weeks,2023-09-22,2023-10-13,G2,XLI,ADP,0.034050452843136236,0.1812,0.016305317522536205,-1.0,,,,,,,
3 weeks,2023-09-22,2023-10-13,G3,XLI,RTX,0.02333061232249034,,,,0.2207,1.0,1.0327384696359752,0.023322561601149667,0.010098209565418773,0.0003451902701883114,-1.0
3 weeks,2023-09-22,2023-10-13,G2,XLC,TKO,-0.07351695012127657,0.37270000000000003,0.03511782928783718,1.093436627836752,,,,,,,
3 weeks,2023-09-22,2023-10-13,G1,XLC,CHTR,0.009119286710804753,,,,0.2807,1.0,1.0414630138069212,0.029216888113332107,0.012748957947231335,-0.6878761805353462,-1.0
3 weeks,2023-09-22,2023-10-13,G3,XLC,VZ,-0.0587543273500436,,,,0.2544,1.0,1.0376032632124585,0.026632918809768053,0.011591886746990666,-1.0,-1.0
3 weeks,2023-09-22,2023-10-13,G2,XLB,NUE,-0.03648348882047703,0.3059,0.028554033530550704,0.27770000625103775,,,,,,,
3 weeks,2023-09-22,2023-10-13,G1,XLB,NEM,-0.03215512427340561,,,,0.2613,1.0,1.038610511628282,0.027310810362125248,0.011896180757619031,-1.0,-1.0
3 weeks,2023-09-22,2023-10-13,G2,XLE,EQT,0.1279581570351016,0.3527,0.033152663185360885,-1.0,,,,,,,
3 weeks,2023-09-22,2023-10-13,G4,XLE,CVX,-0.013350770525250466,0.1925,0.017414515558785336,-0.2333538949054914,,,,,,,
3 weeks,2023-09-22,2023-10-13,G1,XLE,VLO,-0.1323052132297059,,,,0.32020000000000004,1.0,1.0473652769942454,0.03309813513948616,0.014472722708840957,-1.0,-1.0
3 weeks,2023-09-22,2023-10-13,G3,XLE,EOG,0.09150215314529153,,,,0.2834,1.0,1.04186242047824,0.029482178209251614,0.012867320020825423,2.103642902361193,2.857814415644514
3 weeks,2023-09-22,2023-10-13,G2,XLP,KVUE,-0.05742075466037344,0.24489999999999998,0.02256067343564945,1.545170241666614,,,,,,,
3 weeks,2023-09-22,2023-10-13,G3,XLP,KO,-0.08177084303504678,,,,0.1419,1.0,1.021712583445283,0.01558957886741284,0.006556427656658126,-1.0,-1.0
3 weeks,2023-09-22,2023-10-13,G4,XLU,DUK,-0.04982313587074694,0.1739,0.015588916333232386,2.1960615353701156,,,,,,,
3 weeks,2023-09-22,2023-10-13,G1,XLU,VST,-0.047561741622551224,,,,0.2416,1.0,1.0357448437113217,0.025375460762107813,0.011026022486795524,-1.0,-1.0
3 weeks,2023-09-22,2023-10-13,G3,XLU,NEE,-0.1951254878845582,,,,0.2125,1.0,1.0315684013108988,0.02251724745624019,0.009732872670950007,-1.0,-1.0
3 weeks,2023-10-13,2023-11-03,G2,XLK,TXN,-0.007482580683223161,0.3319,0.031102032134379683,-0.7594182704559658,,,,,,,
3 weeks,2023-10-13,2023-11-03,G1,XLK,PLTR,0.08813356713735132,,,,0.7967,1.0,1.129231295609529,0.07987153424130772,0.03401281067717809,0.10344151986716965,-1.0
3 weeks,2023-10-13,2023-11-03,G2,XLY,ABNB,-0.011605435365538708,0.4756,0.045219682653661594,-0.7433543385426871,,,,,,,
3 weeks,2023-10-13,2023-11-03,G3,XLY,MCD,0.07877243146904367,,,,0.22690000000000002,1.0,1.0336403692305305,0.023938461817420525,0.010373947256303353,2.2906220988567974,3.350519732119352
3 weeks,2023-10-13,2023-11-03,G2,XLV,MDT,0.008338190606837381,0.2231,0.020412684668187377,-1.0,,,,,,,
3 weeks,2023-10-13,2023-11-03,G1,XLV,MCK,-0.02118656759125981,,,,0.2647,1.0,1.0391219939326932,0.02765173652905038,0.01204593199893335,-1.0,-1.0
3 weeks,2023-10-13,2023-11-03,G3,XLV,ABT,0.05469323965228323,,,,0.3414,1.0,1.0505996490986722,0.035188057508324676,0.015390995329276132,0.5543125573028316,-0.7340269120981143
3 weeks,2023-10-13,2023-11-03,G2,XLI,GE,-0.004205454947508125,0.39409999999999995,0.03721358444114067,-0.8869914035247057,,,,,,,
3 weeks,2023-10-13,2023-11-03,G1,XLI,NOC,-0.03992643526729611,,,,0.3275,1.0,1.0484839103644612,0.03382223885961984,0.014789460687753365,-1.0,-1.0
3 weeks,2023-10-13,2023-11-03,G3,XLI,MMM,0.05841224169237358,,,,0.335,1.0,1.0496235168613206,0.034559192435562484,0.015114284933073718,0.6902085255981136,-0.4185153402910208
3 weeks,2023-10-13,2023-11-03,G2,XLC,TKO,0.0940357503468523,0.34130000000000005,0.032025678500727385,-1.0,,,,,,,
3 weeks,2023-10-13,2023-11-03,G1,XLC,META,-0.00028578600844963997,,,,0.5534,1.0,1.0848963086442256,0.056011672602475665,0.024316733873911093,-1.0,-1.0
3 weeks,2023-10-13,2023-11-03,G3,XLC,VZ,0.17443737032641748,,,,0.31329999999999997,1.0,1.0463389183258431,0.03242694119568111,0.014172816905859635,4.3793963875214486,8.038319823888576
3 weeks,2023-10-13,2023-11-03,G2,XLB,FCX,-0.00846263881457543,0.4263,0.04037705510914203,-0.7904097069065517,,,,,,,
3 weeks,2023-10-13,2023-11-03,G4,XLB,PKG,0.045583696527966344,0.222,0.02030464909630675,-1.0,,,,,,,
3 weeks,2023-10-13,2023-11-03,G1,XLB,DD,-0.07587207168860188,,,,0.2859,1.0,1.0422465597838617,0.029734669240014194,0.012976844260684257,-1.0,-1.0
3 weeks,2023-10-13,2023-11-03,G3,XLB,ECL,0.061592605816748636,,,,0.2651,1.0,1.0391806124945895,0.02769103541731329,0.012063541523001063,1.2242796229367054,0.8578286715743499
3 weeks,2023-10-13,2023-11-03,G2,XLE,VLO,0.0030147892082812433,0.3713,0.034973420740111054,-1.0,,,,,,,
3 weeks,2023-10-13,2023-11-03,G4,XLE,FANG,-0.026835575467917816,0.2903,0.027014441845296763,-0.006621139107860441,,,,,,,
3 weeks,2023-10-13,2023-11-03,G1,XLE,EQT,0.03112740575683315,,,,0.4413,1.0,1.0662803620165935,0.045003140817771244,0.019654498518887703,-0.30832814796470065,-1.0
3 weeks,2023-10-13,2023-11-03,G2,XLP,HSY,-0.015037122741061837,0.2955,0.02752537820291652,-0.4536996865144435,,,,,,,
3 weeks,2023-10-13,2023-11-03,G3,XLP,GIS,0.04282979626914796,,,,0.2207,1.0,1.0327521359700396,0.023329525505705336,0.010098209565418665,0.8358622964137716,-0.0020349415584310915
3 weeks,2023-10-13,2023-11-03,G2,XLU,PCG,0.03746947506044185,0.3037,0.028331096356279305,-1.0,,,,,,,
3 weeks,2023-10-13,2023-11-03,G1,XLU,NRG,0.10719924058639463,,,,0.3326,1.0,1.0492583386277965,0.03432336746876067,0.015010406310794812,2.1232145471729047,2.860048872689715
3 weeks,2023-10-13,2023-11-03,G3,XLU,D,0.04130863499684945,,,,0.3284,1.0,1.048620418603133,0.03391067335229054,0.014828471221730938,0.21816026970928037,-1.0
3 weeks,2023-11-03,2023-11-27,G2,XLK,NVDA,0.07192530669718344,0.5227,0.04986786383250624,-1.0,,,,,,,
3 weeks,2023-11-03,2023-11-27,G4,XLK,MSFT,0.07533573890888623,0.19510000000000002,0.017684619063226728,-1.0,,,,,,,
3 weeks,2023-11-03,2023-11-27,G1,XLK,PLTR,0.01005826046567937,,,,0.5078,1.0,1.07714437178448,0.051512981786937355,0.022435514884974226,-0.8047431906139428,-1.0
3 weeks,2023-11-03,2023-11-27,G3,XLK,ORCL,0.07792695523600046,,,,0.2161,1.0,1.0320505576655516,0.022855028152464294,0.009893355962970928,2.4096197438985962,3.6370915735930334
3 weeks,2023-11-03,2023-11-27,G2,XLY,TSLA,0.07328602757389913,0.4334,0.04109709527530731,-1.0,,,,,,,
3 weeks,2023-11-03,2023-11-27,G1,XLY,CMG,0.08265498276634653,,,,0.1894,1.0,1.0282699795680232,0.020233257940274543,0.008699685960703068,3.0851049796494134,5.2513754455026636
3 weeks,2023-11-03,2023-11-27,G3,XLY,MAR,0.0874682024382758,,,,0.23420000000000002,1.0,1.034645458128594,0.024632870388951577,0.010698063634285361,2.550873327271978,3.9375986267640615
3 weeks,2023-11-03,2023-11-27,G2,XLV,PFE,-0.02282936482947462,0.2579,0.023852947159756867,-0.042912195437599276,,,,,,,
3 weeks,2023-11-03,2023-11-27,G4,XLV,GILD,-0.08175029918923926,0.22649999999999998,0.020768266340721948,2.9363083007533066,,,,,,,
3 weeks,2023-11-03,2023-11-27,G1,XLV,LLY,0.04369943789833264,,,,0.2833,1.0,1.0418164477565859,0.029456860274199567,0.012862937646171586,0.48350630350811175,-0.8536111894853669
3 weeks,2023-11-03,2023-11-27,G3,XLV,BMY,-0.07194266520823955,,,,0.17300000000000001,1.0,1.0259755573770122,0.018623563931226078,0.007962560322747855,-1.0,-1.0
3 weeks,2023-11-03,2023-11-27,G4,XLI,CTAS,0.07273638483550271,0.1659,0.014818659866245656,-1.0,,,,,,,
3 weeks,2023-11-03,2023-11-27,G1,XLI,RTX,-0.0322074321288246,,,,0.1868,1.0,1.027904826785652,0.019978021510447315,0.00858302496486047,-1.0,-1.0
3 weeks,2023-11-03,2023-11-27,G3,XLI,CAT,0.027580296332659016,,,,0.2202,1.0,1.0326360769576766,0.02325771270153003,0.010075954185132095,0.18585592171515142,-1.0
3 weeks,2023-11-03,2023-11-27,G2,XLC,MTCH,0.07506790422981635,0.3818,0.03602746846438857,-1.0,,,,,,,
3 weeks,2023-11-03,2023-11-27,G4,XLC,VZ,0.036924277299091424,0.1646,0.014691118864661986,-1.0,,,,,,,
3 weeks,2023-11-03,2023-11-27,G1,XLC,NFLX,0.10826625379894805,,,,0.2635,1.0,1.0389013850251572,0.027511392517415915,0.011993092984129764,2.935324383540775,4.783734760130694
3 weeks,2023-11-03,2023-11-27,G3,XLC,CMCSA,-0.025243248436161103,,,,0.1783,1.0,1.0267147494278517,0.019143698951377623,0.008201106617577612,-1.0,-1.0
3 weeks,2023-11-03,2023-11-27,G2,XLB,DD,0.022247683648161987,0.1805,0.01625138236055692,-1.0,,,,,,,
3 weeks,2023-11-03,2023-11-27,G1,XLB,LIN,0.051692941052335906,,,,0.1616,1.0,1.024393010332062,0.01750505746532313,0.007448393283745842,1.9530289263395888,2.665210694479434
3 weeks,2023-11-03,2023-11-27,G3,XLB,SHW,0.1000381466951521,,,,0.1999,1.0,1.029750029853595,0.021264153362408465,0.00917005094937826,3.704544074254243,6.6649647018943465
3 weeks,2023-11-03,2023-11-27,G2,XLE,CVX,-0.011765803336388436,0.1962,0.017792619805031936,-0.3387256365102008,,,,,,,
3 weeks,2023-11-03,2023-11-27,G1,XLE,TRGP,-0.0017024123048282602,,,,0.2339,1.0,1.0346022366685632,0.02460340073360646,0.01068475532705208,-1.0,-1.0
3 weeks,2023-11-03,2023-11-27,G2,XLP,HSY,0.008321895940357926,0.2217,0.02029679850681933,-1.0,,,,,,,
3 weeks,2023-11-03,2023-11-27,G4,XLP,CL,0.03060668340399486,0.1417,0.012445488565646062,-1.0,,,,,,,
3 weeks,2023-11-03,2023-11-27,G1,XLP,KO,0.03031366446721373,,,,0.1421,1.0,1.02170938854626,0.015592936080106047,0.006565505173589133,0.9440639217324054,0.31052762787633736
3 weeks,2023-11-03,2023-11-27,G3,XLP,SYY,0.07281412934632003,,,,0.2026,1.0,1.0301320145730046,0.02152927200414714,0.009290803823536498,2.382099001410448,3.594017437456623
3 weeks,2023-11-03,2023-11-27,G4,XLU,PEG,0.01336690602342716,0.1759,0.015799914265605643,-1.0,,,,,,,
3 weeks,2023-11-03,2023-11-27,G1,XLU,NRG,0.03244440663952286,,,,0.25129999999999997,1.0,1.0371209454266193,0.02631275888181017,0.011455005859739228,0.2330294510451918,-1.0
3 weeks,2023-11-27,2023-12-18,G2,XLK,CSCO,0.04819523284545357,0.1439,0.012659730955864592,-1.0,,,,,,,
3 weeks,2023-11-27,2023-12-18,G4,XLK,IBM,0.04608855108780441,0.12890000000000001,0.011190044857744493,-1.0,,,,,,,
3 weeks,2023-11-27,2023-12-18,G1,XLK,AMD,0.1324907637051822,,,,0.3776,1.0,1.0561423283716167,0.03872449359111628,0.016947983834620466,2.4213685298024603,3.5048683122770647
3 weeks,2023-11-27,2023-12-18,G3,XLK,TXN,0.09711679045684507,,,,0.20440000000000003,1.0,1.0303899540631538,0.02170754508589978,0.009371260785091146,3.4738725670056363,6.120369171653794
3 weeks,2023-11-27,2023-12-18,G2,XLY,GM,0.2470605339548062,0.3488,0.03278339333664688,-1.0,,,,,,,
3 weeks,2023-11-27,2023-12-18,G1,XLY,DASH,0.09324111145055602,,,,0.3465,1.0,1.0513375857377596,0.03566858512991276,0.015611187748562603,1.6140961608359752,1.6841984343346845
3 weeks,2023-11-27,2023-12-18,G2,XLV,MRK,0.0530201505469845,0.1818,0.016377559485557892,-1.0,,,,,,,
3 weeks,2023-11-27,2023-12-18,G4,XLV,ELV,-0.013819817135073187,0.1929,0.01746719691337064,-0.20881311388351864,,,,,,,
3 weeks,2023-11-27,2023-12-18,G1,XLV,ISRG,0.04266938209608995,,,,0.23329999999999998,1.0,1.0345187913122684,0.02454596943221325,0.01065813574621032,0.7383457684947738,-0.23527050340679234
3 weeks,2023-11-27,2023-12-18,G1,XLI,UBER,0.10114159882355445,,,,0.3301,1.0,1.048836207602213,0.034057056793597204,0.014902134241417817,1.9697692151298667,2.5099261873489214
3 weeks,2023-11-27,2023-12-18,G2,XLC,MTCH,0.07488166460774104,0.3714,0.03500409527169148,-1.0,,,,,,,
3 weeks,2023-11-27,2023-12-18,G4,XLC,VZ,0.008567261921140101,0.1534,0.013591146443127864,-1.0,,,,,,,
3 weeks,2023-11-27,2023-12-18,G1,XLC,DIS,-0.021092401886815826,,,,0.19699999999999998,1.0,1.0293433498128688,0.020980934500482495,0.009040263214241805,-1.0,-1.0
3 weeks,2023-11-27,2023-12-18,G3,XLC,CMCSA,0.062009863194690595,,,,0.1918,1.0,1.0286104729678467,0.020470400376490856,0.008807306152138077,2.0292452543285644,2.7922367690983125
3 weeks,2023-11-27,2023-12-18,G2,XLB,DD,0.03852156656221695,0.1631,0.014542553956843299,-1.0,,,,,,,
3 weeks,2023-11-27,2023-12-18,G1,XLB,ECL,0.04402966009533382,,,,0.1452,1.0,1.02213699070387,0.01589835984076695,0.006706148800612794,1.7694466936414357,2.2645666003509013
3 weeks,2023-11-27,2023-12-18,G3,XLB,CTVA,0.03534856184949775,,,,0.2437,1.0,1.0360208270769857,0.02556761850019498,0.011118982514687797,0.3825519904885979,-1.0
3 weeks,2023-11-27,2023-12-18,G2,XLE,OXY,-0.011883564454064355,0.2349,0.0215919434835262,-0.4496296980801614,,,,,,,
3 weeks,2023-11-27,2023-12-18,G4,XLE,KMI,0.015020188408443103,0.1509,0.013345997980951204,-1.0,,,,,,,
3 weeks,2023-11-27,2023-12-18,G1,XLE,WMB,-0.03437110098300822,,,,0.18530000000000002,1.0,1.027697358977208,0.019832307255009785,0.008515686243088664,-1.0,-1.0
3 weeks,2023-11-27,2023-12-18,G3,XLE,CVX,0.03685228490925829,,,,0.21,1.0,1.031184845759518,0.02225746931301878,0.009621341594746586,0.6557266412899279,-0.41095125935091403
3 weeks,2023-11-27,2023-12-18,G2,XLP,WMT,-0.007810438291126598,0.1286,0.011160665694842533,-0.3001816822865758,,,,,,,
3 weeks,2023-11-27,2023-12-18,G4,XLP,PG,-0.033522827386093135,0.1235,0.010661322223731196,2.1443405126124153,,,,,,,
3 weeks,2023-11-27,2023-12-18,G1,XLP,TGT,0.04865624498425847,,,,0.2145,1.0,1.0318253914359166,0.022699404535031633,0.009822047745512257,1.1435031438453858,0.7135788772796381
3 weeks,2023-11-27,2023-12-18,G3,XLP,HSY,-0.03259037981769353,,,,0.19,1.0,1.0283572791648552,0.020293689013499747,0.008726597025814993,-1.0,-1.0
3 weeks,2023-11-27,2023-12-18,G4,XLU,ED,-0.0073894166039616405,0.1592,0.014159987516146862,-0.4781480848386763,,,,,,,
3 weeks,2023-11-27,2023-12-18,G1,XLU,D,0.04196793464120119,,,,0.228,1.0,1.0337566431560508,0.024025357684043343,0.010422824224768158,0.7468183072701777,-0.2121817169632828
3 weeks,2023-12-18,2024-01-10,G2,XLK,ORCL,-0.006450759383367699,0.2077,0.018929876673135195,-0.6592286629884649,,,,,,,
3 weeks,2023-12-18,2024-01-10,G1,XLK,CRM,0.0020486063506681695,,,,0.2184,1.0,1.0323622248681563,0.02307244362712529,0.009995811969751295,-0.9112098231216545,-1.0
3 weeks,2023-12-18,2024-01-10,G2,XLY,SBUX,-0.031690160537448886,0.1753,0.015748968328906873,1.012205490265817,,,,,,,
3 weeks,2023-12-18,2024-01-10,G1,XLY,GM,0.024548591750497062,,,,0.2782,1.0,1.0410458009940835,0.028947392012104913,0.01263929310338421,-0.15195843065131065,-1.0
3 weeks,2023-12-18,2024-01-10,G2,XLV,PFE,0.07132295796642052,0.23670000000000002,0.021778319604183964,-1.0,,,,,,,
3 weeks,2023-12-18,2024-01-10,G4,XLV,GILD,0.06289305414964419,0.18539999999999998,0.01674032066285338,-1.0,,,,,,,
3 weeks,2023-12-18,2024-01-10,G1,XLV,VRTX,0.047226037705141444,,,,0.18530000000000002,1.0,1.0276778469951753,0.019822203992981274,0.008515686243088795,1.3824816716578754,1.2955508401722908
3 weeks,2023-12-18,2024-01-10,G2,XLI,NOC,0.014030294175481517,0.1679,0.01502279778711144,-1.0,,,,,,,
3 weeks,2023-12-18,2024-01-10,G4,XLI,CTAS,0.047016142212542356,0.2061,0.018772750973875128,-1.0,,,,,,,
3 weeks,2023-12-18,2024-01-10,G1,XLI,BA,-0.12507202821009666,,,,0.2529,1.0,1.0373370544962703,0.02646155271913978,0.011525667162004998,-1.0,-1.0
3 weeks,2023-12-18,2024-01-10,G2,XLC,CHTR,-0.04399701478014528,0.2749,0.025531437070416073,0.72324866237654,,,,,,,
3 weeks,2023-12-18,2024-01-10,G4,XLC,OMC,0.03054137858966066,0.20989999999999998,0.019145930458081904,-1.0,,,,,,,
3 weeks,2023-12-18,2024-01-10,G1,XLC,WBD,-0.08354218694167326,,,,0.4296,1.0,1.0643371757021154,0.043823902243859875,0.019160534281258176,-1.0,-1.0
3 weeks,2023-12-18,2024-01-10,G4,XLB,LYB,-0.012251593416853335,0.2183,0.019970921923069873,-0.3865284004390105,,,,,,,
3 weeks,2023-12-18,2024-01-10,G1,XLB,FCX,-0.0012090648627907097,,,,0.3177,1.0,1.0469397515070396,0.03282881736501855,0.014364120001224605,-1.0,-1.0
3 weeks,2023-12-18,2024-01-10,G2,XLE,EQT,-0.030840329909856523,0.3307,0.031014579871780162,-0.0056183241122103045,,,,,,,
3 weeks,2023-12-18,2024-01-10,G1,XLE,VLO,-0.05419954657821424,,,,0.2822,1.0,1.0416368886633132,0.029340433180829316,0.01281472438874648,-1.0,-1.0
3 weeks,2023-12-18,2024-01-10,G2,XLP,HSY,0.040491822891718154,0.2101,0.019165572044507754,-1.0,,,,,,,
3 weeks,2023-12-18,2024-01-10,G4,XLP,KO,0.019993277925619335,0.1253,0.010846624118883513,-1.0,,,,,,,
3 weeks,2023-12-18,2024-01-10,G1,XLP,KVUE,0.0361733025462001,,,,0.5115999999999999,1.0,1.0777620826803687,0.05187811193003764,0.022593077707398188,-0.30272515324029126,-1.0
3 weeks,2023-12-18,2024-01-10,G2,XLU,EXC,0.06357012326387479,0.2368,0.021788143282707666,-1.0,,,,,,,
3 weeks,2023-12-18,2024-01-10,G4,XLU,AEP,0.009910636123690253,0.1838,0.016583258940583514,-1.0,,,,,,,
3 weeks,2023-12-18,2024-01-10,G1,XLU,VST,0.024316437038374383,,,,0.2193,1.0,1.0324908012764857,0.02316084082657739,0.010035887548058954,0.049894398068265566,-1.0
3 weeks,2023-12-18,2024-01-10,G3,XLU,AEE,0.037109885117941666,,,,0.2102,1.0,1.0311937017629678,0.022267092709566772,0.009630266626669846,0.6665797193181762,-0.385667751026776
3 weeks,2024-01-10,2024-02-01,G2,XLK,ORCL,0.11172057235914368,0.2003,0.018203202714466828,-1.0,,,,,,,
3 weeks,2024-01-10,2024-02-01,G1,XLK,AMD,0.1477043451802451,,,,0.42210000000000003,1.0,1.0631381953924304,0.04308707705077159,0.018843148365028498,2.4280428214287526,3.4878991636431236
3 weeks,2024-01-10,2024-02-01,G2,XLY,NKE,-0.019369670241404235,0.19260000000000002,0.01744716446598318,0.11019015606629856,,,,,,,
3 weeks,2024-01-10,2024-02-01,G4,XLY,ROST,0.05258878819726753,0.1641,0.014649962227246686,-1.0,,,,,,,
3 weeks,2024-01-10,2024-02-01,G1,XLY,GM,0.07050373319834025,,,,0.3085,1.0,1.045555624813489,0.031924769672087495,0.013963886205431904,1.208433574384821,0.7866164202302524
3 weeks,2024-01-10,2024-02-01,G1,XLV,VRTX,0.023857808945101144,,,,0.2889,1.0,1.0426298627040473,0.02999878718822338,0.013108184235237786,-0.2047075504950061,-1.0
3 weeks,2024-01-10,2024-02-01,G3,XLV,BMY,-0.03928149822543592,,,,0.2518,1.0,1.0371769711600867,0.026353480043565882,0.011477090520175122,-1.0,-1.0
3 weeks,2024-01-10,2024-02-01,G2,XLI,BA,-0.07913447625129932,0.3171,0.029678157746843292,1.6664214445627588,,,,,,,
3 weeks,2024-01-10,2024-02-01,G4,XLI,LMT,-0.056280290034740776,0.20149999999999998,0.018321035957628403,2.0718945241361797,,,,,,,
3 weeks,2024-01-10,2024-02-01,G1,XLI,CAT,0.05374309487095674,,,,0.22210000000000002,1.0,1.0328912270161943,0.023435860239094188,0.010160509957061354,1.2931991538892165,1.0522461906816827
3 weeks,2024-01-10,2024-02-01,G2,XLC,DIS,0.08701984375693117,0.2216,0.020295049136013113,-1.0,,,,,,,
3 weeks,2024-01-10,2024-02-01,G4,XLC,T,0.06935371519378442,0.2866,0.026681083917218157,-1.0,,,,,,,
3 weeks,2024-01-10,2024-02-01,G1,XLC,MTCH,-0.01366683366271515,,,,0.4225,1.0,1.0632020200367314,0.04312637496065786,0.018860090280707037,-1.0,-1.0
3 weeks,2024-01-10,2024-02-01,G2,XLB,NEM,-0.061660138319552193,0.2981,0.027811112322816665,1.2171043575616096,,,,,,,
3 weeks,2024-01-10,2024-02-01,G4,XLB,LYB,0.0029685227645002144,0.2137,0.019519129755269215,-1.0,,,,,,,
3 weeks,2024-01-10,2024-02-01,G1,XLB,FCX,-0.023572452476930406,,,,0.353,1.0,1.0523151618875959,0.03629759710616116,0.015891425872684342,-1.0,-1.0
3 weeks,2024-01-10,2024-02-01,G2,XLE,TRGP,0.03257829195943751,0.2514,0.02322248121981018,-1.0,,,,,,,
3 weeks,2024-01-10,2024-02-01,G1,XLE,MPC,0.0961133449621634,,,,0.3145,1.0,1.0464575304440056,0.032514365441212084,0.014225011021803827,1.9560270870407157,2.4907399679372
3 weeks,2024-01-10,2024-02-01,G3,XLE,FANG,0.008985312091484676,,,,0.2581,1.0,1.0380951249396853,0.026972451224967647,0.011755123429768002,-0.6668707631893953,-1.0
3 weeks,2024-01-10,2024-02-01,G2,XLP,ADM,-0.18130683942638182,0.255,0.023576175421002803,6.690256633604145,,,,,,,
3 weeks,2024-01-10,2024-02-01,G4,XLP,PM,-0.012490814264175976,0.1539,0.013649436235333106,-0.08488423632896147,,,,,,,
3 weeks,2024-01-10,2024-02-01,G1,XLP,COST,0.04868832869129536,,,,0.1508,1.0,1.0228865838169372,0.01643713350321717,0.006959939297882146,1.9620936449634518,2.707179584484232
3 weeks,2024-01-10,2024-02-01,G2,XLU,EXC,-0.044213852737044035,0.17809999999999998,0.016023774049959142,1.7592658632849827,,,,,,,
3 weeks,2024-01-10,2024-02-01,G4,XLU,XEL,-0.025191411432516353,0.26789999999999997,0.024843636455343435,0.01399855362551583,,,,,,,
3 weeks,2024-01-10,2024-02-01,G1,XLU,NRG,0.07308168508554913,,,,0.2446,1.0,1.0361315440749777,0.02564611431466939,0.011158807740532337,1.8496201876378144,2.311298291873663
3 weeks,2024-01-10,2024-02-01,G3,XLU,AEE,-0.04174578196343248,,,,0.2157,1.0,1.0319768802628182,0.022807257790845213,0.009875531561200211,-1.0,-1.0
3 weeks,2024-02-01,2024-02-23,G2,XLK,TXN,0.025048321230079162,0.2273,0.02086215506731888,-1.0,,,,,,,
3 weeks,2024-02-01,2024-02-23,G1,XLK,NVDA,0.25052760646821737,,,,0.44020000000000004,1.0,1.0660245912715858,0.04485800035467424,0.01960811741584335,4.584903573217618,8.409522152675052
3 weeks,2024-02-01,2024-02-23,G2,XLY,TSLA,0.016467227577574572,0.4054,0.03836212600956875,-1.0,,,,,,,
3 weeks,2024-02-01,2024-02-23,G1,XLY,ORLY,0.015618013940535747,,,,0.2878,1.0,1.0424515931294736,0.029883260455635104,0.01306003752688206,-0.4773657993670948,-1.0
3 weeks,2024-02-01,2024-02-23,G2,XLV,PFE,0.017222448260229672,0.2396,0.022070456812443993,-1.0,,,,,,,
3 weeks,2024-02-01,2024-02-23,G4,XLV,ELV,0.0376643605228959,0.1586,0.014117449238552824,-1.0,,,,,,,
3 weeks,2024-02-01,2024-02-23,G1,XLV,SYK,0.042489065826742056,,,,0.1794,1.0,1.0268371293715326,0.019235399776569944,0.008250576829095704,1.208899545643793,0.8970717780619757
3 weeks,2024-02-01,2024-02-23,G2,XLI,BA,-0.04280060927521434,0.2859,0.02661963026222735,0.607858894116474,,,,,,,
3 weeks,2024-02-01,2024-02-23,G4,XLI,TDG,0.07740992377137745,0.3071,0.028702860395215503,-1.0,,,,,,,
3 weeks,2024-02-01,2024-02-23,G1,XLI,UBER,0.1718866029416557,,,,0.522,1.0,1.0794911242334781,0.05289219733961056,0.02302356105771462,2.249753490822192,3.013083748276986
3 weeks,2024-02-01,2024-02-23,G2,XLC,WBD,-0.17686428056624182,0.56,0.05354617470050448,2.303023634376921,,,,,,,
3 weeks,2024-02-01,2024-02-23,G4,XLC,T,-0.06873598467867459,0.18719999999999998,0.016924145894417972,3.061415276580993,,,,,,,
3 weeks,2024-02-01,2024-02-23,G1,XLC,NFLX,0.028281432182195587,,,,0.2593,1.0,1.0382554383418363,0.027082866732540525,0.011808033001612908,0.04425548674339019,-1.0
3 weeks,2024-02-01,2024-02-23,G2,XLB,DD,0.1291159311536434,0.2858,0.02660980391287327,-1.0,,,,,,,
3 weeks,2024-02-01,2024-02-23,G4,XLB,VMC,0.11664365264991483,0.281,0.026138142249311193,-1.0,,,,,,,
3 weeks,2024-02-01,2024-02-23,G1,XLB,NUE,0.02354275863445099,,,,0.2408,1.0,1.0355665657403421,0.02526527573910359,0.010990596432500388,-0.0681772533353624,-1.0
3 weeks,2024-02-01,2024-02-23,G3,XLB,CTVA,0.015538153488323658,,,,0.2808,1.0,1.0414148813427133,0.029195418909201444,0.012753343133964529,-0.46778795890383507,-1.0
3 weeks,2024-02-01,2024-02-23,G2,XLE,BKR,0.05160907797290948,0.28559999999999997,0.026590151221700435,-1.0,,,,,,,
3 weeks,2024-02-01,2024-02-23,G1,XLE,MPC,0.016932705869328046,,,,0.2718,1.0,1.0400877895079625,0.02831107280852001,0.012358242557129705,-0.40190518445375334,-1.0
3 weeks,2024-02-01,2024-02-23,G2,XLP,ADM,-0.04940997809274883,0.3464,0.03256476878952687,0.5172832459550449,,,,,,,
3 weeks,2024-02-01,2024-02-23,G4,XLP,PG,0.011622147795039117,0.1186,0.010197643441830172,-1.0,,,,,,,
3 weeks,2024-02-01,2024-02-23,G1,XLP,SYY,-0.018698349567743966,,,,0.1709,1.0,1.0256519998912748,0.01840117691217335,0.007867954934931507,-1.0,-1.0
3 weeks,2024-02-01,2024-02-23,G2,XLU,PCG,-0.005257161216778328,0.2438,0.022483075937332838,-0.7661725098722401,,,,,,,
3 weeks,2024-02-01,2024-02-23,G1,XLU,VST,0.1239019424832668,,,,0.2663,1.0,1.0392800058889624,0.02777065368792659,0.012116359655768485,3.46161418725025,5.9841057048860975
3 weeks,2024-02-01,2024-02-23,G3,XLU,PEG,0.029137709068600248,,,,0.18170000000000003,1.0,1.0271587807869649,0.019461161602506223,0.008353970823687582,0.4972235298044987,-0.7631152510104487
3 weeks,2024-02-23,2024-03-15,G2,XLK,ADBE,-0.11018359843402215,0.42450000000000004,0.04022665713298754,1.7390692214309542,,,,,,,
3 weeks,2024-02-23,2024-03-15,G1,XLK,PLTR,0.022638244375625893,,,,0.5225,1.0,1.0796000821668355,0.05295274607079341,0.02304423006148662,-0.5724821457727548,-1.0
3 weeks,2024-02-23,2024-03-15,G2,XLY,TSLA,-0.14793974952281008,0.4307,0.04083575745196859,2.6227992023122946,,,,,,,
3 weeks,2024-02-23,2024-03-15,G1,XLY,GM,0.029788813324003627,,,,0.2554,1.0,1.0377101962838475,0.026711671659646472,0.01163601949471468,0.11519839355489703,-1.0
3 weeks,2024-02-23,2024-03-15,G2,XLV,GILD,0.012166204728256247,0.1885,0.017040367630346095,-1.0,,,,,,,
3 weeks,2024-02-23,2024-03-15,G1,XLV,LLY,-0.019972966115676116,,,,0.273,1.0,1.0402882978100172,0.028440924229542253,0.012410973364103212,-1.0,-1.0
3 weeks,2024-02-23,2024-03-15,G3,XLV,AMGN,-0.07023319562898589,,,,0.1986,1.0,1.0295586152480343,0.02113254649173175,0.009111881798723295,-1.0,-1.0
3 weeks,2024-02-23,2024-03-15,G2,XLI,DE,0.05136323354138539,0.2089,0.019043416044858253,-1.0,,,,,,,
3 weeks,2024-02-23,2024-03-15,G1,XLI,UBER,-0.027237817602828507,,,,0.3184,1.0,1.0470543853145478,0.03290203925200468,0.01439453549266538,-1.0,-1.0
3 weeks,2024-02-23,2024-03-15,G2,XLC,CHTR,-0.029290024507218404,0.3212,0.030076620511081772,-0.026153071405531025,,,,,,,
3 weeks,2024-02-23,2024-03-15,G4,XLC,NWSA,-0.031150150196683546,0.40409999999999996,0.03822241665404562,-0.18502928586054124,,,,,,,
3 weeks,2024-02-23,2024-03-15,G1,XLC,META,0.00014459305892278174,,,,0.2813,1.0,1.0415127693712845,0.02925646808474984,0.012775267444689343,-0.9950577404454969,-1.0
3 weeks,2024-02-23,2024-03-15,G3,XLC,FOX,-0.018940329321141647,,,,0.42210000000000003,1.0,1.0631473703786158,0.04309143432431092,0.0188431483650285,-1.0,-1.0
3 weeks,2024-02-23,2024-03-15,G2,XLB,NEM,0.09166489264254207,0.3099,0.028966222591433295,-1.0,,,,,,,
3 weeks,2024-02-23,2024-03-15,G1,XLB,CTVA,0.006413334485707578,,,,0.21969999999999998,1.0,1.0325568779222414,0.023204668692357544,0.010053696046013978,-0.7236187867737227,-1.0
3 weeks,2024-02-23,2024-03-15,G2,XLE,SLB,0.08295763069882933,0.2713,0.02517332605991878,-1.0,,,,,,,
3 weeks,2024-02-23,2024-03-15,G4,XLE,CVX,0.0057543152437125045,0.187,0.016893114736647945,-1.0,,,,,,,
3 weeks,2024-02-23,2024-03-15,G1,XLE,TRGP,0.09213645256660152,,,,0.2072,1.0,1.030776415790989,0.021977031741800806,0.009496344632028284,3.192397483385159,5.461437442851817
3 weeks,2024-02-23,2024-03-15,G2,XLP,KVUE,0.06047979043713081,0.2278,0.020899714452271446,-1.0,,,,,,,
3 weeks,2024-02-23,2024-03-15,G1,XLP,WMT,0.04044200933122477,,,,0.1465,1.0,1.0223047086156762,0.01602019290650563,0.0067650960363446686,1.5244395974034513,1.6810115655576858
3 weeks,2024-02-23,2024-03-15,G2,XLU,DUK,0.021352026087217313,0.1593,0.01417485950441553,-1.0,,,,,,,
3 weeks,2024-02-23,2024-03-15,G4,XLU,AEP,-0.004123581252813202,0.1907,0.01725634684635384,-0.7610397328282439,,,,,,,
3 weeks,2024-02-23,2024-03-15,G1,XLU,CEG,0.2377437867765737,,,,0.3464,1.0,1.0513113783868133,0.03565346348204877,0.015606872899725672,5.668182093901641,10.945532560404029
3 weeks,2024-02-23,2024-03-15,G3,XLU,NEE,0.0678041769583062,,,,0.2675,1.0,1.039479963748681,0.02790051758572293,0.012169162134127425,1.4302121546663522,1.3275401295042624
3 weeks,2024-03-15,2024-04-08,G2,XLK,AAPL,-0.02415701932994041,0.20489999999999997,0.01865118115020416,0.2952005095760921,,,,,,,
3 weeks,2024-03-15,2024-04-08,G1,XLK,NVDA,-0.008014904221925079,,,,0.6525,1.0,1.1022302866396314,0.06571116908270132,0.028334414752488206,-1.0,-1.0
3 weeks,2024-03-15,2024-04-08,G2,XLY,TSLA,0.057528813241833454,0.5127,0.048890477586986114,-1.0,,,,,,,
3 weeks,2024-03-15,2024-04-08,G1,XLY,AZO,-0.015440106847905533,,,,0.1948,1.0,1.0290211866036691,0.020758830609534516,0.008941741179742023,-1.0,-1.0
3 weeks,2024-03-15,2024-04-08,G2,XLV,UNH,-0.07094243206914752,0.1968,0.017855818752997753,2.9730707984049873,,,,,,,
3 weeks,2024-03-15,2024-04-08,G1,XLV,BMY,-0.012334570259271649,,,,0.2751,1.0,1.0405963806974312,0.028646667655056284,0.012503214693389655,-1.0,-1.0
3 weeks,2024-03-15,2024-04-08,G3,XLV,GILD,-0.05794544064488105,,,,0.2024,1.0,1.030094809914851,0.021505068166274198,0.009281861941766887,-1.0,-1.0
3 weeks,2024-03-15,2024-04-08,G2,XLI,BA,-0.0053142016500861144,0.3081,0.028789934765778045,-0.8154145991187527,,,,,,,
3 weeks,2024-03-15,2024-04-08,G1,XLI,ETN,0.09372279353991853,,,,0.2186,1.0,1.032398513614803,0.023096023257407648,0.010004718426653219,3.0579623814614347,5.129535815994957
3 weeks,2024-03-15,2024-04-08,G2,XLC,WBD,-0.0023418623160058605,0.3934,0.03717171332307816,-0.9369988061714671,,,,,,,
3 weeks,2024-03-15,2024-04-08,G4,XLC,NWSA,0.009016017881389171,0.23260000000000003,0.02137179558647917,-1.0,,,,,,,
3 weeks,2024-03-15,2024-04-08,G1,XLC,LYV,-0.009347534187989393,,,,0.26839999999999997,1.0,1.0396108736093852,0.02798834924099071,0.012208753723359672,-1.0,-1.0
3 weeks,2024-03-15,2024-04-08,G3,XLC,FOX,0.06470804325881341,,,,0.2987,1.0,1.044096643576604,0.03096563016391524,0.01353655179427647,1.0896730638544811,0.5226477167489996
3 weeks,2024-03-15,2024-04-08,G2,XLB,PPG,0.014870132397540425,0.1559,0.013841936420599402,-1.0,,,,,,,
3 weeks,2024-03-15,2024-04-08,G4,XLB,AMCR,-0.03481034216337375,0.24670000000000003,0.0227569507529225,0.5296575776481531,,,,,,,
3 weeks,2024-03-15,2024-04-08,G1,XLB,FCX,0.12082494516278075,,,,0.3383,1.0,1.0500720376033776,0.034856931155376344,0.015257018056095086,2.466310462736897,3.6374007882318615
3 weeks,2024-03-15,2024-04-08,G4,XLE,WMB,0.05270242621417509,0.1722,0.01544106268704362,-1.0,,,,,,,
3 weeks,2024-03-15,2024-04-08,G1,XLE,TRGP,0.09436632186845495,,,,0.2007,1.0,1.0298542629676417,0.021338138196001645,0.009205838018067368,3.4224252838580522,6.007733437651411
3 weeks,2024-03-15,2024-04-08,G4,XLP,MNST,-0.07940445287807707,0.1865,0.01684460105165878,3.7139408427994587,,,,,,,
3 weeks,2024-03-15,2024-04-08,G1,XLP,KR,-0.012308327212914083,,,,0.1839,1.0,1.0274892980847323,0.019688756780539298,0.008452814111581126,-1.0,-1.0
3 weeks,2024-03-15,2024-04-08,G4,XLU,D,0.01964887884706079,0.2298,0.021096749233726002,-1.0,,,,,,,
3 weeks,2024-03-15,2024-04-08,G1,XLU,VST,0.21307642442625796,,,,0.4138,1.0,1.0618248457956025,0.042275412770831626,0.0184912300636554,4.040197373856805,7.179638569742378
3 weeks,2024-03-15,2024-04-08,G3,XLU,XEL,0.040200072493265626,,,,0.2443,1.0,1.0360958239568911,0.025620549455425756,0.011145533650702944,0.56905583009471,-0.6317584545522782
3 weeks,2024-04-08,2024-04-29,G2,XLK,AMD,-0.0570923913873248,0.4754,0.04523180901518156,0.2622177319541299,,,,,,,
3 weeks,2024-04-08,2024-04-29,G1,XLK,MU,-0.06986579433222173,,,,0.42979999999999996,1.0,1.0643679895023115,0.0438429703762314,0.019168989958776184,-1.0,-1.0
3 weeks,2024-04-08,2024-04-29,G2,XLY,NKE,0.04511119324748725,0.2168,0.019824171350130426,-1.0,,,,,,,
3 weeks,2024-04-08,2024-04-29,G1,XLY,GM,0.03834005470237423,,,,0.34590000000000004,1.0,1.0512245115542973,0.03559933034274427,0.015585297066563546,0.07698808750733943,-1.0
3 weeks,2024-04-08,2024-04-29,G2,XLV,ABT,-0.024592935253703985,0.2681,0.02486387153675759,-0.01089678583052156,,,,,,,
3 weeks,2024-04-08,2024-04-29,G4,XLV,ELV,0.047019587827123344,0.2932,0.027330205895244288,-1.0,,,,,,,
3 weeks,2024-04-08,2024-04-29,G1,XLV,MRK,0.028128882663051247,,,,0.2279,1.0,1.033721468304987,0.02400496629775417,0.010418381414436944,0.17179429931892276,-1.0
3 weeks,2024-04-08,2024-04-29,G2,XLI,BA,-0.044448073220673456,0.3985,0.037677294667870016,0.1797044775238945,,,,,,,
3 weeks,2024-04-08,2024-04-29,G1,XLI,GE,0.052789394799721556,,,,0.36700000000000005,1.0,1.0544744115952864,0.03767269168624397,0.016493500080045086,0.4012642165146221,-1.0
3 weeks,2024-04-08,2024-04-29,G2,XLC,CHTR,-0.048672326026326096,0.5528,0.05283230960104841,-0.07873938516289503,,,,,,,
3 weeks,2024-04-08,2024-04-29,G1,XLC,TKO,0.006467124999357754,,,,0.284,1.0,1.0419021016942434,0.029516707719832662,0.012893611998570764,-0.780899514243169,-1.0
3 weeks,2024-04-08,2024-04-29,G2,XLB,PPG,-0.06554205439957439,0.2581,0.023881333861930205,1.744488845493529,,,,,,,
3 weeks,2024-04-08,2024-04-29,G4,XLB,ECL,-0.02257606781930943,0.1978,0.017958296528270103,0.2571386035290162,,,,,,,
3 weeks,2024-04-08,2024-04-29,G1,XLB,FCX,0.051307923498622676,,,,0.41,1.0,1.0612127061198213,0.04189770453552385,0.01832987266235884,0.22459986931074338,-1.0
3 weeks,2024-04-08,2024-04-29,G3,XLB,APD,0.0020619258019638487,,,,0.2366,1.0,1.034973623827637,0.024859593416380475,0.01080449450838993,-0.9170571389713399,-1.0
3 weeks,2024-04-08,2024-04-29,G1,XLE,VLO,-0.07396760990116202,,,,0.3262,1.0,1.0482235233037323,0.033663490935317085,0.014733096897596087,-1.0,-1.0
3 weeks,2024-04-08,2024-04-29,G2,XLP,COST,0.02203661238886223,0.1723,0.015455122659188083,-1.0,,,,,,,
3 weeks,2024-04-08,2024-04-29,G4,XLP,KO,0.04673539628063983,0.13949999999999999,0.012238221582024056,-1.0,,,,,,,
3 weeks,2024-04-08,2024-04-29,G1,XLP,ADM,-0.03941130627526268,,,,0.2929,1.0,1.0432232183422379,0.030391245088973434,0.01328315313397035,-1.0,-1.0
3 weeks,2024-04-08,2024-04-29,G3,XLP,MNST,-0.027313574413054154,,,,0.20980000000000001,1.0,1.0311356500944742,0.02222720246590621,0.009612416119940783,-1.0,-1.0
3 weeks,2024-04-08,2024-04-29,G4,XLU,SO,0.06180415434760378,0.16440000000000002,0.014679959111720096,-1.0,,,,,,,
3 weeks,2024-04-08,2024-04-29,G1,XLU,VST,0.047567737246984265,,,,0.4816,1.0,1.072781621814336,0.04893128295641108,0.02134519867307075,-0.02786654318141546,-1.0
3 weeks,2024-04-08,2024-04-29,G3,XLU,XEL,0.007396411760233423,,,,0.3189,1.0,1.04711959591913,0.03294614565750832,0.014416257636907613,-0.7754999374699897,-1.0
3 weeks,2024-04-29,2024-05-20,G2,XLK,AMD,0.03826470037195451,0.6068,0.058126443184626,-1.0,,,,,,,
3 weeks,2024-04-29,2024-05-20,G1,XLK,APH,0.09195131356290509,,,,0.2335,1.0,1.034538667187027,0.024561092924087022,0.010667009379320613,2.7437793931689636,4.382262669345728
3 weeks,2024-04-29,2024-05-20,G2,XLY,HD,0.003028634520867657,0.26839999999999997,0.02488750887708586,-1.0,,,,,,,
3 weeks,2024-04-29,2024-05-20,G1,XLY,CMG,-0.010306969818384415,,,,0.20559999999999998,1.0,1.0305511861095806,0.02182082165530518,0.009424878792035496,-1.0,-1.0
3 weeks,2024-04-29,2024-05-20,G2,XLV,GILD,0.029724248813334686,0.1943,0.017608930712472496,-1.0,,,,,,,
3 weeks,2024-04-29,2024-05-20,G1,XLV,MCK,0.0520623181819595,,,,0.29309999999999997,1.0,1.0432649848269866,0.030416842194887807,0.01329189705041207,0.7116279805899637,-0.33814313174355026
3 weeks,2024-04-29,2024-05-20,G3,XLV,BMY,-0.02867362971756393,,,,0.23440000000000003,1.0,1.0346683236590921,0.024649502551907787,0.0107069352898444,-1.0,-1.0
3 weeks,2024-04-29,2024-05-20,G2,XLI,BA,0.07562392473210511,0.2783,0.025860250487496215,-1.0,,,,,,,
3 weeks,2024-04-29,2024-05-20,G4,XLI,MMM,0.14160146566767495,0.3486,0.03276819190745094,-1.0,,,,,,,
3 weeks,2024-04-29,2024-05-20,G1,XLI,GE,-0.03167366288746354,,,,0.26539999999999997,1.0,1.039173763731021,0.027695081159155154,0.012076747524127409,-1.0,-1.0
3 weeks,2024-04-29,2024-05-20,G2,XLC,LYV,0.09818863816825774,0.4583,0.043546128341104565,-1.0,,,,,,,
3 weeks,2024-04-29,2024-05-20,G1,XLC,GOOGL,0.0648209758256153,,,,0.28350000000000003,1.0,1.0418400603902214,0.02947353363251528,0.01287170228736966,1.1992943443369315,0.7853827661896648
3 weeks,2024-04-29,2024-05-20,G2,XLB,IP,0.16591146190996553,0.2588,0.023944284008965696,-1.0,,,,,,,
3 weeks,2024-04-29,2024-05-20,G1,XLB,NEM,0.051585438552893326,,,,0.3333,1.0,1.049313482877643,0.03436707939490089,0.015040710571023314,0.5010131632118577,-0.8489462539338138
3 weeks,2024-04-29,2024-05-20,G2,XLE,PSX,-0.03941015884687915,0.2682,0.024867857927142058,0.5847830143771588,,,,,,,
3 weeks,2024-04-29,2024-05-20,G4,XLE,EQT,0.02514023811856192,0.282,0.02622380912158113,-1.0,,,,,,,
3 weeks,2024-04-29,2024-05-20,G1,XLE,EOG,-0.046899049305428875,,,,0.2716,1.0,1.0400841040559718,0.028304261030648512,0.012349452570223967,-1.0,-1.0
3 weeks,2024-04-29,2024-05-20,G3,XLE,SLB,-0.01991461943335937,,,,0.252,1.0,1.0372168116201554,0.026378530127969438,0.011485923619753405,-1.0,-1.0
3 weeks,2024-04-29,2024-05-20,G2,XLP,MNST,-0.010160709887451325,0.3319,0.031127173487380425,-0.6735742841677985,,,,,,,
3 weeks,2024-04-29,2024-05-20,G4,XLP,PG,0.034949734282361034,0.11960000000000001,0.010283722077835913,-1.0,,,,,,,
3 weeks,2024-04-29,2024-05-20,G1,XLP,KMB,-0.016993921199815798,,,,0.1321,1.0,1.0203386890945838,0.014609946433053501,0.006111074010524702,-1.0,-1.0
3 weeks,2024-04-29,2024-05-20,G4,XLU,CNP,0.03331490892766964,0.2046,0.018620287816076737,-1.0,,,,,,,
3 weeks,2024-04-29,2024-05-20,G1,XLU,NRG,0.10793840566537649,,,,0.4476,1.0,1.067245392616916,0.045597394571439104,0.019919896393342386,1.3672055537354302,1.042832565236672
3 weeks,2024-04-29,2024-05-20,G3,XLU,XEL,0.029184949411289907,,,,0.2434,1.0,1.0359684377816007,0.025533635861304735,0.011105705468309704,0.14300014184500376,-1.0
3 weeks,2024-05-20,2024-06-11,G2,XLK,CSCO,-0.02885645652021307,0.2027,0.01843457331781882,0.5653444222829107,,,,,,,
3 weeks,2024-05-20,2024-06-11,G1,XLK,TXN,-0.008835294509681457,,,,0.18739999999999998,1.0,1.0279813570418952,0.020032943810280035,0.008609953424498846,-1.0,-1.0
3 weeks,2024-05-20,2024-06-11,G3,XLK,IBM,-0.0035309730885149104,,,,0.16190000000000002,1.0,1.0244268646943675,0.017530467617669094,0.007461942700004256,-1.0,-1.0
3 weeks,2024-05-20,2024-06-11,G2,XLY,SBUX,0.030307036629113826,0.19870000000000002,0.018041803308804876,-1.0,,,,,,,
3 weeks,2024-05-20,2024-06-11,G4,XLY,GM,0.07154024750835464,0.2138,0.019524636794507673,-1.0,,,,,,,
3 weeks,2024-05-20,2024-06-11,G1,XLY,TSLA,-0.024521253849475455,,,,0.42,1.0,1.0628125114726765,0.04288512069034631,0.018754176166874803,-1.0,-1.0
3 weeks,2024-05-20,2024-06-11,G1,XLV,VRTX,0.07997847814975056,,,,0.1668,1.0,1.0251059528760331,0.018011193248872834,0.0076831066136590215,3.4404874815695923,6.141971084478391
3 weeks,2024-05-20,2024-06-11,G3,XLV,BMY,-0.007841488037244493,,,,0.1953,1.0,1.0290928642971389,0.02080853216817442,0.008964137278837882,-1.0,-1.0
3 weeks,2024-05-20,2024-06-11,G2,XLI,UBER,0.07641136419825578,0.29600000000000004,0.02760035066092771,-1.0,,,,,,,
3 weeks,2024-05-20,2024-06-11,G1,XLI,MMM,-0.030285174513948743,,,,0.19579999999999997,1.0,1.0291633776288163,0.020857624012139066,0.008986530596618593,-1.0,-1.0
3 weeks,2024-05-20,2024-06-11,G2,XLC,DIS,-0.01972793455684818,0.17120000000000002,0.015342366932439969,0.28584687380506946,,,,,,,
3 weeks,2024-05-20,2024-06-11,G4,XLC,FOX,0.01700441138178954,0.2736,0.025399316307913245,-1.0,,,,,,,
3 weeks,2024-05-20,2024-06-11,G1,XLC,GOOGL,-0.0005500926006624107,,,,0.207,1.0,1.0307480286799309,0.02195739126250141,0.00948741295383643,-1.0,-1.0
3 weeks,2024-05-20,2024-06-11,G2,XLB,NUE,-0.09068046199360769,0.20920000000000002,0.019072877599325053,3.7544195426922196,,,,,,,
3 weeks,2024-05-20,2024-06-11,G4,XLB,CTVA,-0.08725568161559394,0.2004,0.018208727359326667,3.791970349915797,,,,,,,
3 weeks,2024-05-20,2024-06-11,G1,XLB,IFF,-0.016798308103729176,,,,0.2189,1.0,1.032442558292165,0.02312609406386496,0.010018077283933956,-1.0,-1.0
3 weeks,2024-05-20,2024-06-11,G2,XLE,MPC,-0.009200271036235441,0.2489,0.022972506522854288,-0.5995094820374737,,,,,,,
3 weeks,2024-05-20,2024-06-11,G4,XLE,EQT,-0.01789116869181928,0.27190000000000003,0.025232279841664464,-0.29094125445308805,,,,,,,
3 weeks,2024-05-20,2024-06-11,G1,XLE,WMB,0.00989232219089109,,,,0.1527,1.0,1.0231568750860682,0.016628109771391595,0.007045966327202565,-0.40508438259706814,-1.0
3 weeks,2024-05-20,2024-06-11,G3,XLE,DVN,-0.05457803586008769,,,,0.2097,1.0,1.0311315208727985,0.02222254256307377,0.009607953216447996,-1.0,-1.0
3 weeks,2024-05-20,2024-06-11,G2,XLP,TGT,-0.06713026810050349,0.4617,0.043881007410673786,0.5298251353312011,,,,,,,
3 weeks,2024-05-20,2024-06-11,G4,XLP,WMT,0.03973200550793665,0.1305,0.011351719225958594,-1.0,,,,,,,
3 weeks,2024-05-20,2024-06-11,G1,XLP,COST,0.07100890319168052,,,,0.27,1.0,1.0398470860785707,0.028146155449015248,0.01227911704511571,1.522863320367433,1.5377897285786624
3 weeks,2024-05-20,2024-06-11,G4,XLU,PCG,-0.0182304985808448,0.1595,0.014194477579169631,0.28433741074049723,,,,,,,
3 weeks,2024-05-20,2024-06-11,G1,XLU,VST,-0.003169171031071394,,,,0.4238,1.0,1.0634187215288853,0.04325844886447005,0.018915140086311694,-1.0,-1.0
3 weeks,2024-06-11,2024-07-03,G2,XLK,CRM,0.08282532892638272,0.23120000000000002,0.02123224761161024,-1.0,,,,,,,
3 weeks,2024-06-11,2024-07-03,G1,XLK,NVDA,0.06095448070171949,,,,0.41229999999999994,1.0,1.0615909560036718,0.04213007783214251,0.018427554242588517,0.4468162376670268,-1.0
3 weeks,2024-06-11,2024-07-03,G2,XLY,LOW,-0.02312794743374702,0.179,0.01610642983614369,0.4359450026502272,,,,,,,
3 weeks,2024-06-11,2024-07-03,G1,XLY,RCL,0.014296104553382039,,,,0.2737,1.0,1.0403943446439798,0.028511196648874818,0.012441725787528885,-0.4985792869572072,-1.0
3 weeks,2024-06-11,2024-07-03,G2,XLV,BMY,-0.0688050438968224,0.3514,0.03304273611635473,1.0823046752102012,,,,,,,
3 weeks,2024-06-11,2024-07-03,G1,XLV,VRTX,-0.023363030400015194,,,,0.21559999999999999,1.0,1.0319744940106061,0.02280349709679947,0.009871075184478625,-1.0,-1.0
3 weeks,2024-06-11,2024-07-03,G2,XLI,DE,-0.0025170379301203694,0.1845,0.016646281000699172,-0.8487927765958883,,,,,,,
3 weeks,2024-06-11,2024-07-03,G1,XLI,BA,-0.00641510750084251,,,,0.2913,1.0,1.0429984419446492,0.030240564863408224,0.0132131862801951,-1.0,-1.0
3 weeks,2024-06-11,2024-07-03,G2,XLC,LYV,0.055803098734122036,0.2349,0.021595705802646314,-1.0,,,,,,,
3 weeks,2024-06-11,2024-07-03,G1,XLC,TMUS,0.00033628602655122464,,,,0.2304,1.0,1.0340937557258945,0.02425717995407414,0.010529418658955209,-0.9861366396593505,-1.0
3 weeks,2024-06-11,2024-07-03,G2,XLB,NUE,0.00989448161085349,0.2429,0.02238160088356848,-1.0,,,,,,,
3 weeks,2024-06-11,2024-07-03,G1,XLB,IP,-0.03351839905357712,,,,0.36719999999999997,1.0,1.054518741004919,0.03769879193092503,0.016502086175959198,-1.0,-1.0
3 weeks,2024-06-11,2024-07-03,G3,XLB,CTVA,0.016266500960657515,,,,0.2577,1.0,1.0380486794215145,0.026939143007683283,0.011737483418086746,-0.3961760047074153,-1.0
3 weeks,2024-06-11,2024-07-03,G2,XLE,COP,0.010032742059839839,0.17579999999999998,0.01579236832631808,-1.0,,,,,,,
3 weeks,2024-06-11,2024-07-03,G1,XLE,TRGP,0.10322069420175217,,,,0.19949999999999998,1.0,1.0296887489638642,0.021222440449390412,0.009152154749090655,3.863752330836066,7.034386136794071
3 weeks,2024-06-11,2024-07-03,G3,XLE,HAL,-0.020301848752371288,,,,0.35350000000000004,1.0,1.0524041504282995,0.03635260492355219,0.01591296414170021,-1.0,-1.0
3 weeks,2024-06-11,2024-07-03,G2,XLP,KVUE,-0.008662722789658073,0.2175,0.019886588489147906,-0.5643937222120652,,,,,,,
3 weeks,2024-06-11,2024-07-03,G4,XLP,WMT,0.02262867123396428,0.1326,0.01155603716219921,-1.0,,,,,,,
3 weeks,2024-06-11,2024-07-03,G1,XLP,COST,0.015718582806479864,,,,0.1689,1.0,1.0254005119185092,0.018218782693384145,0.007777808587681835,-0.13723199452903623,-1.0
3 weeks,2024-06-11,2024-07-03,G2,XLU,ED,-0.0331336103371328,0.15710000000000002,0.013957665344879315,1.3738647917424562,,,,,,,
3 weeks,2024-06-11,2024-07-03,G1,XLU,NEE,-0.012510160677274729,,,,0.26239999999999997,1.0,1.0387355824617774,0.02740092138186826,0.011944643456235584,-1.0,-1.0
3 weeks,2024-07-03,2024-07-25,G1,XLK,ADBE,-0.06664912456866456,,,,0.23010000000000003,1.0,1.0340417012545562,0.02422318458474074,0.010516097820299351,-1.0,-1.0
3 weeks,2024-07-03,2024-07-25,G2,XLY,NKE,-0.05090375154651061,0.1959,0.017769738695484913,1.8646314061694484,,,,,,,
3 weeks,2024-07-03,2024-07-25,G1,XLY,TSLA,-0.10609196580381441,,,,0.625,1.0,1.0973095996701485,0.06301098211531521,0.027229102135986758,-1.0,-1.0
3 weeks,2024-07-03,2024-07-25,G2,XLV,DHR,0.12537492153890573,0.2865,0.026669791703682083,-1.0,,,,,,,
3 weeks,2024-07-03,2024-07-25,G1,XLV,GILD,0.14897146088206448,,,,0.2152,1.0,1.0319085520004045,0.02275966561208967,0.009853248572368887,5.5454151840848045,10.880640990823615
3 weeks,2024-07-03,2024-07-25,G2,XLI,RTX,0.1263649854988207,0.1996,0.01813303646147051,-1.0,,,,,,,
3 weeks,2024-07-03,2024-07-25,G4,XLI,MMM,0.017417771778781344,0.23600000000000002,0.02170810625262392,-1.0,,,,,,,
3 weeks,2024-07-03,2024-07-25,G1,XLI,UBER,-0.07798043408149902,,,,0.3091,1.0,1.0456486910211122,0.0319852103370179,0.013990016046559,-1.0,-1.0
3 weeks,2024-07-03,2024-07-25,G2,XLC,WBD,0.10511753112582567,0.4023,0.03804855899530858,-1.0,,,,,,,
3 weeks,2024-07-03,2024-07-25,G4,XLC,NWSA,-0.01843820697622922,0.5166,0.04927588117823594,-0.6258167984954692,,,,,,,
3 weeks,2024-07-03,2024-07-25,G1,XLC,NFLX,-0.07094400218203067,,,,0.5021,1.0,1.0761798989920868,0.05094662374513523,0.02219889829204474,-1.0,-1.0
3 weeks,2024-07-03,2024-07-25,G2,XLB,APD,0.0222924633412811,0.2134,0.019488227950981672,-1.0,,,,,,,
3 weeks,2024-07-03,2024-07-25,G1,XLB,ECL,0.03311421529980585,,,,0.1589,1.0,1.0240061252064954,0.017233090598036287,0.007326402969543103,0.9215482627114673,0.2431871589884218
3 weeks,2024-07-03,2024-07-25,G3,XLB,PPG,0.008568893500673358,,,,0.2583,1.0,1.0381273112666027,0.026993599258251746,0.01176394278158784,-0.6825583198930426,-1.0
3 weeks,2024-07-03,2024-07-25,G2,XLE,EQT,-0.07181435973045125,0.2998,0.027976691910483527,1.5669353603433263,,,,,,,
3 weeks,2024-07-03,2024-07-25,G1,XLE,TRGP,-0.012125984054088823,,,,0.1841,1.0,1.0275125930037572,0.019705938756720855,0.008461797184427657,-1.0,-1.0
3 weeks,2024-07-03,2024-07-25,G2,XLP,GIS,0.05368007065335778,0.17620000000000002,0.015835878403690832,-1.0,,,,,,,
3 weeks,2024-07-03,2024-07-25,G4,XLP,WMT,0.026084305850171186,0.1355,0.011844306685630508,-1.0,,,,,,,
3 weeks,2024-07-03,2024-07-25,G1,XLP,COST,-0.05414629299816753,,,,0.17059999999999997,1.0,1.0256279772723333,0.01838097338219541,0.007854435843192802,-1.0,-1.0
3 weeks,2024-07-03,2024-07-25,G2,XLU,D,0.06279210168193994,0.1338,0.011677749071363899,-1.0,,,,,,,
3 weeks,2024-07-03,2024-07-25,G3,XLU,PCG,0.04645763853068674,,,,0.1604,1.0,1.0242134607537705,0.017380229657618505,0.007394185494173023,1.6730163781421856,2.00833375014
3 weeks,2024-07-25,2024-08-15,G2,XLK,MU,-0.004653226552650547,0.46270000000000006,0.04400340505468623,-0.8942530345806731,,,,,,,
3 weeks,2024-07-25,2024-08-15,G1,XLK,PLTR,0.17236200890874365,,,,0.8026000000000001,1.0,1.130267176562221,0.08040298175444464,0.034241020826581085,1.1437265776429428,0.2293684980865014
3 weeks,2024-07-25,2024-08-15,G3,XLK,AVGO,0.1130242421599097,,,,0.4182,1.0,1.0624768839478513,0.042685029140917784,0.0186778779748366,1.6478661121860383,1.7062687892145658
3 weeks,2024-07-25,2024-08-15,G2,XLY,NKE,0.15530041764159241,0.2444,0.022553636397128082,-1.0,,,,,,,
3 weeks,2024-07-25,2024-08-15,G1,XLY,TSLA,-0.027741205949382786,,,,0.5038,1.0,1.076419646730947,0.05109348106572691,0.022269502383616704,-1.0,-1.0
3 weeks,2024-07-25,2024-08-15,G3,XLY,CMG,0.06198350147175846,,,,0.37829999999999997,1.0,1.0561918488193418,0.03876460826384719,0.01697795539399882,0.5989714393571175,-0.6588721952665828
3 weeks,2024-07-25,2024-08-15,G2,XLV,MRK,-0.09964237447194135,0.2857,0.026611707364722025,2.744305959264865,,,,,,,
3 weeks,2024-07-25,2024-08-15,G4,XLV,ABBV,0.06164571831957755,0.2192,0.020078053480223144,-1.0,,,,,,,
3 weeks,2024-07-25,2024-08-15,G1,XLV,UNH,0.03560947729505681,,,,0.2121,1.0,1.0314254109174075,0.022433978721270422,0.009715032346699586,0.5873010194707102,-0.5693203863525245
3 weeks,2024-07-25,2024-08-15,G3,XLV,CVS,-0.018584862485282017,,,,0.4793,1.0,1.0723642538059184,0.04868723881101161,0.021249152331242506,-1.0,-1.0
3 weeks,2024-07-25,2024-08-15,G2,XLI,GEV,0.1801251432366675,0.5313,0.05074064369423624,-1.0,,,,,,,
3 weeks,2024-07-25,2024-08-15,G4,XLI,MMM,0.22990627946034126,0.3212,0.030100247938883752,-1.0,,,,,,,
3 weeks,2024-07-25,2024-08-15,G1,XLI,LMT,0.07458773581198685,,,,0.16519999999999999,1.0,1.0248368330306175,0.01782953021683931,0.007610919491830453,3.1833820019296786,5.5367795356096
3 weeks,2024-07-25,2024-08-15,G3,XLI,TDG,0.035753167109714656,,,,0.3488,1.0,1.051630870258587,0.03586577837891675,0.01571040004374015,-0.0031397971629787413,-1.0
3 weeks,2024-07-25,2024-08-15,G2,XLC,DIS,-0.0047081073228278925,0.4046,0.03829550892919399,-0.8770584996916246,,,,,,,
3 weeks,2024-07-25,2024-08-15,G4,XLC,FOX,0.053395314962646045,0.33490000000000003,0.031446545328777546,-1.0,,,,,,,
3 weeks,2024-07-25,2024-08-15,G1,XLC,WBD,-0.09386733685663684,,,,0.6701999999999999,1.0,1.1053816445932427,0.06742540176237202,0.029041987977544943,-1.0,-1.0
3 weeks,2024-07-25,2024-08-15,G2,XLB,FCX,-0.02133388768697919,0.35450000000000004,0.033372608466112307,-0.36073658405688136,,,,,,,
3 weeks,2024-07-25,2024-08-15,G4,XLB,AMCR,0.06896548494500321,0.3156,0.029549935818860455,-1.0,,,,,,,
3 weeks,2024-07-25,2024-08-15,G1,XLB,NEM,0.07899353377343132,,,,0.32159999999999994,1.0,1.0474894193011903,0.03319285150214882,0.014533511057506278,1.37983572361409,1.167687790485409
3 weeks,2024-07-25,2024-08-15,G2,XLE,OXY,-0.04493630249061198,0.2638,0.024459754770629356,0.8371526171051535,,,,,,,
3 weeks,2024-07-25,2024-08-15,G1,XLE,KMI,0.015361697674070918,,,,0.17559999999999998,1.0,1.0262829915046792,0.01885014482450252,0.008079622334594312,-0.1850620874751654,-1.0
3 weeks,2024-07-25,2024-08-15,G3,XLE,DVN,-0.018150369801990363,,,,0.3506,1.0,1.0519070933862587,0.036042660680739816,0.015788005389668045,-1.0,-1.0
3 weeks,2024-07-25,2024-08-15,G2,XLP,CHD,0.0042406301800901325,0.2585,0.023938990842014122,-1.0,,,,,,,
3 weeks,2024-07-25,2024-08-15,G4,XLP,MO,0.018875739967887606,0.21230000000000002,0.01940032656996988,-1.0,,,,,,,
3 weeks,2024-07-25,2024-08-15,G1,XLP,KR,-0.0018174698589703553,,,,0.226,1.0,1.0334113509918075,0.023799306022631566,0.010333947099444072,-1.0,-1.0
3 weeks,2024-07-25,2024-08-15,G3,XLP,KVUE,0.19338180786194958,,,,0.3703,1.0,1.0549478022025147,0.03797850287453636,0.01663511686014851,4.091875488109545,7.321793397861285
3 weeks,2024-07-25,2024-08-15,G2,XLU,CEG,0.11919639620379274,0.6,0.05748464526877014,-1.0,,,,,,,
3 weeks,2024-07-25,2024-08-15,G4,XLU,XEL,0.035695314071048756,0.2762,0.02567819226831208,-1.0,,,,,,,
3 weeks,2024-07-25,2024-08-15,G1,XLU,AEE,0.04887153311862735,,,,0.1666,1.0,1.025031017911141,0.017966902552745776,0.007674084795837965,1.720086724751479,2.1066265022789494
3 weeks,2024-08-15,2024-09-06,G2,XLK,MU,-0.19233303231604804,0.457,0.04346765010392629,3.424739590389665,,,,,,,
3 weeks,2024-08-15,2024-09-06,G1,XLK,NOW,-0.00849648177365847,,,,0.285,1.0,1.0419644913211057,0.029572414357147008,0.012937423314772916,-1.0,-1.0
3 weeks,2024-08-15,2024-09-06,G3,XLK,AVGO,-0.17534467919235353,,,,0.4929,1.0,1.0745594774878238,0.05000000135180028,0.021816299959255808,-1.0,-1.0
3 weeks,2024-08-15,2024-09-06,G2,XLY,F,0.011472090946090807,0.2824,0.02631088382975803,-1.0,,,,,,,
3 weeks,2024-08-15,2024-09-06,G4,XLY,DASH,-0.05165397247936876,0.27949999999999997,0.026025900911107184,0.9847140990736731,,,,,,,
3 weeks,2024-08-15,2024-09-06,G1,XLY,SBUX,-0.03350653975695295,,,,0.24850000000000003,1.0,1.036610819890368,0.025985748828560813,0.011331281278809132,-1.0,-1.0
3 weeks,2024-08-15,2024-09-06,G2,XLV,CVS,0.003300871438927322,0.26030000000000003,0.024139185927110264,-1.0,,,,,,,
3 weeks,2024-08-15,2024-09-06,G1,XLV,DHR,-0.011621445128577879,,,,0.2094,1.0,1.0309939700119395,0.02214453139252219,0.009594563841566666,-1.0,-1.0
3 weeks,2024-08-15,2024-09-06,G2,XLI,HON,0.0037996002854030486,0.17809999999999998,0.016064969483248568,-1.0,,,,,,,
3 weeks,2024-08-15,2024-09-06,G4,XLI,MMM,0.016776105655435636,0.1528,0.01358225959173599,-1.0,,,,,,,
3 weeks,2024-08-15,2024-09-06,G1,XLI,LMT,0.01695412049503453,,,,0.1773,1.0,1.026472937280529,0.018992464385850664,0.008156121951618085,-0.10732382324932477,-1.0
3 weeks,2024-08-15,2024-09-06,G2,XLC,WBD,-0.0027624283920971715,0.43119999999999997,0.04093301316251563,-0.9325134364985659,,,,,,,
3 weeks,2024-08-15,2024-09-06,G4,XLC,TKO,-0.014260131852824487,0.3185,0.029858546380348096,-0.5224103788853561,,,,,,,
3 weeks,2024-08-15,2024-09-06,G1,XLC,META,-0.06897069872276484,,,,0.2702,1.0,1.0397807565010322,0.02811803355764667,0.012287910505587321,-1.0,-1.0
3 weeks,2024-08-15,2024-09-06,G3,XLC,TTWO,0.06988656501090351,,,,0.2281,1.0,1.0336651386045725,0.023981462615709066,0.010427266925026006,1.9141911038038346,2.4737219893544387
3 weeks,2024-08-15,2024-09-06,G2,XLB,SW,0.0463264963931147,1.0065,0.09732227318454807,-1.0,,,,,,,
3 weeks,2024-08-15,2024-09-06,G1,XLB,SHW,0.01426536886972718,,,,0.2087,1.0,1.0308945166139156,0.022075777128958748,0.009563318090695995,-0.3537999234910748,-1.0
3 weeks,2024-08-15,2024-09-06,G3,XLB,NUE,-0.04427758266763371,,,,0.32420000000000004,1.0,1.0478344290807846,0.03342473812485825,0.014646348186628272,-1.0,-1.0
3 weeks,2024-08-15,2024-09-06,G2,XLE,EQT,0.018250301843748318,0.3312,0.031106631719152778,-1.0,,,,,,,
3 weeks,2024-08-15,2024-09-06,G1,XLE,MPC,-0.07716804478194605,,,,0.253,1.0,1.03726507525106,0.02642790852282069,0.011530082565169747,-1.0,-1.0
3 weeks,2024-08-15,2024-09-06,G3,XLE,HAL,-0.08076213755300188,,,,0.2968,1.0,1.043718286863399,0.030732025425822828,0.013453581777885554,-1.0,-1.0
3 weeks,2024-08-15,2024-09-06,G2,XLP,TGT,0.07626068324682711,0.4806,0.045785869182059236,-1.0,,,,,,,
3 weeks,2024-08-15,2024-09-06,G4,XLP,CL,0.06328853911587551,0.1703,0.0152993505630726,-1.0,,,,,,,
3 weeks,2024-08-15,2024-09-06,G1,XLP,GIS,0.09178171355950848,,,,0.2697,1.0,1.0397072904567144,0.028068900271707144,0.012265926040044504,2.2698720887195747,3.2454538640447517
3 weeks,2024-08-15,2024-09-06,G3,XLP,CHD,0.051905077919045306,,,,0.1873,1.0,1.0278726938096387,0.019974214917595254,0.00860546562676314,1.59860415706863,1.7926884089415718
3 weeks,2024-08-15,2024-09-06,G2,XLU,CEG,-0.09076110046279628,0.4646,0.044214226692433536,1.052757839555937,,,,,,,
3 weeks,2024-08-15,2024-09-06,G4,XLU,PPL,0.03518403701451445,0.16269999999999998,0.014553521630607717,-1.0,,,,,,,
3 weeks,2024-08-15,2024-09-06,G1,XLU,NRG,-0.07540779255249819,,,,0.4522,1.0,1.0678900926670376,0.04600214012861817,0.0201134218744233,-1.0,-1.0
3 weeks,2024-09-06,2024-09-27,G1,XLK,PLTR,0.21463897940182974,,,,0.6038,1.0,1.0933649806274595,0.06083953013468645,0.02637200822709011,2.527952614470596,3.5985879319495275
3 weeks,2024-09-06,2024-09-27,G3,XLK,AVGO,0.2646568163539065,,,,0.6283,1.0,1.09769241399752,0.06324388498003282,0.02736212527595695,3.184702069416879,5.1020260916317755
3 weeks,2024-09-06,2024-09-27,G2,XLY,CMG,0.06818181495165176,0.36119999999999997,0.03410603436255653,-1.0,,,,,,,
3 weeks,2024-09-06,2024-09-27,G4,XLY,LOW,0.09568954707385235,0.2459,0.022774295651079267,-1.0,,,,,,,
3 weeks,2024-09-06,2024-09-27,G1,XLY,TSLA,0.23598916497790334,,,,0.5707,1.0,1.087605260461332,0.05759044884354644,0.025025032632232862,3.097713591693048,4.9294190220335325
3 weeks,2024-09-06,2024-09-27,G2,XLV,PFE,0.01855752735582894,0.2187,0.02010167149604729,-1.0,,,,,,,
3 weeks,2024-09-06,2024-09-27,G4,XLV,ABT,-0.01255941047784881,0.17600000000000002,0.015907740952773062,-0.21048434751764755,,,,,,,
3 weeks,2024-09-06,2024-09-27,G1,XLV,LLY,-0.027605825461844202,,,,0.316,1.0,1.0464925867263528,0.03256806881533748,0.014290231994752886,-1.0,-1.0
3 weeks,2024-09-06,2024-09-27,G3,XLV,CVS,0.06285718888083136,,,,0.301,1.0,1.0442419080142193,0.03109380612861327,0.013636937226230524,1.021534083696133,0.3650631778817468
3 weeks,2024-09-06,2024-09-27,G4,XLI,MMM,0.0676516324912515,0.259,0.024061646707917144,-1.0,,,,,,,
3 weeks,2024-09-06,2024-09-27,G1,XLI,GEV,0.259819568156183,,,,0.47200000000000003,1.0,1.0710107294387061,0.04789760342196953,0.020943953765086225,4.424479506150192,8.014956814516228
3 weeks,2024-09-06,2024-09-27,G2,XLC,GOOGL,0.08777895881475084,0.2851,0.026626715018949372,-1.0,,,,,,,
3 weeks,2024-09-06,2024-09-27,G1,XLC,NFLX,0.06245395427955769,,,,0.3079,1.0,1.0452749378120851,0.0317719661464519,0.01393775250389188,0.9656937185340688,0.23255284255302522
3 weeks,2024-09-06,2024-09-27,G3,XLC,CHTR,-0.0036954203406657227,,,,0.3644,1.0,1.053880934126852,0.03732491650695995,0.016381842521274212,-1.0,-1.0
3 weeks,2024-09-06,2024-09-27,G2,XLB,STLD,0.1349548161437577,0.38549999999999995,0.036494131310386584,-1.0,,,,,,,
3 weeks,2024-09-06,2024-09-27,G1,XLB,NEM,0.0707191965056535,,,,0.3249,1.0,1.0478366934953456,0.03344279768258663,0.014676715088457548,1.1146315920356247,0.5591024880154336
3 weeks,2024-09-06,2024-09-27,G2,XLE,VLO,0.01326484603820921,0.3565,0.03364412234167967,-1.0,,,,,,,
3 weeks,2024-09-06,2024-09-27,G4,XLE,KMI,0.031235294936858615,0.19949999999999998,0.018215539244493206,-1.0,,,,,,,
3 weeks,2024-09-06,2024-09-27,G1,XLE,TRGP,0.00034082978293281663,,,,0.26530000000000004,1.0,1.0389588382228894,0.02758517317999753,0.012072345632499556,-0.9876444573790113,-1.0
3 weeks,2024-09-06,2024-09-27,G3,XLE,SLB,0.041112896231269014,,,,0.3065,1.0,1.0450650234675238,0.031634368276232144,0.013876758850033845,0.29962754028372607,-1.0
3 weeks,2024-09-06,2024-09-27,G4,XLP,KDP,0.02145238518422765,0.1707,0.015387412444820267,-1.0,,,,,,,
3 weeks,2024-09-06,2024-09-27,G1,XLP,WMT,0.04097069160418498,,,,0.16079999999999997,1.0,1.0240790409618752,0.017320063607390263,0.007412256557497799,1.3655046847924575,1.2788810008503
3 weeks,2024-09-06,2024-09-27,G2,XLU,CEG,0.4846052780120522,0.4462,0.04245857549658786,-1.0,,,,,,,
3 weeks,2024-09-06,2024-09-27,G4,XLU,WEC,0.017191619650942513,0.1805,0.01634957916459963,-1.0,,,,,,,
3 weeks,2024-09-06,2024-09-27,G1,XLU,NRG,0.19226220654039983,,,,0.39409999999999995,1.0,1.0585111239177225,0.040243652122905905,0.017653091896787432,3.7774542418074413,6.576637758681689
3 weeks,2024-09-27,2024-10-18,G2,XLK,ADBE,-0.03992392983632709,0.2386,0.022180975024613244,0.7999177129060044,,,,,,,
3 weeks,2024-09-27,2024-10-18,G4,XLK,AVGO,0.04169333761806415,0.36719999999999997,0.03482292890548634,-1.0,,,,,,,
3 weeks,2024-09-27,2024-10-18,G1,XLK,PLTR,0.16639525088830975,,,,0.4003,1.0,1.0592273987902665,0.040729028363935334,0.017917306748649057,3.0854215671800604,4.981247829343755
3 weeks,2024-09-27,2024-10-18,G2,XLY,GM,0.05808953919806803,0.3369,0.03184439214773016,-1.0,,,,,,,
3 weeks,2024-09-27,2024-10-18,G4,XLY,HD,0.03872060058397797,0.20199999999999999,0.018583821374791278,-1.0,,,,,,,
3 weeks,2024-09-27,2024-10-18,G1,XLY,TSLA,-0.1526529824588948,,,,0.7837000000000001,1.0,1.1261718863639443,0.07836385721496536,0.03350884636720189,-1.0,-1.0
3 weeks,2024-09-27,2024-10-18,G2,XLV,AMGN,-0.0031300850698056104,0.2134,0.019704131913394256,-0.841145751380304,,,,,,,
3 weeks,2024-09-27,2024-10-18,G4,XLV,BSX,0.056628689947350264,0.1761,0.016039142478781694,-1.0,,,,,,,
3 weeks,2024-09-27,2024-10-18,G1,XLV,GILD,0.03719639486962212,,,,0.2071,1.0,1.0303127946202022,0.021737620999091,0.009491878848345093,0.7111529762699236,-0.2747905489101139
3 weeks,2024-09-27,2024-10-18,G3,XLV,MRK,-0.04389131344558472,,,,0.1877,1.0,1.027575243725186,0.019831349069002854,0.008623416148482034,-1.0,-1.0
3 weeks,2024-09-27,2024-10-18,G2,XLI,BA,-0.008444263449149947,0.3934,0.03739821928153944,-0.7742068041908562,,,,,,,
3 weeks,2024-09-27,2024-10-18,G4,XLI,MMM,-0.015731988006203346,0.2027,0.01865260859544203,-0.1565797391981093,,,,,,,
3 weeks,2024-09-27,2024-10-18,G1,XLI,GEV,0.09149113275982801,,,,0.44049999999999995,1.0,1.0656326221354506,0.04467979926675353,0.019620768040704638,1.0477068890483365,0.3179153115072788
3 weeks,2024-09-27,2024-10-18,G2,XLC,NWSA,-0.0064151321539280826,0.43329999999999996,0.041319628372692124,-0.8447437112438351,,,,,,,
3 weeks,2024-09-27,2024-10-18,G1,XLC,LYV,0.05701678038842828,,,,0.2483,1.0,1.0362251998688972,0.025787083074260933,0.011322440529415567,1.2110597086236172,0.8363161604174381
3 weeks,2024-09-27,2024-10-18,G4,XLB,SW,-0.11459371485817937,0.4131,0.03933443773831688,1.913317729887115,,,,,,,
3 weeks,2024-09-27,2024-10-18,G1,XLB,FCX,-0.05866052959032442,,,,0.3629,1.0,1.0533908292395786,0.03705287002905994,0.016317392318812022,-1.0,-1.0
3 weeks,2024-09-27,2024-10-18,G2,XLE,HAL,-0.011169305051530132,0.34340000000000004,0.03248336967926493,-0.6561531281448358,,,,,,,
3 weeks,2024-09-27,2024-10-18,G4,XLE,KMI,0.14502069130539108,0.1986,0.018249719770894082,-1.0,,,,,,,
3 weeks,2024-09-27,2024-10-18,G1,XLE,EQT,-0.0010949174716795573,,,,0.3309,1.0,1.048489492089143,0.03390718378548142,0.014936788542145956,-1.0,-1.0
3 weeks,2024-09-27,2024-10-18,G3,XLE,DVN,0.04363463192239436,,,,0.2988,1.0,1.0436575245098583,0.030751511731704248,0.013540917561288817,0.41894266217188214,-1.0
3 weeks,2024-09-27,2024-10-18,G2,XLP,ADM,-0.05999994419337895,0.2229,0.020637811527158007,1.907282301440874,,,,,,,
3 weeks,2024-09-27,2024-10-18,G4,XLP,MNST,0.03030881014747311,0.2286,0.021198050977069404,-1.0,,,,,,,
3 weeks,2024-09-27,2024-10-18,G1,XLP,KVUE,-0.06620820947689343,,,,0.182,1.0,1.026776521051798,0.019271354247010448,0.008367452637792932,-1.0,-1.0
3 weeks,2024-09-27,2024-10-18,G4,XLU,ED,0.0260450996636592,0.16649999999999998,0.015096223980881979,-1.0,,,,,,,
3 weeks,2024-09-27,2024-10-18,G1,XLU,VST,0.11416904347297052,,,,0.5224,1.0,1.0791125435847948,0.05272616325757838,0.023040096460950534,1.1653205243710008,0.5215431041094472
3 weeks,2024-10-18,2024-11-08,G2,XLK,KLAC,0.013101828284188821,0.46490000000000004,0.0444153806142391,-1.0,,,,,,,
3 weeks,2024-10-18,2024-11-08,G4,XLK,AVGO,0.020845996636005504,0.4285,0.04083856338166979,-1.0,,,,,,,
3 weeks,2024-10-18,2024-11-08,G1,XLK,MU,0.006747595868414447,,,,0.4434,1.0,1.0661190336274735,0.044973727191147,0.01974300974436076,-0.8499658291665291,-1.0
3 weeks,2024-10-18,2024-11-08,G3,XLK,LRCX,0.0735859957487277,,,,0.5411,1.0,1.082292082279038,0.05457161983890126,0.023811342295112458,0.34842975095769546,-1.0
3 weeks,2024-10-18,2024-11-08,G2,XLY,TSLA,0.4554599259737848,0.56,0.05375667164034854,-1.0,,,,,,,
3 weeks,2024-10-18,2024-11-08,G4,XLY,GM,0.13013418542880673,0.4108,0.039099060037046045,-1.0,,,,,,,
3 weeks,2024-10-18,2024-11-08,G1,XLY,RCL,0.126688005547132,,,,0.4277,1.0,1.0635971952946124,0.04343089184926875,0.019080184767453136,1.9170021648833595,2.3066142189639325
3 weeks,2024-10-18,2024-11-08,G2,XLV,MRK,-0.05317394110430518,0.3235,0.030517891296853852,0.7423858217158976,,,,,,,
3 weeks,2024-10-18,2024-11-08,G4,XLV,MDT,-0.049002463605117175,0.1352,0.012014907960273822,3.078471825763403,,,,,,,
3 weeks,2024-10-18,2024-11-08,G1,XLV,BMY,0.01728661157024791,,,,0.33509999999999995,1.0,1.0491466783475245,0.03432917012737907,0.015118611879694635,-0.4964453988807298,-1.0
3 weeks,2024-10-18,2024-11-08,G2,XLI,UNP,-0.010692329075447815,0.2336,0.02168047711467054,-0.5068222429379736,,,,,,,
3 weeks,2024-10-18,2024-11-08,G4,XLI,CTAS,0.05466774643810712,0.17059999999999997,0.015490056829848069,-1.0,,,,,,,
3 weeks,2024-10-18,2024-11-08,G1,XLI,GEV,0.25102678617080376,,,,0.5474,1.0,1.0833637709237605,0.05519031418715504,0.02407038909974649,3.548384800266774,5.965529911139204
3 weeks,2024-10-18,2024-11-08,G2,XLC,NFLX,0.04077809457197268,0.2662,0.024884973261172144,-1.0,,,,,,,
3 weeks,2024-10-18,2024-11-08,G4,XLC,VZ,-0.0797908700127542,0.2357,0.021886887646371086,2.6456014807561656,,,,,,,
3 weeks,2024-10-18,2024-11-08,G1,XLC,TMUS,0.054208990466874774,,,,0.2662,1.0,1.0388546424538145,0.027555920347224212,0.012111958742700149,0.9672357077463876,0.2677014791116459
3 weeks,2024-10-18,2024-11-08,G3,XLC,WBD,0.173913056734047,,,,0.5835,1.0,1.0895731864076177,0.05873497951525655,0.025547191943089093,1.9609792694125772,2.301336229606422
3 weeks,2024-10-18,2024-11-08,G2,XLB,SW,0.1812853156481964,0.4243,0.04042581238431552,-1.0,,,,,,,
3 weeks,2024-10-18,2024-11-08,G4,XLB,PKG,0.09299475946461855,0.2965,0.027863623035613815,-1.0,,,,,,,
3 weeks,2024-10-18,2024-11-08,G1,XLB,STLD,0.08772044244270982,,,,0.3157,1.0,1.0462096040035038,0.03242205431208928,0.014277189726062614,1.7055794058676064,1.907493647957136
3 weeks,2024-10-18,2024-11-08,G2,XLE,MPC,-0.028742974080576578,0.33390000000000003,0.031540258621578984,-0.08868933430649018,,,,,,,
3 weeks,2024-10-18,2024-11-08,G1,XLE,KMI,0.08999210692455195,,,,0.2668,1.0,1.038942606297556,0.027614902120505287,0.012138362590513497,2.2588240411588805,3.205633193631301
3 weeks,2024-10-18,2024-11-08,G3,XLE,DVN,-0.04402376769982941,,,,0.37020000000000003,1.0,1.0545396637270923,0.0377794945448021,0.016630827124997964,-1.0,-1.0
3 weeks,2024-10-18,2024-11-08,G2,XLP,ADM,-0.07570919220717198,0.2803,0.026271063522708207,1.881847251510409,,,,,,,
3 weeks,2024-10-18,2024-11-08,G4,XLP,CHD,0.020222134339542785,0.2489,0.023184375966769043,-1.0,,,,,,,
3 weeks,2024-10-18,2024-11-08,G1,XLP,KMB,-0.08114991276695116,,,,0.2729,1.0,1.0398385508263035,0.02821455453208514,0.012406579726884984,-1.0,-1.0
3 weeks,2024-10-18,2024-11-08,G4,XLU,SRE,0.061540378169442356,0.2521,0.023498929915692645,-1.0,,,,,,,
3 weeks,2024-10-18,2024-11-08,G1,XLU,VST,0.08188473446378075,,,,0.7009000000000001,1.0,1.1105894089827923,0.07025520168214805,0.030262161379189124,0.16553269371067558,-1.0
3 weeks,2024-11-08,2024-12-02,G2,XLK,KLAC,-0.028414237571665057,0.337,0.03187178108950621,-0.10848290869378197,,,,,,,
3 weeks,2024-11-08,2024-12-02,G1,XLK,PLTR,0.13700976337770387,,,,0.4654,1.0,1.0696330167479502,0.04710955207489652,0.02066755420134455,1.9083223538164948,2.260025156985933
3 weeks,2024-11-08,2024-12-02,G3,XLK,LRCX,0.003964040742256314,,,,0.3613,1.0,1.053107996929936,0.036878345977738466,0.01624861930549458,-0.8925103434777386,-1.0
3 weeks,2024-11-08,2024-12-02,G2,XLY,NKE,0.047623415562600746,0.23370000000000002,0.021716526449854414,-1.0,,,,,,,
3 weeks,2024-11-08,2024-12-02,G1,XLY,TSLA,0.11166800006498367,,,,0.633,1.0,1.0982223755714544,0.06356840718021635,0.027551400539213594,0.7566587715247441,-0.5119803628714947
3 weeks,2024-11-08,2024-12-02,G2,XLV,ELV,-0.028938467650892807,0.2321,0.021559252100482814,0.34227604538493006,,,,,,,
3 weeks,2024-11-08,2024-12-02,G4,XLV,ABBV,-0.08887216766892703,0.1862,0.017048303269921766,4.212962619319641,,,,,,,
3 weeks,2024-11-08,2024-12-02,G1,XLV,MCK,0.014669877553561195,,,,0.17620000000000002,1.0,1.0259315654993693,0.018683603089741523,0.008106625893523397,-0.21482609734864755,-1.0
3 weeks,2024-11-08,2024-12-02,G3,XLV,MRK,-0.02244458194103527,,,,0.1825,1.0,1.0268116268612648,0.019302527965809693,0.008389920093285607,-1.0,-1.0
3 weeks,2024-11-08,2024-12-02,G2,XLI,LMT,-0.07254516156545199,0.132,0.011726203367486112,5.186585657093573,,,,,,,
3 weeks,2024-11-08,2024-12-02,G4,XLI,CTAS,-0.011869747118680607,0.1918,0.017598540547274867,-0.32552662041520275,,,,,,,
3 weeks,2024-11-08,2024-12-02,G1,XLI,GEV,-0.010668801151486385,,,,0.4132,1.0,1.061231824122159,0.0419797824172471,0.01846576253443749,-1.0,-1.0
3 weeks,2024-11-08,2024-12-02,G2,XLC,TKO,0.12289896141017187,0.2619,0.024488670001044686,-1.0,,,,,,,
3 weeks,2024-11-08,2024-12-02,G4,XLC,NWSA,-0.0023712530124211373,0.2569,0.023997134944580178,-0.9011859949990936,,,,,,,
3 weeks,2024-11-08,2024-12-02,G1,XLC,WBD,0.15032680485455563,,,,0.4023,1.0,1.0595068601612965,0.04090846523192407,0.018002451943694542,2.6747114320300582,4.0448652759808805
3 weeks,2024-11-08,2024-12-02,G2,XLB,NEM,-0.08628984225731884,0.24850000000000003,0.023171372940983335,2.723984870343935,,,,,,,
3 weeks,2024-11-08,2024-12-02,G4,XLB,VMC,-0.01799470524312541,0.205,0.01889568177826332,-0.047681610312380496,,,,,,,
3 weeks,2024-11-08,2024-12-02,G1,XLB,SW,0.058286836055098545,,,,0.2779,1.0,1.0405212885801651,0.0286793681901141,0.012626128774937592,1.032361231555658,0.40704627614739275
3 weeks,2024-11-08,2024-12-02,G2,XLE,MPC,0.02970557218555081,0.2853,0.026789119666834917,-1.0,,,,,,,
3 weeks,2024-11-08,2024-12-02,G4,XLE,EQT,0.08030055061453067,0.3038,0.02860788470162444,-1.0,,,,,,,
3 weeks,2024-11-08,2024-12-02,G1,XLE,TRGP,0.011753589877061987,,,,0.2633,1.0,1.0383761226098736,0.027244050639379014,0.011984284958486486,-0.5685814113091862,-1.0
3 weeks,2024-11-08,2024-12-02,G3,XLE,FANG,-0.028465618077406107,,,,0.3455,1.0,1.0506795470918404,0.03532513993787534,0.01556803449305481,-1.0,-1.0
3 weeks,2024-11-08,2024-12-02,G2,XLP,KDP,-0.010340656702211626,0.1819,0.016625830266473452,-0.37803667326834856,,,,,,,
3 weeks,2024-11-08,2024-12-02,G4,XLP,COST,0.03305787336406829,0.2107,0.01945586744512383,-1.0,,,,,,,
3 weeks,2024-11-08,2024-12-02,G1,XLP,KVUE,0.033451096831375926,,,,0.1413,1.0,1.0211121863265378,0.01525653556050792,0.006529192388677719,1.1925748934748572,0.8898065442573311
3 weeks,2024-11-08,2024-12-02,G3,XLP,GIS,0.022741170728105553,,,,0.1906,1.0,1.0279476928712794,0.020098378653047297,0.00875350407890112,0.13149279952776483,-1.0
3 weeks,2024-11-08,2024-12-02,G2,XLU,NEE,0.00800954201342674,0.2673,0.025019534733973472,-1.0,,,,,,,
3 weeks,2024-11-08,2024-12-02,G4,XLU,PCG,-0.0024271949604428578,0.2045,0.0188465441727494,-0.8712127306632506,,,,,,,
3 weeks,2024-11-08,2024-12-02,G1,XLU,ETR,0.03700033982253137,,,,0.179,1.0,1.0263223213838735,0.018958672640392398,0.008232589227167329,0.951631347001598,0.2970425395962615
3 weeks,2024-11-08,2024-12-02,G3,XLU,DTE,0.04923597580587735,,,,0.2109,1.0,1.030817491936353,0.02209327330062443,0.009661500751119226,1.2285505246742163,0.9063791789687237
3 weeks,2024-12-02,2024-12-23,G2,XLK,AMD,-0.1229058101121756,0.3635,0.03448971653808786,2.5635494416559683,,,,,,,
3 weeks,2024-12-02,2024-12-23,G1,XLK,PLTR,0.2153939325685168,,,,0.5099,1.0,1.0769541147106205,0.05146916821600098,0.022522607017493215,3.184911861496806,5.146704853055894
3 weeks,2024-12-02,2024-12-23,G4,XLY,HLT,0.0009581984914504016,0.1886,0.017296484420807487,-1.0,,,,,,,
3 weeks,2024-12-02,2024-12-23,G1,XLY,TSLA,0.20585849651208754,,,,0.5392,1.0,1.0818867779724801,0.05434712400737633,0.023733139585948387,2.7878452682086197,4.2235701092411295
3 weeks,2024-12-02,2024-12-23,G2,XLV,AMGN,-0.05070137247395312,0.2234,0.020716600328938968,1.447378994087582,,,,,,,
3 weeks,2024-12-02,2024-12-23,G1,XLV,MCK,-0.07167344071205406,,,,0.2018,1.0,1.0295015525863311,0.021185961475524377,0.00925503363245611,-1.0,-1.0
3 weeks,2024-12-02,2024-12-23,G3,XLV,ELV,-0.09255297089974368,,,,0.2544,1.0,1.0370512063678614,0.026356299646788952,0.011591886746990708,-1.0,-1.0
3 weeks,2024-12-02,2024-12-23,G2,XLI,NOC,-0.03620413826224833,0.1959,0.018013819366393773,1.0097980070672872,,,,,,,
3 weeks,2024-12-02,2024-12-23,G4,XLI,CTAS,-0.15953999300276944,0.3037,0.028610779031959556,4.5762198164739205,,,,,,,
3 weeks,2024-12-02,2024-12-23,G1,XLI,DE,-0.06603303675280581,,,,0.184,1.0,1.0269962144294573,0.019436833832109052,0.008457305703836206,-1.0,-1.0
3 weeks,2024-12-02,2024-12-23,G3,XLI,TDG,0.02391175890051156,,,,0.2671,1.0,1.038907098361869,0.027604838002985493,0.012151563047009976,-0.1337837629068669,-1.0
3 weeks,2024-12-02,2024-12-23,G2,XLC,MTCH,-0.01024083156868727,0.49369999999999997,0.04728537280235097,-0.7834249586760555,,,,,,,
3 weeks,2024-12-02,2024-12-23,G4,XLC,LYV,-0.0381823077568062,0.2551,0.023832783272674327,0.6020918463427816,,,,,,,
3 weeks,2024-12-02,2024-12-23,G1,XLC,WBD,-0.01136371538494263,,,,0.40880000000000005,1.0,1.0605080612429325,0.04153485661732313,0.018278886568856657,-1.0,-1.0
3 weeks,2024-12-02,2024-12-23,G2,XLB,IFF,-0.06665388251733528,0.2359,0.021945322647703918,2.037270565001652,,,,,,,
3 weeks,2024-12-02,2024-12-23,G4,XLB,SW,-0.021411678291693992,0.4067,0.03873611977043955,-0.4472425627919041,,,,,,,
3 weeks,2024-12-02,2024-12-23,G1,XLB,STLD,-0.20067680507431152,,,,0.3322,1.0,1.0486254196086082,0.03400502428865629,0.014993087249923265,-1.0,-1.0
3 weeks,2024-12-02,2024-12-23,G4,XLE,HAL,-0.16345072667158256,0.3012,0.02836499391971603,4.762410072577899,,,,,,,
3 weeks,2024-12-02,2024-12-23,G1,XLE,EQT,-0.01504588603429624,,,,0.3212,1.0,1.0469590240380933,0.032923595414075905,0.014516145093901691,-1.0,-1.0
3 weeks,2024-12-02,2024-12-23,G3,XLE,DVN,-0.17093876776853922,,,,0.3601,1.0,1.0528967816863088,0.0367478151780905,0.016197021835881932,-1.0,-1.0
3 weeks,2024-12-02,2024-12-23,G2,XLP,TGT,0.009179869384638994,0.2687,0.025169804354733014,-1.0,,,,,,,
3 weeks,2024-12-02,2024-12-23,G4,XLP,PM,-0.05525880548984563,0.159,0.01438870690528273,2.840428876173558,,,,,,,
3 weeks,2024-12-02,2024-12-23,G1,XLP,WMT,-0.02255843132335189,,,,0.2141,1.0,1.0312473224973364,0.022394828583588378,0.009804216269389706,-1.0,-1.0
3 weeks,2024-12-02,2024-12-23,G3,XLP,HSY,-0.04960065042547823,,,,0.3012,1.0,1.0439546147883347,0.03095732627681658,0.013645663706254316,-1.0,-1.0
3 weeks,2024-12-02,2024-12-23,G2,XLU,NEE,-0.05942625387531686,0.23579999999999998,0.02193549253093725,1.7091369747683403,,,,,,,
3 weeks,2024-12-02,2024-12-23,G4,XLU,PCG,-0.02725066984936786,0.253,0.023626335766883253,0.15340229302780006,,,,,,,
3 weeks,2024-12-02,2024-12-23,G1,XLU,VST,-0.08495118866182383,,,,0.5749,1.0,1.0880000531487155,0.05785290410115474,0.025196543864298628,-1.0,-1.0
3 weeks,2024-12-23,2025-01-16,G2,XLK,AMD,-0.04943817101245196,0.3872,0.03686896276376447,0.3409156999947065,,,,,,,
3 weeks,2024-12-23,2025-01-16,G4,XLK,AAPL,-0.10580947114681782,0.16920000000000002,0.015437712388162668,5.853960514768394,,,,,,,
3 weeks,2024-12-23,2025-01-16,G1,XLK,PLTR,-0.1419011554244436,,,,0.611,1.0,1.0941946649256475,0.06135041108784399,0.02666358687290921,-1.0,-1.0
3 weeks,2024-12-23,2025-01-16,G3,XLK,LRCX,0.07344169474652484,,,,0.3887,1.0,1.0572421488280066,0.039511211512530245,0.017422642612154395,0.8587558299302993,-0.07020156016877577
3 weeks,2024-12-23,2025-01-16,G2,XLY,SBUX,0.07994047436112206,0.2509,0.023468230841923836,-1.0,,,,,,,
3 weeks,2024-12-23,2025-01-16,G1,XLY,TSLA,-0.03896887724442566,,,,0.644,1.0,1.1000557915142004,0.06458941385232794,0.027993551225711996,-1.0,-1.0
3 weeks,2024-12-23,2025-01-16,G3,XLY,HD,0.04301187870891554,,,,0.2004,1.0,1.02920589373716,0.02099854090484074,0.009192418700334761,1.048327019664506,0.5018881778364668
3 weeks,2024-12-23,2025-01-16,G2,XLV,CVS,0.17716360351147853,0.39299999999999996,0.037439114858502875,-1.0,,,,,,,
3 weeks,2024-12-23,2025-01-16,G1,XLV,GILD,-0.018736655598225016,,,,0.2208,1.0,1.0321053115277106,0.023003815331848112,0.01010266031045578,-1.0,-1.0
3 weeks,2024-12-23,2025-01-16,G3,XLV,ELV,0.038744468273420374,,,,0.29109999999999997,1.0,1.0423508260795686,0.029915565086919213,0.013204438482773745,0.2951274081184503,-1.0
3 weeks,2024-12-23,2025-01-16,G2,XLI,UBER,0.10845325707144826,0.34369999999999995,0.03259246005075434,-1.0,,,,,,,
3 weeks,2024-12-23,2025-01-16,G1,XLI,BA,-0.04929939583130816,,,,0.3381,1.0,1.0494236884897303,0.03453667759324107,0.015248370857384362,-1.0,-1.0
3 weeks,2024-12-23,2025-01-16,G3,XLI,CTAS,0.058411714319324126,,,,0.1959,1.0,1.0285707290555783,0.020556249602075412,0.008991008926456922,1.8415550234137381,2.3189807181634214
3 weeks,2024-12-23,2025-01-16,G2,XLC,CMCSA,-0.03593243008427205,0.2729,0.025631288314112845,0.4018971517903476,,,,,,,
3 weeks,2024-12-23,2025-01-16,G4,XLC,FOXA,-0.022851356575042003,0.2187,0.02030258147500117,0.12553945926428955,,,,,,,
3 weeks,2024-12-23,2025-01-16,G1,XLC,GOOGL,-0.008837188505527616,,,,0.2656,1.0,1.0385886242376536,0.02740833122341468,0.012085550981157496,-1.0,-1.0
3 weeks,2024-12-23,2025-01-16,G3,XLC,OMC,-0.009919276353353657,,,,0.2288,1.0,1.0332513196895963,0.023790275406366173,0.010458362745078291,-1.0,-1.0
3 weeks,2024-12-23,2025-01-16,G2,XLB,NUE,0.06293096206613158,0.336,0.031835415084702154,-1.0,,,,,,,
3 weeks,2024-12-23,2025-01-16,G3,XLB,LYB,0.03540040045193593,,,,0.2291,1.0,1.0332943937556076,0.023819768341824286,0.01047168787435912,0.4861773609182265,-0.7988856503749445
3 weeks,2024-12-23,2025-01-16,G2,XLE,HAL,0.11462308146490807,0.3343,0.03166827354780488,-1.0,,,,,,,
3 weeks,2024-12-23,2025-01-16,G3,XLE,DVN,0.24015470484925716,,,,0.3141,1.0,1.045789431384204,0.03217699357206196,0.014207614695860907,6.463553246869347,12.680359273937622
3 weeks,2024-12-23,2025-01-16,G2,XLP,ADM,0.011902186351361532,0.21100000000000002,0.019545662411389587,-1.0,,,,,,,
3 weeks,2024-12-23,2025-01-16,G1,XLP,WMT,0.010514721880381384,,,,0.1873,1.0,1.027361278543081,0.019711043248843017,0.008605465626763124,-0.46655680535840727,-1.0
3 weeks,2024-12-23,2025-01-16,G3,XLP,PEP,-0.03139672360492296,,,,0.1761,1.0,1.0257948559353327,0.018610452549806557,0.008102125580260919,-1.0,-1.0
3 weeks,2024-12-23,2025-01-16,G2,XLU,VST,0.23588321756217612,0.5495,0.05281696009868998,-1.0,,,,,,,
3 weeks,2024-12-23,2025-01-16,G4,XLU,CNP,0.021807050817289397,0.2341,0.021816529402966033,-1.0,,,,,,,
3 weeks,2024-12-23,2025-01-16,G3,XLU,ED,0.028437742350724493,,,,0.1788,1.0,1.0261715795690547,0.018875756909298096,0.008223594755141225,0.5065749409347555,-0.7244316081780355
3 weeks,2025-01-16,2025-02-07,G2,XLK,ADBE,0.01438178332226081,0.2477,0.02315947328747612,-1.0,,,,,,,
3 weeks,2025-01-16,2025-02-07,G4,XLK,CSCO,0.0409561708972257,0.16219999999999998,0.014755740985214906,-1.0,,,,,,,
3 weeks,2025-01-16,2025-02-07,G1,XLK,KLAC,0.000588698802014509,,,,0.41969999999999996,1.0,1.0621259283190065,0.04255261018208814,0.01874146212956354,-0.986165389161902,-1.0
3 weeks,2025-01-16,2025-02-07,G3,XLK,AVGO,-0.019789984062953625,,,,0.36950000000000005,1.0,1.0542382106344124,0.03761790327991619,0.01660079603548556,-1.0,-1.0
3 weeks,2025-01-16,2025-02-07,G2,XLY,CMG,-0.01867717856731055,0.36329999999999996,0.03452540241422722,-0.45903082190827427,,,,,,,
3 weeks,2025-01-16,2025-02-07,G3,XLY,F,-0.07692316651233155,,,,0.39049999999999996,1.0,1.0575120469302601,0.039682342980116254,0.017499492869551294,-1.0,-1.0
3 weeks,2025-01-16,2025-02-07,G2,XLV,VRTX,0.12557563541388794,0.2956,0.027869144270087607,-1.0,,,,,,,
3 weeks,2025-01-16,2025-02-07,G1,XLV,BSX,0.07211981219425478,,,,0.2563,1.0,1.0372176305428273,0.026487996000545497,0.011675729639791943,1.7227356947943342,1.9892934084802465
3 weeks,2025-01-16,2025-02-07,G2,XLI,ETN,-0.09310813805214291,0.313,0.029579981656628868,2.1476739618355176,,,,,,,
3 weeks,2025-01-16,2025-02-07,G1,XLI,GEV,-0.033324731074999,,,,0.5163,1.0,1.0779103511024442,0.05204499988922151,0.02278775740684628,-1.0,-1.0
3 weeks,2025-01-16,2025-02-07,G3,XLI,CTAS,0.0202473449280669,,,,0.3605,1.0,1.052846419909736,0.0367330979425054,0.01621422267948581,-0.4487983300575936,-1.0
3 weeks,2025-01-16,2025-02-07,G2,XLC,WBD,0.07286162206200086,0.5829,0.056103011470261296,-1.0,,,,,,,
3 weeks,2025-01-16,2025-02-07,G1,XLC,FOX,0.09055292223735933,,,,0.4008,1.0,1.0591313224186152,0.04069484105130233,0.017938596950197325,1.225169576733399,0.7516197005807896
3 weeks,2025-01-16,2025-02-07,G2,XLB,DD,-0.011479304294230053,0.2437,0.02276620074750491,-0.49577426547606174,,,,,,,
3 weeks,2025-01-16,2025-02-07,G1,XLB,NEM,0.07659069171277522,,,,0.30329999999999996,1.0,1.0441573987182442,0.031109212768987565,0.013737265793588421,1.461993888483336,1.3609714976664833
3 weeks,2025-01-16,2025-02-07,G3,XLB,IFF,-0.0014211414019253965,,,,0.2645,1.0,1.038415564168659,0.02729423562010124,0.012037126584307598,-1.0,-1.0
3 weeks,2025-01-16,2025-02-07,G1,XLE,EQT,-0.0496467654478836,,,,0.3218,1.0,1.0469382217898304,0.03292819171901875,0.014542193398615021,-1.0,-1.0
3 weeks,2025-01-16,2025-02-07,G3,XLE,PSX,0.005600722930193758,,,,0.25980000000000003,1.0,1.0377282834648718,0.026832121045025362,0.011830074025456317,-0.7912679761396624,-1.0
3 weeks,2025-01-16,2025-02-07,G2,XLP,SYY,-0.028680493284016784,0.2682,0.025175059545927615,0.13924232161970163,,,,,,,
3 weeks,2025-01-16,2025-02-07,G3,XLP,HSY,0.005908133976696872,,,,0.2692,1.0,1.0391046206839556,0.027756353819860746,0.01224393885972105,-0.7871430082264822,-1.0
3 weeks,2025-01-16,2025-02-07,G2,XLU,SRE,-0.02393124952450354,0.17420000000000002,0.015934706589543872,0.5018318279049405,,,,,,,
3 weeks,2025-01-16,2025-02-07,G4,XLU,ETR,0.013405601258602129,0.6175999999999999,0.059509674320930794,-1.0,,,,,,,
3 weeks,2025-01-16,2025-02-07,G1,XLU,CEG,-0.017288506766305,,,,0.4593,1.0,1.0684990288259728,0.04644452946902143,0.020411699123311672,-1.0,-1.0
3 weeks,2025-01-16,2025-02-07,G3,XLU,PCG,-0.09616540895299253,,,,0.40340000000000004,1.0,1.059541485654605,0.040950416289708164,0.018049264061246444,-1.0,-1.0
3 weeks,2025-02-07,2025-03-03,G2,XLK,AMD,-0.08674223143764592,0.4006,0.03818227838627367,1.271792965315273,,,,,,,
3 weeks,2025-02-07,2025-03-03,G4,XLK,LRCX,-0.0795579345630375,0.42310000000000003,0.04039386077561565,0.9695551015778063,,,,,,,
3 weeks,2025-02-07,2025-03-03,G1,XLK,PLTR,-0.2474515172102556,,,,0.6273,1.0,1.0970854075538952,0.0629540586917885,0.02732182636931733,-1.0,-1.0
3 weeks,2025-02-07,2025-03-03,G3,XLK,APH,-0.09097407714785855,,,,0.27390000000000003,1.0,1.0398151979939372,0.028228260546467942,0.012450511218116191,-1.0,-1.0
3 weeks,2025-02-07,2025-03-03,G2,XLY,GM,-0.0002111366692817418,0.3197,0.03022893744763017,-0.9930154121477947,,,,,,,
3 weeks,2025-02-07,2025-03-03,G1,XLY,SBUX,0.03419249102902033,,,,0.2114,1.0,1.0307729355104673,0.022083687905112396,0.00968380751929568,0.5483143565484292,-0.6468790285495278
3 weeks,2025-02-07,2025-03-03,G2,XLV,DHR,-0.005175039890606192,0.214,0.01983678470818311,-0.7391190171826887,,,,,,,
3 weeks,2025-02-07,2025-03-03,G1,XLV,VRTX,0.02980906421215135,,,,0.2979,1.0,1.0433707757265933,0.030588001712554328,0.0135016217851977,-0.02546545889865559,-1.0
3 weeks,2025-02-07,2025-03-03,G3,XLV,CVS,0.2016293212327529,,,,0.48210000000000003,1.0,1.0722499627526008,0.04869441887169926,0.021366071211802385,3.1407070030758275,5.055364938065187
3 weeks,2025-02-07,2025-03-03,G2,XLI,ETN,-0.11049360147708465,0.271,0.025440647950463562,3.343191324852687,,,,,,,
3 weeks,2025-02-07,2025-03-03,G1,XLI,WM,0.039438086880651424,,,,0.1598,1.0,1.0235402716013924,0.017013049883952296,0.0073670755232723185,1.318107990610883,1.157954703876503
3 weeks,2025-02-07,2025-03-03,G3,XLI,CTAS,0.02852358003495148,,,,0.2354,1.0,1.034208336390594,0.024443018024284554,0.010751286977553887,0.1669418239029612,-1.0
3 weeks,2025-02-07,2025-03-03,G2,XLC,WBD,0.08464573063656267,0.5951,0.05729067528871866,-1.0,,,,,,,
3 weeks,2025-02-07,2025-03-03,G4,XLC,T,0.12958436304656185,0.18359999999999999,0.01684890040487651,-1.0,,,,,,,
3 weeks,2025-02-07,2025-03-03,G1,XLC,TMUS,0.11168722741958947,,,,0.1884,1.0,1.0275233377795676,0.019823084224001777,0.008654825267769516,4.634200317040401,8.724504774631011
3 weeks,2025-02-07,2025-03-03,G3,XLC,VZ,0.10005011658700758,,,,0.1553,1.0,1.0229193557722205,0.01657105489222161,0.0071636215353844505,5.037643181905746,9.767006664688058
3 weeks,2025-02-07,2025-03-03,G2,XLB,PKG,-0.003853095482839519,0.2113,0.019571378601883578,-0.8031260055196807,,,,,,,
3 weeks,2025-02-07,2025-03-03,G1,XLB,NEM,-0.055307684028935156,,,,0.46549999999999997,1.0,1.0695293366324294,0.047063284892281135,0.020671745384466866,-1.0,-1.0
3 weeks,2025-02-07,2025-03-03,G2,XLE,OXY,-0.00705420094348419,0.3397,0.03219531550377765,-0.7808935606592686,,,,,,,
3 weeks,2025-02-07,2025-03-03,G1,XLE,VLO,-0.035166816469145656,,,,0.3211,1.0,1.046852367206698,0.03286906569990653,0.014511803336024557,-1.0,-1.0
3 weeks,2025-02-07,2025-03-03,G3,XLE,OKE,0.00991533230994368,,,,0.26289999999999997,1.0,1.0382011084568885,0.027146727511872713,0.011966667601366181,-0.6347503651920055,-1.0
3 weeks,2025-02-07,2025-03-03,G2,XLP,ADM,0.029306941056202573,0.3073,0.029009752377801925,-1.0,,,,,,,
3 weeks,2025-02-07,2025-03-03,G1,XLP,COST,0.002912195495349712,,,,0.2151,1.0,1.0312995864974401,0.022447394209373975,0.00984879164301769,-0.8702657658975094,-1.0
3 weeks,2025-02-07,2025-03-03,G3,XLP,HSY,0.16203298310478176,,,,0.23070000000000002,1.0,1.0335319730508625,0.02398095708232259,0.010542738507724662,5.756735460913829,11.188579841923083
3 weeks,2025-02-07,2025-03-03,G2,XLU,NEE,0.05771416459616363,0.2648,0.024831056899461017,-1.0,,,,,,,
3 weeks,2025-02-07,2025-03-03,G4,XLU,AEP,0.08328315855393953,0.20809999999999998,0.01925683054069611,-1.0,,,,,,,
3 weeks,2025-02-07,2025-03-03,G1,XLU,CEG,-0.25016932760002564,,,,0.5449,1.0,1.0827605172344628,0.05486366813002703,0.023967639965429784,-1.0,-1.0
3 weeks,2025-02-07,2025-03-03,G3,XLU,SRE,-0.12856793783764175,,,,0.2773,1.0,1.040316071126054,0.02856255557785133,0.012599797193779091,-1.0,-1.0
3 weeks,2025-03-03,2025-03-24,G2,XLK,AMD,0.15901450252862026,0.4832,0.04631067217355089,-1.0,,,,,,,
3 weeks,2025-03-03,2025-03-24,G1,XLK,TXN,-0.04568135432388121,,,,0.3497,1.0,1.051183952852309,0.035670714912204096,0.015749207002190117,-1.0,-1.0
3 weeks,2025-03-03,2025-03-24,G3,XLK,AVGO,0.023796463084968744,,,,0.8377,1.0,1.1365177353372615,0.08357439454517587,0.03559210585586698,-0.7152661025608085,-1.0
3 weeks,2025-03-03,2025-03-24,G2,XLY,TSLA,-0.021991847469785553,0.6915,0.06676199728724853,-0.6705933260929271,,,,,,,
3 weeks,2025-03-03,2025-03-24,G1,XLY,SBUX,-0.17060914322682552,,,,0.2703,1.0,1.0392649499229791,0.027863916047133494,0.012292307072960881,-1.0,-1.0
3 weeks,2025-03-03,2025-03-24,G3,XLY,AMZN,-0.00858457579235039,,,,0.3521,1.0,1.0515522841943439,0.035906673032342844,0.015852650328957645,-1.0,-1.0
3 weeks,2025-03-03,2025-03-24,G2,XLV,UNH,0.11060338809473014,0.3095,0.029236443220977577,-1.0,,,,,,,
3 weeks,2025-03-03,2025-03-24,G4,XLV,AMGN,0.011583681705606086,0.2241,0.02083984025986731,-1.0,,,,,,,
3 weeks,2025-03-03,2025-03-24,G1,XLV,ABBV,-0.010923048030423876,,,,0.2134,1.0,1.0310367150944595,0.022269759715794386,0.00977300692898481,-1.0,-1.0
3 weeks,2025-03-03,2025-03-24,G2,XLI,GEV,0.08731559550906764,0.6587999999999999,0.06355379156687711,-1.0,,,,,,,
3 weeks,2025-03-03,2025-03-24,G4,XLI,TDG,0.006952046326798911,0.3019,0.028489180573013115,-1.0,,,,,,,
3 weeks,2025-03-03,2025-03-24,G1,XLI,UBER,0.027807625294660188,,,,0.41759999999999997,1.0,1.0617904770367859,0.04234562017222462,0.01865243779278959,-0.34331755724527446,-1.0
3 weeks,2025-03-03,2025-03-24,G2,XLC,GOOGL,0.005167947732725331,0.3443,0.03265801525496437,-1.0,,,,,,,
3 weeks,2025-03-03,2025-03-24,G1,XLC,TMUS,-0.050837418554427694,,,,0.2705,1.0,1.0392943285972416,0.027883580771962305,0.012301099882001443,-1.0,-1.0
3 weeks,2025-03-03,2025-03-24,G3,XLC,TKO,0.03744274872969533,,,,0.5053,1.0,1.0760707964690814,0.050963790759670426,0.022331775942315658,-0.26530683507701036,-1.0
3 weeks,2025-03-03,2025-03-24,G2,XLB,MLM,0.044465770492275736,0.2805,0.026385033557130285,-1.0,,,,,,,
3 weeks,2025-03-03,2025-03-24,G1,XLB,NUE,-0.04975023283872437,,,,0.40850000000000003,1.0,1.0603464755734462,0.04145114890756084,0.01826613770980395,-1.0,-1.0
3 weeks,2025-03-03,2025-03-24,G3,XLB,IFF,-0.037062845404541855,,,,0.33039999999999997,1.0,1.0482392706026287,0.033773167664692676,0.014915130402747176,-1.0,-1.0
3 weeks,2025-03-03,2025-03-24,G2,XLE,EQT,0.10860179498613665,0.4274,0.04082706639820052,-1.0,,,,,,,
3 weeks,2025-03-03,2025-03-24,G1,XLE,WMB,0.07011425869656818,,,,0.36219999999999997,1.0,1.0531075849272056,0.03689964587109541,0.016287307445290253,0.9001336473933668,0.04416729569872824
3 weeks,2025-03-03,2025-03-24,G3,XLE,HAL,0.03084701778431942,,,,0.423,1.0,1.0626506801224231,0.04287638766672859,0.01888126534969527,-0.28055931334308015,-1.0
3 weeks,2025-03-03,2025-03-24,G2,XLP,TGT,-0.10276587954154848,0.5406,0.051949582135732406,0.9781849115368184,,,,,,,
3 weeks,2025-03-03,2025-03-24,G4,XLP,PG,-0.056609149749379806,0.17550000000000002,0.0160630172853199,2.524191547818064,,,,,,,
3 weeks,2025-03-03,2025-03-24,G1,XLP,HSY,-0.0587675541864815,,,,0.2877,1.0,1.0418329735071878,0.029574759413197774,0.01305565990573288,-1.0,-1.0
3 weeks,2025-03-03,2025-03-24,G2,XLU,VST,0.09054613152562374,0.73,0.07053794247863814,-1.0,,,,,,,
3 weeks,2025-03-03,2025-03-24,G4,XLU,EXC,-0.021773318357488525,0.1564,0.014186581599194207,0.5347825834748832,,,,,,,
3 weeks,2025-03-03,2025-03-24,G1,XLU,ETR,-0.04414618082614996,,,,0.3652,1.0,1.0535711895167728,0.03719458249547805,0.016416206273009302,-1.0,-1.0
3 weeks,2025-03-03,2025-03-24,G3,XLU,SRE,-0.007512429730290648,,,,0.3274,1.0,1.0477843058022114,0.03347820504180713,0.014785125651142091,-1.0,-1.0
3 weeks,2025-03-24,2025-04-14,G2,XLK,ADBE,-0.1104266418835288,0.2608,0.024451292403475856,3.5161883495299895,,,,,,,
3 weeks,2025-03-24,2025-04-14,G1,XLK,INTU,-0.03018068664682394,,,,0.2635,1.0,1.0382614199471438,0.027192050382188016,0.011993092984129799,-1.0,-1.0
3 weeks,2025-03-24,2025-04-14,G3,XLK,AAPL,-0.08249891200236148,,,,0.24850000000000003,1.0,1.0360753855712086,0.02571722415831788,0.011331281278809202,-1.0,-1.0
3 weeks,2025-03-24,2025-04-14,G2,XLY,TSLA,-0.09353786836717659,0.6887000000000001,0.06649075504477739,0.4067800599374247,,,,,,,
3 weeks,2025-03-24,2025-04-14,G1,XLY,GM,-0.12281385951683488,,,,0.3566,1.0,1.0522375340497028,0.03634587677757194,0.016046442454024475,-1.0,-1.0
3 weeks,2025-03-24,2025-04-14,G3,XLY,MAR,-0.07998514379723298,,,,0.2873,1.0,1.0417670705631312,0.02953217683569534,0.013038148341512207,-1.0,-1.0
3 weeks,2025-03-24,2025-04-14,G2,XLV,ABT,0.005895778722005529,0.1813,0.01663611581305683,-1.0,,,,,,,
3 weeks,2025-03-24,2025-04-14,G1,XLV,MCK,0.050116623437180374,,,,0.2134,1.0,1.0310301901139227,0.02226645263339272,0.009773006928984727,1.2507681965478938,0.9529745002688337
3 weeks,2025-03-24,2025-04-14,G3,XLV,GILD,-0.0022485323040180027,,,,0.2439,1.0,1.0354086097877473,0.02526495597861935,0.01112783333137153,-1.0,-1.0
3 weeks,2025-03-24,2025-04-14,G2,XLI,UNP,-0.05497433688216247,0.19440000000000002,0.01792356210306748,2.0671546518509323,,,,,,,
3 weeks,2025-03-24,2025-04-14,G4,XLI,RTX,-0.04120571549278762,0.1917,0.01765819378150428,1.3335181390945956,,,,,,,
3 weeks,2025-03-24,2025-04-14,G1,XLI,GD,0.05433625669136055,,,,0.21489999999999998,1.0,1.0312437982242042,0.02241390766674495,0.009839877452701304,1.4242205999616124,1.3468237869991895
3 weeks,2025-03-24,2025-04-14,G3,XLI,PH,-0.11355779602345828,,,,0.2506,1.0,1.0363803454298788,0.025923696532538624,0.011424082746855954,-1.0,-1.0
3 weeks,2025-03-24,2025-04-14,G2,XLC,GOOGL,-0.05134785384934959,0.2792,0.026260456672787636,0.9553298135351456,,,,,,,
3 weeks,2025-03-24,2025-04-14,G1,XLC,T,0.019610664721976256,,,,0.2302,1.0,1.0334327718967184,0.023918029541480774,0.010520538209844657,-0.18008861524458764,-1.0
3 weeks,2025-03-24,2025-04-14,G3,XLC,TKO,-0.03126015770520996,,,,0.4267,1.0,1.06323478188761,0.04323687416312001,0.01903788058870016,-1.0,-1.0
3 weeks,2025-03-24,2025-04-14,G2,XLB,NUE,-0.12620048126689976,0.3651,0.03470625647608883,2.6362458553790336,,,,,,,
3 weeks,2025-03-24,2025-04-14,G1,XLB,FCX,-0.18889676216573803,,,,0.3907,1.0,1.0575354943156534,0.039698225703725463,0.01750802969805613,-1.0,-1.0
3 weeks,2025-03-24,2025-04-14,G3,XLB,VMC,0.01108750740365072,,,,0.27140000000000003,1.0,1.039419994435186,0.02796880914561686,0.012340662149221134,-0.6035759926021638,-1.0
3 weeks,2025-03-24,2025-04-14,G2,XLE,EOG,-0.16083270923080362,0.3065,0.028944733436044107,4.556544840399979,,,,,,,
3 weeks,2025-03-24,2025-04-14,G1,XLE,KMI,-0.06652730934114126,,,,0.23550000000000001,1.0,1.034195375064408,0.024439094063761282,0.010755721542318825,-1.0,-1.0
3 weeks,2025-03-24,2025-04-14,G3,XLE,HAL,-0.1699218323118391,,,,0.2956,1.0,1.043000405068163,0.03034827709763411,0.013401159642577551,-1.0,-1.0
3 weeks,2025-03-24,2025-04-14,G2,XLP,TGT,-0.12644200442744657,0.2952,0.027833661307252913,3.542772976636683,,,,,,,
3 weeks,2025-03-24,2025-04-14,G1,XLP,CL,0.04488442043291929,,,,0.1783,1.0,1.0260822913387724,0.01881659817054675,0.008201106617577534,1.3853631791519074,1.2926331738997439
3 weeks,2025-03-24,2025-04-14,G3,XLP,GIS,0.024859546599869553,,,,0.2433,1.0,1.0353217635986387,0.02520596498249472,0.011101279567142077,-0.01374350804921487,-1.0
3 weeks,2025-03-24,2025-04-14,G2,XLU,CEG,-0.09587972954732227,0.5229,0.05021434908980798,0.9094089893676038,,,,,,,
3 weeks,2025-03-24,2025-04-14,G4,XLU,CNP,0.04227319138900398,0.187,0.017196276314568524,-1.0,,,,,,,
3 weeks,2025-03-24,2025-04-14,G1,XLU,DTE,-0.02174080801290401,,,,0.18289999999999998,1.0,1.0267252355395269,0.0192686351576255,0.008407892046727592,-1.0,-1.0
3 weeks,2025-03-24,2025-04-14,G3,XLU,SRE,-0.0075434958216826775,,,,0.2273,1.0,1.033016443185936,0.02363292442656519,0.01039172224070922,-1.0,-1.0
3 weeks,2025-04-14,2025-05-06,G3,XLK,MU,0.133624431291677,,,,0.7356999999999999,1.0,1.1168624626758201,0.07357919868686638,0.0316345135139534,0.8160626056876121,-0.47013667182004804
3 weeks,2025-04-14,2025-05-06,G4,XLY,TJX,-0.016385939303568575,0.2645,0.024811264632448794,-0.339576617866603,,,,,,,
3 weeks,2025-04-14,2025-05-06,G3,XLY,TSLA,0.09114325121341693,,,,0.8320000000000001,1.0,1.1353935885941586,0.08301666318453751,0.03537346135933675,0.09789104641335533,-1.0
3 weeks,2025-04-14,2025-05-06,G4,XLV,UNH,-0.32799037011829013,0.34729999999999994,0.03295236958329262,8.953468423241603,,,,,,,
3 weeks,2025-04-14,2025-05-06,G3,XLV,TMO,-0.09416249253094322,,,,0.5003,1.0,1.0752399478725152,0.05047313855575953,0.02212410927968729,-1.0,-1.0
3 weeks,2025-04-14,2025-05-06,G4,XLI,CTAS,0.01760337665978251,0.2982,0.02812478792069243,-1.0,,,,,,,
3 weeks,2025-04-14,2025-05-06,G1,XLI,LMT,-0.014999752179517767,,,,0.3492,1.0,1.0511084869354903,0.03562214188497122,0.015727648639133174,-1.0,-1.0
3 weeks,2025-04-14,2025-05-06,G3,XLI,CAT,0.08156146534119224,,,,0.4436,1.0,1.065956251096684,0.04490161615748887,0.019751437022991005,0.8164483223748984,-0.20992005663468682
3 weeks,2025-04-14,2025-05-06,G2,XLC,WBD,0.05112217256985496,0.7199,0.06954688495899734,-1.0,,,,,,,
3 weeks,2025-04-14,2025-05-06,G4,XLC,TTWO,0.0887062674823127,0.35450000000000004,0.03366024321210735,-1.0,,,,,,,
3 weeks,2025-04-14,2025-05-06,G3,XLC,META,0.10504626803495576,,,,0.617,1.0,1.0952402896384101,0.06193374876899026,0.026906183635247286,0.6961070518558954,-0.635549265199407
3 weeks,2025-04-14,2025-05-06,G2,XLB,DOW,-0.0027700176323633974,0.5605,0.05390339905078693,-0.9486114478652161,,,,,,,
3 weeks,2025-04-14,2025-05-06,G1,XLB,NEM,-0.003285313883277685,,,,0.5135000000000001,1.0,1.0774414066788673,0.05176993608856778,0.022671804712871692,-1.0,-1.0
3 weeks,2025-04-14,2025-05-06,G3,XLB,LYB,-0.027154073181339333,,,,0.5585,1.0,1.085062056839395,0.05618995785038153,0.024525846343121292,-1.0,-1.0
3 weeks,2025-04-14,2025-05-06,G2,XLE,WMB,0.023361294136775568,0.3069,0.028980208122707362,-1.0,,,,,,,
3 weeks,2025-04-14,2025-05-06,G3,XLE,HAL,-0.08517651966982909,,,,0.5561,1.0,1.0846510747234523,0.05595425936180942,0.024427472563860637,-1.0,-1.0
3 weeks,2025-04-14,2025-05-06,G4,XLP,MDLZ,-0.011566528021036193,0.2638,0.024742438808730113,-0.5325227189425232,,,,,,,
3 weeks,2025-04-14,2025-05-06,G1,XLP,KDP,-0.044525258096206555,,,,0.2564,1.0,1.0372322069935103,0.026497828107456052,0.011680141332762302,-1.0,-1.0
3 weeks,2025-04-14,2025-05-06,G3,XLP,TGT,-0.010565157463806596,,,,0.46340000000000003,1.0,1.0691665614166594,0.04684743402260108,0.020583709125444292,-1.0,-1.0
3 weeks,2025-04-14,2025-05-06,G2,XLU,D,0.010720891976285563,0.3998,0.03811357115078632,-1.0,,,,,,,
3 weeks,2025-04-14,2025-05-06,G4,XLU,ED,-0.01585735301531277,0.2737,0.025715839122968223,-0.38336241180052844,,,,,,,
3 weeks,2025-04-14,2025-05-06,G1,XLU,CNP,0.04539345572069098,,,,0.2589,1.0,1.0375968788603578,0.026743631499695535,0.011790398221304284,0.6973557133109496,-0.3387350695038218
3 weeks,2025-04-14,2025-05-06,G3,XLU,VST,0.28494091189621007,,,,0.7661,1.0,1.1226147675111968,0.07655949633485473,0.03282407339986278,2.721823229478157,3.9453382097814824
3 weeks,2025-05-06,2025-05-28,G4,XLK,INTU,0.20413378424713602,0.39490000000000003,0.03762738962167124,-1.0,,,,,,,
3 weeks,2025-05-06,2025-05-28,G1,XLK,PLTR,0.13687306120097587,,,,0.6564,1.0,1.10228094022104,0.0658048481226044,0.028490578598346496,1.0799844556431561,0.21416000242070932
3 weeks,2025-05-06,2025-05-28,G3,XLK,TXN,0.14314971279305388,,,,0.34240000000000004,1.0,1.0500768141933663,0.03495797827408793,0.015434192049370816,3.0949082258329987,5.030305849633501
3 weeks,2025-05-06,2025-05-28,G4,XLY,ROST,-0.01348794575891954,0.37549999999999994,0.03572028993232619,-0.6224009999786365,,,,,,,
3 weeks,2025-05-06,2025-05-28,G1,XLY,TSLA,0.2961684619041218,,,,0.6129,1.0,1.0945262656486228,0.0615355131175751,0.026740447056062225,3.812968104096841,6.540718965271954
3 weeks,2025-05-06,2025-05-28,G3,XLY,AMZN,0.10653482135603709,,,,0.3414,1.0,1.049924086141114,0.03485966096181307,0.015390995329276026,2.056106066916151,2.6781724640797324
3 weeks,2025-05-06,2025-05-28,G4,XLV,BSX,0.0037456721029642814,0.2619,0.024551217578370418,-1.0,,,,,,,
3 weeks,2025-05-06,2025-05-28,G1,XLV,CVS,-0.05707387849101875,,,,0.3031,1.0,1.0441364994175721,0.031093970744806423,0.01372854382665218,-1.0,-1.0
3 weeks,2025-05-06,2025-05-28,G3,XLV,TMO,-0.012014075084708975,,,,0.3636,1.0,1.0533341430125027,0.037042244619774616,0.016347472029470584,-1.0,-1.0
3 weeks,2025-05-06,2025-05-28,G4,XLI,BA,0.08356631923574764,0.3379,0.03202371009184045,-1.0,,,,,,,
3 weeks,2025-05-06,2025-05-28,G1,XLI,UBER,0.028311782049811995,,,,0.5552,1.0,1.0845064485387155,0.05587013383481296,0.024390567692173286,-0.49325730749957963,-1.0
3 weeks,2025-05-06,2025-05-28,G3,XLI,PH,0.08837440364536486,,,,0.3403,1.0,1.049756180698532,0.03475151165184104,0.015343466682656636,1.543037682238007,1.516916401329612
3 weeks,2025-05-06,2025-05-28,G4,XLC,T,-0.023437457466607303,0.2516,0.023538519953515427,-0.004293493690671779,,,,,,,
3 weeks,2025-05-06,2025-05-28,G3,XLC,FOX,0.12029590952904545,,,,0.5457,1.0,1.082885442430979,0.05493711874491379,0.024000526444554214,1.1897018314267318,0.5587352712654801
3 weeks,2025-05-06,2025-05-28,G4,XLB,VMC,-0.01584957633600348,0.2625,0.0246102103722632,-0.3559755850820917,,,,,,,
3 weeks,2025-05-06,2025-05-28,G1,XLB,NEM,-0.027697876420091583,,,,0.36329999999999996,1.0,1.0532877883488267,0.037012751169939725,0.016334581357015217,-1.0,-1.0
3 weeks,2025-05-06,2025-05-28,G3,XLB,SW,0.11010885005776783,,,,0.4022,1.0,1.0593612509264285,0.04083681061183488,0.017998195672499905,1.696313654471763,1.8195937000995275
3 weeks,2025-05-06,2025-05-28,G2,XLE,SLB,0.0,0.38270000000000004,0.036428095619110444,-1.0,,,,,,,
3 weeks,2025-05-06,2025-05-28,G4,XLE,EQT,0.04143205951816187,0.424,0.04048775442771048,-1.0,,,,,,,
3 weeks,2025-05-06,2025-05-28,G1,XLE,EXE,0.06873539349958002,,,,0.2772,1.0,1.0402905526933734,0.028547388975969295,0.012595408217806752,1.4077646315549281,1.258350052203356
3 weeks,2025-05-06,2025-05-28,G3,XLE,OXY,0.04684331525672136,,,,0.4156,1.0,1.0614828942101628,0.04215395865296681,0.018567610265557866,0.11124356415395509,-1.0
3 weeks,2025-05-06,2025-05-28,G2,XLP,CHD,0.06735287782090671,0.2327,0.021680352334477945,-1.0,,,,,,,
3 weeks,2025-05-06,2025-05-28,G4,XLP,MO,-0.016534310132814145,0.18539999999999998,0.017030969192011337,-0.029162113652942745,,,,,,,
3 weeks,2025-05-06,2025-05-28,G3,XLP,TGT,0.03616418753295436,,,,0.649,1.0,1.1009494260044252,0.065078685889321,0.028194143332475705,-0.444300587223618,-1.0
3 weeks,2025-05-06,2025-05-28,G2,XLU,NEE,0.01006889623194085,0.2965,0.027953197058290954,-1.0,,,,,,,
3 weeks,2025-05-06,2025-05-28,G4,XLU,AEP,-0.04516960133293657,0.2241,0.020834887779945174,1.1679791036078933,,,,,,,
3 weeks,2025-05-06,2025-05-28,G1,XLU,CEG,0.1265459839166323,,,,0.5406,1.0,1.0820185355118883,0.05443621045877928,0.023790766118559084,1.324665564522657,0.8716273441067681
3 weeks,2025-05-06,2025-05-28,G3,XLU,SRE,0.0323698090256892,,,,0.3626,1.0,1.0531796566077858,0.03694393301384096,0.01630449943384383,-0.1238125888339503,-1.0
3 weeks,2025-05-28,2025-06-18,G4,XLK,MSFT,0.050026293665881516,0.1978,0.018245306899891053,-1.0,,,,,,,
3 weeks,2025-05-28,2025-06-18,G1,XLK,NVDA,0.07922344185345609,,,,0.5338,1.0,1.0808755831437271,0.053772578780257874,0.023510682927668825,0.4733056076258402,-1.0
3 weeks,2025-05-28,2025-06-18,G3,XLK,AAPL,-0.01915977829714155,,,,0.316,1.0,1.0460814388808921,0.03236674710622206,0.014290231994752862,-1.0,-1.0
3 weeks,2025-05-28,2025-06-18,G4,XLY,BKNG,-0.03285224413127508,0.262,0.024556641429742843,0.33781503571105853,,,,,,,
3 weeks,2025-05-28,2025-06-18,G1,XLY,TSLA,-0.09764641832306542,,,,0.6256,1.0,1.0967817419104915,0.06278635487859997,0.027253296006304967,-1.0,-1.0
3 weeks,2025-05-28,2025-06-18,G3,XLY,ROST,-0.08077397917462181,,,,0.23739999999999997,1.0,1.0344948978658715,0.02463874584295163,0.010839957413977454,-1.0,-1.0
3 weeks,2025-05-28,2025-06-18,G2,XLV,UNH,0.03780748598170458,0.42979999999999996,0.04105328325805141,-1.0,,,,,,,
3 weeks,2025-05-28,2025-06-18,G4,XLV,SYK,-0.01874388738609889,0.2336,0.021764453687413247,-0.13878438414749672,,,,,,,
3 weeks,2025-05-28,2025-06-18,G3,XLV,AMGN,0.040337646399167815,,,,0.3322,1.0,1.0485319092477736,0.03395953182684152,0.014993087249923185,0.18781515024553896,-1.0
3 weeks,2025-05-28,2025-06-18,G2,XLI,NOC,0.04565004316878429,0.2612,0.02447798521915621,-1.0,,,,,,,
3 weeks,2025-05-28,2025-06-18,G4,XLI,ADP,-0.048859286413928116,0.17379999999999998,0.015886799687414074,2.0754643713822185,,,,,,,
3 weeks,2025-05-28,2025-06-18,G1,XLI,GEV,0.010680065360652469,,,,0.47759999999999997,1.0,1.0715082326139604,0.04825139839323677,0.021178127050696206,-0.7786579101063037,-1.0
3 weeks,2025-05-28,2025-06-18,G3,XLI,UNP,0.0052889349222902116,,,,0.2108,1.0,1.030685855343103,0.022023806516746666,0.009657039065434041,-0.7598537329017765,-1.0
3 weeks,2025-05-28,2025-06-18,G4,XLC,NWSA,-0.009880011518197507,0.2546,0.023829076680686755,-0.5853800107074582,,,,,,,
3 weeks,2025-05-28,2025-06-18,G1,XLC,FOXA,-0.02564565353161452,,,,0.24739999999999998,1.0,1.0359414138420107,0.025621894976518535,0.01128265174396772,-1.0,-1.0
3 weeks,2025-05-28,2025-06-18,G2,XLB,DOW,0.030706321542448345,0.3978,0.03790794671118266,-1.0,,,,,,,
3 weeks,2025-05-28,2025-06-18,G4,XLB,PPG,-0.020895525580257868,0.22920000000000001,0.021331888507072745,-0.020455897595293093,,,,,,,
3 weeks,2025-05-28,2025-06-18,G1,XLB,CTVA,0.05657551684992157,,,,0.19219999999999998,1.0,1.0280555881534295,0.020195629440883517,0.0088252366120893,1.8013742783075362,2.231633320451014
3 weeks,2025-05-28,2025-06-18,G3,XLB,LYB,0.05304871052096516,,,,0.4018,1.0,1.0593072935727603,0.04080184389786711,0.017981169547301525,0.3001547345201798,-1.0
3 weeks,2025-05-28,2025-06-18,G2,XLE,HAL,0.1312662873919992,0.4031,0.03842892375026073,-1.0,,,,,,,
3 weeks,2025-05-28,2025-06-18,G4,XLE,VLO,0.09840065259582209,0.2998,0.028273223406842383,-1.0,,,,,,,
3 weeks,2025-05-28,2025-06-18,G1,XLE,EQT,0.06972968074918184,,,,0.3715,1.0,1.0545666164215046,0.03782326774100528,0.01668658548408525,0.8435657444157303,-0.09130215153129995
3 weeks,2025-05-28,2025-06-18,G3,XLE,SLB,0.07659509329097336,,,,0.3539,1.0,1.0518482115416898,0.03609299431066721,0.015930192854567402,1.122159570128432,0.5534577625774535
3 weeks,2025-05-28,2025-06-18,G2,XLP,PEP,-0.0014063028914083064,0.2194,0.020368485308684802,-0.9309569233992704,,,,,,,
3 weeks,2025-05-28,2025-06-18,G4,XLP,KVUE,-0.09299352108928538,0.3073,0.02901064193447582,2.205496841446079,,,,,,,
3 weeks,2025-05-28,2025-06-18,G1,XLP,SYY,0.03440072920119319,,,,0.2318,1.0,1.033688329109177,0.024088199969153682,0.010591569485746313,0.4281153944771856,-0.9327389493148219
3 weeks,2025-05-28,2025-06-18,G3,XLP,HSY,0.08864679163566613,,,,0.2701,1.0,1.039254708009217,0.027853747675776534,0.01228351382963999,2.182580407761766,3.021006066461765
3 weeks,2025-05-28,2025-06-18,G2,XLU,EXC,-0.02102588686481288,0.1937,0.0178423442841562,0.1784262499341871,,,,,,,
3 weeks,2025-05-28,2025-06-18,G4,XLU,SRE,-0.04012895169565911,0.23420000000000002,0.021823440563376425,0.8388004210024795,,,,,,,
3 weeks,2025-05-28,2025-06-18,G1,XLU,NRG,-0.021914588344976837,,,,0.41759999999999997,1.0,1.0618100258371956,0.04235488340038644,0.018652437792789505,-1.0,-1.0
3 weeks,2025-06-18,2025-07-11,G2,XLK,ADBE,-0.03885832745044138,0.2464,0.02302345823773775,0.6877711006398137,,,,,,,
3 weeks,2025-06-18,2025-07-11,G4,XLK,MSFT,0.04805926146496664,0.16390000000000002,0.014914744911860076,-1.0,,,,,,,
3 weeks,2025-06-18,2025-07-11,G1,XLK,ORCL,0.09569840321874779,,,,0.2891,1.0,1.0420586468777127,0.029721283357955156,0.013116936779155569,2.219861069462645,3.089350832755052
3 weeks,2025-06-18,2025-07-11,G3,XLK,AAPL,0.07416819552640641,,,,0.2432,1.0,1.0353317141552083,0.025208370896477317,0.011096853556447704,1.9422050251081813,2.4997741633377286
3 weeks,2025-06-18,2025-07-11,G2,XLY,AZO,0.028307571277550236,0.2167,0.020103649568034388,-1.0,,,,,,,
3 weeks,2025-06-18,2025-07-11,G4,XLY,AMZN,0.05881799241813668,0.2752,0.02585507299427034,-1.0,,,,,,,
3 weeks,2025-06-18,2025-07-11,G1,XLY,SBUX,0.02882538608536822,,,,0.2778,1.0,1.0403868146811635,0.02861023501948135,0.012621740448854831,0.007520073349287504,-1.0
3 weeks,2025-06-18,2025-07-11,G3,XLY,ROST,0.02436550217020117,,,,0.2306,1.0,1.033514628222792,0.023969628954046487,0.010538298668116276,0.016515617196808607,-1.0
3 weeks,2025-06-18,2025-07-11,G2,XLV,ELV,-0.09374582712709545,0.34740000000000004,0.03295384169563736,1.8447617122438902,,,,,,,
3 weeks,2025-06-18,2025-07-11,G1,XLV,CVS,-0.030819975068249184,,,,0.27390000000000003,1.0,1.0398122066805757,0.02822677770365729,0.012450511218116203,-1.0,-1.0
3 weeks,2025-06-18,2025-07-11,G3,XLV,TMO,0.10775416153758166,,,,0.31579999999999997,1.0,1.0460501170891843,0.03234649446159122,0.014281537255938719,2.331246966051635,3.320546404956435
3 weeks,2025-06-18,2025-07-11,G4,XLI,WM,-0.030915040875303723,0.2253,0.020949069414361966,0.4757238263819701,,,,,,,
3 weeks,2025-06-18,2025-07-11,G1,XLI,GEV,0.09990005107002653,,,,0.41509999999999997,1.0,1.0614113939635628,0.04210857740987765,0.018546396910347464,1.3724394699354647,1.0752633135436738
3 weeks,2025-06-18,2025-07-11,G2,XLC,CHTR,0.03913313678793329,0.2828,0.026602324982192633,-1.0,,,,,,,
3 weeks,2025-06-18,2025-07-11,G1,XLC,WBD,0.10974454880827689,,,,0.44530000000000003,1.0,1.0662477379169666,0.04507676287549395,0.01982305231386056,1.4346146840979035,1.1942539525508207
3 weeks,2025-06-18,2025-07-11,G3,XLC,OMC,0.0479688790084023,,,,0.29,1.0,1.0421922462938458,0.02980977409391791,0.013156317885649672,0.6091661364917722,-0.5609232944380589
3 weeks,2025-06-18,2025-07-11,G2,XLB,IP,0.1363832562510301,0.3321,0.031449589576649783,-1.0,,,,,,,
3 weeks,2025-06-18,2025-07-11,G1,XLB,NEM,0.03209753613969246,,,,0.3379,1.0,1.0493980372279288,0.0345193586847731,0.01523972323382646,-0.07015838756439374,-1.0
3 weeks,2025-06-18,2025-07-11,G3,XLB,LYB,0.10078455620346993,,,,0.43479999999999996,1.0,1.064557399080827,0.044044828008527326,0.019380247910388927,1.288226808013813,0.8692824410787352
3 weeks,2025-06-18,2025-07-11,G4,XLE,EQT,-0.06804768628502522,0.3444,0.03265889452045932,1.083588170518031,,,,,,,
3 weeks,2025-06-18,2025-07-11,G1,XLE,EOG,-0.005978314342359736,,,,0.315,1.0,1.045929677153121,0.03226783730938531,0.014246754021182695,-1.0,-1.0
3 weeks,2025-06-18,2025-07-11,G3,XLE,OKE,0.0020943860618858334,,,,0.2993,1.0,1.043576624716868,0.03072417779416958,0.013562744782853004,-0.9318326408629464,-1.0
3 weeks,2025-06-18,2025-07-11,G2,XLP,KR,0.07722840179604296,0.34869999999999995,0.033081651443175354,-1.0,,,,,,,
3 weeks,2025-06-18,2025-07-11,G4,XLP,SYY,0.046071284796644685,0.2486,0.02323975525592656,-1.0,,,,,,,
3 weeks,2025-06-18,2025-07-11,G1,XLP,PM,-0.007368082662803754,,,,0.2483,1.0,1.036070799728013,0.02570978377805239,0.01132244052941559,-1.0,-1.0
3 weeks,2025-06-18,2025-07-11,G3,XLP,GIS,-0.014313886947449173,,,,0.2839,1.0,1.041288024574793,0.02921000382013616,0.012889230272521543,-1.0,-1.0
3 weeks,2025-06-18,2025-07-11,G4,XLU,PEG,0.005481136867998115,0.2351,0.02191250527782045,-1.0,,,,,,,
3 weeks,2025-06-18,2025-07-11,G1,XLU,VST,0.08529778648172592,,,,0.5219,1.0,1.0788676921515645,0.052603102826820056,0.023019426956616656,0.6215352687947593,-0.7206666203168318
3 weeks,2025-06-18,2025-07-11,G3,XLU,PCG,-0.04449006880916373,,,,0.4125,1.0,1.0609986499073345,0.04185301832630466,0.018436045699932475,-1.0,-1.0
3 weeks,2025-07-11,2025-08-01,G2,XLK,ADBE,-0.04279625168388412,0.2554,0.023904210498172096,0.7903227419770515,,,,,,,
3 weeks,2025-07-11,2025-08-01,G1,XLK,ORCL,0.06011458595358876,,,,0.33240000000000003,1.0,1.0485695362149703,0.03398271613314335,0.015001746993174268,0.7689753143351308,-0.23041964753361865
3 weeks,2025-07-11,2025-08-01,G2,XLY,TSLA,-0.03470385169183665,0.5899,0.056777366522195116,-0.38877313588909823,,,,,,,
3 weeks,2025-07-11,2025-08-01,G4,XLY,HD,0.00970085146820554,0.1972,0.018182867356358046,-1.0,,,,,,,
3 weeks,2025-07-11,2025-08-01,G1,XLY,RCL,-0.07166716721665678,,,,0.4143,1.0,1.0612928831549397,0.042033999095420785,0.018512450154235246,-1.0,-1.0
3 weeks,2025-07-11,2025-08-01,G3,XLY,ROST,0.044522245245174785,,,,0.2262,1.0,1.0328913840382143,0.023541266444891493,0.010342836794113854,0.8912425696977007,0.12453299210711477
3 weeks,2025-07-11,2025-08-01,G2,XLV,ELV,-0.1937653447912061,0.5202,0.049932305144698326,2.8805607758283034,,,,,,,
3 weeks,2025-07-11,2025-08-01,G4,XLV,GILD,0.03228751209483893,0.2403,0.022419640306904097,-1.0,,,,,,,
3 weeks,2025-07-11,2025-08-01,G1,XLV,PFE,-0.0684082465400887,,,,0.237,1.0,1.0344443449925147,0.024603008419569514,0.010822226839195056,-1.0,-1.0
3 weeks,2025-07-11,2025-08-01,G2,XLI,LMT,-0.09946330393703695,0.3115,0.029420033794619195,2.3808018247493794,,,,,,,
3 weeks,2025-07-11,2025-08-01,G4,XLI,UNP,-0.06678012925986532,0.25329999999999997,0.023697742996954162,1.8179953368744215,,,,,,,
3 weeks,2025-07-11,2025-08-01,G1,XLI,GEV,0.21816489890915158,,,,0.5291,1.0,1.0800890009293502,0.05331434354933742,0.023316826522587653,3.092048863121807,4.921727720796115
3 weeks,2025-07-11,2025-08-01,G4,XLC,FOX,0.0027673622463553205,0.49689999999999995,0.04764332301597768,-1.0,,,,,,,
3 weeks,2025-07-11,2025-08-01,G1,XLC,WBD,0.0971867338287562,,,,0.38170000000000004,1.0,1.0561611771779373,0.038829487073770035,0.017123458485480775,1.5029105752573138,1.3958686082957463
3 weeks,2025-07-11,2025-08-01,G4,XLB,LYB,-0.17242443031689225,0.37799999999999995,0.035957959142936806,3.7951673127912056,,,,,,,
3 weeks,2025-07-11,2025-08-01,G1,XLB,NEM,0.04091140561917683,,,,0.408,1.0,1.060294179347672,0.041414756204612796,0.018244887534779913,-0.012153894687899847,-1.0
3 weeks,2025-07-11,2025-08-01,G2,XLE,EXE,-0.034100498502033005,0.29600000000000004,0.027896046397425107,0.2224133132062951,,,,,,,
3 weeks,2025-07-11,2025-08-01,G1,XLE,VLO,-0.12271388513838788,,,,0.2963,1.0,1.0431376852686145,0.03043334294661191,0.013431741105568816,-1.0,-1.0
3 weeks,2025-07-11,2025-08-01,G2,XLP,COST,-0.016994637920571987,0.175,0.016001263326976274,0.06208101031129232,,,,,,,
3 weeks,2025-07-11,2025-08-01,G4,XLP,PM,-0.09421377783265716,0.3601,0.03419823763461224,1.754930790272737,,,,,,,
3 weeks,2025-07-11,2025-08-01,G1,XLP,ADM,-0.019839824896593083,,,,0.2782,1.0,1.0404541988411344,0.02865371242130984,0.01263929310338425,-1.0,-1.0
3 weeks,2025-07-11,2025-08-01,G3,XLP,GIS,-0.0511826608488436,,,,0.2572,1.0,1.0373739145487053,0.026588983412043767,0.01171543095061533,-1.0,-1.0
3 weeks,2025-07-11,2025-08-01,G2,XLU,ETR,0.09688075097607429,0.24170000000000003,0.022557279344747237,-1.0,,,,,,,
3 weeks,2025-07-11,2025-08-01,G4,XLU,AEE,0.061434520323697894,0.2544,0.023805892498929247,-1.0,,,,,,,
3 weeks,2025-07-11,2025-08-01,G1,XLU,VST,0.058347764880437136,,,,0.5607,1.0,1.0854654724128772,0.05641793830744623,0.02461597223259577,0.03420590384700661,-1.0
3 weeks,2025-07-11,2025-08-01,G3,XLU,PCG,0.052160879200556565,,,,0.4265,1.0,1.0632364597388773,0.043233117346943295,0.01902941851438997,0.20650284785083994,-1.0
3 weeks,2025-08-01,2025-08-22,G2,XLK,IBM,-0.025287822908465762,0.2526,0.02364505232689328,0.069476292920021,,,,,,,
3 weeks,2025-08-01,2025-08-22,G4,XLK,NVDA,0.024579860530830944,0.4322,0.041302163781552256,-1.0,,,,,,,
3 weeks,2025-08-01,2025-08-22,G1,XLK,AMD,-0.022947015209289323,,,,0.5992000000000001,1.0,1.092102329577809,0.060182676738391165,0.0261854572075068,-1.0,-1.0
3 weeks,2025-08-01,2025-08-22,G2,XLY,CMG,0.026340520221708186,0.2933,0.027646843253933132,-1.0,,,,,,,
3 weeks,2025-08-01,2025-08-22,G1,XLY,ORLY,0.032183159035694464,,,,0.2188,1.0,1.0318000115490629,0.022797297922373515,0.010013624441911943,0.4117093677189494,-0.9617373820184469
3 weeks,2025-08-01,2025-08-22,G2,XLV,ELV,0.1525158291469597,0.40149999999999997,0.03828459261658971,-1.0,,,,,,,
3 weeks,2025-08-01,2025-08-22,G4,XLV,BSX,0.007209889767882949,0.2198,0.020420319018621062,-1.0,,,,,,,
3 weeks,2025-08-01,2025-08-22,G1,XLV,TMO,0.07979874756076999,,,,0.2901,1.0,1.0421825104191218,0.029807487844218473,0.013160693024710353,1.6771376366173039,1.8582261641556803
3 weeks,2025-08-01,2025-08-22,G2,XLI,LMT,0.05983247395653879,0.2316,0.02158038228514499,-1.0,,,,,,,
3 weeks,2025-08-01,2025-08-22,G1,XLI,GEV,-0.07529319372361964,,,,0.4451,1.0,1.0661903021056396,0.04504528565094827,0.01981462852494772,-1.0,-1.0
3 weeks,2025-08-01,2025-08-22,G2,XLC,CHTR,0.04869841706134248,0.3712,0.03530595545803289,-1.0,,,,,,,
3 weeks,2025-08-01,2025-08-22,G1,XLC,WBD,-0.06371404056843144,,,,0.5495,1.0,1.0835154237241782,0.05530237027118004,0.024156650403457904,-1.0,-1.0
3 weeks,2025-08-01,2025-08-22,G2,XLB,FCX,0.08118915258743153,0.36200000000000004,0.034401486912744035,-1.0,,,,,,,
3 weeks,2025-08-01,2025-08-22,G4,XLB,VMC,0.06527006372922672,0.2329,0.021708190223586627,-1.0,,,,,,,
3 weeks,2025-08-01,2025-08-22,G1,XLB,NEM,0.13069169782012513,,,,0.3193,1.0,1.0465529706022951,0.03267856455706394,0.01443363342856135,2.99930962670985,4.829351814584388
3 weeks,2025-08-01,2025-08-22,G3,XLB,DOW,0.15236342462290398,,,,0.4772,1.0,1.0714160439843745,0.04819975067337955,0.021161410955452674,2.1610832523881376,2.8252355104739233
3 weeks,2025-08-01,2025-08-22,G2,XLE,SLB,0.0774584876099007,0.34149999999999997,0.03238600645689879,-1.0,,,,,,,
3 weeks,2025-08-01,2025-08-22,G1,XLE,BKR,0.034165759351936,,,,0.2799,1.0,1.040672179035159,0.028804569923395095,0.012713872557717113,0.18612287712675002,-1.0
3 weeks,2025-08-01,2025-08-22,G3,XLE,VLO,0.09153018986824901,,,,0.36469999999999997,1.0,1.0534872029301185,0.037142217226009154,0.016394729717933237,1.4643167991638935,1.3204400189969152
3 weeks,2025-08-01,2025-08-22,G2,XLP,CL,0.02909825688018408,0.2133,0.01978133666674855,-1.0,,,,,,,
3 weeks,2025-08-01,2025-08-22,G4,XLP,MO,0.09533827073757006,0.1934,0.017825276605302552,-1.0,,,,,,,
3 weeks,2025-08-01,2025-08-22,G1,XLP,SYY,0.0051329111549349715,,,,0.18600000000000003,1.0,1.0271594565606388,0.019573285158810495,0.008547114104422633,-0.7377593432431808,-1.0
3 weeks,2025-08-01,2025-08-22,G3,XLP,KMB,0.021815757042379147,,,,0.1881,1.0,1.027454033377743,0.01977966797067004,0.008641364885739316,0.10293848585973131,-1.0
3 weeks,2025-08-01,2025-08-22,G2,XLU,NEE,0.08409097547877398,0.25989999999999996,0.024362801938319523,-1.0,,,,,,,
3 weeks,2025-08-01,2025-08-22,G4,XLU,CNP,-0.01394811382943717,0.2036,0.018827836227469103,-0.2591759530451281,,,,,,,
3 weeks,2025-08-01,2025-08-22,G1,XLU,CEG,-0.08872863948175203,,,,0.5625,1.0,1.0857400519234235,0.05657908864858197,0.024689675994539216,-1.0,-1.0
3 weeks,2025-08-22,2025-09-15,G2,XLK,NOW,0.06841830848133967,0.31489999999999996,0.029798581383789442,-1.0,,,,,,,
3 weeks,2025-08-22,2025-09-15,G1,XLK,APH,0.09034373194461631,,,,0.3014,1.0,1.0438091223940769,0.030890848367535043,0.013654389756327942,1.9246115506352912,2.4080329023106755
3 weeks,2025-08-22,2025-09-15,G3,XLK,IBM,0.05844937570827602,,,,0.196,1.0,1.0285096719534261,0.020527719883989742,0.008995487145064419,1.8473389172590307,2.3283026557685638
3 weeks,2025-08-22,2025-09-15,G2,XLY,ABNB,-0.07350673920072448,0.26780000000000004,0.025167233567468708,1.9207317921402245,,,,,,,
3 weeks,2025-08-22,2025-09-15,G4,XLY,BKNG,-0.02647639115543754,0.2054,0.019032030536148676,0.39114904766200786,,,,,,,
3 weeks,2025-08-22,2025-09-15,G1,XLY,TJX,0.03390955348433877,,,,0.1502,1.0,1.0221352118257507,0.016027207943215226,0.00693276440262876,1.1157492686487358,0.698361717603363
3 weeks,2025-08-22,2025-09-15,G2,XLV,VRTX,-0.00483398381684752,0.24719999999999998,0.023141676884696892,-0.7911135030995018,,,,,,,
3 weeks,2025-08-22,2025-09-15,G4,XLV,PFE,-0.07380209477747346,0.1791,0.016446960266101693,3.487278717975906,,,,,,,
3 weeks,2025-08-22,2025-09-15,G1,XLV,CVS,0.030294429106145104,,,,0.2229,1.0,1.0323302138360817,0.023172179561488808,0.010196100475145633,0.3073620902063623,-1.0
3 weeks,2025-08-22,2025-09-15,G2,XLI,DE,-0.05419470241220592,0.2048,0.018973048018411397,1.8564046409209256,,,,,,,
3 weeks,2025-08-22,2025-09-15,G4,XLI,RTX,0.013632867232325818,0.168,0.015356186341474672,-1.0,,,,,,,
3 weeks,2025-08-22,2025-09-15,G1,XLI,NOC,-0.026402448074491658,,,,0.1501,1.0,1.0221214720664675,0.016017385867622736,0.006928234858277159,-1.0,-1.0
3 weeks,2025-08-22,2025-09-15,G2,XLC,CHTR,-0.060739196509663196,0.33990000000000004,0.03225673920454424,0.8829924539026677,,,,,,,
3 weeks,2025-08-22,2025-09-15,G4,XLC,VZ,-0.012826205452579398,0.1557,0.014147747031583951,-0.09341003737586973,,,,,,,
3 weeks,2025-08-22,2025-09-15,G1,XLC,TKO,0.10254389644458262,,,,0.2696,1.0,1.0390993750387474,0.027763940375140305,0.01226152882117644,2.693420136300248,4.174274948182859
3 weeks,2025-08-22,2025-09-15,G2,XLB,IP,-0.06790751646739013,0.3044,0.028766124901256893,1.3606765492568313,,,,,,,
3 weeks,2025-08-22,2025-09-15,G1,XLB,NEM,0.1251085507532772,,,,0.2928,1.0,1.0425273315294934,0.03004520756705354,0.013278781014085722,3.164010199432493,5.219036155215172
3 weeks,2025-08-22,2025-09-15,G2,XLE,HAL,-0.01416754149429833,0.345,0.032758186873885785,-0.5675114270261268,,,,,,,
3 weeks,2025-08-22,2025-09-15,G4,XLE,CVX,-0.005500085125736409,0.1778,0.016319202293491347,-0.6629685062529037,,,,,,,
3 weeks,2025-08-22,2025-09-15,G3,XLE,VLO,0.08392396280441217,,,,0.2895,1.0,1.042037076700794,0.029720716578302577,0.013134440572100158,1.8237530068733356,2.1890879458233674
3 weeks,2025-08-22,2025-09-15,G2,XLP,MDLZ,-0.028544410720002578,0.1967,0.01817681419884492,0.570374786678324,,,,,,,
3 weeks,2025-08-22,2025-09-15,G4,XLP,MNST,0.02402925394440847,0.2025,0.0187469511044899,-1.0,,,,,,,
3 weeks,2025-08-22,2025-09-15,G1,XLP,MO,-0.02558462459112587,,,,0.1668,1.0,1.0244267434097452,0.017657990138082887,0.007683106613659097,-1.0,-1.0
3 weeks,2025-08-22,2025-09-15,G2,XLU,NRG,0.14466889772544222,0.368,0.035019527939249485,-1.0,,,,,,,
3 weeks,2025-08-22,2025-09-15,G4,XLU,AEP,-0.04315034027224807,0.1578,0.01435404385742288,2.006145216000143,,,,,,,
3 weeks,2025-08-22,2025-09-15,G1,XLU,PCG,0.009874944775952743,,,,0.7161,1.0,1.1131322313538816,0.07162737897330357,0.03086298119881815,-0.862134494972472,-1.0
3 weeks,2025-09-15,2025-10-06,G2,XLK,AMD,0.2640233437880084,0.43310000000000004,0.04147594913781296,-1.0,,,,,,,
3 weeks,2025-09-15,2025-10-06,G1,XLK,MU,0.21112739291025218,,,,0.7081000000000001,1.0,1.111528029722521,0.0707903357213177,0.03054703202273197,1.982432428932154,2.260525052437598
3 weeks,2025-09-15,2025-10-06,G2,XLY,CMG,0.0790564824340021,0.3283,0.03117219777094925,-1.0,,,,,,,
3 weeks,2025-09-15,2025-10-06,G4,XLY,ORLY,-0.028222012360049398,0.1898,0.017552938520527712,0.6078226632563262,,,,,,,
3 weeks,2025-09-15,2025-10-06,G1,XLY,TSLA,0.10537993989516825,,,,0.5961,1.0,1.0913831196272759,0.05979863578381515,0.0260596214712432,0.7622465548568569,-0.46289241832089567
3 weeks,2025-09-15,2025-10-06,G2,XLV,BMY,-0.01272015596500331,0.29309999999999997,0.027710679623220266,-0.5409655721924493,,,,,,,
3 weeks,2025-09-15,2025-10-06,G4,XLV,JNJ,0.060653973044691556,0.1617,0.014791001670074093,-1.0,,,,,,,
3 weeks,2025-09-15,2025-10-06,G1,XLV,UNH,0.03127425930215333,,,,0.3642,1.0,1.0532390064363384,0.03701083302217882,0.01637325053027272,-0.15499715222804478,-1.0
3 weeks,2025-09-15,2025-10-06,G3,XLV,DHR,0.12487545522384491,,,,0.3309,1.0,1.0481384650081753,0.03373642906461291,0.014936788542145816,2.7015018686382026,4.1374490573490785
3 weeks,2025-09-15,2025-10-06,G2,XLI,BA,0.01844725713807205,0.302,0.02858590931430021,-1.0,,,,,,,
3 weeks,2025-09-15,2025-10-06,G1,XLI,LMT,0.08661384038799103,,,,0.2181,1.0,1.031532713554711,0.02264390443263199,0.009982451456254555,2.825040007816512,4.517795611093976
3 weeks,2025-09-15,2025-10-06,G3,XLI,CTAS,-0.0033549404784185555,,,,0.32289999999999996,1.0,1.0469267446909987,0.032949742715281845,0.014589938641180493,-1.0,-1.0
3 weeks,2025-09-15,2025-10-06,G2,XLC,NFLX,-0.03239729102105282,0.2949,0.027887692944527896,0.16170567014973591,,,,,,,
3 weeks,2025-09-15,2025-10-06,G4,XLC,WBD,-0.019527193147188315,0.8158,0.07903997292572616,-0.7529453462042808,,,,,,,
3 weeks,2025-09-15,2025-10-06,G1,XLC,GOOGL,-0.004689804788061358,,,,0.32659999999999995,1.0,1.0474865117015235,0.03331358686723189,0.014750441521089619,-1.0,-1.0
3 weeks,2025-09-15,2025-10-06,G2,XLB,IP,0.006802747386030816,0.2948,0.027877858877794905,-1.0,,,,,,,
3 weeks,2025-09-15,2025-10-06,G4,XLB,DD,0.04811321511417144,0.2561,0.024072065842163686,-1.0,,,,,,,
3 weeks,2025-09-15,2025-10-06,G1,XLB,NEM,0.11529741534822446,,,,0.3471,1.0,1.0506083443515268,0.03532942190440235,0.015637074617301683,2.2634956682904996,3.1369036459749537
3 weeks,2025-09-15,2025-10-06,G3,XLB,DOW,-0.03103025151825678,,,,0.466,1.0,1.069409104820317,0.047018162624569315,0.020692699770970397,-1.0,-1.0
3 weeks,2025-09-15,2025-10-06,G2,XLE,FANG,0.1083031291685117,0.36579999999999996,0.03485959346789643,-1.0,,,,,,,
3 weeks,2025-09-15,2025-10-06,G4,XLE,CVX,-0.020914084177174885,0.2043,0.0189784800681951,0.10198941654045246,,,,,,,
3 weeks,2025-09-15,2025-10-06,G1,XLE,VLO,0.03712617107089011,,,,0.29,1.0,1.041998587877627,0.02971438256950978,0.01315631788564962,0.2494343769062719,-1.0
3 weeks,2025-09-15,2025-10-06,G2,XLP,KDP,-0.04568157757494051,0.2528,0.023747545840922694,0.9236336201200306,,,,,,,
3 weeks,2025-09-15,2025-10-06,G4,XLP,PG,-0.040935951897770106,0.1822,0.016805837572033043,1.435817418936176,,,,,,,
3 weeks,2025-09-15,2025-10-06,G1,XLP,ADM,0.03171986314955544,,,,0.273,1.0,1.0394865875605126,0.028042581546282027,0.012410973364103125,0.13113206418618506,-1.0
3 weeks,2025-09-15,2025-10-06,G2,XLU,SO,0.03478548652476943,0.1902,0.017592261291747544,-1.0,,,,,,,
3 weeks,2025-09-15,2025-10-06,G4,XLU,CNP,0.030556167758289732,0.2711,0.025547173576085918,-1.0,,,,,,,
3 weeks,2025-09-15,2025-10-06,G1,XLU,NRG,-0.012825073960403666,,,,0.4404,1.0,1.0652597567685118,0.04450205647269559,0.019616551268520865,-1.0,-1.0
3 weeks,2025-10-06,2025-10-27,G2,XLK,TXN,-0.06820294804983018,0.45659999999999995,0.04379791205145001,0.557219165372798,,,,,,,
3 weeks,2025-10-06,2025-10-27,G1,XLK,MU,0.15259741532210502,,,,0.6137,1.0,1.0944469001261883,0.06151535051348397,0.02677279873282819,1.480639613500312,1.1719998636008868
3 weeks,2025-10-06,2025-10-27,G2,XLY,RCL,0.009328786680881329,0.4325,0.04142908344247737,-1.0,,,,,,,
3 weeks,2025-10-06,2025-10-27,G1,XLY,TSLA,-0.0018311893486279152,,,,0.6765000000000001,1.0,1.1057006617773752,0.06767906129040482,0.02929311312645672,-1.0,-1.0
3 weeks,2025-10-06,2025-10-27,G2,XLV,BSX,0.05925546574733098,0.34149999999999997,0.03248216069724872,-1.0,,,,,,,
3 weeks,2025-10-06,2025-10-27,G1,XLV,LLY,-0.02205788774596118,,,,0.3994,1.0,1.058706626988706,0.040460064692308784,0.017878977827139268,-1.0,-1.0
3 weeks,2025-10-06,2025-10-27,G2,XLI,BA,0.014881920247774127,0.3471,0.03303282761907586,-1.0,,,,,,,
3 weeks,2025-10-06,2025-10-27,G1,XLI,CAT,0.06702795087655256,,,,0.31420000000000003,1.0,1.0455908957526754,0.03208245716176414,0.014211963937897188,1.0892399400266801,0.5083809118537046
3 weeks,2025-10-06,2025-10-27,G2,XLC,MTCH,-0.034705867309309135,0.3472,0.03304266087616345,0.05033512401979401,,,,,,,
3 weeks,2025-10-06,2025-10-27,G1,XLC,TTWO,-0.010545593423651134,,,,0.2953,1.0,1.0427625287555766,0.030223800071934336,0.013388051686123994,-1.0,-1.0
3 weeks,2025-10-06,2025-10-27,G3,XLC,T,-0.0025180364056414106,,,,0.32770000000000005,1.0,1.047629035541391,0.03341003336525411,0.01479813044125007,-1.0,-1.0
3 weeks,2025-10-06,2025-10-27,G2,XLB,FCX,0.02300140888183666,0.45649999999999996,0.04378808353587851,-1.0,,,,,,,
3 weeks,2025-10-06,2025-10-27,G4,XLB,MLM,-0.03029342805338575,0.223,0.02082883992605587,0.45439823633625287,,,,,,,
3 weeks,2025-10-06,2025-10-27,G1,XLB,NEM,-0.11162579372844361,,,,0.45880000000000004,1.0,1.0682118147559323,0.04629904636815679,0.020390710551317057,-1.0,-1.0
3 weeks,2025-10-06,2025-10-27,G3,XLB,DOW,0.09863357062890477,,,,0.5490999999999999,1.0,1.0832465117142316,0.055171562178572595,0.02414022305414258,0.7877610626586877,-0.3625966553762747
3 weeks,2025-10-06,2025-10-27,G2,XLE,SLB,0.04538890955784258,0.4007,0.03830296354014899,-1.0,,,,,,,
3 weeks,2025-10-06,2025-10-27,G4,XLE,WMB,-0.09295377239487834,0.2522,0.02370030529136481,2.922049579198709,,,,,,,
3 weeks,2025-10-06,2025-10-27,G1,XLE,EXE,-0.03573753380283451,,,,0.30829999999999996,1.0,1.0447048386469862,0.03150224675004143,0.013955175400557006,-1.0,-1.0
3 weeks,2025-10-06,2025-10-27,G2,XLP,KVUE,-0.03887820843629042,0.39039999999999997,0.03729031723062505,0.0425818637005666,,,,,,,
3 weeks,2025-10-06,2025-10-27,G4,XLP,SYY,-0.03501183712646316,0.21109999999999998,0.019658713955691486,0.7809830900116808,,,,,,,
3 weeks,2025-10-06,2025-10-27,G1,XLP,MNST,0.03860492038546126,,,,0.2767,1.0,1.0400073938413803,0.02839461427024275,0.012573461712967101,0.3595860122642629,-1.0
3 weeks,2025-10-06,2025-10-27,G3,XLP,CL,0.011643838036968335,,,,0.3006,1.0,1.0435527320524631,0.03074501536205841,0.013619482976220901,-0.6212772086841192,-1.0
3 weeks,2025-10-06,2025-10-27,G4,XLU,PPL,0.008344330802457778,0.1966,0.018233047616038396,-1.0,,,,,,,
3 weeks,2025-10-06,2025-10-27,G1,XLU,CEG,0.07429285924697249,,,,0.507,1.0,1.0761480071835894,0.05103564220702066,0.02240232526476059,0.4557053861615241,-1.0
3 weeks,2025-10-06,2025-10-27,G3,XLU,PEG,0.019672628729631825,,,,0.2492,1.0,1.035985054861338,0.025690189897483725,0.011362220457609547,-0.2342357604932016,-1.0
3 weeks,2025-10-27,2025-11-17,G2,XLK,TXN,-0.07695290168136937,0.32420000000000004,0.030823288659287514,1.4965831041582347,,,,,,,
3 weeks,2025-10-27,2025-11-17,G1,XLK,AMD,-0.0737474801286706,,,,0.7290000000000001,1.0,1.1153005080562275,0.07278957960017185,0.031371180860639405,-1.0,-1.0
3 weeks,2025-10-27,2025-11-17,G2,XLY,AZO,0.010762398831876352,0.27390000000000003,0.025876315947409287,-1.0,,,,,,,
3 weeks,2025-10-27,2025-11-17,G4,XLY,ROST,-0.008212385585440685,0.25730000000000003,0.024243682730282375,-0.6612566796552426,,,,,,,
3 weeks,2025-10-27,2025-11-17,G1,XLY,F,-0.017423904031829696,,,,0.30210000000000004,1.0,1.0436915178389292,0.030850751322641354,0.013684927546130356,-1.0,-1.0
3 weeks,2025-10-27,2025-11-17,G3,XLY,DASH,-0.20011395855565806,,,,0.6336999999999999,1.0,1.0979016757024782,0.06343877049741291,0.02757957219846667,-1.0,-1.0
3 weeks,2025-10-27,2025-11-17,G1,XLV,ISRG,-0.008235787804705241,,,,0.2798,1.0,1.0403796377208079,0.028657532211228496,0.012709486397018953,-1.0,-1.0
3 weeks,2025-10-27,2025-11-17,G2,XLI,UBER,-0.04470024518193694,0.509,0.04899067122584147,-0.08757638825004421,,,,,,,
3 weeks,2025-10-27,2025-11-17,G1,XLI,CAT,0.047394030849589486,,,,0.4313,1.0,1.0636869512718254,0.0435550774413078,0.019232394394268004,0.08814020393959177,-1.0
3 weeks,2025-10-27,2025-11-17,G3,XLI,CTAS,-0.023737979934714604,,,,0.1646,1.0,1.0239038296484104,0.01732920378829216,0.007583841906750833,-1.0,-1.0
3 weeks,2025-10-27,2025-11-17,G2,XLC,NWSA,-0.04747668828740692,0.3414,0.032514790233179304,0.4601566839868436,,,,,,,
3 weeks,2025-10-27,2025-11-17,G4,XLC,WBD,0.0807984211795465,0.41950000000000004,0.04019411050187082,-1.0,,,,,,,
3 weeks,2025-10-27,2025-11-17,G1,XLC,GOOGL,0.058491564903152105,,,,0.4473,1.0,1.0662609334446822,0.04512787794163908,0.01990726763369632,0.29612930124468484,-1.0
3 weeks,2025-10-27,2025-11-17,G3,XLC,T,-0.002350320876152834,,,,0.2455,1.0,1.0353639034674467,0.025284092678083334,0.011198624098461254,-1.0,-1.0
3 weeks,2025-10-27,2025-11-17,G2,XLB,PPG,-0.08896474177290103,0.316,0.030016850207145274,1.9638266893081173,,,,,,,
3 weeks,2025-10-27,2025-11-17,G4,XLB,DOW,-0.15779248646545863,0.4483,0.04302523136027625,2.6674407429484064,,,,,,,
3 weeks,2025-10-27,2025-11-17,G1,XLB,STLD,-0.018668483118564394,,,,0.38530000000000003,1.0,1.0564079805731523,0.039032576487164274,0.017277388628219235,-1.0,-1.0
3 weeks,2025-10-27,2025-11-17,G3,XLB,CTVA,-0.000782093651152227,,,,0.3071,1.0,1.0444396388122315,0.031342496441960535,0.01390290156212167,-1.0,-1.0
3 weeks,2025-10-27,2025-11-17,G2,XLE,TRGP,0.10039136300654894,0.4008,0.03835562850812428,-1.0,,,,,,,
3 weeks,2025-10-27,2025-11-17,G1,XLE,HAL,-0.00671635180212693,,,,0.3973,1.0,1.0582896052216317,0.04021245191519561,0.017789510871019078,-1.0,-1.0
3 weeks,2025-10-27,2025-11-17,G3,XLE,EOG,0.025285610915940504,,,,0.3287,1.0,1.0476950051419909,0.03346678199445247,0.014841472815116408,-0.24445646073375438,-1.0
3 weeks,2025-10-27,2025-11-17,G2,XLP,KVUE,0.090488846914762,0.6213000000000001,0.06002053874452255,-1.0,,,,,,,
3 weeks,2025-10-27,2025-11-17,G1,XLP,TGT,-0.08361153776295793,,,,0.38,1.0,1.0555807793977197,0.038511445876524275,0.017050722081191017,-1.0,-1.0
3 weeks,2025-10-27,2025-11-17,G4,XLU,D,0.01151320889857943,0.2465,0.023181499987348645,-1.0,,,,,,,
3 weeks,2025-10-27,2025-11-17,G1,XLU,CEG,-0.13317497718687654,,,,0.608,1.0,1.0933540998999312,0.06091569515804407,0.02654215714930161,-1.0,-1.0
3 weeks,2025-11-17,2025-12-09,G2,XLK,ORCL,0.007595774731183891,0.5667,0.05464240336884591,-1.0,,,,,,,
3 weeks,2025-11-17,2025-12-09,G1,XLK,MU,0.0432733789787727,,,,0.7252,1.0,1.1146249771114134,0.07243190795041962,0.031221641024714517,-0.4025646955428307,-1.0
3 weeks,2025-11-17,2025-12-09,G2,XLY,CMG,0.10481489628628049,0.3644,0.034760338447730736,-1.0,,,,,,,
3 weeks,2025-11-17,2025-12-09,G4,XLY,GM,0.13847797435524667,0.3065,0.02906648437363392,-1.0,,,,,,,
3 weeks,2025-11-17,2025-12-09,G3,XLY,DASH,0.09181111871374448,,,,0.4362,1.0,1.064505979183304,0.04405232377775901,0.01943935399570365,1.084137926001938,0.4046320436612878
3 weeks,2025-11-17,2025-12-09,G2,XLV,UNH,0.016397517592193545,0.3428,0.03263631130378714,-1.0,,,,,,,
3 weeks,2025-11-17,2025-12-09,G4,XLV,MRK,0.04339866322658659,0.2864,0.027089704909957366,-1.0,,,,,,,
3 weeks,2025-11-17,2025-12-09,G1,XLV,LLY,-0.03864157688214054,,,,0.37020000000000003,1.0,1.0540901789914978,0.037563526359038715,0.016630827124998013,-1.0,-1.0
3 weeks,2025-11-17,2025-12-09,G2,XLI,ADP,0.029215003660065797,0.2054,0.019123865667241367,-1.0,,,,,,,
3 weeks,2025-11-17,2025-12-09,G4,XLI,MMM,-0.0018139508425684125,0.2651,0.02499488291713269,-0.9274271118379591,,,,,,,
3 weeks,2025-11-17,2025-12-09,G1,XLI,PH,0.051110187882782876,,,,0.3024,1.0,1.0437687755491962,0.030896138420809814,0.013698013558418742,0.6542581207610714,-0.4640527765374721
3 weeks,2025-11-17,2025-12-09,G3,XLI,ETN,-0.0028883845122040785,,,,0.3442,1.0,1.0500872776450911,0.035006857911500086,0.015511919419645422,-1.0,-1.0
3 weeks,2025-11-17,2025-12-09,G2,XLC,CHTR,0.01630008226622337,0.4986,0.047952249457717824,-1.0,,,,,,,
3 weeks,2025-11-17,2025-12-09,G4,XLC,WBD,0.24274408589812602,0.5182,0.04987808471890614,-1.0,,,,,,,
3 weeks,2025-11-17,2025-12-09,G1,XLC,FOXA,0.08907826663944274,,,,0.4007,1.0,1.0588578328020875,0.04056237799169468,0.017934339118072122,1.1960809757672983,0.6850597972078476
3 weeks,2025-11-17,2025-12-09,G3,XLC,LYV,0.05021906998359227,,,,0.3478,1.0,1.0506381802985676,0.035360871026485,0.01566727114561278,0.420187583783745,-1.0
3 weeks,2025-11-17,2025-12-09,G2,XLB,IP,0.02425726181868515,0.381,0.036392583603190955,-1.0,,,,,,,
3 weeks,2025-11-17,2025-12-09,G4,XLB,IFF,-0.009058641673164503,0.3427,0.03262647751173569,-0.722353059109548,,,,,,,
3 weeks,2025-11-17,2025-12-09,G1,XLB,STLD,0.06680831000722698,,,,0.3979,1.0,1.0584168875488995,0.04028708965831943,0.01781507754625059,0.6583056898335884,-0.528970758811341
3 weeks,2025-11-17,2025-12-09,G3,XLB,PPG,0.042680402490990144,,,,0.2502,1.0,1.0360778009483447,0.02576237717208639,0.011406409992839307,0.6566950404419385,-0.42114990195947133
3 weeks,2025-11-17,2025-12-09,G4,XLE,MPC,-0.02183834114610428,0.3177,0.03016794876694554,-0.276107854902215,,,,,,,
3 weeks,2025-11-17,2025-12-09,G1,XLE,HAL,0.08045447653952653,,,,0.3762,1.0,1.0550219174651523,0.0381534935302922,0.016888025299369603,1.1087053660144988,0.5059522130940706
3 weeks,2025-11-17,2025-12-09,G2,XLP,KMB,0.004634342271166547,0.2751,0.025978367665073557,-1.0,,,,,,,
3 weeks,2025-11-17,2025-12-09,G1,XLP,KVUE,0.048029730118401615,,,,0.6597,1.0,1.1025984731247385,0.06600584931733162,0.028622603263914824,-0.27234130588196115,-1.0
3 weeks,2025-11-17,2025-12-09,G3,XLP,CHD,-0.004697626909906716,,,,0.3323,1.0,1.0482738553245334,0.03383662201572812,0.014997417174754306,-1.0,-1.0
3 weeks,2025-11-17,2025-12-09,G2,XLU,VST,-0.05822875595852928,0.5550999999999999,0.05350305097664467,0.08832589722682394,,,,,,,
3 weeks,2025-11-17,2025-12-09,G4,XLU,AEP,-0.06183314974298404,0.22,0.0205595447756648,2.0075155076474513,,,,,,,
3 weeks,2025-11-17,2025-12-09,G1,XLU,SRE,-0.042082427947852885,,,,0.2447,1.0,1.0352802078717371,0.025221472974959667,0.011163232218176495,-1.0,-1.0
3 weeks,2025-11-17,2025-12-09,G3,XLU,SO,-0.056193476535817966,,,,0.1777,1.0,1.0257565560993223,0.01863330321894141,0.008174117160695753,-1.0,-1.0
3 weeks,2025-12-09,2025-12-31,G2,XLK,ORCL,-0.12016432847558167,0.698,0.06757473735118219,0.7782433670603,,,,,,,
3 weeks,2025-12-09,2025-12-31,G1,XLK,AMAT,-0.037995161511106934,,,,0.37920000000000004,1.0,1.0554039012100134,0.03840780661024979,0.01701648270755503,-1.0,-1.0
3 weeks,2025-12-09,2025-12-31,G2,XLY,AMZN,0.01272380299478515,0.27149999999999996,0.025665702062729286,-1.0,,,,,,,
3 weeks,2025-12-09,2025-12-31,G1,XLY,ROST,0.01762507174824468,,,,0.1714,1.0,1.0247966334894727,0.017971577373889703,0.00789048451169628,-0.019280757522623038,-1.0
3 weeks,2025-12-09,2025-12-31,G3,XLY,LOW,-0.0062223748535927825,,,,0.2268,1.0,1.0326179181075201,0.023419337140689903,0.01036950323492889,-1.0,-1.0
3 weeks,2025-12-09,2025-12-31,G2,XLV,MCK,0.03179822045285663,0.213,0.019912052044325113,-1.0,,,,,,,
3 weeks,2025-12-09,2025-12-31,G4,XLV,BMY,0.06495557946022634,0.21280000000000002,0.019892383076364047,-1.0,,,,,,,
3 weeks,2025-12-09,2025-12-31,G1,XLV,MRK,0.09567194429573123,,,,0.2214,1.0,1.031844921803368,0.022888250434779694,0.010129362463838427,3.179958820721108,5.301188522004615
3 weeks,2025-12-09,2025-12-31,G3,XLV,ABT,0.033319557779071474,,,,0.192,1.0,1.027676772842078,0.019997019989915984,0.008816271604858638,0.6662261574911499,-0.35995790625554125
3 weeks,2025-12-09,2025-12-31,G2,XLI,ETN,-0.0680301234777333,0.2999,0.02845900170800805,1.3904606414423304,,,,,,,
3 weeks,2025-12-09,2025-12-31,G4,XLI,UNP,-0.001036441965772128,0.1867,0.01732578634382566,-0.9401792250461709,,,,,,,
3 weeks,2025-12-09,2025-12-31,G1,XLI,GEV,0.045210305335486645,,,,0.5162,1.0,1.0775444986879608,0.0518745384800923,0.022783617593688972,-0.12846828790897347,-1.0
3 weeks,2025-12-09,2025-12-31,G2,XLC,NFLX,-0.030503536099358852,0.335,0.03191111266720529,-0.044109291409728524,,,,,,,
3 weeks,2025-12-09,2025-12-31,G4,XLC,WBD,0.019815975279789955,0.3812,0.036454383074393096,-1.0,,,,,,,
3 weeks,2025-12-09,2025-12-31,G1,XLC,GOOGL,-0.01286742742580571,,,,0.2932,1.0,1.042313323305896,0.02995011184696733,0.013296268846976067,-1.0,-1.0
3 weeks,2025-12-09,2025-12-31,G3,XLC,NWSA,0.0065510295654644946,,,,0.3257,1.0,1.047188768266324,0.03314656365747035,0.014711413719226683,-0.802361727955829,-1.0
3 weeks,2025-12-09,2025-12-31,G2,XLB,PKG,0.07287882662316814,0.23670000000000002,0.022242933312142228,-1.0,,,,,,,
3 weeks,2025-12-09,2025-12-31,G1,XLB,FCX,0.13370544556089925,,,,0.3425,1.0,1.049742943591989,0.03479879013556975,0.015438511137970297,2.8422440849238493,4.438510308316487
3 weeks,2025-12-09,2025-12-31,G3,XLB,LYB,0.01215516537633099,,,,0.4838,1.0,1.072162219315705,0.0486906734141015,0.021437018883327552,-0.7503594728921823,-1.0
3 weeks,2025-12-09,2025-12-31,G2,XLE,MPC,-0.1473286635706309,0.29600000000000004,0.028075419529450165,4.247603278593508,,,,,,,
3 weeks,2025-12-09,2025-12-31,G4,XLE,OKE,-0.019476953284472853,0.2797,0.02647222425093847,-0.2642494601192271,,,,,,,
3 weeks,2025-12-09,2025-12-31,G1,XLE,FANG,-0.04956697798070886,,,,0.3056,1.0,1.0441633226392213,0.03116970360588217,0.013837537538703672,-1.0,-1.0
3 weeks,2025-12-09,2025-12-31,G2,XLP,MDLZ,0.003984083061709498,0.23550000000000001,0.02212490988221406,-1.0,,,,,,,
3 weeks,2025-12-09,2025-12-31,G1,XLP,KDP,-0.036132131120932276,,,,0.2426,1.0,1.0348929475955086,0.0249733055707395,0.011070295192020772,-1.0,-1.0
3 weeks,2025-12-09,2025-12-31,G3,XLP,PG,0.02635533277097246,,,,0.1905,1.0,1.0274659341728585,0.019849522993061385,0.00874901984863299,0.3277564795982868,-1.0
3 weeks,2025-12-09,2025-12-31,G2,XLU,VST,-0.019750237577413454,0.4796,0.04612781547563122,-0.5718367025672987,,,,,,,
3 weeks,2025-12-09,2025-12-31,G3,XLU,PCG,0.07539195191930625,,,,0.3023,1.0,1.0436697620977888,0.030845137073650684,0.013693651661772863,1.4442086848013904,1.316561761978582
3 weeks,2025-12-31,2026-01-23,G2,XLK,AVGO,-0.07526729470389826,0.375,0.03587029969795129,1.0983179772037728,,,,,,,
3 weeks,2025-12-31,2026-01-23,G4,XLK,INTU,-0.14705370552987018,0.2378,0.022376101267845616,5.57190918871939,,,,,,,
3 weeks,2025-12-31,2026-01-23,G1,XLK,MU,0.40026629007323256,,,,0.5272,1.0,1.0793399909264483,0.05293112854154955,0.02323839642597523,6.562020706946271,12.810174044025766
3 weeks,2025-12-31,2026-01-23,G2,XLY,AZO,0.09096270086982172,0.22769999999999999,0.021382689673199083,-1.0,,,,,,,
3 weeks,2025-12-31,2026-01-23,G4,XLY,TJX,-0.0024086758448662593,0.1576,0.014489342061212272,-0.8337622347039331,,,,,,,
3 weeks,2025-12-31,2026-01-23,G1,XLY,ABNB,-0.026304209343568474,,,,0.2546,1.0,1.0365834202904474,0.0261283671936817,0.011600714169479803,-1.0,-1.0
3 weeks,2025-12-31,2026-01-23,G3,XLY,HD,0.11528630313161448,,,,0.2202,1.0,1.0316230066351804,0.022744844420978363,0.01007595418513208,4.06867846610909,7.303262892946298
3 weeks,2025-12-31,2026-01-23,G2,XLV,MDT,0.050176874520891035,0.1481,0.013555562106548937,-1.0,,,,,,,
3 weeks,2025-12-31,2026-01-23,G1,XLV,ELV,0.058508121301588334,,,,0.2938,1.0,1.0423515750403713,0.029984110100129226,0.013322497363384702,0.9513042443549502,0.21272654972492466
3 weeks,2025-12-31,2026-01-23,G2,XLI,UBER,0.007343023875215238,0.28300000000000003,0.02682200357737437,-1.0,,,,,,,
3 weeks,2025-12-31,2026-01-23,G1,XLI,BA,0.16133934951679585,,,,0.2426,1.0,1.0348423382921852,0.024948043666577293,0.011070295192020674,5.467014074251476,10.426706246802523
3 weeks,2025-12-31,2026-01-23,G3,XLI,ETN,0.03990443225420126,,,,0.2805,1.0,1.0403806241846758,0.028675920495980473,0.012740187249148492,0.39156587004049603,-1.0
3 weeks,2025-12-31,2026-01-23,G2,XLC,NFLX,-0.08148463327195488,0.3582,0.03421818653164555,1.3813252989487501,,,,,,,
3 weeks,2025-12-31,2026-01-23,G1,XLC,WBD,-0.008327542458692938,,,,0.3614,1.0,1.0525927924626646,0.036632701350203106,0.016252918409324735,-1.0,-1.0
3 weeks,2025-12-31,2026-01-23,G2,XLB,APD,0.0657342454680705,0.1986,0.018520682975520078,-1.0,,,,,,,
3 weeks,2025-12-31,2026-01-23,G4,XLB,CTVA,0.06967032833562059,0.1884,0.01751761474950123,-1.0,,,,,,,
3 weeks,2025-12-31,2026-01-23,G1,XLB,FCX,0.19237093014231377,,,,0.38530000000000003,1.0,1.0563040525036467,0.03898296656497705,0.017277388628219207,3.9347432248817906,6.875430747470066
3 weeks,2025-12-31,2026-01-23,G3,XLB,LYB,0.1775981780526088,,,,0.402,1.0,1.0589256931414421,0.04062506160181818,0.0179896828179913,3.371640830808249,5.596696901875528
3 weeks,2025-12-31,2026-01-23,G2,XLE,EQT,0.03582093602816072,0.3077,0.029251471667749163,-1.0,,,,,,,
3 weeks,2025-12-31,2026-01-23,G4,XLE,TRGP,0.037940407378556085,0.23920000000000002,0.022513803634784495,-1.0,,,,,,,
3 weeks,2025-12-31,2026-01-23,G1,XLE,HAL,0.201344732301602,,,,0.31679999999999997,1.0,1.0457939193018144,0.03224633129072164,0.014325006671340394,5.243957816048848,9.858690440332794
3 weeks,2025-12-31,2026-01-23,G2,XLP,KR,0.02832909626511748,0.20129999999999998,0.018786212663801264,-1.0,,,,,,,
3 weeks,2025-12-31,2026-01-23,G4,XLP,MNST,0.06951874212009002,0.1954,0.01820598707540682,-1.0,,,,,,,
3 weeks,2025-12-31,2026-01-23,G1,XLP,TGT,0.10588225292746878,,,,0.3177,1.0,1.045929497812439,0.032334850870821115,0.014364120001224648,2.2745551649664986,3.1737854536106944
3 weeks,2025-12-31,2026-01-23,G2,XLU,VST,-0.007500203058657062,0.408,0.03911518660510828,-0.8082534250858561,,,,,,,
3 weeks,2025-12-31,2026-01-23,G1,XLU,PCG,-0.06969511483593005,,,,0.2138,1.0,1.0307105036508473,0.022115386965225598,0.009790841501296221,-1.0,-1.0
3 weeks,2025-12-31,2026-01-23,G3,XLU,SO,0.0038991803348493725,,,,0.18309999999999998,1.0,1.0263781789512512,0.019096262825526865,0.008416877353211592,-0.7958144810597623,-1.0
3 weeks,2026-01-23,2026-02-13,G2,XLK,INTU,-0.29180621900008197,0.3321,0.03164085322222607,8.222451017695793,,,,,,,
3 weeks,2026-01-23,2026-02-13,G1,XLK,MU,0.03005137673811853,,,,0.6661,1.0,1.1036351786006318,0.06658072350674236,0.028878353738419967,-0.5486474890127129,-1.0
3 weeks,2026-01-23,2026-02-13,G4,XLY,HLT,0.055382337392396064,0.28300000000000003,0.026811623458724995,-1.0,,,,,,,
3 weeks,2026-01-23,2026-02-13,G1,XLY,NKE,-0.029366562556946474,,,,0.3045,1.0,1.043968671471566,0.031046826236907625,0.013789588573366728,-1.0,-1.0
3 weeks,2026-01-23,2026-02-13,G2,XLV,ISRG,-0.07280672266166821,0.3009,0.028572226616456767,1.548164118918673,,,,,,,
3 weeks,2026-01-23,2026-02-13,G4,XLV,MRK,0.12229623514471966,0.2908,0.027578818359837488,-1.0,,,,,,,
3 weeks,2026-01-23,2026-02-13,G1,XLV,TMO,-0.19355242257738836,,,,0.3081,1.0,1.044507775339569,0.03140090639675631,0.013946464166719484,-1.0,-1.0
3 weeks,2026-01-23,2026-02-13,G4,XLI,CTAS,0.004793388745843119,0.21230000000000002,0.01985781470590492,-1.0,,,,,,,
3 weeks,2026-01-23,2026-02-13,G1,XLI,LMT,0.10453278888274076,,,,0.31980000000000003,1.0,1.0462671741495262,0.032551649222382434,0.014455350763816635,2.2112900998842244,3.0307299134559864
3 weeks,2026-01-23,2026-02-13,G3,XLI,TT,0.2046760102523213,,,,0.31620000000000004,1.0,1.0457246280475596,0.032197577600040425,0.014298926305672394,5.356876060516566,10.116315925182837
3 weeks,2026-01-23,2026-02-13,G2,XLC,NFLX,-0.10740826410815596,0.2966,0.028149292162995214,2.8156648304412366,,,,,,,
3 weeks,2026-01-23,2026-02-13,G1,XLC,GOOGL,-0.06772784476873905,,,,0.4057,1.0,1.0595310517611147,0.04099898371199065,0.018147103285247893,-1.0,-1.0
3 weeks,2026-01-23,2026-02-13,G3,XLC,LYV,0.07688645953529472,,,,0.3736,1.0,1.0545025155098995,0.03784261457987939,0.016776619171816744,1.0317427954931704,0.33423449600610566
3 weeks,2026-01-23,2026-02-13,G4,XLB,LYB,0.12982939622908418,0.5721,0.055231318631600045,-1.0,,,,,,,
3 weeks,2026-01-23,2026-02-13,G1,XLB,FCX,0.040225108505230533,,,,0.45520000000000005,1.0,1.0674564034832148,0.04586531909174047,0.020239517410886625,-0.12297332054375154,-1.0
3 weeks,2026-01-23,2026-02-13,G1,XLE,SLB,0.03127459320821946,,,,0.3258,1.0,1.0471737783993218,0.03314176187793517,0.01471575056816361,-0.05633884754204077,-1.0
3 weeks,2026-01-23,2026-02-13,G2,XLP,GIS,0.08482935429086647,0.218,0.0204184067146946,-1.0,,,,,,,
3 weeks,2026-01-23,2026-02-13,G4,XLP,MNST,-0.006341422476419556,0.2274,0.021342918730672268,-0.7028793223437513,,,,,,,
3 weeks,2026-01-23,2026-02-13,G1,XLP,ADM,0.029625407284470606,,,,0.30670000000000003,1.0,1.0442979982350014,0.03126320883582258,0.013885473516572122,-0.052387506348203994,-1.0
3 weeks,2026-01-23,2026-02-13,G2,XLU,CEG,-0.002179622806697701,0.4777,0.045956328115027735,-0.9525718677688478,,,,,,,
3 weeks,2026-01-23,2026-02-13,G4,XLU,ED,0.09483004580594812,0.195,0.018156470168595215,-1.0,,,,,,,
3 weeks,2026-01-23,2026-02-13,G1,XLU,NEE,0.10600171360134536,,,,0.2917,1.0,1.0420604029690768,0.02978785764571611,0.013230680581070691,2.558554457392801,3.832805859114325
3 weeks,2026-01-23,2026-02-13,G3,XLU,PCG,0.21471586583759095,,,,0.2597,1.0,1.0373477582043438,0.02664037247575535,0.011825666038583578,7.059792183198558,13.998572347176777
3 weeks,2026-02-13,2026-03-09,G2,XLK,INTU,0.18595394081716732,0.7195,0.06969603298001319,-1.0,,,,,,,
3 weeks,2026-02-13,2026-03-09,G1,XLK,MU,-0.054268140623124794,,,,0.7084,1.0,1.1113872409838366,0.0707342233410002,0.03055889100781454,-1.0,-1.0
3 weeks,2026-02-13,2026-03-09,G3,XLK,IBM,-0.034492014043322694,,,,0.3543,1.0,1.051527285280197,0.035947867215619295,0.01594741987669766,-1.0,-1.0
3 weeks,2026-02-13,2026-03-09,G2,XLY,DASH,0.10134713964790021,0.89,0.08640426756484954,-1.0,,,,,,,
3 weeks,2026-02-13,2026-03-09,G4,XLY,F,-0.13668558437937506,0.23739999999999997,0.02232323837078331,5.123017731973392,,,,,,,
3 weeks,2026-02-13,2026-03-09,G1,XLY,RCL,-0.08608026537962932,,,,0.4169,1.0,1.0613127164851541,0.04210333888949726,0.018622752869986176,-1.0,-1.0
3 weeks,2026-02-13,2026-03-09,G3,XLY,BKNG,0.0749215395389593,,,,0.5018,1.0,1.0751169059599994,0.05044843428476804,0.022186435724201408,0.4851112943574647,-1.0
3 weeks,2026-02-13,2026-03-09,G2,XLV,BSX,-0.03786968692531334,0.2861,0.027113271398875972,0.396721419860949,,,,,,,
3 weeks,2026-02-13,2026-03-09,G4,XLV,PFE,-0.027918853435729418,0.2293,0.02152656507385896,0.2969488322887621,,,,,,,
3 weeks,2026-02-13,2026-03-09,G1,XLV,AMGN,0.021073138922930612,,,,0.2341,1.0,1.0336433784742278,0.02412568819732549,0.010693627641730423,-0.12652693052434394,-1.0
3 weeks,2026-02-13,2026-03-09,G3,XLV,TMO,0.010201612944779281,,,,0.3155,1.0,1.0456258736392468,0.032131955162968864,0.014268494345354694,-0.6825088018130816,-1.0
3 weeks,2026-02-13,2026-03-09,G2,XLI,UBER,0.055007838143027676,0.38189999999999996,0.036534958928976485,-1.0,,,,,,,
3 weeks,2026-02-13,2026-03-09,G4,XLI,WM,0.051125731598195445,0.1826,0.016933947850821852,-1.0,,,,,,,
3 weeks,2026-02-13,2026-03-09,G1,XLI,GEV,0.03486961060519911,,,,0.48710000000000003,1.0,1.0726821496398797,0.049003828625418674,0.021574657235234374,-0.2884308923749689,-1.0
3 weeks,2026-02-13,2026-03-09,G3,XLI,ADP,0.051529846681779956,,,,0.30829999999999996,1.0,1.0445443671604577,0.031423806496513926,0.013955175400556965,0.639834648533004,-0.4994344878643764
3 weeks,2026-02-13,2026-03-09,G2,XLC,FOXA,0.05680029201134151,0.3677,0.035138602460058836,-1.0,,,,,,,
3 weeks,2026-02-13,2026-03-09,G4,XLC,CMCSA,-0.016788061151348566,0.27940000000000004,0.026454272123442583,-0.365393193469431,,,,,,,
3 weeks,2026-02-13,2026-03-09,G1,XLC,TMUS,-0.0043470718311183765,,,,0.28300000000000003,1.0,1.0407775552668435,0.028935384068977325,0.0128497898735177,-1.0,-1.0
3 weeks,2026-02-13,2026-03-09,G3,XLC,OMC,0.21724624007637172,,,,0.37929999999999997,1.0,1.0553957978890913,0.038406316336363835,0.017020762996066606,4.656523738796551,8.509000402901037
3 weeks,2026-02-13,2026-03-09,G4,XLB,LYB,0.17395060607489143,0.4207,0.04034991530707961,-1.0,,,,,,,
3 weeks,2026-02-13,2026-03-09,G1,XLB,SW,-0.176449889419523,,,,0.25329999999999997,1.0,1.0364216762864593,0.026014137203785963,0.011543328119586412,-1.0,-1.0
3 weeks,2026-02-13,2026-03-09,G1,XLE,BKR,-0.014269373882256686,,,,0.284,1.0,1.0409254552962146,0.0290337421196606,0.012893611998570783,-1.0,-1.0
3 weeks,2026-02-13,2026-03-09,G4,XLP,GIS,-0.10219277887014355,0.34979999999999994,0.03337830043005408,2.0616531564958995,,,,,,,
3 weeks,2026-02-13,2026-03-09,G1,XLP,WMT,-0.07132716831687713,,,,0.3978,1.0,1.05829215643824,0.04022540902724142,0.017810816694188207,-1.0,-1.0
3 weeks,2026-02-13,2026-03-09,G2,XLU,CEG,0.12132183603878555,0.591,0.05708410376637749,-1.0,,,,,,,
3 weeks,2026-02-13,2026-03-09,G4,XLU,AEE,0.0017122102422884034,0.22690000000000002,0.02129051705768582,-1.0,,,,,,,
3 weeks,2026-02-13,2026-03-09,G1,XLU,NRG,-0.09823038700843034,,,,0.5195000000000001,1.0,1.0780736708907463,0.05218767012915023,0.022920178486315158,-1.0,-1.0
3 weeks,2026-03-09,2026-03-30,G2,XLK,MU,-0.17308343895491107,0.8489,0.0823796874136559,1.101045104551094,,,,,,,
3 weeks,2026-03-09,2026-03-30,G3,XLK,AMD,-0.0327610007380954,,,,0.5497,1.0,1.0831824067942435,0.05515468143204209,0.024164863482637466,-1.0,-1.0
3 weeks,2026-03-09,2026-03-30,G2,XLY,GM,-0.025840050395791847,0.40409999999999996,0.03871782733923405,-0.3326058776648543,,,,,,,
3 weeks,2026-03-09,2026-03-30,G1,XLY,ROST,-0.013746336048191865,,,,0.2787,1.0,1.0401425064822092,0.028512443622949562,0.01266123148500074,-1.0,-1.0
3 weeks,2026-03-09,2026-03-30,G3,XLY,DASH,-0.16184383274106406,,,,0.5943999999999999,1.0,1.0908935435149727,0.05954501150170251,0.025990574887516625,-1.0,-1.0
3 weeks,2026-03-09,2026-03-30,G2,XLV,ELV,0.020679620410010147,0.4667,0.0448718247523709,-1.0,,,,,,,
3 weeks,2026-03-09,2026-03-30,G4,XLV,ABBV,-0.0630029196744144,0.2977,0.028254214746357895,1.229859164022097,,,,,,,
3 weeks,2026-03-09,2026-03-30,G1,XLV,PFE,0.03580759375789633,,,,0.25420000000000004,1.0,1.0365526314876332,0.02610265947146714,0.011583058887972753,0.3717986781016578,-1.0
3 weeks,2026-03-09,2026-03-30,G3,XLV,TMO,-0.05773952980014463,,,,0.2867,1.0,1.041325189625489,0.029299308429211194,0.013011877755924117,-1.0,-1.0
3 weeks,2026-03-09,2026-03-30,G2,XLI,MMM,-0.060080522141252146,0.31,0.029463986839120423,1.0391171931111858,,,,,,,
3 weeks,2026-03-09,2026-03-30,G1,XLI,LMT,-0.098742792278667,,,,0.3641,1.0,1.0530375371200325,0.036911606699948266,0.016368954376793133,-1.0,-1.0
3 weeks,2026-03-09,2026-03-30,G3,XLI,ADP,-0.07116345541413505,,,,0.3074,1.0,1.0444094765527197,0.03133528720316448,0.01391597146980739,-1.0,-1.0
3 weeks,2026-03-09,2026-03-30,G2,XLC,DIS,-0.0722014728978565,0.29719999999999996,0.0282050365058148,1.559878725311039,,,,,,,
3 weeks,2026-03-09,2026-03-30,G1,XLC,OMC,-0.0942789620077572,,,,0.39990000000000003,1.0,1.058622751630951,0.0404318912460086,0.01790027271359005,-1.0,-1.0
3 weeks,2026-03-09,2026-03-30,G3,XLC,FOX,-0.004811279148468239,,,,0.3502,1.0,1.0508978109297176,0.03554466033453584,0.01577076271988532,-1.0,-1.0
3 weeks,2026-03-09,2026-03-30,G2,XLB,VMC,-0.026938265646324178,0.3505,0.03344714111300043,-0.19460184787351953,,,,,,,
3 weeks,2026-03-09,2026-03-30,G4,XLB,LYB,0.23286449070159465,0.484,0.04657214409750569,-1.0,,,,,,,
3 weeks,2026-03-09,2026-03-30,G1,XLB,CTVA,0.05938687324695202,,,,0.24760000000000001,1.0,1.0355937981987715,0.025453498096508043,0.011291494461863895,1.3331517350497006,1.1071679332208535
3 weeks,2026-03-09,2026-03-30,G3,XLB,PPG,-0.0409237871002579,,,,0.33130000000000004,1.0,1.04801406182833,0.03368590742533713,0.014954113137377392,-1.0,-1.0
3 weeks,2026-03-09,2026-03-30,G2,XLE,SLB,0.09196855683121763,0.43189999999999995,0.04145100635423662,-1.0,,,,,,,
3 weeks,2026-03-09,2026-03-30,G1,XLE,OXY,0.20964216365924093,,,,0.3983,1.0,1.0583708358568715,0.040274571639705055,0.01783211991270617,4.205323238064269,7.483081570945574
3 weeks,2026-03-09,2026-03-30,G1,XLP,KR,0.004770361367187892,,,,0.3408,1.0,1.0494598788902056,0.03462021449008314,0.01536507220470794,-0.8622087864720105,-1.0
3 weeks,2026-03-09,2026-03-30,G3,XLP,MNST,-0.05823324265976826,,,,0.2904,1.0,1.0418739327625992,0.0296632314813724,0.01317381779465675,-1.0,-1.0
3 weeks,2026-03-09,2026-03-30,G4,XLU,PPL,-0.0001314368628906326,0.2563,0.02418218933737261,-0.9945647244318147,,,,,,,
3 weeks,2026-03-09,2026-03-30,G1,XLU,CEG,-0.07548219152167857,,,,0.5646,1.0,1.0857328418846353,0.056618294650234484,0.024775623245553536,-1.0,-1.0
3 weeks,2026-03-09,2026-03-30,G3,XLU,VST,-0.09704641271165715,,,,0.6259,1.0,1.096436221780393,0.06263791088403663,0.027265391633654136,-1.0,-1.0
3 weeks,2026-03-30,2026-04-21,G2,XLK,MU,0.3964575950951901,0.7123999999999999,0.06899802197697988,-1.0,,,,,,,
3 weeks,2026-03-30,2026-04-21,G3,XLK,CRM,0.013770527901788565,,,,0.4434,1.0,1.0655579354040994,0.044709984060675084,0.019743009744360718,-0.6920032920812311,-1.0
3 weeks,2026-03-30,2026-04-21,G2,XLY,AZO,0.07888380920465465,0.324,0.030839434380715305,-1.0,,,,,,,
3 weeks,2026-03-30,2026-04-21,G4,XLY,ROST,0.08046364590598931,0.32189999999999996,0.030632896622843596,-1.0,,,,,,,
3 weeks,2026-03-30,2026-04-21,G3,XLY,DASH,0.23268700574011314,,,,0.6265999999999999,1.0,1.0965635773272322,0.06270803864663783,0.02729361137409072,2.710640784849184,3.9873732921287264
3 weeks,2026-03-30,2026-04-21,G2,XLV,LLY,0.01848574722778351,0.4282,0.04108574484136627,-1.0,,,,,,,
3 weeks,2026-03-30,2026-04-21,G3,XLV,TMO,0.09274039294025305,,,,0.3483,1.0,1.0506095979993673,0.035359264912057264,0.0156888369179555,1.6228031937572647,1.6853995080201276
3 weeks,2026-03-30,2026-04-21,G2,XLI,NOC,-0.09002525143693307,0.4067,0.038971953219498284,1.310001013546636,,,,,,,
3 weeks,2026-03-30,2026-04-21,G3,XLI,ADP,-0.012653977396253402,,,,0.34,1.0,1.0493408576201801,0.03454299729896809,0.01533050209581794,-1.0,-1.0
3 weeks,2026-03-30,2026-04-21,G2,XLC,TTWO,0.1272529098426698,0.42950000000000005,0.04121354811575708,-1.0,,,,,,,
3 weeks,2026-03-30,2026-04-21,G4,XLC,VZ,-0.06628353759289607,0.2582,0.024367594581666985,1.7201510338145836,,,,,,,
3 weeks,2026-03-30,2026-04-21,G3,XLC,META,0.24695186555004223,,,,0.41859999999999997,1.0,1.0615861133889024,0.04227191962617831,0.01869483602606651,4.841983702985398,8.915345173537842
3 weeks,2026-03-30,2026-04-21,G2,XLB,NEM,0.059930238188624196,0.6045,0.05840822289788969,-1.0,,,,,,,
3 weeks,2026-03-30,2026-04-21,G1,XLB,LYB,-0.13304200858827797,,,,0.5961,1.0,1.0911935045175,0.05971336195602863,0.026059621471243275,-1.0,-1.0
3 weeks,2026-03-30,2026-04-21,G3,XLB,PPG,0.0683875770373179,,,,0.4144,1.0,1.0609186508464712,0.041858990774870895,0.018516693861434716,0.6337607708968647,-0.5966382418622591
3 weeks,2026-03-30,2026-04-21,G4,XLE,KMI,-0.06181289255755518,0.3129,0.029747723432182238,1.0779032956412262,,,,,,,
3 weeks,2026-03-30,2026-04-21,G1,XLE,MPC,-0.10119919704368119,,,,0.44079999999999997,1.0,1.065139069772436,0.04445439567011716,0.019633417740674897,-1.0,-1.0
3 weeks,2026-03-30,2026-04-21,G2,XLP,CHD,-0.007453958882473355,0.2782,0.026334760805049186,-0.716953613603954,,,,,,,
3 weeks,2026-03-30,2026-04-21,G4,XLP,TGT,0.11214013595210681,0.37520000000000003,0.0358746200763765,-1.0,,,,,,,
3 weeks,2026-03-30,2026-04-21,G1,XLP,KR,-0.06660342527950847,,,,0.28190000000000004,1.0,1.0406179522797503,0.02882866480946702,0.012801573047551711,-1.0,-1.0
3 weeks,2026-03-30,2026-04-21,G3,XLP,MNST,0.0553841414069558,,,,0.30920000000000003,1.0,1.0446823291898948,0.0315137932760695,0.013994370644814855,0.7574571528655869,-0.2352773491085055
3 weeks,2026-03-30,2026-04-21,G2,XLU,NRG,0.06110593726661273,0.5504,0.053094885277690754,-1.0,,,,,,,
3 weeks,2026-03-30,2026-04-21,G4,XLU,SRE,-0.03551461163171765,0.2712,0.025646252844769034,0.38478754953713934,,,,,,,
3 weeks,2026-03-30,2026-04-21,G3,XLU,PCG,-0.025817519103723985,,,,0.33909999999999996,1.0,1.0492036253833075,0.034454485102553764,0.015291602603017183,-1.0,-1.0
3 weeks,2026-04-21,2026-05-12,G2,XLK,INTU,-0.04226257586624815,0.5543,0.053477991917234895,-0.20972021665182006,,,,,,,
3 weeks,2026-04-21,2026-05-12,G1,XLK,AMD,0.5757672464173569,,,,0.6766,1.0,1.10555221071904,0.0676156038828079,0.029297096187602033,7.515301400180984,15.049885377285374
3 weeks,2026-04-21,2026-05-12,G2,XLY,NKE,-0.08708772034559698,0.3396,0.03237367926418259,1.6900779375407184,,,,,,,
3 weeks,2026-04-21,2026-05-12,G4,XLY,ROST,-0.035107993726299136,0.2408,0.022656178521317936,0.5495990947133871,,,,,,,
3 weeks,2026-04-21,2026-05-12,G1,XLY,AMZN,0.06366293237152898,,,,0.4686,1.0,1.06964781138039,0.047187030058993155,0.020801621512802106,0.3491616720089732,-1.0
3 weeks,2026-04-21,2026-05-12,G3,XLY,F,-0.049989486100609715,,,,0.4581,1.0,1.067937050231434,0.04615497145533202,0.020361322259542323,-1.0,-1.0
3 weeks,2026-04-21,2026-05-12,G2,XLV,ABT,-0.09027183465290389,0.253,0.02385613338462637,2.784009470330923,,,,,,,
3 weeks,2026-04-21,2026-05-12,G1,XLV,UNH,0.1456027320029778,,,,0.3089,1.0,1.0446373361424877,0.031484286986787464,0.013981306528405206,3.6246158302419413,6.221456425074656
3 weeks,2026-04-21,2026-05-12,G3,XLV,BSX,-0.09106186058396792,,,,0.5568,1.0,1.0843983586846202,0.055853546490976534,0.02445617080683173,-1.0,-1.0
3 weeks,2026-04-21,2026-05-12,G2,XLI,LMT,-0.08908127096966356,0.3784,0.03618928881823218,1.4615369320212896,,,,,,,
3 weeks,2026-04-21,2026-05-12,G4,XLI,PH,-0.09186677659408138,0.3735,0.035707450669288224,1.5727621230908966,,,,,,,
3 weeks,2026-04-21,2026-05-12,G1,XLI,CAT,0.1395340469564883,,,,0.49369999999999997,1.0,1.0737760604009765,0.049653873393145836,0.021849603297577617,1.810134183323337,2.009573476457677
3 weeks,2026-04-21,2026-05-12,G2,XLC,TMUS,-0.010696529671105126,0.3982,0.03813620751131808,-0.7195177399868451,,,,,,,
3 weeks,2026-04-21,2026-05-12,G1,XLC,MTCH,-0.01586420583921555,,,,0.5207,1.0,1.0782782290862598,0.05230700116453962,0.022969809933011762,-1.0,-1.0
3 weeks,2026-04-21,2026-05-12,G3,XLC,FOX,0.03192779206953489,,,,0.5197999999999999,1.0,1.0781271245742365,0.05221857141799239,0.0229325877004565,-0.38857400341415915,-1.0
3 weeks,2026-04-21,2026-05-12,G1,XLB,FCX,-0.022791165681390946,,,,0.5576,1.0,1.084535298517786,0.055932129594058876,0.024488962858042668,-1.0,-1.0
3 weeks,2026-04-21,2026-05-12,G3,XLB,MLM,-0.05427273878449845,,,,0.3693,1.0,1.053845172188674,0.03742441843161341,0.016592214777982995,-1.0,-1.0
3 weeks,2026-04-21,2026-05-12,G2,XLE,EQT,-0.018301477079815665,0.3992,0.038234532239634245,-0.5213364461970785,,,,,,,
3 weeks,2026-04-21,2026-05-12,G1,XLE,SLB,0.054386893355115484,,,,0.4671,1.0,1.0694028339365933,0.0470395970564371,0.02073879045214192,0.1561938613092959,-1.0
3 weeks,2026-04-21,2026-05-12,G2,XLP,KR,-0.06089227713945389,0.2776,0.02627574591424466,1.3174328652052805,,,,,,,
3 weeks,2026-04-21,2026-05-12,G1,XLP,TGT,-0.07797125139129579,,,,0.3392,1.0,1.0492188701086635,0.034464319802758256,0.015295925193547956,-1.0,-1.0
3 weeks,2026-04-21,2026-05-12,G3,XLP,GIS,-0.026248232911948555,,,,0.2746,1.0,1.0395413761622925,0.028110650521147595,0.01248125680939313,-1.0,-1.0
3 weeks,2026-04-21,2026-05-12,G4,XLU,PPL,-0.04867828081678327,0.1954,0.01819115237792841,1.6759316730173355,,,,,,,
3 weeks,2026-04-21,2026-05-12,G1,XLU,ETR,0.02073289863640304,,,,0.2787,1.0,1.040145498745771,0.028513919176247886,0.012661231485000781,-0.27288498966941555,-1.0
3 weeks,2026-05-12,2026-06-03,G2,XLK,APH,0.15445375771424952,0.5267000000000001,0.05076500572319869,-1.0,,,,,,,
3 weeks,2026-05-12,2026-06-03,G1,XLK,MU,0.40829383305053235,,,,1.0018,1.0,1.1699422814855014,0.09947071631779573,0.041762578342542274,3.104663645389743,4.70729971722626
3 weeks,2026-05-12,2026-06-03,G2,XLY,MCD,0.001104236403864034,0.19219999999999998,0.017875024227310802,-1.0,,,,,,,
3 weeks,2026-05-12,2026-06-03,G4,XLY,SBUX,-0.095026934388168,0.2829,0.02679556095035648,2.546368540827424,,,,,,,
3 weeks,2026-05-12,2026-06-03,G1,XLY,TSLA,-0.022493943304685016,,,,0.4783,1.0,1.071239783712413,0.04814182979537545,0.021207376307805777,-1.0,-1.0
3 weeks,2026-05-12,2026-06-03,G3,XLY,F,0.3102586076661471,,,,0.3178,1.0,1.0459782661989032,0.03236109808274971,0.014368465392147202,8.587394311305294,17.39308055901928
3 weeks,2026-05-12,2026-06-03,G2,XLV,SYK,0.0018678459986225526,0.267,0.025231669544465984,-1.0,,,,,,,
3 weeks,2026-05-12,2026-06-03,G1,XLV,UNH,-0.048916478084004344,,,,0.3075,1.0,1.044430470163155,0.031348058779280104,0.01392032789115418,-1.0,-1.0
3 weeks,2026-05-12,2026-06-03,G3,XLV,MRK,0.020735075121466107,,,,0.3392,1.0,1.0492218883390236,0.03446578025431286,0.015295925193547975,-0.39838660351026056,-1.0
3 weeks,2026-05-12,2026-06-03,G2,XLI,NOC,-0.05359968603137433,0.3069,0.029156110025565236,0.8383689039579019,,,,,,,
3 weeks,2026-05-12,2026-06-03,G4,XLI,UNP,-0.007937268600279102,0.203,0.018937077885839673,-0.5808609623866903,,,,,,,
3 weeks,2026-05-12,2026-06-03,G1,XLI,CAT,0.015392345424597442,,,,0.3979,1.0,1.0583139795426728,0.040238137035010564,0.017815077546250467,-0.6174687359107898,-1.0
3 weeks,2026-05-12,2026-06-03,G3,XLI,CTAS,0.05909238102904091,,,,0.24109999999999998,1.0,1.034658846785695,0.02481715119580677,0.011003882024881683,1.381110569976518,1.2204467648869297
3 weeks,2026-05-12,2026-06-03,G2,XLC,CHTR,-0.1278393989737041,0.5529999999999999,0.05334875276002529,1.3962959274559705,,,,,,,
3 weeks,2026-05-12,2026-06-03,G1,XLC,GOOGL,-0.07321550277038025,,,,0.3135,1.0,1.0453310443711434,0.03193818137956044,0.014181516995693685,-1.0,-1.0
3 weeks,2026-05-12,2026-06-03,G3,XLC,OMC,-0.030247251283690435,,,,0.3081,1.0,1.0445203953040465,0.031407071348402316,0.013946464166719586,-1.0,-1.0
3 weeks,2026-05-12,2026-06-03,G2,XLB,ECL,0.015772790485810706,0.2616,0.02470053598675369,-1.0,,,,,,,
3 weeks,2026-05-12,2026-06-03,G4,XLB,DD,-0.047084308704507194,0.40740000000000004,0.03903926682411418,0.20607563960252517,,,,,,,
3 weeks,2026-05-12,2026-06-03,G1,XLB,NUE,0.12139415029565592,,,,0.3865,1.0,1.056525691780493,0.039117204976867354,0.017328668541411196,2.1033441772602255,2.743418506744676
3 weeks,2026-05-12,2026-06-03,G3,XLB,IP,0.03128230193674919,,,,0.4894,1.0,1.0730680271356443,0.049232724463413625,0.02167052178880758,-0.36460347710401275,-1.0
3 weeks,2026-05-12,2026-06-03,G2,XLE,COP,0.0100110809251579,0.3273,0.031162497955609686,-1.0,,,,,,,
3 weeks,2026-05-12,2026-06-03,G1,XLE,MPC,0.0644460868622867,,,,0.5097999999999999,1.0,1.0764560815303381,0.051237408047999825,0.02251846077838831,0.25779365735895143,-1.0
3 weeks,2026-05-12,2026-06-03,G2,XLP,KR,-0.04746900166902257,0.28559999999999997,0.027061126072898,0.7541399253360432,,,,,,,
3 weeks,2026-05-12,2026-06-03,G4,XLP,KO,-0.015869093802576062,0.1709,0.015780703697245525,0.005601151065652177,,,,,,,
3 weeks,2026-05-12,2026-06-03,G1,XLP,MNST,0.03691624627404,,,,0.252,1.0,1.0362385951341506,0.025889238215695293,0.011485923619753285,0.4259301863760363,-0.9410015979277503
3 weeks,2026-05-12,2026-06-03,G3,XLP,GIS,-0.05742757118772934,,,,0.3691,1.0,1.053817215584496,0.037406204837425294,0.016583633099891384,-1.0,-1.0
3 weeks,2026-05-12,2026-06-03,G2,XLU,NRG,-0.026066697090393776,0.4473,0.042961861542469844,-0.3932595992232403,,,,,,,
3 weeks,2026-05-12,2026-06-03,G1,XLU,XEL,-0.031414354912635334,,,,0.24760000000000001,1.0,1.0355997564211232,0.02545646715528404,0.011291494461863843,-1.0,-1.0
3 weeks,2026-05-12,2026-06-03,G3,XLU,PCG,0.0023796843777452725,,,,0.3084,1.0,1.0445653688911662,0.031436577608082265,0.013959530856613049,-0.9243020532510671,-1.0
3 weeks,2026-06-03,2026-06-25,G2,XLK,INTU,-0.1809978958213565,0.5556,0.053597998566960924,2.3769525105537785,,,,,,,
3 weeks,2026-06-03,2026-06-25,G1,XLK,MU,0.12411431774151072,,,,1.0293999999999999,1.0,1.1759193712729374,0.10217340529362809,0.04277728731896844,0.21474191238736062,-1.0
3 weeks,2026-06-03,2026-06-25,G2,XLY,DASH,0.1444559552758955,0.5928,0.05725159751899072,-1.0,,,,,,,
3 weeks,2026-06-03,2026-06-25,G1,XLY,F,-0.10184595822289888,,,,0.45539999999999997,1.0,1.0675140315651852,0.04589675687883693,0.020247920505977766,-1.0,-1.0
3 weeks,2026-06-03,2026-06-25,G3,XLY,SBUX,0.07581605298099725,,,,0.32280000000000003,1.0,1.0467447984669338,0.03285871426573884,0.014585598698328019,1.3073347413367689,0.9931478381752021
3 weeks,2026-06-03,2026-06-25,G2,XLV,BSX,-0.07318091768228607,0.3784,0.0361817640287736,1.022591204345062,,,,,,,
3 weeks,2026-06-03,2026-06-25,G1,XLV,LLY,0.045338209030994836,,,,0.382,1.0,1.0558349432588012,0.03868052119650104,0.01713629117922732,0.17211991019128114,-1.0
3 weeks,2026-06-03,2026-06-25,G3,XLV,VRTX,0.12102534617616545,,,,0.2903,1.0,1.0418770701872786,0.029662230920405628,0.013169442979210296,3.0801161079528976,5.009994205057337
3 weeks,2026-06-03,2026-06-25,G2,XLI,GEV,0.13203031394972164,0.5281,0.050896420905613006,-1.0,,,,,,,
3 weeks,2026-06-03,2026-06-25,G1,XLI,GE,0.18026940685741732,,,,0.3969,1.0,1.0581688506875522,0.04014560408547806,0.01777246433685294,3.4903896943134205,5.870209660045724
3 weeks,2026-06-03,2026-06-25,G2,XLC,CHTR,0.004960851227805652,0.5256000000000001,0.05065079631455187,-1.0,,,,,,,
3 weeks,2026-06-03,2026-06-25,G4,XLC,WBD,-0.0007407576949508554,0.43729999999999997,0.041972764719111696,-0.9823514676741435,,,,,,,
3 weeks,2026-06-03,2026-06-25,G1,XLC,TKO,0.030340895984505956,,,,0.41479999999999995,1.0,1.0609974149549837,0.041905539572250274,0.018533667653955203,-0.2759693278213382,-1.0
3 weeks,2026-06-03,2026-06-25,G3,XLC,MTCH,0.01806522638913588,,,,0.35600000000000004,1.0,1.0518068500405227,0.036123789383404346,0.016020615863539936,-0.4999077699906166,-1.0
3 weeks,2026-06-03,2026-06-25,G2,XLB,DOW,-0.17203389959842774,0.4675,0.04494131984196078,2.8279672293425446,,,,,,,
3 weeks,2026-06-03,2026-06-25,G4,XLB,PKG,0.08153210844207703,0.33630000000000004,0.0320416548938553,-1.0,,,,,,,
3 weeks,2026-06-03,2026-06-25,G1,XLB,FCX,-0.11098524582940283,,,,0.6559999999999999,1.0,1.1018366547017813,0.06560096446477671,0.028474568511859383,-1.0,-1.0
3 weeks,2026-06-03,2026-06-25,G3,XLB,MLM,0.0785217767705293,,,,0.312,1.0,1.0451176510394362,0.0317965196105372,0.01411625588164976,1.4695085415734468,1.3663587576728595
3 weeks,2026-06-03,2026-06-25,G2,XLE,DVN,-0.07096151826941466,0.4053,0.03882675049814886,0.8276450477821442,,,,,,,
3 weeks,2026-06-03,2026-06-25,G1,XLE,MPC,-0.05108332807491334,,,,0.4447,1.0,1.0657829149831826,0.044844969337018065,0.019797779715726938,-1.0,-1.0
3 weeks,2026-06-03,2026-06-25,G3,XLE,WMB,0.08990391559532607,,,,0.2961,1.0,1.0427394647271462,0.0302326927259661,0.013423004083058163,1.973731662284579,2.5137030858620117
3 weeks,2026-06-03,2026-06-25,G2,XLP,WMT,-0.009496143620806197,0.24420000000000003,0.02298323432032328,-0.5868230080912054,,,,,,,
3 weeks,2026-06-03,2026-06-25,G1,XLP,MNST,0.07625787113332416,,,,0.25730000000000003,1.0,1.0370220950949385,0.026416460253360533,0.01171984166216141,1.8867558485101372,2.3478076896774134
3 weeks,2026-06-03,2026-06-25,G2,XLU,CEG,0.00542587224147284,0.5331,0.05138765701288146,-1.0,,,,,,,
3 weeks,2026-06-03,2026-06-25,G3,XLU,ED,0.07035176925286901,,,,0.2755,1.0,1.0396888264711932,0.028206555616835428,0.012520779049346698,1.494163775561404,1.4489644502812031
3 weeks,2026-06-25,2026-07-17,G2,XLK,ORCL,-0.16797996661437165,0.5326,0.05132104283333087,2.2731206799499355,,,,,,,
3 weeks,2026-06-25,2026-07-17,G1,XLK,AMAT,-0.20709586299821425,,,,0.7908,1.0,1.1270204723423853,0.07883807904186538,0.03378428103245619,-1.0,-1.0
3 weeks,2026-06-25,2026-07-17,G2,XLY,TSLA,0.015248457280759409,0.42310000000000003,0.04055952608838824,-1.0,,,,,,,
3 weeks,2026-06-25,2026-07-17,G4,XLY,HLT,-0.05646749023494946,0.22190000000000001,0.02077329234610206,1.7182735068736075,,,,,,,
3 weeks,2026-06-25,2026-07-17,G1,XLY,RCL,-0.11061518786763902,,,,0.4598,1.0,1.0682637826033148,0.04634561749415582,0.02043268514161394,-1.0,-1.0
3 weeks,2026-06-25,2026-07-17,G2,XLV,BSX,-0.003846198658555511,0.3668,0.03502395920493713,-0.8901837843046211,,,,,,,
3 weeks,2026-06-25,2026-07-17,G4,XLV,VRTX,0.011391564213706129,0.2488,0.023418887476636962,-1.0,,,,,,,
3 weeks,2026-06-25,2026-07-17,G1,XLV,CVS,0.026848832416932478,,,,0.2773,1.0,1.0399881239379982,0.028400429241408055,0.012599797193778982,-0.054632865274206965,-1.0
3 weeks,2026-06-25,2026-07-17,G3,XLV,PFE,0.05830157293893068,,,,0.2077,1.0,1.0299225917856456,0.02155530560300175,0.009518671888191334,1.704743510145906,1.9814013432369033
3 weeks,2026-06-25,2026-07-17,G2,XLI,NOC,0.04453974860461418,0.26839999999999997,0.02534660984075807,-1.0,,,,,,,
3 weeks,2026-06-25,2026-07-17,G1,XLI,GE,-0.0594979715431857,,,,0.3897,1.0,1.0570733929648326,0.03945418390801289,0.017465341378012776,-1.0,-1.0
3 weeks,2026-06-25,2026-07-17,G2,XLC,FOX,0.16309983112258353,0.3635,0.03469945424401103,-1.0,,,,,,,
3 weeks,2026-06-25,2026-07-17,G4,XLC,WBD,-0.004077046140446794,0.5191,0.0499946883488686,-0.918450413932043,,,,,,,
3 weeks,2026-06-25,2026-07-17,G1,XLC,TTWO,-0.008545612158554872,,,,0.519,1.0,1.0780437282502666,0.052163334146719156,0.022899494458728627,-1.0,-1.0
3 weeks,2026-06-25,2026-07-17,G3,XLC,T,-0.014182326836491232,,,,0.2852,1.0,1.0411551557233865,0.02917742174531824,0.012946184281259565,-1.0,-1.0
3 weeks,2026-06-25,2026-07-17,G2,XLB,LYB,0.059634591554132976,0.4073,0.03900616953583273,-1.0,,,,,,,
3 weeks,2026-06-25,2026-07-17,G1,XLB,IP,-0.037416727928544335,,,,0.4039,1.0,1.0593065081172615,0.040850358650304355,0.01807053813629249,-1.0,-1.0
3 weeks,2026-06-25,2026-07-17,G3,XLB,DD,-0.01821493300638044,,,,0.2869,1.0,1.0414069492416504,0.02934462215142018,0.013020635049725067,-1.0,-1.0
3 weeks,2026-06-25,2026-07-17,G2,XLE,SLB,-0.009067818490962165,0.3346,0.03185742376183736,-0.7153624675129989,,,,,,,
3 weeks,2026-06-25,2026-07-17,G1,XLE,WMB,-0.05352774660168469,,,,0.25670000000000004,1.0,1.0369686403395861,0.02637434493131146,0.011693375757319623,-1.0,-1.0
3 weeks,2026-06-25,2026-07-17,G3,XLE,HAL,0.015863953395699015,,,,0.31920000000000004,1.0,1.0462356649435927,0.03252136019142992,0.014429289640945807,-0.5121989577828474,-1.0
3 weeks,2026-06-25,2026-07-17,G2,XLP,KR,0.018175558867718822,0.25420000000000004,0.02394999129680799,-1.0,,,,,,,
3 weeks,2026-06-25,2026-07-17,G4,XLP,KO,0.014175506774247948,0.18539999999999998,0.017184052519213937,-1.0,,,,,,,
3 weeks,2026-06-25,2026-07-17,G1,XLP,TGT,0.00021493440479591897,,,,0.2917,1.0,1.0421191597322192,0.02981671606998251,0.013230680581070551,-0.9927914796421117,-1.0
3 weeks,2026-06-25,2026-07-17,G3,XLP,PEP,-0.017201956551919917,,,,0.314,1.0,1.0454525390413025,0.03200994666589963,0.01420326534678522,-1.0,-1.0
3 weeks,2026-06-25,2026-07-17,G2,XLU,CEG,-0.06066469721030332,0.455,0.04369534668494896,0.388356010714513,,,,,,,
3 weeks,2026-06-25,2026-07-17,G1,XLU,DTE,-0.030233649950013985,,,,0.17920000000000003,1.0,1.0259116061692288,0.018752945495986016,0.008241583251809065,-1.0,-1.0
3 weeks,2026-07-17,2026-08-07,G2,XLK,ORCL,0.16304089876811934,0.6323,0.06110381157133499,-1.0,,,,,,,
3 weeks,2026-07-17,2026-08-07,G1,XLK,ADBE,0.11785033279274226,,,,0.4987,1.0,1.0746723673699528,0.05017637252361377,0.02205760273637737,1.348721656538248,0.9575094328623761
3 weeks,2026-07-17,2026-08-07,G2,XLY,TJX,0.044671748232953945,0.2396,0.02250612372122653,-1.0,,,,,,,
3 weeks,2026-07-17,2026-08-07,G1,XLY,DASH,0.1744324710744687,,,,0.7117,1.0,1.1120714986069768,0.07108968734954006,0.03068928380706356,1.4536958534759572,1.0320113320187243
3 weeks,2026-07-17,2026-08-07,G2,XLV,ELV,0.0565249482772856,0.33549999999999996,0.03193786244295895,-1.0,,,,,,,
3 weeks,2026-07-17,2026-08-07,G1,XLV,ABBV,-0.03320370947635609,,,,0.36229999999999996,1.0,1.0528285971039382,0.03676778472636563,0.016291605600502718,-1.0,-1.0
3 weeks,2026-07-17,2026-08-07,G2,XLI,CAT,-0.041495499868642316,0.5578,0.053788251127853993,-0.2285397089783049,,,,,,,
3 weeks,2026-07-17,2026-08-07,G1,XLI,CTAS,-0.006847589429576417,,,,0.28300000000000003,1.0,1.0408458211565232,0.02896901079162621,0.01284978987351772,-1.0,-1.0
3 weeks,2026-07-17,2026-08-07,G2,XLC,TKO,0.007724193659578438,0.4443,0.042635384747449684,-1.0,,,,,,,
3 weeks,2026-07-17,2026-08-07,G4,XLC,WBD,-0.0033494659388503267,0.5381,0.05185308381936269,-0.9354046916376546,,,,,,,
3 weeks,2026-07-17,2026-08-07,G1,XLC,META,-0.08345081762447804,,,,0.6139,1.0,1.09438582340898,0.06149187265139668,0.026780885679576056,-1.0,-1.0
3 weeks,2026-07-17,2026-08-07,G2,XLB,FCX,0.19253171416273962,0.5804,0.056007934749630596,-1.0,,,,,,,
3 weeks,2026-07-17,2026-08-07,G1,XLB,AMCR,0.08921254931771117,,,,0.30079999999999996,1.0,1.0434907360463477,0.030719661438577146,0.013628210316228634,1.9040863453553478,2.35493892524665
3 weeks,2026-07-17,2026-08-07,G3,XLB,LYB,0.00709822386123804,,,,0.5071,1.0,1.0760699552490642,0.05100178082674373,0.022406474319352596,-0.8608239997471612,-1.0
3 weeks,2026-07-17,2026-08-07,G2,XLE,SLB,0.07533512825672584,0.3725,0.035576342196349836,-1.0,,,,,,,
3 weeks,2026-07-17,2026-08-07,G1,XLE,VLO,-0.03289887587980056,,,,0.4465,1.0,1.0661249663602297,0.04504607601510018,0.01987358642923409,-1.0,-1.0
3 weeks,2026-07-17,2026-08-07,G3,XLE,EXE,0.053443848091529356,,,,0.3678,1.0,1.0536789196662737,0.037308619983864866,0.016527841938566518,0.43247989645938767,-1.0
3 weeks,2026-07-17,2026-08-07,G2,XLP,KR,-0.03553217222617855,0.3079,0.029223506337965496,0.21587641863554374,,,,,,,
3 weeks,2026-07-17,2026-08-07,G1,XLP,GIS,-0.028443555341942317,,,,0.3073,1.0,1.0444629959162532,0.0313589342687923,0.013911614941188675,-1.0,-1.0
3 weeks,2026-07-17,2026-08-07,G2,XLU,CEG,0.06933721774484325,0.5341,0.051460122353847434,-1.0,,,,,,,
3 weeks,2026-07-17,2026-08-07,G1,XLU,PCG,0.008083105780323674,,,,0.3091,1.0,1.0447328462469696,0.03153596247013222,0.013990016046559013,-0.7436860920931404,-1.0
3 weeks,2026-08-07,2026-08-28,G2,XLK,IBM,0.0,0.3837,0.03667672151156856,-1.0,,,,,,,
3 weeks,2026-08-07,2026-08-28,G1,XLK,MSFT,0.029014142884984162,,,,0.27,1.0,1.0389321386741681,0.027691320256428984,0.012279117045115657,0.047770298285003676,-1.0
3 weeks,2026-08-07,2026-08-28,G2,XLY,TSLA,0.06138539853917213,0.4089,0.03915441306369345,-1.0,,,,,,,
3 weeks,2026-08-07,2026-08-28,G1,XLY,ROST,-0.10453313120672714,,,,0.4104,1.0,1.0603526880184764,0.04149809719313201,0.01834686470568435,-1.0,-1.0
3 weeks,2026-08-07,2026-08-28,G3,XLY,HLT,0.013842984601313946,,,,0.2396,1.0,1.0345058763079873,0.024701454067328214,0.010937444196588122,-0.43958827024585867,-1.0
3 weeks,2026-08-07,2026-08-28,G2,XLV,ISRG,-0.016393420171328943,0.3704,0.0353689449052821,-0.5365024256383537,,,,,,,
3 weeks,2026-08-07,2026-08-28,G1,XLV,ABT,0.04322422565288253,,,,0.2386,1.0,1.0343615306997451,0.02460310558863285,0.010893138604474778,0.7568605514928541,-0.18639656806564664
3 weeks,2026-08-07,2026-08-28,G2,XLI,CAT,-0.04979874175640564,0.3937,0.03765996536626704,0.322325744914562,,,,,,,
3 weeks,2026-08-07,2026-08-28,G1,XLI,MMM,-0.042628761325558484,,,,0.2141,1.0,1.0308498744082266,0.022193664652269574,0.009804216269389699,-1.0,-1.0
3 weeks,2026-08-07,2026-08-28,G2,XLC,MTCH,0.11594212839845675,0.2325,0.02180697387643879,-1.0,,,,,,,
3 weeks,2026-08-07,2026-08-28,G1,XLC,CHTR,0.006882006571170107,,,,0.5473,1.0,1.082846341810463,0.05495214134232498,0.024066280326431565,-0.874763632443391,-1.0
3 weeks,2026-08-07,2026-08-28,G2,XLB,LIN,-0.0009591973086985339,0.2082,0.019417258233330403,-0.9506007852822358,,,,,,,
3 weeks,2026-08-07,2026-08-28,G1,XLB,NUE,-0.08117230123780717,,,,0.3447,1.0,1.050126267810608,0.03503791932199652,0.015533504259828714,-1.0,-1.0
3 weeks,2026-08-07,2026-08-28,G3,XLB,LYB,0.07949779158608239,,,,0.4299,1.0,1.0634578741548109,0.04341514390002933,0.01917321764285427,0.8311074073401528,-0.16342067721484244
3 weeks,2026-08-07,2026-08-28,G2,XLE,WMB,0.047301134828587,0.2908,0.02754082623054987,-1.0,,,,,,,
3 weeks,2026-08-07,2026-08-28,G1,XLE,XOM,0.030611120566328198,,,,0.26,1.0,1.03746795664599,0.02670780142634804,0.011838889672382493,0.14614902506087524,-1.0
3 weeks,2026-08-07,2026-08-28,G2,XLP,MO,0.0043892347621405925,0.2299,0.021551273315213594,-1.0,,,,,,,
3 weeks,2026-08-07,2026-08-28,G1,XLP,TGT,0.09841341576272011,,,,0.4573,1.0,1.0678759063878374,0.046108509333570004,0.020327729509085728,1.1343872787288016,0.5022587427303995
3 weeks,2026-08-07,2026-08-28,G2,XLU,NRG,-0.05934135841718291,0.479,0.04604506573609497,0.2887669388354226,,,,,,,
3 weeks,2026-08-07,2026-08-28,G3,XLU,SRE,0.0051264149417036275,,,,0.2894,1.0,1.041795640631635,0.029599345926866315,0.013130064785716678,-0.8268064789549756,-1.0
3 weeks,2026-08-28,2026-09-21,G2,XLK,AVGO,-0.014831280228900456,0.5306000000000001,0.05110921748387357,-0.7098120268896679,,,,,,,
3 weeks,2026-08-28,2026-09-21,G1,XLK,PLTR,-0.0171775031594269,,,,0.4288,1.0,1.063294084036571,0.04331277673132795,0.019126707445881328,-1.0,-1.0
3 weeks,2026-08-28,2026-09-21,G2,XLY,RCL,-0.09904048960069856,0.33130000000000004,0.03151794979484966,2.142351905671313,,,,,,,
3 weeks,2026-08-28,2026-09-21,G1,XLY,ABNB,-0.11925247960366292,,,,0.2814,1.0,1.040623104177849,0.028818436872611847,0.012779651982270619,-1.0,-1.0
3 weeks,2026-08-28,2026-09-21,G3,XLY,TJX,-0.03078736348171429,,,,0.20329999999999998,1.0,1.0293288003371206,0.021137633119458498,0.009322096913796925,-1.0,-1.0
3 weeks,2026-08-28,2026-09-21,G2,XLV,CVS,-0.058671816330479354,0.2409,0.022627221097233224,1.5929748986124297,,,,,,,
3 weeks,2026-08-28,2026-09-21,G1,XLV,MRK,0.013700472643440653,,,,0.243,1.0,1.0350091570980444,0.02504178964318094,0.011088001206464634,-0.45289562612505085,-1.0
3 weeks,2026-08-28,2026-09-21,G2,XLI,BA,-0.04132119495324027,0.2661,0.025105630278433103,0.645893550369739,,,,,,,
3 weeks,2026-08-28,2026-09-21,G1,XLI,UBER,-0.10124338223586171,,,,0.32380000000000003,1.0,1.0469603944057047,0.03298840879646032,0.014628993324188964,-1.0,-1.0
3 weeks,2026-08-28,2026-09-21,G2,XLC,TTWO,-0.10820341257804178,0.4096,0.03921719146165869,1.7590811209371924,,,,,,,
3 weeks,2026-08-28,2026-09-21,G4,XLC,NWSA,-0.037780604381901006,0.4102,0.039276179984361434,-0.038078438459542174,,,,,,,
3 weeks,2026-08-28,2026-09-21,G1,XLC,FOX,-0.05111130185683044,,,,0.33130000000000004,1.0,1.0480966716128663,0.03372598792274603,0.014954113137377425,-1.0,-1.0
3 weeks,2026-08-28,2026-09-21,G2,XLB,STLD,-0.01994286748326457,0.3936,0.03764410403513931,-0.4702260023336271,,,,,,,
3 weeks,2026-08-28,2026-09-21,G1,XLB,NEM,-0.036520143552937756,,,,0.3975,1.0,1.058328375136607,0.04023559268032161,0.017798033512871715,-1.0,-1.0
3 weeks,2026-08-28,2026-09-21,G3,XLB,CTVA,-0.05508198758997884,,,,0.22149999999999997,1.0,1.0319173971248004,0.02292736880499873,0.010133812436629077,-1.0,-1.0
3 weeks,2026-08-28,2026-09-21,G1,XLE,MPC,0.09096336938963434,,,,0.4199,1.0,1.0618736535560516,0.042437842277133826,0.018749938257886782,1.1434494429667748,0.5514566199356301
3 weeks,2026-08-28,2026-09-21,G2,XLP,WMT,0.04219620000041435,0.2011,0.01871326619865519,-1.0,,,,,,,
3 weeks,2026-08-28,2026-09-21,G4,XLP,KVUE,-0.06724906824775001,0.1866,0.0172875539714447,2.8900279564610996,,,,,,,
3 weeks,2026-08-28,2026-09-21,G1,XLP,TGT,-0.033521180337238166,,,,0.2718,1.0,1.0392085037054413,0.027874268410088516,0.012358242557129667,-1.0,-1.0
3 weeks,2026-08-28,2026-09-21,G3,XLP,ADM,0.02256556680440558,,,,0.2958,1.0,1.0427589831682693,0.030234680517779472,0.013409897741793646,-0.2536528774915968,-1.0
3 weeks,2026-08-28,2026-09-21,G2,XLU,NRG,-0.07055438961034688,0.3608,0.03441894394335507,1.0498708422449488,,,,,,,
3 weeks,2026-08-28,2026-09-21,G1,XLU,CEG,-0.05289978192750677,,,,0.3849,1.0,1.0563527613272026,0.038996729325576164,0.01726029197670741,-1.0,-1.0
3 weeks,2026-08-28,2026-09-21,G3,XLU,CNP,-0.03185524838256937,,,,0.21850000000000003,1.0,1.03148890460375,0.022632346103077586,0.01000026525340938,-1.0,-1.0
1 month,2018-06-04,2018-07-03,G4,XLK,MSFT,-0.025769692708790926,0.1655,0.018701204587306904,0.37796966973355306,,,,,,,
1 month,2018-06-04,2018-07-03,G1,XLK,AMD,0.010100984153336823,,,,0.4133,1.0,1.0732470348501755,0.04941571266252914,0.021861590260400302,-0.7955916527538782,-1.0
1 month,2018-06-04,2018-07-03,G3,XLK,IBM,-0.024259161130067652,,,,0.1353,1.0,1.0228842294897922,0.016726988079675924,0.007453561640248537,-1.0,-1.0
1 month,2018-06-04,2018-07-03,G4,XLY,HD,0.011810291776773063,0.1532,0.017254514382306237,-1.0,,,,,,,
1 month,2018-06-04,2018-07-03,G1,XLY,GM,-0.10210034619614528,,,,0.22399999999999998,1.0,1.0379745621980343,0.02715977855446521,0.01217933398708661,-1.0,-1.0
1 month,2018-06-04,2018-07-03,G3,XLY,RCL,-0.02882337492985243,,,,0.2296,1.0,1.0389572618786238,0.027818446340480175,0.012473548453319175,-1.0,-1.0
1 month,2018-06-04,2018-07-03,G4,XLV,PFE,-0.0027434424514160005,0.1252,0.013961631700905511,-0.8035013019833426,,,,,,,
1 month,2018-06-04,2018-07-03,G1,XLV,MRK,-0.01355695434659443,,,,0.1716,1.0,1.028952729069073,0.020996343578799384,0.009402594825127262,-1.0,-1.0
1 month,2018-06-04,2018-07-03,G4,XLI,TDG,0.01926445749903305,0.21760000000000002,0.02482935260547777,-1.0,,,,,,,
1 month,2018-06-04,2018-07-03,G1,XLI,DE,-0.06996328880496028,,,,0.2477,1.0,1.042158227264361,0.029947290155677344,0.013421174781380019,-1.0,-1.0
1 month,2018-06-04,2018-07-03,G3,XLI,MMM,-0.026011931754391537,,,,0.17190000000000003,1.0,1.0290034959863223,0.021031630016178304,0.009418615153594226,-1.0,-1.0
1 month,2018-06-04,2018-07-03,G2,XLC,CHTR,0.11765802480284804,0.2668,0.030615961885993637,-1.0,,,,,,,
1 month,2018-06-04,2018-07-03,G1,XLC,MTCH,-0.08856869922502641,,,,0.38170000000000004,1.0,1.0670581615213317,0.045702319147721646,0.020282316839126107,-1.0,-1.0
1 month,2018-06-04,2018-07-03,G3,XLC,TMUS,0.03536419327141793,,,,0.2379,1.0,1.0404204076765553,0.028794669812785556,0.012908723136105396,0.22815067862717142,-1.0
1 month,2018-06-04,2018-07-03,G2,XLB,NEM,-0.012361260707761446,0.2112,0.02407657203301878,-0.48658552011436174,,,,,,,
1 month,2018-06-04,2018-07-03,G4,XLB,IP,-0.09883011163783861,0.2191,0.02500578443813675,2.9522899944346923,,,,,,,
1 month,2018-06-04,2018-07-03,G1,XLB,FCX,-0.008134831193187364,,,,0.335,1.0,1.0581362255187612,0.04021294071765426,0.01792163245237741,-1.0,-1.0
1 month,2018-06-04,2018-07-03,G3,XLB,PPG,-0.004197892389514957,,,,0.1902,1.0,1.0321194565295762,0.023184131521812874,0.010393165558560484,-1.0,-1.0
1 month,2018-06-04,2018-07-03,G2,XLE,HAL,-0.06782508282506117,0.252,0.028875367047245616,1.3488907591749864,,,,,,,
1 month,2018-06-04,2018-07-03,G4,XLE,XOM,0.015684908698396782,0.1648,0.018618870938658806,-1.0,,,,,,,
1 month,2018-06-04,2018-07-03,G1,XLE,DVN,0.09959619373057649,,,,0.3568,1.0,1.0622680504417388,0.04277564887351652,0.0190276231395925,1.3283385840638644,0.9617869775424404
1 month,2018-06-04,2018-07-03,G2,XLP,MNST,0.11372850522353484,0.2359,0.02698178362841606,-1.0,,,,,,,
1 month,2018-06-04,2018-07-03,G1,XLP,KO,0.020505473774760752,,,,0.1323,1.0,1.0223892583400578,0.01637419245149162,0.007291541369618609,0.25230443183736195,-1.0
1 month,2018-06-04,2018-07-03,G3,XLP,GIS,0.005776387236603009,,,,0.2391,1.0,1.040632604777715,0.028935808778663363,0.012971551871811074,-0.8003723593562576,-1.0
1 month,2018-06-04,2018-07-03,G2,XLU,DUK,0.05890955603664505,0.149,0.016760540389530128,-1.0,,,,,,,
1 month,2018-06-04,2018-07-03,G1,XLU,NRG,-0.09660261100479872,,,,0.2787,1.0,1.0477290057361617,0.033593074211685454,0.015032494883442918,-1.0,-1.0
1 month,2018-06-04,2018-07-03,G3,XLU,PCG,0.04690466819581873,,,,0.4485,1.0,1.0802876254769074,0.05355103028709314,0.02360382180951373,-0.12411268383899243,-1.0
1 month,2018-07-03,2018-08-02,G2,XLK,LRCX,0.11868427859074426,0.40659999999999996,0.047021034246533006,-1.0,,,,,,,
1 month,2018-07-03,2018-08-02,G1,XLK,AMD,0.25266672770182286,,,,0.6382,1.0,1.121060025553319,0.07583881800361661,0.03269516031941858,2.331627975659823,3.0252655396933177
1 month,2018-07-03,2018-08-02,G3,XLK,KLAC,0.16604304726194186,,,,0.3356,1.0,1.0583083245163136,0.04031148636452294,0.017952166873262766,3.119000866414888,5.001209965694122
1 month,2018-07-03,2018-08-02,G2,XLY,SBUX,0.05966754538246377,0.2639,0.030245773987033275,-1.0,,,,,,,
1 month,2018-07-03,2018-08-02,G4,XLY,TJX,0.024277707337398535,0.2133,0.024294724457695517,-1.0,,,,,,,
1 month,2018-07-03,2018-08-02,G1,XLY,AMZN,0.08286501975942784,,,,0.3604,1.0,1.063015325670804,0.043226713835450715,0.019209587987937402,0.9169863356920125,0.033322219148507415
1 month,2018-07-03,2018-08-02,G3,XLY,RCL,0.10547164850947666,,,,0.3148,1.0,1.05441769092057,0.03786611586433608,0.01689050825706164,1.7853833460857884,2.0226418774320623
1 month,2018-07-03,2018-08-02,G2,XLV,ABBV,0.02650805830567826,0.3007,0.03457314549643976,-1.0,,,,,,,
1 month,2018-07-03,2018-08-02,G4,XLV,ISRG,0.07479710175394993,0.3057,0.035161045890622106,-1.0,,,,,,,
1 month,2018-07-03,2018-08-02,G1,XLV,VRTX,0.060573564185939066,,,,0.33770000000000006,1.0,1.0587040181640561,0.040558358034404336,0.018058995204169172,0.4934915297743683,-0.8964756344001119
1 month,2018-07-03,2018-08-02,G3,XLV,MCK,-0.0786208236833511,,,,0.3103,1.0,1.0535827805091387,0.037337031593263396,0.016659971124247292,-1.0,-1.0
1 month,2018-07-03,2018-08-02,G2,XLI,GD,0.0327400838361076,0.23370000000000002,0.026694053643219574,-1.0,,,,,,,
1 month,2018-07-03,2018-08-02,G4,XLI,UNP,0.061672565288043435,0.2335,0.02667053128856322,-1.0,,,,,,,
1 month,2018-07-03,2018-08-02,G1,XLI,ADP,-0.003815790013581788,,,,0.2518,1.0,1.0429468667461006,0.030457905197308392,0.01363512921293023,-1.0,-1.0
1 month,2018-07-03,2018-08-02,G3,XLI,LMT,0.07533588965135518,,,,0.2583,1.0,1.0441088096124287,0.031222334006130316,0.01397379639294803,1.4128846240823463,1.2346883524569927
1 month,2018-07-03,2018-08-02,G2,XLC,MTCH,-0.013993310072989429,0.46880000000000005,0.054327639295333394,-0.7424274226803838,,,,,,,
1 month,2018-07-03,2018-08-02,G4,XLC,VZ,0.037132734127526046,0.1932,0.021930622266085262,-1.0,,,,,,,
1 month,2018-07-03,2018-08-02,G1,XLC,NFLX,-0.11784281457700474,,,,0.5710000000000001,1.0,1.106091242274637,0.06795866270398561,0.029530955146369293,-1.0,-1.0
1 month,2018-07-03,2018-08-02,G2,XLB,STLD,-0.01326831161253561,0.3422,0.03945222715033396,-0.6636866263094271,,,,,,,
1 month,2018-07-03,2018-08-02,G4,XLB,SHW,0.07726151100673717,0.25730000000000003,0.029469599835044977,-1.0,,,,,,,
1 month,2018-07-03,2018-08-02,G3,XLB,LYB,0.016017043424929822,,,,0.2912,1.0,1.0500658529559734,0.03509122509506708,0.01567807899238739,-0.5435598677009023,-1.0
1 month,2018-07-03,2018-08-02,G2,XLE,MPC,0.12581199330031412,0.3267,0.03763005522885462,-1.0,,,,,,,
1 month,2018-07-03,2018-08-02,G4,XLE,OKE,-0.011971568698601942,0.20600000000000002,0.023436123352837825,-0.4891830650331386,,,,,,,
1 month,2018-07-03,2018-08-02,G1,XLE,FANG,0.03414090608196174,,,,0.3649,1.0,1.0638774245031055,0.04375563564544236,0.019436775683341033,-0.21973694180539638,-1.0
1 month,2018-07-03,2018-08-02,G3,XLE,SLB,0.0015188979623674825,,,,0.2625,1.0,1.0448622215433225,0.031716263390687845,0.014192283196791347,-0.9521098073988962,-1.0
1 month,2018-07-03,2018-08-02,G4,XLP,KO,0.04978423266386378,0.1521,0.017096721368319273,-1.0,,,,,,,
1 month,2018-07-03,2018-08-02,G1,XLP,MNST,0.02895281137499328,,,,0.23550000000000001,1.0,1.040054639965514,0.028540885167477853,0.01278299895575862,0.014432846251905218,-1.0
1 month,2018-07-03,2018-08-02,G3,XLP,MO,0.04197651077681819,,,,0.2404,1.0,1.0409208486617492,0.02911717655811364,0.013039591258315024,0.4416408367425053,-0.9190417786757018
1 month,2018-07-03,2018-08-02,G4,XLU,SO,0.031276673219867934,0.1565,0.017614188499112237,-1.0,,,,,,,
1 month,2018-07-03,2018-08-02,G1,XLU,D,0.02640280278375018,,,,0.1747,1.0,1.0295353480873692,0.021389850126888238,0.009568069493160771,0.23436128009893675,-1.0
1 month,2018-08-02,2018-08-31,G4,XLK,APH,0.007886094927856302,0.1457,0.016330730134807434,-1.0,,,,,,,
1 month,2018-08-02,2018-08-31,G1,XLK,AMD,0.33954224853147363,,,,0.44380000000000003,1.0,1.0794272393499815,0.05303947869730764,0.023372220053274016,5.40168902242075,10.129238411609718
1 month,2018-08-02,2018-08-31,G3,XLK,CSCO,0.12320710461440831,,,,0.2529,1.0,1.0431705941630307,0.030600642035418332,0.01369248768460631,3.026291489956442,4.845286283613609
1 month,2018-08-02,2018-08-31,G2,XLY,F,-0.04435488714753011,0.21059999999999998,0.023963597384026713,0.8509277399684347,,,,,,,
1 month,2018-08-02,2018-08-31,G1,XLY,ORLY,0.08595851586206438,,,,0.2382,1.0,1.0405589632499925,0.02887184263375581,0.012924432403958864,1.9772438480100707,2.5126921781234777
1 month,2018-08-02,2018-08-31,G3,XLY,TSLA,-0.13698008292988262,,,,0.4561,1.0,1.0819171877517908,0.05448418127561922,0.023977661507723416,-1.0,-1.0
1 month,2018-08-02,2018-08-31,G2,XLV,SYK,0.017903334895373213,0.1603,0.01804770541416184,-1.0,,,,,,,
1 month,2018-08-02,2018-08-31,G4,XLV,UNH,0.04834411189982668,0.146,0.016366008882023896,-1.0,,,,,,,
1 month,2018-08-02,2018-08-31,G1,XLV,LLY,0.06799924012099501,,,,0.17149999999999999,1.0,1.0290203825735529,0.021027094138509575,0.009397254398796339,2.233886702226698,3.1478985130417305
1 month,2018-08-02,2018-08-31,G3,XLV,MCK,0.041515037877320804,,,,0.2484,1.0,1.0423684536954385,0.03007142567532,0.013457721878780159,0.38054771082545424,-1.0
1 month,2018-08-02,2018-08-31,G2,XLI,GE,-0.01746388929065834,0.233,0.026598100176211614,-0.343415914108129,,,,,,,
1 month,2018-08-02,2018-08-31,G4,XLI,LMT,0.0012219838567326669,0.1666,0.01878863009359082,-1.0,,,,,,,
1 month,2018-08-02,2018-08-31,G3,XLI,CAT,0.00608674433939238,,,,0.242,1.0,1.041231679053924,0.02931875008694599,0.013123296258171095,-0.7923941395406713,-1.0
1 month,2018-08-02,2018-08-31,G2,XLC,NFLX,0.06728594316754499,0.3039,0.03493560830562593,-1.0,,,,,,,
1 month,2018-08-02,2018-08-31,G4,XLC,VZ,0.04597945588313679,0.1503,0.016871678948982238,-1.0,,,,,,,
1 month,2018-08-02,2018-08-31,G1,XLC,GOOGL,-0.0075173137069948215,,,,0.2069,1.0,1.0350811493611332,0.025190604375225585,0.011277911834850982,-1.0,-1.0
1 month,2018-08-02,2018-08-31,G3,XLC,OMC,0.02940279179104066,,,,0.2126,1.0,1.0360703414674766,0.025861002281601545,0.011578892090350772,0.13695484308273786,-1.0
1 month,2018-08-02,2018-08-31,G2,XLB,FCX,-0.08943606708619423,0.349,0.04023768594522068,1.2226940984616235,,,,,,,
1 month,2018-08-02,2018-08-31,G4,XLB,PPG,0.015622234989050243,0.1744,0.019705987272887564,-1.0,,,,,,,
1 month,2018-08-02,2018-08-31,G1,XLB,IFF,-0.014224098441077304,,,,0.2767,1.0,1.047452295747389,0.03339946982862066,0.014928981358382422,-1.0,-1.0
1 month,2018-08-02,2018-08-31,G3,XLB,VMC,-0.03128370819629611,,,,0.2514,1.0,1.0429029525787272,0.030424237414503626,0.013614266980313256,-1.0,-1.0
1 month,2018-08-02,2018-08-31,G2,XLE,HAL,-0.048198467578564275,0.23559999999999998,0.026903883389976957,0.791505965139615,,,,,,,
1 month,2018-08-02,2018-08-31,G4,XLE,WMB,-0.04486753343203853,0.2183,0.024869218174977375,0.8041392823994313,,,,,,,
1 month,2018-08-02,2018-08-31,G1,XLE,MPC,0.03806901020573461,,,,0.2627,1.0,1.0449256323171663,0.031753130389951006,0.014202680597872998,0.19890573742557138,-1.0
1 month,2018-08-02,2018-08-31,G2,XLP,SYY,0.09964721383941844,0.2029,0.023057970141369847,-1.0,,,,,,,
1 month,2018-08-02,2018-08-31,G4,XLP,MO,-0.005269550079624374,0.17129999999999998,0.01934139414223786,-0.7275506594368656,,,,,,,
1 month,2018-08-02,2018-08-31,G1,XLP,WMT,0.08626383980279173,,,,0.2298,1.0,1.0390778251952522,0.027883927079584803,0.012484047122779474,2.093676136671212,2.77970494211287
1 month,2018-08-02,2018-08-31,G2,XLU,VST,0.0434400786500202,0.2975,0.03418310040638945,-1.0,,,,,,,
1 month,2018-08-02,2018-08-31,G4,XLU,D,-0.005200895925479565,0.1748,0.01975303175463337,-0.7367039151213024,,,,,,,
1 month,2018-08-02,2018-08-31,G1,XLU,DTE,0.022446874641715464,,,,0.16219999999999998,1.0,1.0274515947237435,0.019933334883349148,0.008899901418599374,0.1260973024873,-1.0
1 month,2018-08-31,2018-10-02,G2,XLK,AMAT,-0.09576909738095152,0.254,0.029029377493378805,2.299040683969029,,,,,,,
1 month,2018-08-31,2018-10-02,G4,XLK,INTU,0.03713504704730264,0.1884,0.021314640397992607,-1.0,,,,,,,
1 month,2018-08-31,2018-10-02,G1,XLK,AMD,0.1529598875566076,,,,0.4971,1.0,1.0904371486982747,0.05933489269640767,0.02598034309770982,1.5779078819479908,1.4065401531916013
1 month,2018-08-31,2018-10-02,G2,XLY,BKNG,0.012830795108887738,0.18359999999999999,0.020750140742596353,-1.0,,,,,,,
1 month,2018-08-31,2018-10-02,G4,XLY,RCL,0.05309583731047551,0.2212,0.02517208904125697,-1.0,,,,,,,
1 month,2018-08-31,2018-10-02,G1,XLY,LOW,0.035310350131507295,,,,0.16870000000000002,1.0,1.0286231253390223,0.02073612246232944,0.009247658115878679,0.702842476728923,-0.27687370048826876
1 month,2018-08-31,2018-10-02,G3,XLY,TSLA,-0.0021215349598021627,,,,0.48009999999999997,1.0,1.0869114826280595,0.057338956051381416,0.025152835429071072,-1.0,-1.0
1 month,2018-08-31,2018-10-02,G4,XLV,MDT,0.027071970599579,0.1257,0.013941839959990668,-1.0,,,,,,,
1 month,2018-08-31,2018-10-02,G1,XLV,BSX,0.09786275050175175,,,,0.2071,1.0,1.035192368140269,0.025252103671101457,0.011288481133512628,2.8754296187111734,4.551710776698757
1 month,2018-08-31,2018-10-02,G3,XLV,MCK,0.02935922343757902,,,,0.2086,1.0,1.0354523756594125,0.025428511861174084,0.011367730954749215,0.1545789072464958,-1.0
1 month,2018-08-31,2018-10-02,G2,XLI,GE,-0.03883872537471378,0.23440000000000003,0.02672444628656838,0.4533032773904073,,,,,,,
1 month,2018-08-31,2018-10-02,G4,XLI,CTAS,-0.08211085637083237,0.1959,0.022196677795597145,2.6992408110334263,,,,,,,
1 month,2018-08-31,2018-10-02,G1,XLI,ADP,0.0390808240413667,,,,0.17120000000000002,1.0,1.0290457433767617,0.02103012080301926,0.009381232169191275,0.8583261792654968,0.06969750706745437
1 month,2018-08-31,2018-10-02,G2,XLC,NWSA,0.007987350716371244,0.24309999999999998,0.02774756807097477,-1.0,,,,,,,
1 month,2018-08-31,2018-10-02,G1,XLC,MTCH,0.12467550058504795,,,,0.39490000000000003,1.0,1.0697954095441837,0.04733117432822765,0.020943777087597593,1.634109598051809,1.620353091580732
1 month,2018-08-31,2018-10-02,G2,XLB,NEM,0.009280365571858296,0.235,0.026795007063498886,-1.0,,,,,,,
1 month,2018-08-31,2018-10-02,G4,XLB,PPG,-0.0029853920467702855,0.16579999999999998,0.018656843882953803,-0.8399840795420968,,,,,,,
1 month,2018-08-31,2018-10-02,G1,XLB,ECL,0.04752336125882528,,,,0.12119999999999999,1.0,1.0207258995768766,0.015151097567412484,0.00669080612049622,2.1366282902857243,3.0051170515700223
1 month,2018-08-31,2018-10-02,G3,XLB,VMC,0.014079248870581873,,,,0.23070000000000002,1.0,1.0393130072556411,0.028027563553948084,0.012531283469454623,-0.4976641889159613,-1.0
1 month,2018-08-31,2018-10-02,G2,XLE,FANG,0.13189649574908313,0.2889,0.03313319650186222,-1.0,,,,,,,
1 month,2018-08-31,2018-10-02,G1,XLE,TRGP,0.03758862710075617,,,,0.21530000000000002,1.0,1.0366168805985887,0.026216466536922323,0.011721284805208537,0.4337793023258021,-0.9170955643245107
1 month,2018-08-31,2018-10-02,G3,XLE,EOG,0.09955168963066052,,,,0.2336,1.0,1.039823771262222,0.02836860910042269,0.012683404188038587,2.509219971915269,3.709139398456334
1 month,2018-08-31,2018-10-02,G2,XLP,KO,0.05240346287663211,0.1152,0.012707602448186594,-1.0,,,,,,,
1 month,2018-08-31,2018-10-02,G4,XLP,PG,0.01699837852908881,0.1247,0.013824284195745717,-1.0,,,,,,,
1 month,2018-08-31,2018-10-02,G1,XLP,TGT,-0.010057080995749867,,,,0.18309999999999998,1.0,1.0310670477500161,0.02242958294590472,0.010015688720580318,-1.0,-1.0
1 month,2018-08-31,2018-10-02,G3,XLP,PM,0.08747245106963963,,,,0.23550000000000001,1.0,1.040158935688947,0.02859205163055275,0.012782998955758552,2.0593275431892657,2.701284459495211
1 month,2018-08-31,2018-10-02,G4,XLU,PCG,0.026851499947302848,0.36340000000000006,0.04189114734299075,-1.0,,,,,,,
1 month,2018-08-31,2018-10-02,G1,XLU,EXC,0.0068632768650729314,,,,0.14029999999999998,1.0,1.0238712765799287,0.017396573586209746,0.00772327413786689,-0.6054811120671855,-1.0
1 month,2018-08-31,2018-10-02,G3,XLU,SO,-0.007994371260768518,,,,0.14679999999999999,1.0,1.0249509108089476,0.018160849477245212,0.008073301112682873,-1.0,-1.0
1 month,2018-10-02,2018-10-31,G2,XLK,MU,-0.17569923934775245,0.3889,0.044835563443379606,2.918747214354371,,,,,,,
1 month,2018-10-02,2018-10-31,G4,XLK,APH,-0.04746675052126381,0.15839999999999999,0.017736561473461327,1.6762092862411277,,,,,,,
1 month,2018-10-02,2018-10-31,G1,XLK,AMD,-0.37250176439604554,,,,0.8123999999999999,1.0,1.1630521270595882,0.09632576335285256,0.04062261403480929,-1.0,-1.0
1 month,2018-10-02,2018-10-31,G2,XLY,CMG,0.05490757530425583,0.4102,0.047338140760241496,-1.0,,,,,,,
1 month,2018-10-02,2018-10-31,G4,XLY,HD,-0.1410013340993147,0.1485,0.016572584327387042,7.508107807078872,,,,,,,
1 month,2018-10-02,2018-10-31,G1,XLY,LOW,-0.15013037448512767,,,,0.195,1.0,1.033206247039583,0.023879910389075863,0.010647911836254308,-1.0,-1.0
1 month,2018-10-02,2018-10-31,G3,XLY,TSLA,0.12058999305416429,,,,0.6236999999999999,1.0,1.118000358326842,0.07423478850542144,0.0320175232431878,0.6244404474238843,-0.9191182057508732
1 month,2018-10-02,2018-10-31,G4,XLV,AMGN,-0.07165220486823043,0.2077,0.023533693285369882,2.0446646856222213,,,,,,,
1 month,2018-10-02,2018-10-31,G1,XLV,ABT,-0.06213956014800215,,,,0.18469999999999998,1.0,1.0314417640162614,0.02266871212725612,0.010100823240717836,-1.0,-1.0
1 month,2018-10-02,2018-10-31,G2,XLI,CTAS,-0.07138114699802034,0.1724,0.01938271378749181,2.682722026473122,,,,,,,
1 month,2018-10-02,2018-10-31,G4,XLI,ETN,-0.18417734876591207,0.18510000000000001,0.02087609200661166,7.822405491774099,,,,,,,
1 month,2018-10-02,2018-10-31,G1,XLI,BA,-0.08155408147682996,,,,0.2596,1.0,1.044549533191073,0.0314762950903636,0.01404145211470114,-1.0,-1.0
1 month,2018-10-02,2018-10-31,G2,XLC,META,-0.04732320318567784,0.37799999999999995,0.04355474886412992,0.08652223740983334,,,,,,,
1 month,2018-10-02,2018-10-31,G4,XLC,DIS,-0.02405237167598817,0.1543,0.01725449977231072,0.393976759302314,,,,,,,
1 month,2018-10-02,2018-10-31,G1,XLC,MTCH,-0.08118680258932665,,,,0.494,1.0,1.0898989432757094,0.05901929179494534,0.0258297465580431,-1.0,-1.0
1 month,2018-10-02,2018-10-31,G3,XLC,NWSA,0.00918121605129274,,,,0.2023,1.0,1.0344640923904542,0.024738342657086316,0.011034645352077785,-0.6288669706552534,-1.0
1 month,2018-10-02,2018-10-31,G2,XLB,MLM,-0.0739117416832139,0.2541,0.02898992258097651,1.5495667150113572,,,,,,,
1 month,2018-10-02,2018-10-31,G1,XLB,APD,-0.09323211528842035,,,,0.1593,1.0,1.0271416574356418,0.019682038171414187,0.008744531805828818,-1.0,-1.0
1 month,2018-10-02,2018-10-31,G3,XLB,VMC,-0.0998577696727393,,,,0.2673,1.0,1.045933805816013,0.03238167873052098,0.014441652095793605,-1.0,-1.0
1 month,2018-10-02,2018-10-31,G2,XLE,DVN,-0.18715509113025097,0.2943,0.033716539162100434,4.550839314511418,,,,,,,
1 month,2018-10-02,2018-10-31,G4,XLE,OKE,-0.033589256166473236,0.19399999999999998,0.021922660941534923,0.5321705816666944,,,,,,,
1 month,2018-10-02,2018-10-31,G1,XLE,FANG,-0.18015337239501505,,,,0.3248,1.0,1.0564918308495939,0.03914175501242909,0.01740172717863207,-1.0,-1.0
1 month,2018-10-02,2018-10-31,G3,XLE,WMB,-0.12007224188694454,,,,0.1973,1.0,1.0336019008783133,0.024150374726121287,0.010769849538397196,-1.0,-1.0
1 month,2018-10-02,2018-10-31,G2,XLP,KR,0.023383693222755353,0.2408,0.02742600567375466,-1.0,,,,,,,
1 month,2018-10-02,2018-10-31,G4,XLP,PG,0.06049772648160645,0.1568,0.017548438204407872,-1.0,,,,,,,
1 month,2018-10-02,2018-10-31,G1,XLP,HSY,0.04333038005849521,,,,0.2014,1.0,1.0343086880116164,0.024632508273207517,0.010987011009962546,0.7590729932130016,-0.1788765808372902
1 month,2018-10-02,2018-10-31,G3,XLP,GIS,0.02473104892924627,,,,0.2094,1.0,1.0356932967826435,0.025573259547934726,0.01140998315800096,-0.03293325268567038,-1.0
1 month,2018-10-02,2018-10-31,G2,XLU,ETR,0.02590760286599192,0.1673,0.01878303040928564,-1.0,,,,,,,
1 month,2018-10-02,2018-10-31,G1,XLU,VST,-0.11080569479449742,,,,0.34049999999999997,1.0,1.059443143701548,0.04098720710926203,0.018201331076889215,-1.0,-1.0
1 month,2018-10-02,2018-10-31,G3,XLU,SO,0.03684073508795849,,,,0.1885,1.0,1.0320913396334308,0.02311555930607532,0.010302856055267507,0.593763516605716,-0.5390214685082901
1 month,2018-10-31,2018-11-30,G2,XLK,AMD,0.16968700208352439,0.7041,0.08176821473458146,-1.0,,,,,,,
1 month,2018-10-31,2018-11-30,G3,XLK,AMAT,0.1401949870495709,,,,0.4679,1.0,1.0846029784376086,0.05599656017633753,0.024556472652594794,1.5036356984801582,1.263843402854862
1 month,2018-10-31,2018-11-30,G2,XLY,RCL,0.0796330509514731,0.3443,0.039549606100294336,-1.0,,,,,,,
1 month,2018-10-31,2018-11-30,G4,XLY,SBUX,0.15116243070260382,0.2876,0.03288464164983039,-1.0,,,,,,,
1 month,2018-10-31,2018-11-30,G3,XLY,LOW,-0.008926727869520312,,,,0.3604,1.0,1.0633167989142476,0.043368435497496784,0.019209587987937433,-1.0,-1.0
1 month,2018-10-31,2018-11-30,G2,XLV,BMY,0.05777601943485555,0.2503,0.02849921531124251,-1.0,,,,,,,
1 month,2018-10-31,2018-11-30,G4,XLV,MRK,0.07784294659932534,0.1941,0.02189107703359401,-1.0,,,,,,,
1 month,2018-10-31,2018-11-30,G1,XLV,LLY,0.09956926195049354,,,,0.28350000000000003,1.0,1.0489576518679544,0.03432932022583302,0.015280679408126012,1.9004146104695412,2.31213087656461
1 month,2018-10-31,2018-11-30,G3,XLV,ABBV,0.210918684177116,,,,0.4053,1.0,1.0720323732104495,0.0486441720261011,0.021463143422169633,3.3359497220744725,5.470921254861876
1 month,2018-10-31,2018-11-30,G2,XLI,UNP,0.05726831541963895,0.2779,0.03174425004274624,-1.0,,,,,,,
1 month,2018-10-31,2018-11-30,G3,XLI,CAT,0.11828229000383073,,,,0.3513,1.0,1.061580483062103,0.042298991337208554,0.018749252150151482,1.7963383112585705,2.0242169921038458
1 month,2018-10-31,2018-11-30,G1,XLC,CMCSA,0.022810623610729275,,,,0.28809999999999997,1.0,1.0497967593161261,0.03487011798786985,0.015518194939007293,-0.3458403662796796,-1.0
1 month,2018-10-31,2018-11-30,G3,XLC,NFLX,-0.05185892546961457,,,,0.5106,1.0,1.0934639868172202,0.06100930175458324,0.026634602595842296,-1.0,-1.0
1 month,2018-10-31,2018-11-30,G2,XLB,FCX,0.024892592340154618,0.469,0.05419902518043985,-1.0,,,,,,,
1 month,2018-10-31,2018-11-30,G4,XLB,IFF,-0.02094557642795636,0.32130000000000003,0.036846241348214556,-0.43154102938178607,,,,,,,
1 month,2018-10-31,2018-11-30,G3,XLB,PKG,0.06546108984440369,,,,0.3262,1.0,1.0568432676948838,0.0393488992879645,0.017473178556552123,0.6636066326873358,-0.5067971106900602
1 month,2018-10-31,2018-11-30,G2,XLE,SLB,-0.12102898963315778,0.30219999999999997,0.03460102025312435,2.4978445360214296,,,,,,,
1 month,2018-10-31,2018-11-30,G3,XLE,VLO,-0.11440589757797315,,,,0.3726,1.0,1.0656604439804263,0.0448020962070504,0.01982482883171066,-1.0,-1.0
1 month,2018-10-31,2018-11-30,G2,XLP,CL,0.06666677963631717,0.20670000000000002,0.023372623789703995,-1.0,,,,,,,
1 month,2018-10-31,2018-11-30,G4,XLP,PG,0.06574195069219813,0.1802,0.02025671385848693,-1.0,,,,,,,
1 month,2018-10-31,2018-11-30,G1,XLP,HSY,0.017512786948681747,,,,0.21789999999999998,1.0,1.0372602608487465,0.0266162587499239,0.01185829639944237,-0.34202672459623085,-1.0
1 month,2018-10-31,2018-11-30,G2,XLU,VST,0.03756058721912159,0.2735,0.03122694516294957,-1.0,,,,,,,
1 month,2018-10-31,2018-11-30,G4,XLU,DTE,0.06530256788800437,0.185,0.020821091175032995,-1.0,,,,,,,
1 month,2018-10-31,2018-11-30,G1,XLU,XEL,0.07018915855824237,,,,0.1898,1.0,1.0324013350333294,0.02331217091760852,0.010371920354108862,2.0108375065672646,2.643281305177314
1 month,2018-11-30,2019-01-03,G2,XLK,QCOM,-0.033561916730947994,0.3143,0.03601049168049033,-0.06799615432268491,,,,,,,
1 month,2018-11-30,2019-01-03,G1,XLK,LRCX,-0.1556104166347081,,,,0.3257,1.0,1.0567757289318018,0.039302534911031695,0.017447663565498605,-1.0,-1.0
1 month,2018-11-30,2019-01-03,G3,XLK,IBM,-0.09141362019785049,,,,0.21989999999999998,1.0,1.037635114535882,0.026864084781822697,0.011963618353051894,-1.0,-1.0
1 month,2018-11-30,2019-01-03,G2,XLY,TJX,-0.09539407241363185,0.3006,0.03440004013274913,1.7730802651830584,,,,,,,
1 month,2018-11-30,2019-01-03,G4,XLY,SBUX,-0.07778780758531212,0.2026,0.0228778906270938,2.4001302328628875,,,,,,,
1 month,2018-11-30,2019-01-03,G1,XLY,AZO,0.04512589693736402,,,,0.32170000000000004,1.0,1.0560280227846623,0.038832368846117946,0.01724340925546284,0.1620691263050562,-1.0
1 month,2018-11-30,2019-01-03,G3,XLY,LOW,-0.0339089888207299,,,,0.2535,1.0,1.0435718841278843,0.030814728634442207,0.013723766294684362,-1.0,-1.0
1 month,2018-11-30,2019-01-03,G4,XLV,UNH,-0.15819571553451306,0.18989999999999999,0.02138463464075385,6.397634712590833,,,,,,,
1 month,2018-11-30,2019-01-03,G3,XLV,ISRG,-0.15188274034252902,,,,0.2861,1.0,1.049457499973403,0.03464748210694841,0.015414966720900853,-1.0,-1.0
1 month,2018-11-30,2019-01-03,G4,XLI,TDG,-0.09987006762304351,0.2873,0.03283651268399571,2.0414334367400566,,,,,,,
1 month,2018-11-30,2019-01-03,G1,XLI,CTAS,-0.12045066681555205,,,,0.2991,1.0,1.0518393962101977,0.03617575088683195,0.01608486870092814,-1.0,-1.0
1 month,2018-11-30,2019-01-03,G3,XLI,GE,0.07614522165190007,,,,0.5717,1.0,1.106585034318039,0.0681902280958716,0.02956422928417462,0.11665884948858474,-1.0
1 month,2018-11-30,2019-01-03,G4,XLC,VZ,-0.0676618998997478,0.1778,0.019961970182009334,2.3895401747833427,,,,,,,
1 month,2018-11-30,2019-01-03,G1,XLC,CMCSA,-0.1070833837680416,,,,0.2359,1.0,1.0404458829722683,0.028745369068584728,0.012803959165124234,-1.0,-1.0
1 month,2018-11-30,2019-01-03,G3,XLC,NFLX,-0.0521790789198886,,,,0.4546,1.0,1.0819174770351572,0.054446964599522814,0.023903942385258527,-1.0,-1.0
1 month,2018-11-30,2019-01-03,G4,XLB,ECL,-0.11544205851333045,0.1721,0.019291812292019463,4.983992419472478,,,,,,,
1 month,2018-11-30,2019-01-03,G1,XLB,NEM,0.06750294162923298,,,,0.287,1.0,1.0496217568168402,0.03475328801305028,0.01546142691758759,0.9423469112874971,0.15650288344684715
1 month,2018-11-30,2019-01-03,G3,XLB,PKG,-0.1453868737641173,,,,0.3018,1.0,1.0523366085533807,0.036493149643046285,0.01622368217910048,-1.0,-1.0
1 month,2018-11-30,2019-01-03,G2,XLE,SLB,-0.15719580735726468,0.38420000000000004,0.04422538530369456,2.5544248236121665,,,,,,,
1 month,2018-11-30,2019-01-03,G3,XLE,VLO,-0.0713395763291107,,,,0.332,1.0,1.0579572610533035,0.040043025680789664,0.01776888001841047,-1.0,-1.0
1 month,2018-11-30,2019-01-03,G2,XLP,MO,-0.0907815763087475,0.2677,0.030532216621752525,1.9733044748565902,,,,,,,
1 month,2018-11-30,2019-01-03,G4,XLP,PG,-0.040948208763409655,0.1527,0.017011093708851698,1.4071473277524982,,,,,,,
1 month,2018-11-30,2019-01-03,G1,XLP,KO,-0.07460318143824529,,,,0.1465,1.0,1.0251141235679633,0.01823432412259247,0.008057160911459372,-1.0,-1.0
1 month,2018-11-30,2019-01-03,G3,XLP,GIS,-0.07752336225449874,,,,0.312,1.0,1.0542227889361688,0.03769217527620714,0.01674709863338566,-1.0,-1.0
1 month,2018-11-30,2019-01-03,G4,XLU,AEP,-0.06393092866303574,0.1643,0.018374786232646146,2.4792746894356124,,,,,,,
1 month,2018-11-30,2019-01-03,G1,XLU,DTE,-0.08801329781231526,,,,0.1697,1.0,1.0290060429482613,0.020961689996204035,0.009301099627112983,-1.0,-1.0
1 month,2018-11-30,2019-01-03,G3,XLU,PCG,-0.09211519143828928,,,,0.6878,1.0,1.1328569087921478,0.08179787698939554,0.03499217182936518,-1.0,-1.0
1 month,2019-01-03,2019-02-04,G2,XLK,AMD,0.41524928096868696,0.9251999999999999,0.1075758764792339,-1.0,,,,,,,
1 month,2019-01-03,2019-02-04,G4,XLK,AVGO,0.1782123033251719,0.4068,0.04686007658922316,-1.0,,,,,,,
1 month,2019-01-03,2019-02-04,G3,XLK,NVDA,0.1655597223496259,,,,0.5525,1.0,1.1024596964098219,0.06595680238681802,0.028649147880752724,1.5101235408391234,1.2025096942655105
1 month,2019-01-03,2019-02-04,G2,XLY,TJX,0.1086219692238104,0.3072,0.03515568202837971,-1.0,,,,,,,
1 month,2019-01-03,2019-02-04,G1,XLY,AZO,0.028217300396571776,,,,0.2815,1.0,1.0486599656616962,0.034126283788942835,0.015177311701163263,-0.17315050853223923,-1.0
1 month,2019-01-03,2019-02-04,G3,XLY,RCL,0.2857913978335165,,,,0.43810000000000004,1.0,1.0786255469888937,0.0525283226237372,0.023090918483133546,4.4407105264078846,7.971745796770458
1 month,2019-01-03,2019-02-04,G3,XLV,CVS,0.018124595594041004,,,,0.3486,1.0,1.0611344018351645,0.042013400641305106,0.018612433762965223,-0.5685996535062215,-1.0
1 month,2019-01-03,2019-02-04,G2,XLI,CTAS,0.15502724569999082,0.2955,0.03378033356418382,-1.0,,,,,,,
1 month,2019-01-03,2019-02-04,G3,XLI,GE,0.2667487446293504,,,,0.6847,1.0,1.1321748175917095,0.08145326539870769,0.034849552355426396,2.2748686418357216,2.86156831126947
1 month,2019-01-03,2019-02-04,G2,XLC,LYV,0.11490877961919743,0.3671,0.042195666506555096,-1.0,,,,,,,
1 month,2019-01-03,2019-02-04,G3,XLC,NFLX,0.29550139320138546,,,,0.6828,1.0,1.1317306108152472,0.08123073590274324,0.03476207856963269,2.6378027346100414,3.711190732110146
1 month,2019-01-03,2019-02-04,G2,XLB,FCX,0.18285415185581577,0.6048,0.07009868473439597,-1.0,,,,,,,
1 month,2019-01-03,2019-02-04,G1,XLB,NEM,-0.006399112661549244,,,,0.3268,1.0,1.0570225166785772,0.039451267124313016,0.017503791621715052,-1.0,-1.0
1 month,2019-01-03,2019-02-04,G3,XLB,STLD,0.2520026030223983,,,,0.4413,1.0,1.079269396117244,0.05290414038044188,0.02324889928792174,3.763381489807954,6.429736985221181
1 month,2019-01-03,2019-02-04,G2,XLE,DVN,0.15476174690685784,0.5108,0.059071987988441765,-1.0,,,,,,,
1 month,2019-01-03,2019-02-04,G1,XLE,EQT,0.023809587803552912,,,,0.6355,1.0,1.1208353881085888,0.07568907352765177,0.03256919118444727,-0.6854289966324609,-1.0
1 month,2019-01-03,2019-02-04,G3,XLE,SLB,0.18617032859146554,,,,0.4336,1.0,1.0777223185934048,0.05199981171111091,0.022868510270293935,2.5802115904909346,3.742242005109274
1 month,2019-01-03,2019-02-04,G2,XLP,MO,0.0014273740146282243,0.3283,0.03763581414831363,-1.0,,,,,,,
1 month,2019-01-03,2019-02-04,G3,XLP,PM,0.14464195456235163,,,,0.32189999999999996,1.0,1.056106159218525,0.038875331767153416,0.017253627647986918,2.72066161206533,4.131430743154853
1 month,2019-01-03,2019-02-04,G2,XLU,AEE,0.08321533978712559,0.23129999999999998,0.02623253536175579,-1.0,,,,,,,
1 month,2019-01-03,2019-02-04,G3,XLU,PCG,-0.44509399399888494,,,,0.713,1.0,1.1388518361577211,0.08476707742100259,0.03614690451686589,-1.0,-1.0
1 month,2019-02-04,2019-03-06,G4,XLK,IBM,0.02504633132924461,0.15710000000000002,0.017517115401521625,-1.0,,,,,,,
1 month,2019-02-04,2019-03-06,G1,XLK,AMD,-0.07128053763678,,,,0.5484,1.0,1.1015578892048257,0.06546780510367016,0.028453087343219705,-1.0,-1.0
1 month,2019-02-04,2019-03-06,G4,XLY,HD,-0.010620478897341301,0.2426,0.027569627543265786,-0.6147761198197431,,,,,,,
1 month,2019-02-04,2019-03-06,G1,XLY,CMG,0.16193739028486753,,,,0.4165,1.0,1.074295590526165,0.04998313549640294,0.02202071022822853,2.2398405717568775,2.9799715290905433
1 month,2019-02-04,2019-03-06,G3,XLY,TSLA,-0.11713378695423271,,,,0.4763,1.0,1.0863784677609507,0.05700587252434336,0.024967308075363393,-1.0,-1.0
1 month,2019-02-04,2019-03-06,G4,XLV,ABT,0.07172362722267422,0.1827,0.02052676983124346,-1.0,,,,,,,
1 month,2019-02-04,2019-03-06,G1,XLV,LLY,0.05988677967756084,,,,0.2133,1.0,1.0365072410006875,0.02609946219163044,0.011615819629591814,1.294559912302148,1.0127325855949834
1 month,2019-02-04,2019-03-06,G3,XLV,ABBV,-0.005602805822535695,,,,0.2419,1.0,1.0415306459075653,0.029462182446450144,0.013118065852056979,-1.0,-1.0
1 month,2019-02-04,2019-03-06,G4,XLI,GE,-0.07204687647902197,0.33039999999999997,0.037891268455586824,0.9014110483915234,,,,,,,
1 month,2019-02-04,2019-03-06,G1,XLI,CTAS,0.06755630151933345,,,,0.1937,1.0,1.033118735609036,0.023794942799717618,0.010578953795829458,1.8391033375434396,2.2552903221747465
1 month,2019-02-04,2019-03-06,G3,XLI,GD,-0.0466182806839166,,,,0.18059999999999998,1.0,1.0308782953547524,0.02225472717628133,0.009882585193438808,-1.0,-1.0
1 month,2019-02-04,2019-03-06,G1,XLC,MTCH,0.004960463086532529,,,,0.6548,1.0,1.1252247955049661,0.0779427954555508,0.033467518052436626,-0.9363576446348856,-1.0
1 month,2019-02-04,2019-03-06,G3,XLC,VZ,0.03034760711800799,,,,0.1797,1.0,1.0307250841834685,0.022148913305348655,0.009834643774476117,0.37016235061426395,-1.0
1 month,2019-02-04,2019-03-06,G4,XLB,PKG,0.054396402358455775,0.2365,0.026852413284745618,-1.0,,,,,,,
1 month,2019-02-04,2019-03-06,G1,XLB,FCX,0.057335518674113795,,,,0.3992,1.0,1.0708838702901236,0.047950825269051825,0.021158705338023553,0.19571495073139178,-1.0
1 month,2019-02-04,2019-03-06,G3,XLB,STLD,-0.023193904187849945,,,,0.2872,1.0,1.0496815653208216,0.03478804357306241,0.015471749739205159,-1.0,-1.0
1 month,2019-02-04,2019-03-06,G4,XLE,COP,-0.019018121890456374,0.2361,0.026805382598459094,-0.29051108222012156,,,,,,,
1 month,2019-02-04,2019-03-06,G1,XLE,TRGP,-0.08806897881178377,,,,0.3195,1.0,1.0556410279015398,0.038584952990495254,0.01713096746593292,-1.0,-1.0
1 month,2019-02-04,2019-03-06,G3,XLE,EOG,-0.07486414194531665,,,,0.30670000000000003,1.0,1.0532645426862857,0.037080363808498815,0.016475322548099768,-1.0,-1.0
1 month,2019-02-04,2019-03-06,G2,XLP,HSY,0.06321101411135288,0.16269999999999998,0.01817543679028991,-1.0,,,,,,,
1 month,2019-02-04,2019-03-06,G4,XLP,GIS,0.0679897469208377,0.2207,0.024994685266707995,-1.0,,,,,,,
1 month,2019-02-04,2019-03-06,G1,XLP,MDLZ,0.01865075471369182,,,,0.1461,1.0,1.0250702962582745,0.018198936444984434,0.008035638403359796,0.02482663039530708,-1.0
1 month,2019-02-04,2019-03-06,G3,XLP,MO,0.11321499669564772,,,,0.2169,1.0,1.0371343863776894,0.0265227448347525,0.011805612086031364,3.268600305172905,5.444444367944149
1 month,2019-02-04,2019-03-06,G4,XLU,CNP,-0.0177709745921919,0.16,0.017858028304338604,-0.004874766164725597,,,,,,,
1 month,2019-02-04,2019-03-06,G1,XLU,VST,-0.006692776575114245,,,,0.2521,1.0,1.043345062435924,0.03066144172687151,0.013650774274932984,-1.0,-1.0
1 month,2019-02-04,2019-03-06,G3,XLU,PCG,0.381489893407154,,,,0.8201999999999999,1.0,1.1651795399334985,0.09729922256368059,0.040968575491875,2.920790766416204,4.279909073639985
1 month,2019-03-06,2019-04-04,G4,XLK,IBM,0.04234162305835132,0.1613,0.01798172971616308,-1.0,,,,,,,
1 month,2019-03-06,2019-04-04,G1,XLK,QCOM,0.05583900344072146,,,,0.2873,1.0,1.0497602201158338,0.03482895830828161,0.01547691092279431,0.603234955994767,-0.6072353614224852
1 month,2019-03-06,2019-04-04,G4,XLY,MAR,0.05658549328208795,0.2205,0.024941578416588582,-1.0,,,,,,,
1 month,2019-03-06,2019-04-04,G1,XLY,CMG,0.14667191121987178,,,,0.2373,1.0,1.040776202544127,0.028950777805433738,0.012877300431575358,4.066251145499207,7.2234400943296055
1 month,2019-03-06,2019-04-04,G3,XLY,TSLA,-0.030625601224945287,,,,0.5672999999999999,1.0,1.105713686849728,0.06771284940473413,0.029354966881154455,-1.0,-1.0
1 month,2019-03-06,2019-04-04,G2,XLV,CVS,-0.011111233137942378,0.2883,0.0329125097849474,-0.6624009165346572,,,,,,,
1 month,2019-03-06,2019-04-04,G4,XLV,MRK,0.020374275227566185,0.16519999999999999,0.018440178187147414,-1.0,,,,,,,
1 month,2019-03-06,2019-04-04,G1,XLV,DHR,0.04814785202954441,,,,0.19140000000000001,1.0,1.0327833881878437,0.023554281842712223,0.010456886074429605,1.0441231174467522,0.4693154092279628
1 month,2019-03-06,2019-04-04,G3,XLV,MCK,0.01321478904107809,,,,0.30469999999999997,1.0,1.0529555604397187,0.036874331327040474,0.01637265583137723,-0.6416263409938072,-1.0
1 month,2019-03-06,2019-04-04,G4,XLI,ETN,0.036640201449656296,0.1748,0.019568718323160195,-1.0,,,,,,,
1 month,2019-03-06,2019-04-04,G3,XLI,GE,0.10215424521673078,,,,0.5314,1.0,1.0979807355635507,0.06350126575126802,0.027637690781272397,0.6086962048420401,-0.8489920997304133
1 month,2019-03-06,2019-04-04,G2,XLC,TTWO,0.07454128701240781,0.3639,0.04179795178525054,-1.0,,,,,,,
1 month,2019-03-06,2019-04-04,G4,XLC,CHTR,0.015151526013332361,0.2395,0.027175429408417492,-1.0,,,,,,,
1 month,2019-03-06,2019-04-04,G1,XLC,LYV,0.035450514304832925,,,,0.2465,1.0,1.042407390110196,0.03003241713496168,0.013358505078972911,0.18040829499414102,-1.0
1 month,2019-03-06,2019-04-04,G4,XLB,PPG,0.040253599606197454,0.1898,0.021332171712105767,-1.0,,,,,,,
1 month,2019-03-06,2019-04-04,G1,XLB,VMC,0.04415752861424638,,,,0.2519,1.0,1.043369397214878,0.03066728399271753,0.013640344387155579,0.4398904260557366,-0.9422205644521459
1 month,2019-03-06,2019-04-04,G4,XLE,XOM,0.03493927845212563,0.1666,0.018604752630475424,-1.0,,,,,,,
1 month,2019-03-06,2019-04-04,G1,XLE,DVN,0.0826880321804675,,,,0.35109999999999997,1.0,1.0616532485124552,0.042327804656759074,0.018739121150766817,0.9535157292232377,0.122506413122341
1 month,2019-03-06,2019-04-04,G3,XLE,TRGP,-0.0004962082135292478,,,,0.31370000000000003,1.0,1.0546224349685602,0.037932220435080405,0.016834182782259764,-1.0,-1.0
1 month,2019-03-06,2019-04-04,G4,XLP,TGT,0.05825716696364469,0.21789999999999998,0.02463589185421351,-1.0,,,,,,,
1 month,2019-03-06,2019-04-04,G1,XLP,HSY,0.02892186187700241,,,,0.1585,1.0,1.0272015622163269,0.019686598665450642,0.008701647669809794,0.4691142115757829,-0.8023018483448731
1 month,2019-03-06,2019-04-04,G3,XLP,KO,0.03158998197886942,,,,0.1321,1.0,1.0228101544867119,0.016583835131040028,0.007280734872161931,0.9048658967757253,0.20589853171654782
1 month,2019-03-06,2019-04-04,G4,XLU,SO,0.021344345752491778,0.13449999999999998,0.014831854568160621,-1.0,,,,,,,
1 month,2019-03-06,2019-04-04,G1,XLU,WEC,0.01254695151537133,,,,0.1461,1.0,1.0251292745458298,0.01822911200888961,0.008035638403359762,-0.31170802454597424,-1.0
1 month,2019-04-04,2019-05-06,G4,XLK,AVGO,0.031688543827279814,0.2279,0.025826425576841477,-1.0,,,,,,,
1 month,2019-04-04,2019-05-06,G1,XLK,AMD,-0.057408046322934725,,,,0.6785,1.0,1.1307411234587967,0.0807329910756739,0.03456393780809545,-1.0,-1.0
1 month,2019-04-04,2019-05-06,G4,XLY,HD,-0.0040905638026271784,0.15789999999999998,0.017596610032164443,-0.767536826971213,,,,,,,
1 month,2019-04-04,2019-05-06,G1,XLY,CMG,0.018894446648445973,,,,0.44659999999999994,1.0,1.0803519360579699,0.05353265594662041,0.02351023347421303,-0.6470482117067671,-1.0
1 month,2019-04-04,2019-05-06,G3,XLY,TSLA,-0.04645599288601243,,,,0.6309,1.0,1.1198062151377173,0.07515588805363967,0.032354354320426604,-1.0,-1.0
1 month,2019-04-04,2019-05-06,G2,XLV,BMY,0.030640296975533943,0.276,0.0314815230636661,-1.0,,,,,,,
1 month,2019-04-04,2019-05-06,G4,XLV,MRK,-0.02895519310863437,0.1895,0.02131158207076959,0.35865995365724523,,,,,,,
1 month,2019-04-04,2019-05-06,G3,XLV,MCK,0.08616655845494625,,,,0.2475,1.0,1.0425552922861423,0.03013529181685352,0.013410731369353716,1.8593238445680695,2.2519677687724533
1 month,2019-04-04,2019-05-06,G4,XLI,ADP,0.005711173873277131,0.2263,0.025638306007626597,-1.0,,,,,,,
1 month,2019-04-04,2019-05-06,G1,XLI,GE,0.03988040030156359,,,,0.4211,1.0,1.0752399633420269,0.05053773558878454,0.022249186646890157,-0.21087876540289796,-1.0
1 month,2019-04-04,2019-05-06,G3,XLI,BA,-0.06128424312303571,,,,0.2944,1.0,1.0510294987130093,0.03564902020925272,0.015842968143789715,-1.0,-1.0
1 month,2019-04-04,2019-05-06,G2,XLC,NWSA,-0.037599907235094765,0.264,0.030070751071451907,0.25038138042354263,,,,,,,
1 month,2019-04-04,2019-05-06,G4,XLC,T,-0.023098883573413942,0.19260000000000002,0.021676052797269054,0.06564067680828645,,,,,,,
1 month,2019-04-04,2019-05-06,G1,XLC,TTWO,0.0848453024179725,,,,0.3763,1.0,1.0664554583827368,0.04527461617000891,0.020010986633260664,0.8740148364675964,-0.08101262710008084
1 month,2019-04-04,2019-05-06,G4,XLB,LYB,-0.07581304584330473,0.2832,0.032327958622048916,1.3451232021683333,,,,,,,
1 month,2019-04-04,2019-05-06,G1,XLB,LIN,-0.028656897136670856,,,,0.1889,1.0,1.0323252526226874,0.023245470283573627,0.010324109441078227,-1.0,-1.0
1 month,2019-04-04,2019-05-06,G3,XLB,STLD,-0.07493634158102103,,,,0.2966,1.0,1.051433363928074,0.03590763701864594,0.015956239695741056,-1.0,-1.0
1 month,2019-04-04,2019-05-06,G4,XLE,WMB,-0.04996546037149352,0.2146,0.024262677911032628,1.0593547239389207,,,,,,,
1 month,2019-04-04,2019-05-06,G1,XLE,DVN,0.015478855506610545,,,,0.3796,1.0,1.0670940698642966,0.04566235998589246,0.02017685019846746,-0.6610149910912888,-1.0
1 month,2019-04-04,2019-05-06,G3,XLE,TRGP,0.014513925098607272,,,,0.30820000000000003,1.0,1.053572333879519,0.03727121111547654,0.016552283118235533,-0.6105861692114276,-1.0
1 month,2019-04-04,2019-05-06,G2,XLP,KR,0.08572607964113943,0.23070000000000002,0.026155634235632556,-1.0,,,,,,,
1 month,2019-04-04,2019-05-06,G4,XLP,GIS,0.03354730539983275,0.17989999999999998,0.02018292133525241,-1.0,,,,,,,
1 month,2019-04-04,2019-05-06,G1,XLP,MDLZ,0.03927457192681438,,,,0.2061,1.0,1.0352871776599801,0.025267722374712417,0.011235628389168579,0.5543376385249394,-0.6451115924519124
1 month,2019-04-04,2019-05-06,G4,XLU,VST,0.009980745936458257,0.2409,0.027354885415726907,-1.0,,,,,,,
1 month,2019-04-04,2019-05-06,G1,XLU,ETR,0.02777483574161521,,,,0.1472,1.0,1.0252829187211934,0.018343311574866194,0.00809481914149978,0.5141669282700296,-0.6921590245733307
1 month,2019-05-06,2019-06-05,G4,XLK,ORCL,-0.0501365441455911,0.1716,0.019210058629500707,1.609911042572084,,,,,,,
1 month,2019-05-06,2019-06-05,G1,XLK,QCOM,-0.23362494863689487,,,,0.2833,1.0,1.0489945087209693,0.03434122715244934,0.015270345368703264,-1.0,-1.0
1 month,2019-05-06,2019-06-05,G4,XLY,RCL,-0.07753332810204239,0.2391,0.027146225254189325,1.8561366221654367,,,,,,,
1 month,2019-05-06,2019-06-05,G1,XLY,AMZN,-0.10871286236447364,,,,0.2309,1.0,1.0396113461249978,0.02818063120154128,0.012541778732136506,-1.0,-1.0
1 month,2019-05-06,2019-06-05,G3,XLY,TSLA,-0.2300853914606299,,,,0.45539999999999997,1.0,1.0821288999400995,0.054563207605809384,0.023943263226971122,-1.0,-1.0
1 month,2019-05-06,2019-06-05,G2,XLV,VRTX,-0.00852592287256404,0.2912,0.03327141620022231,-0.7437463190248246,,,,,,,
1 month,2019-05-06,2019-06-05,G4,XLV,ABT,-0.004806167081202184,0.1898,0.021349790391564722,-0.7748845776443282,,,,,,,
1 month,2019-05-06,2019-06-05,G1,XLV,CVS,-0.060600639410317236,,,,0.259,1.0,1.0446033586989014,0.03148441340691648,0.014010229612912848,-1.0,-1.0
1 month,2019-05-06,2019-06-05,G3,XLV,UNH,0.009438611368227212,,,,0.23149999999999998,1.0,1.0397169824670114,0.028251176171121,0.012573260804825412,-0.6659037729595263,-1.0
1 month,2019-05-06,2019-06-05,G4,XLI,UNP,-0.021320708740764305,0.18969999999999998,0.02133803323492095,-0.0008119067941211311,,,,,,,
1 month,2019-05-06,2019-06-05,G1,XLI,CTAS,0.03414094368291609,,,,0.1954,1.0,1.0334346877762737,0.024006712099727198,0.010669124356619068,0.4221415886144584,-0.9338037609240037
1 month,2019-05-06,2019-06-05,G3,XLI,BA,-0.0560990578564633,,,,0.2414,1.0,1.0414659816719047,0.029415160445715884,0.01309191150903142,-1.0,-1.0
1 month,2019-05-06,2019-06-05,G2,XLC,GOOGL,-0.12469625798354333,0.18230000000000002,0.02046801390124402,5.092250014348703,,,,,,,
1 month,2019-05-06,2019-06-05,G4,XLC,CHTR,0.023067908748645394,0.19269999999999998,0.021690749312829462,-1.0,,,,,,,
1 month,2019-05-06,2019-06-05,G1,XLC,DIS,0.006962528090126208,,,,0.2632,1.0,1.0453573800925067,0.0319781992694295,0.014228671424596108,-0.7822726654661156,-1.0
1 month,2019-05-06,2019-06-05,G2,XLB,NEM,0.156683810885484,0.2577,0.029333057694231366,-1.0,,,,,,,
1 month,2019-05-06,2019-06-05,G4,XLB,PPG,-0.02979625851370038,0.1967,0.022161041393862532,0.3445333179131369,,,,,,,
1 month,2019-05-06,2019-06-05,G1,XLB,APD,0.0548083531872825,,,,0.18359999999999999,1.0,1.0314133959315257,0.022619369624289568,0.010042297594159859,1.4230716460120547,1.329641900809849
1 month,2019-05-06,2019-06-05,G2,XLE,OXY,-0.19295581222826885,0.344,0.03947757768747049,3.8877318095813607,,,,,,,
1 month,2019-05-06,2019-06-05,G4,XLE,VLO,-0.14390999186182563,0.2718,0.030990749359896513,3.6436435011814163,,,,,,,
1 month,2019-05-06,2019-06-05,G1,XLE,TRGP,-0.01501863428567951,,,,0.3741,1.0,1.0660243265456504,0.04501324188408423,0.01990032238035977,-1.0,-1.0
1 month,2019-05-06,2019-06-05,G3,XLE,EOG,-0.10094275639698436,,,,0.3274,1.0,1.057141872663428,0.03952509763576544,0.017534399316302882,-1.0,-1.0
1 month,2019-05-06,2019-06-05,G2,XLP,TGT,0.13530122041556214,0.3309,0.03793795133762175,-1.0,,,,,,,
1 month,2019-05-06,2019-06-05,G4,XLP,GIS,-0.0033039415833123753,0.19579999999999997,0.022055225318799748,-0.85019687917239,,,,,,,
1 month,2019-05-06,2019-06-05,G1,XLP,KR,-0.08597495081180284,,,,0.2487,1.0,1.0427629126995164,0.03027343977264787,0.01347338261388426,-1.0,-1.0
1 month,2019-05-06,2019-06-05,G4,XLU,NEE,0.0788056481109276,0.1524,0.01695300091466257,-1.0,,,,,,,
1 month,2019-05-06,2019-06-05,G1,XLU,ETR,0.051805085544770924,,,,0.10189999999999999,1.0,1.01784602950436,0.013017943448625188,0.005641539460848712,2.979513795648112,5.01946618934082
1 month,2019-05-06,2019-06-05,G3,XLU,NRG,-0.08344211473949037,,,,0.2595,1.0,1.0446930151978018,0.03154319773829088,0.01403624874719431,-1.0,-1.0
1 month,2019-06-05,2019-07-05,G2,XLK,QCOM,0.1438374356284633,0.3583,0.0411919161920684,-1.0,,,,,,,
1 month,2019-06-05,2019-07-05,G1,XLK,AMD,0.06779661016949157,,,,0.5366,1.0,1.0989818617530862,0.06406330842640319,0.027887528308070765,0.05827519425377781,-1.0
1 month,2019-06-05,2019-07-05,G3,XLK,AVGO,0.0739498718081224,,,,0.3882,1.0,1.068689958159336,0.046637992799570496,0.020608353168083796,0.585614375085272,-0.7447678809710832
1 month,2019-06-05,2019-07-05,G2,XLY,TJX,0.06391708405093688,0.2169,0.024569020673347524,-1.0,,,,,,,
1 month,2019-06-05,2019-07-05,G4,XLY,SBUX,0.09792335989785106,0.2054,0.023216813123610517,-1.0,,,,,,,
1 month,2019-06-05,2019-07-05,G1,XLY,AZO,0.05746151905583452,,,,0.2243,1.0,1.0383855099949484,0.027371745094136448,0.01219510780768322,1.099300532655623,0.564234557144941
1 month,2019-06-05,2019-07-05,G3,XLY,TSLA,0.18571646766191963,,,,0.6544,1.0,1.1250866788929272,0.07787621276600205,0.033448949783752666,1.3847650144460637,0.812606648668007
1 month,2019-06-05,2019-07-05,G4,XLV,MRK,0.0548620594068534,0.1707,0.019136822858531178,-1.0,,,,,,,
1 month,2019-06-05,2019-07-05,G3,XLV,ISRG,0.10759494566828387,,,,0.2627,1.0,1.0452004982627394,0.031886785433673695,0.014202680597872995,2.374280103966186,3.3931458555005953
1 month,2019-06-05,2019-07-05,G4,XLI,NOC,0.026612700379182064,0.2189,0.024804187217465454,-1.0,,,,,,,
1 month,2019-06-05,2019-07-05,G1,XLI,WM,0.03146293387459176,,,,0.16899999999999998,1.0,1.0288682824577473,0.020869560735994004,0.00926369223431207,0.5075992385564281,-0.7199117424007256
1 month,2019-06-05,2019-07-05,G3,XLI,MMM,0.04974061453608125,,,,0.2041,1.0,1.0348687372304233,0.024996564661108684,0.011129876000702813,0.9898980204056207,0.3362123086293958
1 month,2019-06-05,2019-07-05,G2,XLC,LYV,0.12445525107696698,0.2614,0.02980132977746326,-1.0,,,,,,,
1 month,2019-06-05,2019-07-05,G4,XLC,T,0.08270208720095118,0.18989999999999999,0.021394294146921622,-1.0,,,,,,,
1 month,2019-06-05,2019-07-05,G1,XLC,MTCH,0.013176520802825609,,,,0.4192,1.0,1.0747872502558737,0.0502799141450376,0.022154852888910108,-0.7379366884991758,-1.0
1 month,2019-06-05,2019-07-05,G3,XLC,NWSA,0.15834807640143556,,,,0.3994,1.0,1.0708790900628855,0.047953882809965494,0.02116869546820224,2.302090823989095,3.1319970080318953
1 month,2019-06-05,2019-07-05,G2,XLB,FCX,0.11782172291527737,0.4461,0.05150682133579545,-1.0,,,,,,,
1 month,2019-06-05,2019-07-05,G1,XLB,NEM,0.11394629422365954,,,,0.2556,1.0,1.0439275396681513,0.031052002512176897,0.013833197931167138,2.669531270293311,4.061646258798278
1 month,2019-06-05,2019-07-05,G3,XLB,STLD,0.17719305293119092,,,,0.37729999999999997,1.0,1.0665743193001003,0.045357247311636345,0.02006126514324615,2.9066094931588218,4.514045741443768
1 month,2019-06-05,2019-07-05,G2,XLE,HAL,0.08683316617001724,0.41590000000000005,0.0479596579650004,-1.0,,,,,,,
1 month,2019-06-05,2019-07-05,G4,XLE,KMI,0.03126522005473498,0.1865,0.020994523022791076,-1.0,,,,,,,
1 month,2019-06-05,2019-07-05,G1,XLE,TRGP,0.022871627815232554,,,,0.3452,1.0,1.0604283082881412,0.0415849624693432,0.018439990517620807,-0.45000244181791393,-1.0
1 month,2019-06-05,2019-07-05,G3,XLE,MPC,0.15055524641664708,,,,0.38659999999999994,1.0,1.0683784897524762,0.04644999969767568,0.020528155247657907,2.241232452024766,3.0031242784734156
1 month,2019-06-05,2019-07-05,G2,XLP,KR,-0.06931961603175218,0.42810000000000004,0.049392724993570836,0.40343777430330374,,,,,,,
1 month,2019-06-05,2019-07-05,G4,XLP,WMT,0.07239970828899422,0.1759,0.019748204848735847,-1.0,,,,,,,
1 month,2019-06-05,2019-07-05,G1,XLP,HSY,0.016542991826067555,,,,0.16920000000000002,1.0,1.0289020791926597,0.020893074934767285,0.009274380853662332,-0.20820693566081727,-1.0
1 month,2019-06-05,2019-07-05,G3,XLP,MO,-0.0028510832872551406,,,,0.2455,1.0,1.042126822046842,0.02986446757178146,0.013306263400472574,-1.0,-1.0
1 month,2019-06-05,2019-07-05,G2,XLU,VST,-0.07936088589199197,0.2394,0.02721462126695762,1.9161120823072864,,,,,,,
1 month,2019-06-05,2019-07-05,G4,XLU,ED,-0.00570961874823972,0.146,0.016233036910814215,-0.6482716832587225,,,,,,,
1 month,2019-06-05,2019-07-05,G1,XLU,WEC,0.02396710434286975,,,,0.1507,1.0,1.0257948463087434,0.01871814309414885,0.008282992778596779,0.28042104509617305,-1.0
1 month,2019-06-05,2019-07-05,G3,XLU,PCG,0.05012073973899267,,,,0.9381999999999999,1.0,1.1961419778411213,0.11105740876276317,0.046111682318336636,-0.5486952172091573,-1.0
1 month,2019-07-05,2019-08-05,G4,XLK,ORCL,-0.08944643575701428,0.151,0.016871500767317017,4.301628882374666,,,,,,,
1 month,2019-07-05,2019-08-05,G1,XLK,MU,0.06392720300810084,,,,0.3564,1.0,1.0624519145382951,0.04285105637164222,0.01900739303020538,0.49184660591952745,-0.9223834395668419
1 month,2019-07-05,2019-08-05,G3,XLK,AVGO,-0.05306709364069473,,,,0.2837,1.0,1.048894936095874,0.03430495069072369,0.015291012840770913,-1.0,-1.0
1 month,2019-07-05,2019-08-05,G4,XLY,HD,-0.03083323458189391,0.1515,0.016930287369480317,0.8211879047886665,,,,,,,
1 month,2019-07-05,2019-08-05,G1,XLY,CMG,0.054993662503180385,,,,0.3775,1.0,1.066506058670808,0.04533073190159334,0.020071319089270172,0.21316511329585164,-1.0
1 month,2019-07-05,2019-08-05,G3,XLY,TSLA,-0.020506268506206626,,,,0.6089,1.0,1.114668549023262,0.07249495587884071,0.03132297693977309,-1.0,-1.0
1 month,2019-07-05,2019-08-05,G2,XLV,ABBV,-0.09268826369320604,0.2743,0.031370215132011714,1.9546582101256411,,,,,,,
1 month,2019-07-05,2019-08-05,G4,XLV,MRK,-0.028971654342637154,0.1891,0.02135150492136616,0.3568905072187962,,,,,,,
1 month,2019-07-05,2019-08-05,G1,XLV,DHR,-0.06057474802478813,,,,0.2075,1.0,1.0353535796883624,0.025344759733980413,0.011309617855865196,-1.0,-1.0
1 month,2019-07-05,2019-08-05,G4,XLI,LMT,-0.03106096156392657,0.1783,0.020081513105082976,0.5467440825494623,,,,,,,
1 month,2019-07-05,2019-08-05,G1,XLI,HON,-0.08256423667852053,,,,0.1802,1.0,1.030664475079935,0.022134450837812576,0.009861279475094846,-1.0,-1.0
1 month,2019-07-05,2019-08-05,G3,XLI,PH,-0.018964049800158422,,,,0.23440000000000003,1.0,1.0400571611701965,0.028508041979453596,0.01272534562941438,-1.0,-1.0
1 month,2019-07-05,2019-08-05,G4,XLC,T,-0.0039788555603202935,0.1788,0.02014030822384826,-0.8024431644194532,,,,,,,
1 month,2019-07-05,2019-08-05,G1,XLC,NWSA,-0.05200614749352983,,,,0.3483,1.0,1.0609099931465817,0.04189905140146632,0.01859722506482568,-1.0,-1.0
1 month,2019-07-05,2019-08-05,G4,XLB,AMCR,-0.11283406977112953,1.2147,0.14133782353592583,-0.2016710959013115,,,,,,,
1 month,2019-07-05,2019-08-05,G1,XLB,NEM,-0.0260286520907016,,,,0.2638,1.0,1.0452934225773214,0.03196513083393955,0.014259855371374114,-1.0,-1.0
1 month,2019-07-05,2019-08-05,G3,XLB,DOW,-0.09207049066240303,,,,0.266,1.0,1.0456892976937562,0.032223812719571435,0.014374149440223076,-1.0,-1.0
1 month,2019-07-05,2019-08-05,G2,XLE,EQT,-0.1551391914479524,0.5049,0.05846448553789697,1.6535629283420339,,,,,,,
1 month,2019-07-05,2019-08-05,G4,XLE,WMB,-0.1611993654681152,0.2052,0.023244775124683165,5.934864484747835,,,,,,,
1 month,2019-07-05,2019-08-05,G1,XLE,SLB,-0.09047227735143448,,,,0.29460000000000003,1.0,1.0508873802122611,0.03558648114947394,0.015853268577818606,-1.0,-1.0
1 month,2019-07-05,2019-08-05,G3,XLE,EOG,-0.10514647740967742,,,,0.3208,1.0,1.0557342253166255,0.038666587194229975,0.017197419089383832,-1.0,-1.0
1 month,2019-07-05,2019-08-05,G2,XLP,KR,0.007815926732104073,0.2213,0.02513805330305737,-1.0,,,,,,,
1 month,2019-07-05,2019-08-05,G4,XLP,KO,-0.008827254522737804,0.1637,0.01836474490836556,-0.5193369378783605,,,,,,,
1 month,2019-07-05,2019-08-05,G1,XLP,COST,-0.011742546470033477,,,,0.1466,1.0,1.0250086043144901,0.018183705112231375,0.008062541138509344,-1.0,-1.0
1 month,2019-07-05,2019-08-05,G3,XLP,MO,-0.04366512909261211,,,,0.24789999999999998,1.0,1.0424491062845578,0.030095513572573136,0.01343161757816772,-1.0,-1.0
1 month,2019-07-05,2019-08-05,G4,XLU,XEL,-0.017465827592356264,0.1709,0.019211357176395865,-0.09085925413870322,,,,,,,
1 month,2019-07-05,2019-08-05,G1,XLU,SRE,-0.045237857818633986,,,,0.1588,1.0,1.0270476067240597,0.01961811242763498,0.008717730414918221,-1.0,-1.0
1 month,2019-07-05,2019-08-05,G3,XLU,VST,-0.03637988626766386,,,,0.2594,1.0,1.0445033684320488,0.0314477614406895,0.014031045226578987,-1.0,-1.0
1 month,2019-08-05,2019-09-04,G2,XLK,AMD,0.10575209060471669,0.5223,0.06060000700306092,-1.0,,,,,,,
1 month,2019-08-05,2019-09-04,G4,XLK,IBM,-0.020132289006425053,0.2703,0.030989834823269762,-0.3503582990604366,,,,,,,
1 month,2019-08-05,2019-09-04,G1,XLK,MU,0.1161180269958757,,,,0.49829999999999997,1.0,1.0905959951428912,0.059434724266763085,0.026038602461270915,0.953706834319594,-0.019838645682107026
1 month,2019-08-05,2019-09-04,G3,XLK,NOW,0.04559789486818411,,,,0.42729999999999996,1.0,1.0761064631549142,0.051096342847062014,0.022556651500310606,-0.10760942315060429,-1.0
1 month,2019-08-05,2019-09-04,G2,XLY,F,-0.003250309436245269,0.2815,0.032306883369002656,-0.8993926650515647,,,,,,,
1 month,2019-08-05,2019-09-04,G4,XLY,GM,-0.019738321493116606,0.29469999999999996,0.03385903583568592,-0.41704419497045275,,,,,,,
1 month,2019-08-05,2019-09-04,G1,XLY,ROST,0.04692738757245163,,,,0.325,1.0,1.0563364780250741,0.03907357838585469,0.017411936309537773,0.20100051008996322,-1.0
1 month,2019-08-05,2019-09-04,G3,XLY,RCL,-0.027393410416760244,,,,0.3259,1.0,1.0565048516628526,0.039179386399138066,0.017457870009617342,-1.0,-1.0
1 month,2019-08-05,2019-09-04,G2,XLV,JNJ,-0.002569105423528062,0.2666,0.030554725268000852,-0.9159179013722438,,,,,,,
1 month,2019-08-05,2019-09-04,G4,XLV,MCK,-0.025585056721023625,0.3072,0.03532878614161504,-0.2758014210149691,,,,,,,
1 month,2019-08-05,2019-09-04,G1,XLV,SYK,0.06486449979298925,,,,0.2647,1.0,1.0452748700904586,0.03198332354309038,0.014306620974291754,1.0280725267841184,0.36927019578782905
1 month,2019-08-05,2019-09-04,G3,XLV,ABBV,0.017629782512579295,,,,0.28550000000000003,1.0,1.0490419134123308,0.03442927782554394,0.015383986437307798,-0.4879421345428462,-1.0
1 month,2019-08-05,2019-09-04,G2,XLI,HON,0.03684774291257553,0.2586,0.029613927122657962,-1.0,,,,,,,
1 month,2019-08-05,2019-09-04,G4,XLI,CTAS,0.051330198304944785,0.2487,0.028449653236143683,-1.0,,,,,,,
1 month,2019-08-05,2019-09-04,G3,XLI,CAT,-0.020961867707420034,,,,0.3332,1.0,1.0578741433600103,0.04003758635979202,0.017829997062850496,-1.0,-1.0
1 month,2019-08-05,2019-09-04,G4,XLC,T,0.0665873945116453,0.22010000000000002,0.025086016148798084,-1.0,,,,,,,
1 month,2019-08-05,2019-09-04,G1,XLC,MTCH,0.1992718168414611,,,,0.7676000000000001,1.0,1.1516791659648828,0.09100055070429255,0.03862085467942342,1.1897869331472215,0.23230444462262945
1 month,2019-08-05,2019-09-04,G2,XLB,FCX,-0.07745767234354473,0.47409999999999997,0.05494120965273081,0.4098283025280043,,,,,,,
1 month,2019-08-05,2019-09-04,G4,XLB,SHW,0.08172890447984305,0.2817,0.032330401523790894,-1.0,,,,,,,
1 month,2019-08-05,2019-09-04,G1,XLB,PKG,0.00542175544774981,,,,0.3261,1.0,1.056542281223584,0.039202899216177756,0.017468075856798493,-0.8617001406489722,-1.0
1 month,2019-08-05,2019-09-04,G3,XLB,DOW,-0.03390532486653586,,,,0.3954,1.0,1.0698035119971345,0.047348270753814196,0.020968782542776954,-1.0,-1.0
1 month,2019-08-05,2019-09-04,G2,XLE,EQT,-0.18855097567999324,0.6179,0.0718149262976739,1.6255123468127892,,,,,,,
1 month,2019-08-05,2019-09-04,G4,XLE,OKE,0.04980050687084003,0.2716,0.03114270964923563,-1.0,,,,,,,
1 month,2019-08-05,2019-09-04,G3,XLE,FANG,0.07174757748519145,,,,0.5241,1.0,1.0960218802686081,0.062463312964382206,0.027286327674580543,0.14863548025547968,-1.0
1 month,2019-08-05,2019-09-04,G2,XLP,TGT,0.33908515634205494,0.3962,0.04579024249247007,-1.0,,,,,,,
1 month,2019-08-05,2019-09-04,G4,XLP,GIS,0.028403768585042455,0.2596,0.02973152838235271,-1.0,,,,,,,
1 month,2019-08-05,2019-09-04,G1,XLP,HSY,0.08764552961302452,,,,0.2237,1.0,1.0379970935928098,0.027161457898494175,0.012163558769424513,2.226834507211178,3.081736024905461
1 month,2019-08-05,2019-09-04,G3,XLP,SYY,0.11811159864442566,,,,0.2871,1.0,1.049333793209343,0.03461741911482219,0.015466588404138268,2.4119123165323915,3.446863370119842
1 month,2019-08-05,2019-09-04,G2,XLU,EXC,0.08928060218926648,0.2327,0.02656792600612264,-1.0,,,,,,,
1 month,2019-08-05,2019-09-04,G4,XLU,NEE,0.08328593914656723,0.1916,0.021733993212658884,-1.0,,,,,,,
1 month,2019-08-05,2019-09-04,G3,XLU,PCG,-0.4044568358658963,,,,0.93,1.0,1.1935906638486389,0.10997482166703432,0.04575970036140134,-1.0,-1.0
1 month,2019-09-04,2019-10-03,G4,XLK,INTU,-0.08141557200268168,0.2484,0.028434873207277948,1.863229647946635,,,,,,,
1 month,2019-09-04,2019-10-03,G3,XLK,CSCO,0.0020382137415635437,,,,0.27699999999999997,1.0,1.0474550333777506,0.03340978872434642,0.014944512264377286,-0.9389935159907714,-1.0
1 month,2019-09-04,2019-10-03,G4,XLY,SBUX,-0.11903033256363083,0.20850000000000002,0.023742031925417687,4.013485490102454,,,,,,,
1 month,2019-09-04,2019-10-03,G3,XLY,RCL,0.001567511708538305,,,,0.28850000000000003,1.0,1.0495480281872105,0.03476211506889601,0.01553883331272191,-0.9549074702321311,-1.0
1 month,2019-09-04,2019-10-03,G2,XLV,GILD,-0.007250857711201153,0.24230000000000002,0.027717450528904078,-0.7384009866405324,,,,,,,
1 month,2019-09-04,2019-10-03,G4,XLV,MRK,-0.032075802197263026,0.1902,0.021589588196400215,0.4857069947545962,,,,,,,
1 month,2019-09-04,2019-10-03,G3,XLV,PFE,-0.01060583291134276,,,,0.2133,1.0,1.0361409784540632,0.025918067086088355,0.011615819629591767,-1.0,-1.0
1 month,2019-09-04,2019-10-03,G2,XLI,UBER,-0.07095968971569422,0.4439,0.05141543794477364,0.3801241913355575,,,,,,,
1 month,2019-09-04,2019-10-03,G4,XLI,TDG,-0.05469821486164872,0.2396,0.02739989868700887,0.996292595329298,,,,,,,
1 month,2019-09-04,2019-10-03,G3,XLI,GE,-0.009157159983957497,,,,0.4065,1.0,1.0719400405259938,0.04863300393635973,0.02152296943885478,-1.0,-1.0
1 month,2019-09-04,2019-10-03,G2,XLC,FOX,-0.08491417596335127,0.4902,0.05685292970939434,0.49357608125725294,,,,,,,
1 month,2019-09-04,2019-10-03,G4,XLC,VZ,0.01426606043977574,0.1744,0.019731206432636376,-1.0,,,,,,,
1 month,2019-09-04,2019-10-03,G1,XLC,MTCH,-0.12424106170267168,,,,0.37170000000000003,1.0,1.0651603283954967,0.044543394031167624,0.019779516873085465,-1.0,-1.0
1 month,2019-09-04,2019-10-03,G2,XLB,FCX,-0.046286388316802984,0.41859999999999997,0.0484432443122028,-0.04452335977952937,,,,,,,
1 month,2019-09-04,2019-10-03,G4,XLB,SHW,0.01593505950919205,0.21960000000000002,0.025047597005144768,-1.0,,,,,,,
1 month,2019-09-04,2019-10-03,G1,XLB,NEM,-0.06727543693753613,,,,0.2823,1.0,1.0484176961533656,0.03403304344350983,0.01521866606828247,-1.0,-1.0
1 month,2019-09-04,2019-10-03,G3,XLB,IFF,0.06027055985597385,,,,0.2539,1.0,1.0432977156165477,0.030693182005878394,0.013744615632032163,0.9636465142138297,0.23487223606823782
1 month,2019-09-04,2019-10-03,G2,XLE,EQT,-0.08506599720815966,0.6195,0.07202409226747279,0.18107697757930352,,,,,,,
1 month,2019-09-04,2019-10-03,G4,XLE,OKE,0.013372656594969223,0.22190000000000001,0.025318116750894185,-1.0,,,,,,,
1 month,2019-09-04,2019-10-03,G3,XLE,DVN,-0.0038524905554984112,,,,0.425,1.0,1.075605333687954,0.050806627640769465,0.022442656406704016,-1.0,-1.0
1 month,2019-09-04,2019-10-03,G2,XLP,MO,-0.061040822441587594,0.2777,0.031880642114448195,0.9146672837534888,,,,,,,
1 month,2019-09-04,2019-10-03,G4,XLP,GIS,-0.017308208305372053,0.29100000000000004,0.03344462552772634,-0.4824816235115823,,,,,,,
1 month,2019-09-04,2019-10-03,G1,XLP,HSY,-0.03667897893586747,,,,0.1834,1.0,1.0309910949622134,0.02240123828215778,0.010031654517830063,-1.0,-1.0
1 month,2019-09-04,2019-10-03,G3,XLP,PM,0.06872258898687056,,,,0.2995,1.0,1.0515646321292078,0.036055576536115845,0.0161054405939424,0.9060183080981441,0.06535159703214743
1 month,2019-09-04,2019-10-03,G4,XLU,ED,0.02388577342983611,0.1532,0.01723778868951336,-1.0,,,,,,,
1 month,2019-09-04,2019-10-03,G1,XLU,WEC,-0.029083436438291588,,,,0.17550000000000002,1.0,1.029647339303304,0.02147205018324779,0.009610747941444812,-1.0,-1.0
1 month,2019-09-04,2019-10-03,G3,XLU,PCG,-0.10664189054447293,,,,1.4526,1.0,1.3588860375749177,0.1705681101138872,0.06669198976443765,-1.0,-1.0
1 month,2019-10-03,2019-11-01,G2,XLK,AMD,0.21652716242656234,0.6358,0.07404313584611066,-1.0,,,,,,,
1 month,2019-10-03,2019-11-01,G4,XLK,AAPL,0.15850002523898388,0.3151,0.036382132903923,-1.0,,,,,,,
1 month,2019-10-03,2019-11-01,G3,XLK,CSCO,-0.0006377658536671493,,,,0.2661,1.0,1.0452793691676234,0.0320280474740055,0.014379342868368837,-1.0,-1.0
1 month,2019-10-03,2019-11-01,G4,XLY,NKE,-0.0329647762750116,0.22899999999999998,0.026255480173729417,0.2555388839544175,,,,,,,
1 month,2019-10-03,2019-11-01,G1,XLY,ROST,0.03796870387223561,,,,0.24739999999999998,1.0,1.0419335727358057,0.02982848395351627,0.013405509432611032,0.27290089336771817,-1.0
1 month,2019-10-03,2019-11-01,G3,XLY,F,0.037416433770850244,,,,0.3678,1.0,1.0641998671225632,0.043986711019375055,0.019583027753364138,-0.14936959586795973,-1.0
1 month,2019-10-03,2019-11-01,G3,XLV,PFE,0.08293354713563272,,,,0.25780000000000003,1.0,1.0437893097883906,0.031051790620921196,0.013947768069129247,1.670813678608153,1.8064875436149883
1 month,2019-10-03,2019-11-01,G2,XLI,UBER,0.05551822220727609,0.5969,0.06948166087404689,-1.0,,,,,,,
1 month,2019-10-03,2019-11-01,G3,XLI,GE,0.1917332676368384,,,,0.5132,1.0,1.093460097445605,0.061068324465819696,0.02676031666922495,2.1396516821769485,2.672347057994652
1 month,2019-10-03,2019-11-01,G2,XLC,MTCH,-0.026666621461939988,0.534,0.062101406124402035,-0.5705955287305228,,,,,,,
1 month,2019-10-03,2019-11-01,G4,XLC,VZ,0.03369192760976292,0.2112,0.024161532858185484,-1.0,,,,,,,
1 month,2019-10-03,2019-11-01,G3,XLC,FOX,0.048371182436702354,,,,0.7464,1.0,1.1462297000965416,0.0884077935661202,0.037664785827188074,-0.45286291529801026,-1.0
1 month,2019-10-03,2019-11-01,G2,XLB,NEM,0.039087172138375204,0.29600000000000004,0.0341360388643159,-1.0,,,,,,,
1 month,2019-10-03,2019-11-01,G4,XLB,SHW,0.06710363547910769,0.2956,0.03408899777647374,-1.0,,,,,,,
1 month,2019-10-03,2019-11-01,G3,XLB,IFF,0.032394703484506016,,,,0.32909999999999995,1.0,1.0568541008392922,0.03943691319943091,0.017621091963278074,-0.17856898888897987,-1.0
1 month,2019-10-03,2019-11-01,G2,XLE,FANG,0.010478573119027113,0.42729999999999996,0.04957080146972144,-1.0,,,,,,,
1 month,2019-10-03,2019-11-01,G1,XLE,MPC,0.10783360371948336,,,,0.40630000000000005,1.0,1.0716892262344895,0.048511756620147534,0.02151299988322129,1.2228344474068953,0.6801179603586676
1 month,2019-10-03,2019-11-01,G3,XLE,EOG,0.008570469927961843,,,,0.3809,1.0,1.0667277147531886,0.04552654872625301,0.020242146669686198,-0.8117478665142098,-1.0
1 month,2019-10-03,2019-11-01,G4,XLP,WMT,0.01126290428371357,0.17809999999999998,0.0202675744131765,-1.0,,,,,,,
1 month,2019-10-03,2019-11-01,G1,XLP,KR,0.016266766639794428,,,,0.2853,1.0,1.0487571665410709,0.03428624063060075,0.015373658463554098,-0.5255599231466541,-1.0
1 month,2019-10-03,2019-11-01,G3,XLP,MO,0.10414112525300268,,,,0.3159,1.0,1.0543898674903418,0.037884788796196944,0.01694681559714458,1.7488902158920538,1.9357289856298165
1 month,2019-10-03,2019-11-01,G4,XLU,ED,-0.02042573349926291,0.1796,0.02044403924712045,-0.0008954075873295331,,,,,,,
1 month,2019-10-03,2019-11-01,G1,XLU,NRG,0.05328440995340311,,,,0.25989999999999996,1.0,1.0441655532198881,0.03129879849905982,0.014057061298629317,0.7024426658104381,-0.351297078401155
1 month,2019-10-03,2019-11-01,G3,XLU,PCG,-0.32670143471278057,,,,1.3622,1.0,1.326335686206055,0.16005540545449232,0.0632782646735673,-1.0,-1.0
1 month,2019-11-01,2019-12-03,G4,XLK,AVGO,0.03348076113166165,0.2305,0.02650884193019954,-1.0,,,,,,,
1 month,2019-11-01,2019-12-03,G1,XLK,AMD,0.11493270869532313,,,,0.3614,1.0,1.0628152688854544,0.043160664328265264,0.019260099896235235,1.6629040698072743,1.7059797244383073
1 month,2019-11-01,2019-12-03,G3,XLK,INTU,-0.01091713362868263,,,,0.2708,1.0,1.0459719496764792,0.03250610359416549,0.014623261827293541,-1.0,-1.0
1 month,2019-11-01,2019-12-03,G2,XLY,MCD,0.002153350461196357,0.1405,0.0159196973660331,-1.0,,,,,,,
1 month,2019-11-01,2019-12-03,G4,XLY,LOW,0.014165415472112697,0.2898,0.033484560307377564,-1.0,,,,,,,
1 month,2019-11-01,2019-12-03,G1,XLY,TSLA,0.07305868023842232,,,,0.37020000000000003,1.0,1.064503912190037,0.044195217040014716,0.019703970546491235,0.6530902014187288,-0.5658353209470925
1 month,2019-11-01,2019-12-03,G3,XLY,SBUX,0.024444141516503093,,,,0.18309999999999998,1.0,1.0305841129904547,0.022188377684201656,0.010015688720580222,0.10166420746963722,-1.0
1 month,2019-11-01,2019-12-03,G4,XLV,MRK,0.028726611624230625,0.1638,0.01866113174565951,-1.0,,,,,,,
1 month,2019-11-01,2019-12-03,G1,XLV,ISRG,0.03550420209328853,,,,0.2125,1.0,1.0356442916548254,0.025647514412528688,0.011573616103978144,0.38431356435635733,-1.0
1 month,2019-11-01,2019-12-03,G4,XLI,CAT,-0.030659867927111728,0.2262,0.02600295117024101,0.17909185485839574,,,,,,,
1 month,2019-11-01,2019-12-03,G3,XLI,BA,0.02591231613929157,,,,0.237,1.0,1.0399365162314071,0.02852994445037697,0.01286158699457523,-0.09175020707237036,-1.0
1 month,2019-11-01,2019-12-03,G2,XLC,MTCH,-0.06493152656183343,0.6548999999999999,0.07636336568021332,-0.14970318576911534,,,,,,,
1 month,2019-11-01,2019-12-03,G4,XLC,VZ,-0.0038097014764955084,0.1319,0.014907885613413859,-0.7444505830479686,,,,,,,
1 month,2019-11-01,2019-12-03,G1,XLC,TMUS,-0.054080416433557876,,,,0.1833,1.0,1.0306182049652586,0.022211909715692993,0.010026332743120255,-1.0,-1.0
1 month,2019-11-01,2019-12-03,G3,XLC,FOX,0.07815448860746321,,,,0.4509,1.0,1.0804358483762877,0.0536792253406436,0.023721965187366734,0.4559541072268056,-1.0
1 month,2019-11-01,2019-12-03,G4,XLB,PPG,0.02411219104312634,0.1797,0.020531935126481757,-1.0,,,,,,,
1 month,2019-11-01,2019-12-03,G1,XLB,FCX,0.03802288181820024,,,,0.3685,1.0,1.0641769601887272,0.04399536535125595,0.019618311468820378,-0.13575256132939761,-1.0
1 month,2019-11-01,2019-12-03,G3,XLB,CTVA,-0.05368802854054422,,,,0.30510000000000004,1.0,1.0522334765685255,0.03654044392046753,0.016393193987903665,-1.0,-1.0
1 month,2019-11-01,2019-12-03,G2,XLE,DVN,0.011336690224521107,0.4702,0.05469002167594645,-1.0,,,,,,,
1 month,2019-11-01,2019-12-03,G4,XLE,PSX,-0.04048954895582968,0.1943,0.022249766264993677,0.8197741258762448,,,,,,,
1 month,2019-11-01,2019-12-03,G1,XLE,EQT,-0.19472670689224447,,,,0.6548,1.0,1.1244389540681183,0.0776080419249072,0.03346751805243666,-1.0,-1.0
1 month,2019-11-01,2019-12-03,G3,XLE,WMB,-0.03014388129191936,,,,0.20920000000000002,1.0,1.0350714130520708,0.025259253670123195,0.0113994210439816,-1.0,-1.0
1 month,2019-11-01,2019-12-03,G2,XLP,HSY,0.04546973294610668,0.1783,0.020367210444291326,-1.0,,,,,,,
1 month,2019-11-01,2019-12-03,G4,XLP,PM,0.0,0.1841,0.021049640309260285,-1.0,,,,,,,
1 month,2019-11-01,2019-12-03,G3,XLP,CHD,0.008306117175172378,,,,0.21539999999999998,1.0,1.0361487577853892,0.025988710633311148,0.011726556428163075,-0.6803951803393453,-1.0
1 month,2019-11-01,2019-12-03,G2,XLU,DTE,-0.02354345395510038,0.162,0.018449343318567096,0.27611338509846606,,,,,,,
1 month,2019-11-01,2019-12-03,G4,XLU,PEG,-0.07143991514461567,0.15410000000000001,0.017519832608284224,3.077659686704738,,,,,,,
1 month,2019-11-01,2019-12-03,G1,XLU,PPL,0.01786247800461127,,,,0.1986,1.0,1.0332396567498683,0.024012094072231614,0.0108387341411117,-0.2561049464957734,-1.0
1 month,2019-11-01,2019-12-03,G3,XLU,PCG,0.32503883894382213,,,,1.7469999999999999,1.0,1.4759343141696952,0.20417784535750075,0.07726417028727472,0.5919398031392804,-1.0
1 month,2019-12-03,2020-01-03,G4,XLK,MSFT,0.06235321196563137,0.17059999999999997,0.01943883396345816,-1.0,,,,,,,
1 month,2019-12-03,2020-01-03,G1,XLK,AMD,0.24935723824558442,,,,0.4072,1.0,1.0717546137835077,0.04856585062321059,0.02155785832616214,4.134415130091669,7.238416904639452
1 month,2019-12-03,2020-01-03,G3,XLK,CSCO,0.08356222872425412,,,,0.21780000000000002,1.0,1.0366121301978584,0.026293281896758735,0.011853028668389649,2.178082867416988,2.9610212579342803
1 month,2019-12-03,2020-01-03,G2,XLY,HD,0.029580569872160067,0.2024,0.02318025229466781,-1.0,,,,,,,
1 month,2019-12-03,2020-01-03,G4,XLY,RCL,0.1300890054507413,0.24230000000000002,0.027874355245087204,-1.0,,,,,,,
1 month,2019-12-03,2020-01-03,G1,XLY,TSLA,0.3176977837369659,,,,0.38170000000000004,1.0,1.0667714098860763,0.045568720976033414,0.020282316839126204,5.971838948564235,11.371681984911728
1 month,2019-12-03,2020-01-03,G3,XLY,SBUX,0.04727675117404684,,,,0.1891,1.0,1.031653777840262,0.022916668141667866,0.010334735189790962,1.0629853729952403,0.5116955632513793
1 month,2019-12-03,2020-01-03,G4,XLV,MDT,0.030931586091707652,0.16879999999999998,0.01922705423201332,-1.0,,,,,,,
1 month,2019-12-03,2020-01-03,G1,XLV,DHR,0.052022011382488076,,,,0.2155,1.0,1.0362113083879976,0.02602268959091836,0.011731827895368842,0.9991020221308449,0.34767600884529015
1 month,2019-12-03,2020-01-03,G3,XLV,SYK,0.03493341806895667,,,,0.19390000000000002,1.0,1.0324765269936542,0.02348140930954909,0.010589564452535134,0.48770534206183114,-0.7679894119994481
1 month,2019-12-03,2020-01-03,G2,XLI,UBER,0.08097864729154525,0.4021,0.04666526241036489,-1.0,,,,,,,
1 month,2019-12-03,2020-01-03,G4,XLI,ETN,0.04113820853031758,0.19940000000000002,0.02282729387579458,-1.0,,,,,,,
1 month,2019-12-03,2020-01-03,G1,XLI,GE,0.09015931341109029,,,,0.3239,1.0,1.0557706395314224,0.038773179425621404,0.017355778698663636,1.3253010133987844,0.9813961952808179
1 month,2019-12-03,2020-01-03,G3,XLI,NOC,0.09284527728624448,,,,0.21059999999999998,1.0,1.0353594015236578,0.025446205259784627,0.011473342730405284,2.648688530897683,4.010385997643426
1 month,2019-12-03,2020-01-03,G2,XLC,MTCH,0.23205380561005162,0.41409999999999997,0.048075524109112255,-1.0,,,,,,,
1 month,2019-12-03,2020-01-03,G4,XLC,OMC,0.028141487812466615,0.2116,0.02426264540410808,-1.0,,,,,,,
1 month,2019-12-03,2020-01-03,G1,XLC,DIS,-0.008091859763829312,,,,0.2188,1.0,1.0367865895113355,0.02641093022586048,0.011905698977753216,-1.0,-1.0
1 month,2019-12-03,2020-01-03,G3,XLC,NWSA,0.13654312056911433,,,,0.4316,1.0,1.0765985160334697,0.05143311496990007,0.02276956912647348,1.6547705821244278,1.6326631041054176
1 month,2019-12-03,2020-01-03,G4,XLB,PPG,0.013519927062365378,0.1771,0.02020359497594525,-1.0,,,,,,,
1 month,2019-12-03,2020-01-03,G1,XLB,FCX,0.1721610260061437,,,,0.4189,1.0,1.074068020140425,0.04994080028171747,0.022139953334383292,2.44730210639354,3.4305877426299975
1 month,2019-12-03,2020-01-03,G3,XLB,CTVA,0.15212977523979787,,,,0.3602,1.0,1.0626320199656214,0.04304128251021451,0.019199483839242998,2.534508415349722,3.6614667364779168
1 month,2019-12-03,2020-01-03,G2,XLE,EQT,0.21933972763727083,0.6325999999999999,0.07372523990569727,-1.0,,,,,,,
1 month,2019-12-03,2020-01-03,G4,XLE,COP,0.1156388960022714,0.276,0.031838538106964576,-1.0,,,,,,,
1 month,2019-12-03,2020-01-03,G1,XLE,HAL,0.20135854368573192,,,,0.3624,1.0,1.063052991744814,0.04329992202392209,0.019310597083388895,3.650321161652127,6.162158235898847
1 month,2019-12-03,2020-01-03,G3,XLE,TRGP,0.14774610319764725,,,,0.3728,1.0,1.0650510343941668,0.04452252683036319,0.01983489654332437,2.3184572780556643,3.1691706645837003
1 month,2019-12-03,2020-01-03,G4,XLP,GIS,-0.031872832325398504,0.2376,0.027321445040933597,0.16658662371795807,,,,,,,
1 month,2019-12-03,2020-01-03,G1,XLP,KR,0.04782760466061342,,,,0.3307,1.0,1.057043871903019,0.03957278991723035,0.017702645692912015,0.20859825048091651,-1.0
1 month,2019-12-03,2020-01-03,G2,XLU,WEC,0.033646757970732466,0.1698,0.019344709615387357,-1.0,,,,,,,
1 month,2019-12-03,2020-01-03,G3,XLU,PCG,0.24061039547332874,,,,1.1173,1.0,1.2467529036822587,0.13163112254754106,0.05360471973274136,0.8279141802990222,-1.0
1 month,2020-01-03,2020-02-04,G4,XLK,AVGO,-0.008243435573210833,0.23920000000000002,0.027537506612788476,-0.7006469870666305,,,,,,,
1 month,2020-01-03,2020-02-04,G1,XLK,AMD,0.01748975957830501,,,,0.5488000000000001,1.0,1.1008637733612385,0.0651703892137039,0.028472225339067764,-0.7316302727462112,-1.0
1 month,2020-01-03,2020-02-04,G4,XLY,GM,-0.05368964492992012,0.23670000000000002,0.02724339134883422,0.9707401418002082,,,,,,,
1 month,2020-01-03,2020-02-04,G1,XLY,TSLA,1.0023475357849052,,,,0.5262,1.0,1.096034854906923,0.06251759018466799,0.02738748018335138,15.033048184104896,32.09222589338182
1 month,2020-01-03,2020-02-04,G4,XLV,JNJ,0.05073456321818748,0.175,0.019984007185847846,-1.0,,,,,,,
1 month,2020-01-03,2020-02-04,G1,XLV,BSX,-0.04668738318125576,,,,0.2291,1.0,1.0385347129309441,0.02759551631140021,0.01244729906894291,-1.0,-1.0
1 month,2020-01-03,2020-02-04,G3,XLV,MCK,0.09164738180803678,,,,0.3012,1.0,1.0515041456690912,0.036076810150618484,0.016192844233017215,1.5403404964411913,1.4790725805348974
1 month,2020-01-03,2020-02-04,G4,XLI,ETN,0.06042436014382324,0.2026,0.023231432098114232,-1.0,,,,,,,
1 month,2020-01-03,2020-02-04,G1,XLI,GE,0.050960698494212586,,,,0.3836,1.0,1.0670829307541665,0.045765535799000695,0.02037768352997846,0.11351692063715335,-1.0
1 month,2020-01-03,2020-02-04,G4,XLC,NWSA,-0.04097226936844123,0.3515,0.04074554685148538,0.00556435081807094,,,,,,,
1 month,2020-01-03,2020-02-04,G1,XLC,MTCH,-0.013911798748080795,,,,0.3614,1.0,1.0628047864064165,0.04315575322726596,0.01926009989623526,-1.0,-1.0
1 month,2020-01-03,2020-02-04,G4,XLB,PPG,-0.05520842196372422,0.2043,0.02343145018239928,1.3561675241592366,,,,,,,
1 month,2020-01-03,2020-02-04,G1,XLB,FCX,-0.05588622249633024,,,,0.4315,1.0,1.0765209976071952,0.05139502179786189,0.0227646205649169,-1.0,-1.0
1 month,2020-01-03,2020-02-04,G4,XLE,KMI,0.002263884422079032,0.2029,0.0232667294578379,-1.0,,,,,,,
1 month,2020-01-03,2020-02-04,G1,XLE,EOG,-0.1308942763165637,,,,0.3048,1.0,1.0521677302493824,0.03650020859523748,0.016377790596181777,-1.0,-1.0
1 month,2020-01-03,2020-02-04,G3,XLE,MPC,-0.08311860797883408,,,,0.3979,1.0,1.0698707355817463,0.04744638173055121,0.021093755343245014,-1.0,-1.0
1 month,2020-01-03,2020-02-04,G2,XLP,KDP,-0.004859437166080172,0.1963,0.022490182867145252,-0.7839307401462228,,,,,,,
1 month,2020-01-03,2020-02-04,G4,XLP,PEP,0.05596080113764179,0.1311,0.014818784085245335,-1.0,,,,,,,
1 month,2020-01-03,2020-02-04,G4,XLU,XEL,0.10561598445641085,0.185,0.02116062216247869,-1.0,,,,,,,
1 month,2020-01-03,2020-02-04,G1,XLU,CNP,-0.010078162286900949,,,,0.20199999999999999,1.0,1.0338156112031838,0.02440708827526369,0.011018768647148897,-1.0,-1.0
1 month,2020-01-03,2020-02-04,G3,XLU,VST,-0.04506046734960967,,,,0.23550000000000001,1.0,1.0396614882234656,0.028348466059401653,0.012782998955758546,-1.0,-1.0
1 month,2020-02-04,2020-03-05,G2,XLK,QCOM,-0.10266731530560314,0.38789999999999997,0.04499627900808176,1.2816845652317843,,,,,,,
1 month,2020-02-04,2020-03-05,G4,XLK,IBM,-0.12210580189819631,0.18239999999999998,0.020827168961385128,4.862813238063611,,,,,,,
1 month,2020-02-04,2020-03-05,G1,XLK,CRM,-0.09950071962689044,,,,0.3006,1.0,1.0514498696139998,0.03603309270343712,0.01616200086311695,-1.0,-1.0
1 month,2020-02-04,2020-03-05,G3,XLK,APH,-0.10034674859800707,,,,0.1911,1.0,1.0319962727804708,0.023151977342944167,0.01044095806818834,-1.0,-1.0
1 month,2020-02-04,2020-03-05,G2,XLY,F,-0.2657953534178453,0.3433,0.03975312023675342,5.686150718104045,,,,,,,
1 month,2020-02-04,2020-03-05,G4,XLY,MCD,-0.07016537567341463,0.14980000000000002,0.016991628391429956,3.1294085567928143,,,,,,,
1 month,2020-02-04,2020-03-05,G1,XLY,TSLA,-0.18321196901376602,,,,1.1531,1.0,1.2576752633725727,0.13579038454887893,0.05505901582937963,-1.0,-1.0
1 month,2020-02-04,2020-03-05,G3,XLY,RCL,-0.43700893079376135,,,,0.3175,1.0,1.054577365438544,0.03802057461288707,0.017028684825793738,-1.0,-1.0
1 month,2020-02-04,2020-03-05,G4,XLV,SYK,-0.12364212482855674,0.18760000000000002,0.021438975668554506,4.767165686460856,,,,,,,
1 month,2020-02-04,2020-03-05,G1,XLV,GILD,0.12952530573822996,,,,0.2867,1.0,1.0489029574693696,0.03439828010501576,0.015445941548975066,2.7654587770899437,4.219646080702033
1 month,2020-02-04,2020-03-05,G3,XLV,AMGN,-0.03689774760659503,,,,0.21960000000000002,1.0,1.0369262394651624,0.026505048665795873,0.011947824025847547,-1.0,-1.0
1 month,2020-02-04,2020-03-05,G4,XLI,ADP,-0.08668729682987597,0.18960000000000002,0.02167428523221466,2.999545816672742,,,,,,,
1 month,2020-02-04,2020-03-05,G1,XLI,UBER,-0.16402802738265643,,,,0.5476,1.0,1.1006644760765707,0.06505548188570107,0.028414804771116346,-1.0,-1.0
1 month,2020-02-04,2020-03-05,G3,XLI,MMM,-0.028357161230852967,,,,0.2162,1.0,1.0363332335253892,0.026105043937819306,0.011768723805356119,-1.0,-1.0
1 month,2020-02-04,2020-03-05,G2,XLC,LYV,-0.21890403674404213,0.2964,0.03423792297207223,5.393613214288773,,,,,,,
1 month,2020-02-04,2020-03-05,G4,XLC,CHTR,-0.050042285569463996,0.19949999999999998,0.022839059185489976,1.1910834926710425,,,,,,,
1 month,2020-02-04,2020-03-05,G1,XLC,NFLX,0.010216495254603997,,,,0.3417,1.0,1.0591152864804192,0.040866205036641005,0.01826229654228379,-0.7500013704369227,-1.0
1 month,2020-02-04,2020-03-05,G3,XLC,CMCSA,-0.07926825390077241,,,,0.2043,1.0,1.0342681208422697,0.024705001901187944,0.011140454054556825,-1.0,-1.0
1 month,2020-02-04,2020-03-05,G2,XLB,FCX,-0.17026566866361037,0.4205,0.048827606991609755,2.487077887983898,,,,,,,
1 month,2020-02-04,2020-03-05,G4,XLB,CTVA,-0.11337167714355878,0.2942,0.03397917785495694,2.336504421251614,,,,,,,
1 month,2020-02-04,2020-03-05,G1,XLB,APD,-0.05297687195061396,,,,0.1801,1.0,1.030118147700411,0.02185777178328328,0.009855952650786199,-1.0,-1.0
1 month,2020-02-04,2020-03-05,G3,XLB,DD,-0.18992419531472882,,,,0.2887,1.0,1.049268013049706,0.03463351224326108,0.015549151591144911,-1.0,-1.0
1 month,2020-02-04,2020-03-05,G2,XLE,EQT,0.11648321252573002,0.8581,0.10012064028758302,-1.0,,,,,,,
1 month,2020-02-04,2020-03-05,G3,XLE,PSX,-0.18051947117166223,,,,0.262,1.0,1.0444332835483663,0.03149297551425331,0.014166287017692198,-1.0,-1.0
1 month,2020-02-04,2020-03-05,G2,XLP,TGT,-0.058957276721867236,0.33039999999999997,0.03823630343751665,0.5419188420818852,,,,,,,
1 month,2020-02-04,2020-03-05,G4,XLP,GIS,0.03330143730695578,0.19149999999999998,0.021897828863954305,-1.0,,,,,,,
1 month,2020-02-04,2020-03-05,G1,XLP,CL,-0.04058373265895254,,,,0.1686,1.0,1.0281692408072505,0.020504733419859963,0.009242313092534059,-1.0,-1.0
1 month,2020-02-04,2020-03-05,G3,XLP,SYY,-0.09872081172976521,,,,0.171,1.0,1.0285747413342676,0.020787106406181158,0.00937054989054948,-1.0,-1.0
1 month,2020-02-04,2020-03-05,G2,XLU,VST,-0.06352121715174164,0.2696,0.03108574063248742,1.0434197757333217,,,,,,,
1 month,2020-02-04,2020-03-05,G4,XLU,PCG,-0.09970168804387514,0.7696999999999999,0.08978412231399603,0.11046012896573298,,,,,,,
1 month,2020-02-04,2020-03-05,G1,XLU,WEC,0.051468029350954625,,,,0.1671,1.0,1.0279161312843879,0.0203282504978763,0.009162118705653043,1.5318474581140884,1.5705733382427245
1 month,2020-03-05,2020-04-03,G3,XLK,CSCO,-0.0035297517708992032,,,,0.4397,1.0,1.0773876597974361,0.052003844828899755,0.023169927172271506,-1.0,-1.0
1 month,2020-03-05,2020-04-03,G2,XLY,F,-0.3709199129385907,0.49939999999999996,0.05851548171597866,5.338833793404536,,,,,,,
1 month,2020-03-05,2020-04-03,G4,XLY,TJX,-0.3124056428909605,0.39039999999999997,0.04570424745924398,5.835374396428761,,,,,,,
1 month,2020-03-05,2020-04-03,G3,XLY,RCL,-0.6292186177752319,,,,0.9689,1.0,1.2028982655984988,0.11399893467582026,0.047422409055918734,-1.0,-1.0
1 month,2020-03-05,2020-04-03,G2,XLV,CVS,-0.13424481080697426,0.40130000000000005,0.04698592431079999,1.8571282309778305,,,,,,,
1 month,2020-03-05,2020-04-03,G1,XLV,GILD,0.036888979587059056,,,,0.5047999999999999,1.0,1.0907366946508654,0.059653410284746765,0.026353824615757304,-0.3816115556348756,-1.0
1 month,2020-03-05,2020-04-03,G3,XLV,BSX,-0.16791241756292363,,,,0.41609999999999997,1.0,1.0726811073455804,0.04922958800701477,0.022000828307606534,-1.0,-1.0
1 month,2020-03-05,2020-04-03,G3,XLI,BA,-0.5217575028680921,,,,0.6463,1.0,1.1216718606142457,0.07626167856855443,0.0330724884676261,-1.0,-1.0
1 month,2020-03-05,2020-04-03,G2,XLC,MTCH,-0.043687084213545724,0.5049,0.05916156777179856,-0.26156310829932594,,,,,,,
1 month,2020-03-05,2020-04-03,G4,XLC,T,-0.26143086573313434,0.2614,0.03052819808257728,7.563586525021117,,,,,,,
1 month,2020-03-05,2020-04-03,G3,XLC,LYV,-0.3945897343023834,,,,0.6563,1.0,1.1239609732852904,0.07743430870625916,0.033537130295628916,-1.0,-1.0
1 month,2020-03-05,2020-04-03,G2,XLB,LIN,-0.17495299072861248,0.3691,0.04319936768010552,3.049897026830396,,,,,,,
1 month,2020-03-05,2020-04-03,G1,XLB,NEM,-0.09466229578745522,,,,0.4818,1.0,1.0859584411070469,0.05695135303545922,0.02523576872145911,-1.0,-1.0
1 month,2020-03-05,2020-04-03,G3,XLB,DD,-0.24870318955524418,,,,0.5136,1.0,1.0925830168659272,0.060687072374034166,0.026779648958060794,-1.0,-1.0
1 month,2020-03-05,2020-04-03,G2,XLE,OXY,-0.5745254386888434,0.6406999999999999,0.0751013483621832,6.6500016473491455,,,,,,,
1 month,2020-03-05,2020-04-03,G3,XLE,HAL,-0.48371774031324766,,,,0.7092,1.0,1.136303699485516,0.08363483649297188,0.03597330399904401,-1.0,-1.0
1 month,2020-03-05,2020-04-03,G4,XLP,GIS,0.044383304981221894,0.3592,0.042034989632349196,-1.0,,,,,,,
1 month,2020-03-05,2020-04-03,G3,XLP,SYY,-0.40976893521702906,,,,0.4341,1.0,1.0762645270071005,0.0513455987261323,0.022893236604654223,-1.0,-1.0
1 month,2020-03-05,2020-04-03,G4,XLU,NEE,-0.19742190229374357,0.3611,0.04225846274179381,3.6717719832835396,,,,,,,
1 month,2020-03-05,2020-04-03,G3,XLU,PCG,-0.4741378639166215,,,,0.8238,1.0,1.1644274407420805,0.09705051124035065,0.04112799579566687,-1.0,-1.0
1 month,2020-04-03,2020-05-05,G2,XLK,NOW,0.48511432016248657,0.6873999999999999,0.0808214145755232,-1.0,,,,,,,
1 month,2020-04-03,2020-05-05,G3,XLK,APH,0.2605964321786729,,,,0.5764,1.0,1.1055663869350116,0.06784820817806476,0.029787469003766436,2.840874198103339,4.20453903700441
1 month,2020-04-03,2020-05-05,G3,XLY,RCL,0.5252153570246958,,,,1.6484,1.0,1.432665049713656,0.19241672593684167,0.07381317511159263,1.7295722576481785,0.25384536258086565
1 month,2020-04-03,2020-05-05,G2,XLV,MCK,0.06422823792304766,0.5898,0.06937214436181605,-1.0,,,,,,,
1 month,2020-04-03,2020-05-05,G4,XLV,VRTX,0.14275519013971438,0.45909999999999995,0.05401914826007042,-1.0,,,,,,,
1 month,2020-04-03,2020-05-05,G1,XLV,GILD,0.011890705471896634,,,,0.8553000000000001,1.0,1.1719833665139814,0.10052839586058228,0.042516110840833295,-0.8817179427752215,-1.0
1 month,2020-04-03,2020-05-05,G3,XLV,SYK,0.26919659162551235,,,,0.6486,1.0,1.1217019318785653,0.07632072561627595,0.03317947289935338,2.527175474968286,3.4453587371432137
1 month,2020-04-03,2020-05-05,G3,XLI,BA,0.007067177212789488,,,,1.2551,1.0,1.2884989977950116,0.1470835453814077,0.05912610198177261,-0.9519512723570586,-1.0
1 month,2020-04-03,2020-05-05,G2,XLC,MTCH,0.2574566967985965,0.9120999999999999,0.10711693798454051,-1.0,,,,,,,
1 month,2020-04-03,2020-05-05,G3,XLC,LYV,0.19898720184396357,,,,1.327,1.0,1.3124781436020245,0.1554096329659633,0.06192668643996806,0.2804045543788414,-1.0
1 month,2020-04-03,2020-05-05,G3,XLB,FCX,0.3924051742853678,,,,1.2043000000000001,1.0,1.2721472670405136,0.14119149092955097,0.057114531090000725,1.7792409563913631,1.1055571139217162
1 month,2020-04-03,2020-05-05,G3,XLE,TRGP,0.9830522271915696,,,,1.8235,1.0,1.5080908210659478,0.2124144448204467,0.07988197103836148,3.6279914156616835,4.945789768977188
1 month,2020-04-03,2020-05-05,G4,XLP,WMT,0.04394017969983777,0.3579,0.04211815408216007,-1.0,,,,,,,
1 month,2020-04-03,2020-05-05,G3,XLP,SYY,0.2794940772757566,,,,0.9561,1.0,1.1988413267806517,0.11230304180578088,0.04687726718972507,1.4887489491078894,0.7205087952051703
1 month,2020-04-03,2020-05-05,G2,XLU,VST,0.18256463653321875,0.8826,0.10367042504486178,-1.0,,,,,,,
1 month,2020-04-03,2020-05-05,G3,XLU,PCG,0.4892812492448102,,,,1.8603999999999998,1.0,1.524975710541647,0.2166124085574609,0.081126476162886,1.2587868003647555,-1.0
1 month,2020-05-05,2020-06-04,G4,XLK,NOW,0.017024620462623652,0.4635,0.05451317698164424,-1.0,,,,,,,
1 month,2020-05-05,2020-06-04,G3,XLK,LRCX,0.20192709712236923,,,,0.5715,1.0,1.1045441187207223,0.06729351052780777,0.029554723067149905,2.000691976664326,2.2950056131599497
1 month,2020-05-05,2020-06-04,G4,XLY,ORLY,0.06012091079585802,0.38079999999999997,0.04478907413735018,-1.0,,,,,,,
1 month,2020-05-05,2020-06-04,G1,XLY,CMG,0.19687895581194703,,,,0.3774,1.0,1.0646886468380736,0.04448226747100758,0.020066292189413363,3.4260098912508843,5.5876798626312585
1 month,2020-05-05,2020-06-04,G3,XLY,RCL,0.5508063269759282,,,,1.3386000000000002,1.0,1.3164970801088256,0.1567700819349375,0.062373494962676954,2.5134658359400697,2.7565515129031772
1 month,2020-05-05,2020-06-04,G4,XLV,PFE,-0.055599284374509006,0.24739999999999998,0.029090845813548778,0.9112295576024185,,,,,,,
1 month,2020-05-05,2020-06-04,G1,XLV,GILD,-0.020217495737195335,,,,0.5213,1.0,1.093770728543041,0.061398121833278904,0.027151362744845954,-1.0,-1.0
1 month,2020-05-05,2020-06-04,G3,XLV,MCK,0.1975893511911193,,,,0.451,1.0,1.0792357228251845,0.053136967853160966,0.023726886049388243,2.7184912721617627,3.9881652450969742
1 month,2020-05-05,2020-06-04,G3,XLI,BA,0.4696969761497465,,,,0.8462999999999999,1.0,1.1697122880192956,0.09949592640574345,0.042120750262271994,3.720765895824986,6.122016731956229
1 month,2020-05-05,2020-06-04,G4,XLC,TTWO,0.018438678010072707,0.4916,0.05781558116049129,-1.0,,,,,,,
1 month,2020-05-05,2020-06-04,G1,XLC,MTCH,0.14082401009011392,,,,0.616,1.0,1.114375904193931,0.07251660723912258,0.031656536706706234,0.9419553044690643,-0.16452939431684355
1 month,2020-05-05,2020-06-04,G3,XLC,LYV,0.32844723529697206,,,,0.9737,1.0,1.2037480574676003,0.11437618226360849,0.04762634162190156,1.87164013343253,1.61828168158159
1 month,2020-05-05,2020-06-04,G1,XLB,NEM,-0.13510969997522826,,,,0.45740000000000003,1.0,1.0805327756923695,0.05388928545275248,0.024041525573837846,-1.0,-1.0
1 month,2020-05-05,2020-06-04,G3,XLB,LYB,0.348222167322392,,,,0.6315999999999999,1.0,1.1178863011724585,0.07434693999286557,0.032387065013506536,3.683745791767728,6.111970969085197
1 month,2020-05-05,2020-06-04,G3,XLE,OXY,0.015013131027197701,,,,0.9725,1.0,1.2034154041711758,0.11423619195549882,0.047575383774604366,-0.8685781557472945,-1.0
1 month,2020-05-05,2020-06-04,G4,XLP,GIS,0.015883689443676463,0.2815,0.03310490203162349,-1.0,,,,,,,
1 month,2020-05-05,2020-06-04,G1,XLP,KDP,0.08225451896355729,,,,0.3652,1.0,1.0623420257643041,0.04304715369324936,0.019451910939017537,0.910800410863317,0.023677995528536
1 month,2020-05-05,2020-06-04,G3,XLP,SYY,0.15927972374458932,,,,0.5756,1.0,1.1054388041869714,0.06777485705568102,0.02974949192841242,1.3501299842466903,0.8098097166559317
1 month,2020-05-05,2020-06-04,G3,XLU,CNP,0.11106180095974616,,,,0.5949,1.0,1.109680712223281,0.07004039151520491,0.03066327270669457,0.5856821836245163,-0.954959512975808
1 month,2020-06-04,2020-07-06,G4,XLK,IBM,-0.0674994105984934,0.26030000000000003,0.030596385353180166,1.2061236913881923,,,,,,,
1 month,2020-06-04,2020-07-06,G1,XLK,NOW,0.10476194042251397,,,,0.4058,1.0,1.0702484712415177,0.04783460814216948,0.02148807346179115,1.1900867278174525,0.6061686145277831
1 month,2020-06-04,2020-07-06,G4,XLY,GM,-0.11762682288761017,0.4585,0.05391211162875307,1.181825555222288,,,,,,,
1 month,2020-06-04,2020-07-06,G1,XLY,TSLA,0.5867790139569122,,,,0.5826,1.0,1.1069988213952413,0.06860847261642859,0.03008149719471868,7.552573633834337,14.949345521469075
1 month,2020-06-04,2020-07-06,G3,XLY,MAR,-0.14300708780267335,,,,0.5236999999999999,1.0,1.0943052145679677,0.06169199208879813,0.027267053613926267,-1.0,-1.0
1 month,2020-06-04,2020-07-06,G2,XLV,GILD,-0.0012468118834328967,0.3456,0.04063498029349402,-0.9693167838540193,,,,,,,
1 month,2020-06-04,2020-07-06,G4,XLV,UNH,0.02024363111284555,0.31,0.03644601991000221,-1.0,,,,,,,
1 month,2020-06-04,2020-07-06,G3,XLV,AMGN,0.16013199858360272,,,,0.2737,1.0,1.0453397480203637,0.032292229408272956,0.014773596985949104,3.9588399908548393,6.7700948978380655
1 month,2020-06-04,2020-07-06,G4,XLI,ADP,0.010963275763545388,0.3109,0.036551932748595556,-1.0,,,,,,,
1 month,2020-06-04,2020-07-06,G3,XLI,BA,0.019587631853363208,,,,0.6809000000000001,1.0,1.12922922553396,0.0801404975567356,0.03467455773723128,-0.7555838502313261,-1.0
1 month,2020-06-04,2020-07-06,G4,XLC,FOX,-0.11404241555086947,0.8072,0.09481523909385281,0.2027857192659155,,,,,,,
1 month,2020-06-04,2020-07-06,G1,XLC,MTCH,0.03633173416264923,,,,0.4546,1.0,1.0799913055876549,0.05357219761029795,0.023903942385258583,-0.3218173645416139,-1.0
1 month,2020-06-04,2020-07-06,G3,XLC,OMC,-0.03413396744721242,,,,0.37979999999999997,1.0,1.0651786851773992,0.044776724681391496,0.02018689741717468,-1.0,-1.0
1 month,2020-06-04,2020-07-06,G2,XLB,NEM,0.09445460748989198,0.4334,0.05096142926576331,-1.0,,,,,,,
1 month,2020-06-04,2020-07-06,G4,XLB,NUE,-0.05762618484130222,0.3892,0.04576382724508765,0.2592081630910328,,,,,,,
1 month,2020-06-04,2020-07-06,G4,XLE,CVX,-0.08007871011803092,0.3417,0.04017612698127181,0.99319138341433,,,,,,,
1 month,2020-06-04,2020-07-06,G1,XLE,OXY,0.16980384386764413,,,,0.7778,1.0,1.1524754110154403,0.0914927810228802,0.039078825320633157,0.8559261394096238,-0.556577437780491
1 month,2020-06-04,2020-07-06,G3,XLE,EQT,-0.048951115064030826,,,,0.6743000000000001,1.0,1.1276947148666292,0.07936669228533152,0.03437017197264601,-1.0,-1.0
1 month,2020-06-04,2020-07-06,G4,XLP,KMB,0.0363781097457101,0.22010000000000002,0.02586374060774864,-1.0,,,,,,,
1 month,2020-06-04,2020-07-06,G1,XLP,KDP,0.010262075025399442,,,,0.2707,1.0,1.0447982552784603,0.03193910585893481,0.014618075570518372,-0.6786987378192786,-1.0
1 month,2020-06-04,2020-07-06,G3,XLP,HSY,-0.0298284239684532,,,,0.2378,1.0,1.0389286857483422,0.02806614579616894,0.012903486404705917,-1.0,-1.0
1 month,2020-06-04,2020-07-06,G4,XLU,SRE,-0.056543561883579785,0.3275,0.0385053252720692,0.4684608293542982,,,,,,,
1 month,2020-06-04,2020-07-06,G1,XLU,PCG,-0.22914921410330602,,,,0.7229000000000001,1.0,1.1391388885227838,0.08506301018062151,0.03659830635265708,-1.0,-1.0
1 month,2020-06-04,2020-07-06,G3,XLU,ED,-0.023119386966929056,,,,0.2682,1.0,1.0443478157292625,0.031644831736975146,0.014488369590638673,-1.0,-1.0
1 month,2020-07-06,2020-08-04,G2,XLK,AMD,0.5925093349354109,0.5832999999999999,0.06857754447275215,-1.0,,,,,,,
1 month,2020-07-06,2020-08-04,G4,XLK,KLAC,0.006434593604667027,0.45840000000000003,0.05390569887029118,-1.0,,,,,,,
1 month,2020-07-06,2020-08-04,G1,XLK,CRM,0.0186626944694257,,,,0.33030000000000004,1.0,1.0557446062113067,0.0389484139052259,0.017682260836433924,-0.5208355720251403,-1.0
1 month,2020-07-06,2020-08-04,G3,XLK,IBM,0.047008976701275795,,,,0.3814,1.0,1.0654777590547582,0.044960058944396905,0.02026725412126154,0.045571954418759386,-1.0
1 month,2020-07-06,2020-08-04,G4,XLY,ORLY,0.11046401123554839,0.35710000000000003,0.04199321668786149,-1.0,,,,,,,
1 month,2020-07-06,2020-08-04,G1,XLY,TSLA,0.08415109525209274,,,,0.9364,1.0,1.1935346510529607,0.11003007291215507,0.046034486354629416,-0.23519913215656307,-1.0
1 month,2020-07-06,2020-08-04,G3,XLY,RCL,-0.017793000263405245,,,,0.9729000000000001,1.0,1.2035440682929779,0.1142896313200072,0.04759237159643334,-1.0,-1.0
1 month,2020-07-06,2020-08-04,G4,XLV,TMO,0.08750357135811004,0.2869,0.03373262781287534,-1.0,,,,,,,
1 month,2020-07-06,2020-08-04,G3,XLV,SYK,0.029363725743096536,,,,0.3972,1.0,1.068551766484277,0.046818373448240615,0.021058772108299935,-0.3728161920114723,-1.0
1 month,2020-07-06,2020-08-04,G2,XLI,UBER,0.004920044439111093,0.7979,0.09373248638806916,-1.0,,,,,,,
1 month,2020-07-06,2020-08-04,G3,XLI,RTX,-0.09175628993991525,,,,0.47240000000000004,1.0,1.083609180645454,0.05565956293048475,0.024776686878785432,-1.0,-1.0
1 month,2020-07-06,2020-08-04,G2,XLC,FOX,0.00678467986768716,1.0717,0.12569534509340277,-1.0,,,,,,,
1 month,2020-07-06,2020-08-04,G4,XLC,GOOGL,-0.017570602167374383,0.332,0.03904008927465693,-0.5499343753094215,,,,,,,
1 month,2020-07-06,2020-08-04,G1,XLC,NFLX,0.032056867347247,,,,0.5207,1.0,1.0936601504153152,0.06133480835937594,0.027122427565484608,-0.4773462540321671,-1.0
1 month,2020-07-06,2020-08-04,G3,XLC,LYV,0.050593912964818744,,,,0.6478,1.0,1.1215837557228068,0.07625433584660983,0.033142268846458114,-0.33651100094043984,-1.0
1 month,2020-07-06,2020-08-04,G4,XLB,VMC,0.004849225164187176,0.42469999999999997,0.04994384872756046,-1.0,,,,,,,
1 month,2020-07-06,2020-08-04,G1,XLB,NEM,0.14825111261778723,,,,0.46299999999999997,1.0,1.081687965746705,0.05455474602605755,0.024316358310863137,1.7174741597546177,1.7373813965122356
1 month,2020-07-06,2020-08-04,G3,XLB,ECL,-0.06156725956491749,,,,0.2983,1.0,1.049809525324833,0.035182701294856886,0.016043717676910842,-1.0,-1.0
1 month,2020-07-06,2020-08-04,G1,XLE,OXY,-0.13421361725299497,,,,0.7987000000000001,1.0,1.1576574059354074,0.09393446587968433,0.040013133578403595,-1.0,-1.0
1 month,2020-07-06,2020-08-04,G3,XLE,OKE,0.06614001810148484,,,,0.9465,1.0,1.1962829114855889,0.1112090495802925,0.04646714497773969,-0.40526406483015653,-1.0
1 month,2020-07-06,2020-08-04,G4,XLP,CL,0.05137028913845709,0.2349,0.027611424169755646,-1.0,,,,,,,
1 month,2020-07-06,2020-08-04,G1,XLP,KR,0.04921443696625949,,,,0.289,1.0,1.0481074519743567,0.03408814913018803,0.015564627873368249,0.44374036790034643,-0.9288781588028255
1 month,2020-07-06,2020-08-04,G3,XLP,SYY,0.006510436345971149,,,,0.5386,1.0,1.097462117952544,0.0634373264808387,0.02798352048149342,-0.897372151269054,-1.0
1 month,2020-07-06,2020-08-04,G2,XLU,PCG,-0.012021708301250267,0.7134,0.08383682373346273,-0.8566058711924712,,,,,,,
1 month,2020-07-06,2020-08-04,G1,XLU,CNP,-0.005611980260586513,,,,0.392,1.0,1.0675366717856114,0.04620680225166468,0.020798673776576362,-1.0,-1.0
1 month,2020-07-06,2020-08-04,G3,XLU,ED,0.03830376184322026,,,,0.3006,1.0,1.0502320458618126,0.0354533874516101,0.016162000863116897,0.08039780107050531,-1.0
1 month,2020-08-04,2020-09-02,G4,XLK,AVGO,0.14196539455959356,0.379,0.04458617677478191,-1.0,,,,,,,
1 month,2020-08-04,2020-09-02,G1,XLK,AMD,0.0609125146920122,,,,0.5855,1.0,1.1075902327002618,0.06892913412725869,0.03021884787450291,-0.11630233770884335,-1.0
1 month,2020-08-04,2020-09-02,G3,XLK,IBM,0.03193217177328744,,,,0.2346,1.0,1.0383218058407302,0.027668791599963126,0.012735829443592991,0.154086243987974,-1.0
1 month,2020-08-04,2020-09-02,G2,XLY,TJX,0.06475238699353802,0.36950000000000005,0.04346868601751794,-1.0,,,,,,,
1 month,2020-08-04,2020-09-02,G4,XLY,HD,0.07781591736334548,0.29309999999999997,0.03447895406899814,-1.0,,,,,,,
1 month,2020-08-04,2020-09-02,G1,XLY,TSLA,0.5042704087334045,,,,0.6701999999999999,1.0,1.1266982362279054,0.07886640841102631,0.03418079716054513,5.39398216418465,10.046324365463612
1 month,2020-08-04,2020-09-02,G3,XLY,RCL,0.3916140485921784,,,,0.8847,1.0,1.179683433112607,0.10397711203971147,0.043800739992945655,2.766348582970945,3.8385167810795933
1 month,2020-08-04,2020-09-02,G2,XLV,GILD,-0.05770328820276138,0.2912,0.034255330270582994,0.6845053819934834,,,,,,,
1 month,2020-08-04,2020-09-02,G4,XLV,UNH,0.05169122702414408,0.30329999999999996,0.035679416640500124,-1.0,,,,,,,
1 month,2020-08-04,2020-09-02,G3,XLV,LLY,-0.02951873152319484,,,,0.2992,1.0,1.0499419916086619,0.035273075753921836,0.01609001190034272,-1.0,-1.0
1 month,2020-08-04,2020-09-02,G2,XLI,BA,0.05882347503630059,0.503,0.0591640301299301,-1.0,,,,,,,
1 month,2020-08-04,2020-09-02,G4,XLI,ETN,0.12336896797905106,0.3017,0.03549111376501141,-1.0,,,,,,,
1 month,2020-08-04,2020-09-02,G1,XLI,LMT,0.05955098476466736,,,,0.3184,1.0,1.0534903293341427,0.03753262018018013,0.01707471942213236,0.5866460822288782,-0.6450509504320825
1 month,2020-08-04,2020-09-02,G3,XLI,GE,0.04885983818803186,,,,0.4921,1.0,1.087638286722698,0.05795946061348982,0.02573737899086172,-0.1569997775883366,-1.0
1 month,2020-08-04,2020-09-02,G4,XLC,CMCSA,0.04535993174219466,0.263,0.030935992556351353,-1.0,,,,,,,
1 month,2020-08-04,2020-09-02,G1,XLC,MTCH,0.09221899207269346,,,,0.5872999999999999,1.0,1.1079861216124096,0.06914042638479785,0.03030404283284453,0.3337926433871401,-1.0
1 month,2020-08-04,2020-09-02,G3,XLC,FOXA,0.05407124123582596,,,,0.5206000000000001,1.0,1.0936048713500737,0.06130792689707929,0.027117604550764257,-0.11803833578326628,-1.0
1 month,2020-08-04,2020-09-02,G4,XLB,SHW,0.07629541690330965,0.24850000000000003,0.02922904067148554,-1.0,,,,,,,
1 month,2020-08-04,2020-09-02,G1,XLB,NEM,-0.03871891818688744,,,,0.4382,1.0,1.0766394616641197,0.05162415394713279,0.023095857598116065,-1.0,-1.0
1 month,2020-08-04,2020-09-02,G3,XLB,ECL,0.10495988703803727,,,,0.2823,1.0,1.046854852768325,0.033283984726110896,0.015218666068282502,2.153465184584626,2.818010987888743
1 month,2020-08-04,2020-09-02,G2,XLE,OXY,-0.21219806610291703,0.7333,0.08618586342047152,1.4620982801747284,,,,,,,
1 month,2020-08-04,2020-09-02,G1,XLE,EQT,-0.05757172478928907,,,,0.6873,1.0,1.1306766290040373,0.08087127637418597,0.034969177147361315,-1.0,-1.0
1 month,2020-08-04,2020-09-02,G3,XLE,FANG,-0.10813229813346614,,,,0.6527,1.0,1.1226692102470976,0.07681415418119734,0.033370011126413024,-1.0,-1.0
1 month,2020-08-04,2020-09-02,G4,XLP,GIS,-0.018861782235486735,0.2192,0.02577944293244887,-0.2683401931953612,,,,,,,
1 month,2020-08-04,2020-09-02,G1,XLP,CHD,0.024560811408935068,,,,0.251,1.0,1.041225759814366,0.029599540901511893,0.013593402290265455,-0.17022998800361622,-1.0
1 month,2020-08-04,2020-09-02,G3,XLP,SYY,0.1243763329229799,,,,0.47619999999999996,1.0,1.0843551774572988,0.05609094595156641,0.024962423030579717,1.217404802378923,0.6032560387528905
1 month,2020-08-04,2020-09-02,G2,XLU,PCG,0.02544260622758765,0.4446,0.052300377429179506,-1.0,,,,,,,
1 month,2020-08-04,2020-09-02,G4,XLU,AEE,-0.023847519957983843,0.3173,0.037326985647441906,-0.361118516688523,,,,,,,
1 month,2020-08-04,2020-09-02,G3,XLU,VST,0.02825123067281088,,,,0.4113,1.0,1.0712876155117492,0.048461203658324986,0.021762065249165918,-0.41703406972728707,-1.0
1 month,2020-09-02,2020-10-02,G2,XLK,LRCX,-0.09020002316450715,0.49439999999999995,0.058149065469236656,0.5511861185839144,,,,,,,
1 month,2020-09-02,2020-10-02,G4,XLK,TXN,-0.04436498763006491,0.2962,0.03483943566491387,0.2734129236985321,,,,,,,
1 month,2020-09-02,2020-10-02,G1,XLK,CRM,-0.10423229230395537,,,,0.4891,1.0,1.0870252778403602,0.05761093122137869,0.025591432517926345,-1.0,-1.0
1 month,2020-09-02,2020-10-02,G3,XLK,AMAT,-0.10556262305880593,,,,0.44880000000000003,1.0,1.0787821926465078,0.05287433067901599,0.023618594215379332,-1.0,-1.0
1 month,2020-09-02,2020-10-02,G4,XLY,RCL,-0.045487668446126284,0.7905,0.09287932680556439,-0.5102498046594244,,,,,,,
1 month,2020-09-02,2020-10-02,G1,XLY,TSLA,-0.07215510326618979,,,,1.2770000000000001,1.0,1.2957424492532632,0.14963645942614134,0.05998485288990331,-1.0,-1.0
1 month,2020-09-02,2020-10-02,G2,XLV,GILD,-0.059419072260689654,0.2756,0.03241480401829531,0.8330844211537667,,,,,,,
1 month,2020-09-02,2020-10-02,G4,XLV,BSX,-0.08879943264620305,0.3034,0.03568680916486828,1.488298470058266,,,,,,,
1 month,2020-09-02,2020-10-02,G1,XLV,ABT,-0.026864188866469796,,,,0.2671,1.0,1.0441155261292414,0.03149891968034646,0.014431268751304233,-1.0,-1.0
1 month,2020-09-02,2020-10-02,G3,XLV,ABBV,-0.08334201133700547,,,,0.2586,1.0,1.042590631400104,0.030498334645365287,0.013989411549035494,-1.0,-1.0
1 month,2020-09-02,2020-10-02,G4,XLI,UNP,0.0003567471997827365,0.311,0.03658121770863832,-1.0,,,,,,,
1 month,2020-09-02,2020-10-02,G1,XLI,DE,0.03893227163128987,,,,0.3574,1.0,1.0608425199583658,0.04212549040606695,0.019057963879635775,-0.07580253058174968,-1.0
1 month,2020-09-02,2020-10-02,G3,XLI,ADP,-0.020244901893192502,,,,0.32770000000000005,1.0,1.0552335309910088,0.03863106284046427,0.017549701150018557,-1.0,-1.0
1 month,2020-09-02,2020-10-02,G4,XLC,VZ,-0.021311676052776063,0.1855,0.021806941113404626,-0.02271134947597364,,,,,,,
1 month,2020-09-02,2020-10-02,G1,XLC,LYV,-0.05474960103801929,,,,0.5625,1.0,1.102578993467518,0.06623285285005955,0.029126380079738796,-1.0,-1.0
1 month,2020-09-02,2020-10-02,G3,XLC,FOX,0.006430686231884364,,,,,,,,,,
1 month,2020-09-02,2020-10-02,G2,XLB,MLM,0.1316272148729567,0.3618,0.04255846605026464,-1.0,,,,,,,
1 month,2020-09-02,2020-10-02,G4,XLB,NUE,-0.021396547794488407,0.325,0.038228697955483885,-0.44030142435392283,,,,,,,
1 month,2020-09-02,2020-10-02,G1,XLB,PKG,0.019647612298792305,,,,0.3446,1.0,1.0584121222379979,0.04061956421115419,0.018409541587399214,-0.5163017457140248,-1.0
1 month,2020-09-02,2020-10-02,G3,XLB,ECL,-0.050968962402533124,,,,0.2944,1.0,1.0490703651248428,0.03471224051204848,0.015842968143789746,-1.0,-1.0
1 month,2020-09-02,2020-10-02,G2,XLE,OXY,-0.20325281623621472,0.6747,0.07931330524780815,1.5626572439664113,,,,,,,
1 month,2020-09-02,2020-10-02,G1,XLE,HAL,-0.3039998704880188,,,,0.5193,1.0,1.0933393977867198,0.06115919478892569,0.027054892750716878,-1.0,-1.0
1 month,2020-09-02,2020-10-02,G3,XLE,PSX,-0.1497085787600444,,,,0.4764,1.0,1.0844051857707135,0.05611845513657126,0.02497219297926019,-1.0,-1.0
1 month,2020-09-02,2020-10-02,G4,XLP,PM,-0.05428089158036509,0.26039999999999996,0.03062557300313729,0.7724041138692999,,,,,,,
1 month,2020-09-02,2020-10-02,G1,XLP,TGT,0.061799104788038406,,,,0.2926,1.0,1.048740971369309,0.03450038899709583,0.01575023704160394,0.7912582027188326,-0.17092464169036792
1 month,2020-09-02,2020-10-02,G4,XLU,DTE,-0.04401223855834202,0.3011,0.03541612449723431,0.24271752438014382,,,,,,,
1 month,2020-09-02,2020-10-02,G3,XLU,AEP,0.062134112606658354,,,,0.2675,1.0,1.0441874935692559,0.03154600489750161,0.014452034829693977,0.9696349128373898,0.24180568680394
1 month,2020-10-02,2020-11-02,G2,XLK,AMAT,0.03642013753569495,0.4294,0.050515546373536314,-1.0,,,,,,,
1 month,2020-10-02,2020-11-02,G1,XLK,ORCL,-0.03657013082371019,,,,0.2836,1.0,1.047086826602688,0.033434949642488075,0.015285846200292708,-1.0,-1.0
1 month,2020-10-02,2020-11-02,G2,XLY,BKNG,-0.06230162113533222,0.4006,0.047128899112195526,0.32194093876490437,,,,,,,
1 month,2020-10-02,2020-11-02,G4,XLY,MCD,-0.045403545887015784,0.2384,0.028042157541913814,0.6191174241551272,,,,,,,
1 month,2020-10-02,2020-11-02,G1,XLY,TJX,-0.10220390158253667,,,,0.3788,1.0,1.064937213348616,0.04463681470228705,0.02013665547570394,-1.0,-1.0
1 month,2020-10-02,2020-11-02,G2,XLV,CVS,0.012844313421644493,0.3132,0.03684668928560894,-1.0,,,,,,,
1 month,2020-10-02,2020-11-02,G4,XLV,DHR,0.09383508878732316,0.28300000000000003,0.03329237136784929,-1.0,,,,,,,
1 month,2020-10-02,2020-11-02,G3,XLV,ABBV,0.03868770251426845,,,,0.3024,1.0,1.0505260225063588,0.03564764095445016,0.016254514702622225,0.08528086230734688,-1.0
1 month,2020-10-02,2020-11-02,G2,XLI,RTX,-0.060498797482660405,0.3836,0.04512945597487718,0.34056119613626756,,,,,,,
1 month,2020-10-02,2020-11-02,G4,XLI,DE,0.030739768145676916,0.3379,0.039753187311730644,-1.0,,,,,,,
1 month,2020-10-02,2020-11-02,G1,XLI,UBER,-0.07714739536686221,,,,0.4947,1.0,1.0881737712419115,0.058262978072091985,0.025863763977739918,-1.0,-1.0
1 month,2020-10-02,2020-11-02,G3,XLI,GD,-0.023907638622394534,,,,0.305,1.0,1.051004947489021,0.03595363148069029,0.01638805967443924,-1.0,-1.0
1 month,2020-10-02,2020-11-02,G2,XLC,GOOGL,0.11591108187500243,0.3837,0.045141218200018915,-1.0,,,,,,,
1 month,2020-10-02,2020-11-02,G4,XLC,CHTR,-0.051271284514391446,0.325,0.038235278568069485,0.340941832635383,,,,,,,
1 month,2020-10-02,2020-11-02,G3,XLC,OMC,-0.050847787500748254,,,,0.3874,1.0,1.0666037862413769,0.045648370382730445,0.020568258871896436,-1.0,-1.0
1 month,2020-10-02,2020-11-02,G2,XLB,NEM,0.039171767925516354,0.3983,0.04685840231856913,-1.0,,,,,,,
1 month,2020-10-02,2020-11-02,G4,XLB,VMC,0.09239794591098738,0.3529,0.04151802621742607,-1.0,,,,,,,
1 month,2020-10-02,2020-11-02,G3,XLB,LYB,-0.004567972321155023,,,,0.5218,1.0,1.0938539196368535,0.0614469020337093,0.027175471585538118,-1.0,-1.0
1 month,2020-10-02,2020-11-02,G2,XLE,HAL,0.13174173316258475,0.6944,0.08162965990015728,-1.0,,,,,,,
1 month,2020-10-02,2020-11-02,G3,XLE,TRGP,0.13016203927187586,,,,0.7469,1.0,1.1448633205830425,0.08785320565250783,0.037687400302851164,0.481585541530668,-1.0
1 month,2020-10-02,2020-11-02,G2,XLP,KR,-0.058996045629818084,0.29059999999999997,0.03418689684954688,0.7256917435195669,,,,,,,
1 month,2020-10-02,2020-11-02,G4,XLP,ADM,0.03893875807169467,0.2878,0.03385733949457866,-1.0,,,,,,,
1 month,2020-10-02,2020-11-02,G1,XLP,TGT,-0.029603904833108707,,,,0.2772,1.0,1.0459255395417946,0.03268163693351919,0.014954865441317949,-1.0,-1.0
1 month,2020-10-02,2020-11-02,G3,XLP,MO,-0.06389557493361764,,,,0.3053,1.0,1.0510602596908776,0.03598893775994465,0.016403462163532816,-1.0,-1.0
1 month,2020-10-02,2020-11-02,G2,XLU,VST,-0.01389638000860638,0.406,0.04776395836490594,-0.7090613825922643,,,,,,,
1 month,2020-10-02,2020-11-02,G4,XLU,SO,0.04887993757330733,0.2484,0.029219442837344425,-1.0,,,,,,,
1 month,2020-10-02,2020-11-02,G1,XLU,PCG,-0.025252555942984145,,,,0.45399999999999996,1.0,1.0798208814093344,0.0534795848444655,0.023874445787785633,-1.0,-1.0
1 month,2020-10-02,2020-11-02,G3,XLU,NRG,0.04571533431376551,,,,0.4139,1.0,1.0717965432821468,0.04876493128110292,0.02189143650533999,-0.06253668132450041,-1.0
1 month,2020-11-02,2020-12-02,G2,XLK,AMD,0.25488623418177214,0.4964,0.05839167172502833,-1.0,,,,,,,
1 month,2020-11-02,2020-12-02,G1,XLK,MU,0.3902634784551451,,,,0.4387,1.0,1.0767336023325347,0.05168012216189783,0.023120551028933543,6.551520045416503,12.560657604148474
1 month,2020-11-02,2020-12-02,G3,XLK,CSCO,0.22256263965744472,,,,0.43939999999999996,1.0,1.0768741242447577,0.05176241926434991,0.023155115829602634,3.2996954705849566,5.291849994826275
1 month,2020-11-02,2020-12-02,G2,XLY,TJX,0.2562813848865948,0.4826,0.056770024016968505,-1.0,,,,,,,
1 month,2020-11-02,2020-12-02,G3,XLY,RCL,0.4142405197974153,,,,0.8654000000000001,1.0,1.17462705662666,0.10171871674894126,0.042958614507905196,3.072411971336896,4.577774467718502
1 month,2020-11-02,2020-12-02,G2,XLV,MRK,0.06674484957915938,0.2967,0.03490571663357134,-1.0,,,,,,,
1 month,2020-11-02,2020-12-02,G3,XLV,BSX,-0.011577358032256568,,,,0.3897,1.0,1.0670492847536663,0.045918081820001136,0.020683504841372772,-1.0,-1.0
1 month,2020-11-02,2020-12-02,G2,XLI,UBER,0.5251363992568738,0.7298,0.08577903290403159,-1.0,,,,,,,
1 month,2020-11-02,2020-12-02,G4,XLI,ADP,0.0626776469619601,0.3556,0.041836557551046934,-1.0,,,,,,,
1 month,2020-11-02,2020-12-02,G1,XLI,GE,0.38696841498537426,,,,0.5665,1.0,1.1034315947351587,0.06669577854505769,0.029316890873700954,4.8019926212263915,8.671449181692227
1 month,2020-11-02,2020-12-02,G3,XLI,NOC,0.011913278286751039,,,,0.36060000000000003,1.0,1.0614383931421518,0.04249504714383847,0.019219691547559814,-0.7196548989244195,-1.0
1 month,2020-11-02,2020-12-02,G2,XLC,FOX,0.11751551184673148,0.6135,0.07214235636904016,-1.0,,,,,,,
1 month,2020-11-02,2020-12-02,G3,XLC,LYV,0.3915986892873229,,,,0.7606999999999999,1.0,1.1482204574999966,0.0894686133482486,0.038310306423098905,3.376939293370514,5.35281349878693
1 month,2020-11-02,2020-12-02,G2,XLB,IFF,0.07081014754418069,0.4483,0.05273845916004771,-1.0,,,,,,,
1 month,2020-11-02,2020-12-02,G1,XLB,FCX,0.32017508719701593,,,,0.5552,1.0,1.1009849668966927,0.06536892949708753,0.0287781352465587,3.8979704832290576,6.616550496493134
1 month,2020-11-02,2020-12-02,G3,XLB,LIN,0.10218345645303573,,,,0.3786,1.0,1.0648968133413148,0.04461247903015522,0.02012660533280527,1.2904680186897077,0.8526046740204984
1 month,2020-11-02,2020-12-02,G2,XLE,FANG,0.47941082087606635,0.8659,0.10170690186031256,-1.0,,,,,,,
1 month,2020-11-02,2020-12-02,G4,XLE,OKE,0.2819020535005239,0.6003000000000001,0.07059326493049639,-1.0,,,,,,,
1 month,2020-11-02,2020-12-02,G1,XLE,BKR,0.26656241101550227,,,,0.6552,1.0,1.1232357085814457,0.0771046211505607,0.03348608421395391,2.4571522048593044,3.2801870030038094
1 month,2020-11-02,2020-12-02,G3,XLE,PSX,0.3643074545264602,,,,0.59,1.0,1.1085743957229286,0.06945459205799366,0.0304317532154282,4.245260878103903,7.403494106737195
1 month,2020-11-02,2020-12-02,G2,XLP,TGT,0.1473493892056006,0.4194,0.04934060848008977,-1.0,,,,,,,
1 month,2020-11-02,2020-12-02,G4,XLP,CL,0.06961048248585655,0.2607,0.030668292280560963,-1.0,,,,,,,
1 month,2020-11-02,2020-12-02,G3,XLP,SYY,0.2743036106872996,,,,0.47609999999999997,1.0,1.0843283930362304,0.05607639053133323,0.024957537844904218,3.8916060411204576,6.611937476831593
1 month,2020-11-02,2020-12-02,G2,XLU,PCG,0.2984456180489983,0.5162,0.060717983396814966,-1.0,,,,,,,
1 month,2020-11-02,2020-12-02,G4,XLU,DTE,0.024264539515137074,0.35090000000000005,0.04128360528922026,-1.0,,,,,,,
1 month,2020-11-02,2020-12-02,G3,XLU,VST,0.06369777484946604,,,,0.4808,1.0,1.0852954250903675,0.05662875160886092,0.025186989354231915,0.12483099202736292,-1.0
1 month,2020-12-02,2021-01-04,G4,XLK,CSCO,0.009717765885735252,0.2323,0.027328326762125283,-1.0,,,,,,,
1 month,2020-12-02,2021-01-04,G1,XLK,AMAT,0.01852502661558253,,,,0.3568,1.0,1.0607063558462375,0.04204474750184919,0.01902762313959253,-0.559397363136317,-1.0
1 month,2020-12-02,2021-01-04,G1,XLY,TSLA,0.28295414243433314,,,,0.8473,1.0,1.169935927778422,0.09959947527026365,0.04216472820781367,1.8409200115415847,1.680397086846809
1 month,2020-12-02,2021-01-04,G2,XLV,BSX,0.03279645334820924,0.313,0.036827534550769876,-1.0,,,,,,,
1 month,2020-12-02,2021-01-04,G4,XLV,ABBV,0.004000525388172083,0.23850000000000002,0.02805827547022157,-1.0,,,,,,,
1 month,2020-12-02,2021-01-04,G1,XLV,MCK,-0.03549896313619172,,,,0.34380000000000005,1.0,1.0582391357010155,0.04051526756702448,0.01836893471633921,-1.0,-1.0
1 month,2020-12-02,2021-01-04,G3,XLV,TMO,-0.01430334364811281,,,,0.2894,1.0,1.0481347897827393,0.03411351983120808,0.015585260797143586,-1.0,-1.0
1 month,2020-12-02,2021-01-04,G4,XLI,ETN,-0.0014294075417243812,0.257,0.030236214229774374,-0.9527253137293609,,,,,,,
1 month,2020-12-02,2021-01-04,G1,XLI,BA,-0.09439358635997208,,,,0.5294,1.0,1.0954550618016274,0.062335668561324754,0.027541500126499016,-1.0,-1.0
1 month,2020-12-02,2021-01-04,G3,XLI,NOC,-0.01342190858929404,,,,0.2561,1.0,1.0421223210037538,0.03019375644564359,0.0138592431135603,-1.0,-1.0
1 month,2020-12-02,2021-01-04,G4,XLC,NWSA,-0.012506394501946794,0.34600000000000003,0.040710621454700016,-0.6927977501924626,,,,,,,
1 month,2020-12-02,2021-01-04,G1,XLC,TMUS,-0.0053330863134424256,,,,0.248,1.0,1.0406793927803792,0.029240193265186894,0.013436838745861818,-1.0,-1.0
1 month,2020-12-02,2021-01-04,G2,XLB,NEM,0.06027310463853075,0.34130000000000005,0.04015762934893675,-1.0,,,,,,,
1 month,2020-12-02,2021-01-04,G4,XLB,NUE,-0.039536211273741406,0.3146,0.03701582513867456,0.06808942190602352,,,,,,,
1 month,2020-12-02,2021-01-04,G1,XLB,FCX,0.1270766218650634,,,,0.4771,1.0,1.0845267762873696,0.056190713567520666,0.025006383362161252,1.2615235471669841,0.7015593563233395
1 month,2020-12-02,2021-01-04,G3,XLB,APD,-0.01587488907143564,,,,0.2636,1.0,1.043465166641131,0.031076649123649516,0.014249461333927446,-1.0,-1.0
1 month,2020-12-02,2021-01-04,G1,XLE,OXY,0.09874903815410363,,,,0.7288,1.0,1.1404902234474048,0.08572903267554267,0.03686672491216182,0.1518739343279143,-1.0
1 month,2020-12-02,2021-01-04,G3,XLE,PSX,0.08458799114635851,,,,0.478,1.0,1.0847118475649244,0.05629648612470153,0.02505033228539381,0.5025447762226016,-1.0
1 month,2020-12-02,2021-01-04,G4,XLP,COST,-0.008735424240686074,0.22690000000000002,0.02669254737611657,-0.6727392062811426,,,,,,,
1 month,2020-12-02,2021-01-04,G1,XLP,TGT,0.006915692172712928,,,,0.2639,1.0,1.043519016792394,0.031111964091911776,0.014265052160813481,-0.7777159888626005,-1.0
1 month,2020-12-02,2021-01-04,G3,XLP,KMB,-0.02819242239753994,,,,0.21420000000000003,1.0,1.0347400369173714,0.02526071728551427,0.011663286671570334,-1.0,-1.0
1 month,2020-12-02,2021-01-04,G4,XLU,NRG,0.08035758898500744,0.2994,0.03522698733996215,-1.0,,,,,,,
1 month,2020-12-02,2021-01-04,G1,XLU,PCG,-0.02553852787409483,,,,0.3066,1.0,1.051291428618093,0.03613784412290815,0.016470190640901536,-1.0,-1.0
1 month,2020-12-02,2021-01-04,G3,XLU,XEL,-0.0376434929257925,,,,0.244,1.0,1.0399696412583532,0.028769283277956657,0.013227872016954103,-1.0,-1.0
1 month,2021-01-04,2021-02-03,G2,XLK,NVDA,0.031799434046770214,0.4128,0.04857115378518406,-1.0,,,,,,,
1 month,2021-01-04,2021-02-03,G4,XLK,CSCO,0.04117373843350869,0.245,0.028826564337883047,-1.0,,,,,,,
1 month,2021-01-04,2021-02-03,G1,XLK,ORCL,-0.021052824530561787,,,,0.2434,1.0,1.039857355476547,0.028695763597147074,0.013196505760765184,-1.0,-1.0
1 month,2021-01-04,2021-02-03,G4,XLY,AZO,0.01202977878530942,0.2753,0.0323934528893468,-1.0,,,,,,,
1 month,2021-01-04,2021-02-03,G1,XLY,TSLA,0.17117721670882236,,,,0.7256,1.0,1.1397171100146264,0.08535139470783953,0.03672119736721751,1.0055585183436935,-0.14327121799460474
1 month,2021-01-04,2021-02-03,G3,XLY,RCL,-0.018382496125745607,,,,0.6679,1.0,1.126145901562186,0.07858810752394624,0.034074466159987826,-1.0,-1.0
1 month,2021-01-04,2021-02-03,G2,XLV,PFE,-0.04322147546460342,0.3039,0.035759659482302045,0.20866574487361356,,,,,,,
1 month,2021-01-04,2021-02-03,G4,XLV,SYK,-0.021211568894871413,0.32520000000000004,0.03826627214849688,-0.4456849934961703,,,,,,,
1 month,2021-01-04,2021-02-03,G1,XLV,LLY,0.19009072728754806,,,,0.34909999999999997,1.0,1.0592364379825838,0.041135996053322216,0.018637778634533614,3.6210313478527283,6.020916594776302
1 month,2021-01-04,2021-02-03,G4,XLI,HON,-0.042365912580277776,0.30329999999999996,0.03568904573799325,0.18708448780900366,,,,,,,
1 month,2021-01-04,2021-02-03,G1,XLI,GE,0.06972282342016567,,,,0.5166,1.0,1.0927413251662974,0.06082926172466606,0.026924570306458197,0.1462053203235476,-1.0
1 month,2021-01-04,2021-02-03,G3,XLI,LMT,-0.03554421782779549,,,,0.3039,1.0,1.050787545150406,0.03581722500002316,0.016331572295952463,-1.0,-1.0
1 month,2021-01-04,2021-02-03,G2,XLC,META,-0.008514815120733488,0.4086,0.04807724588776211,-0.8228930346673438,,,,,,,
1 month,2021-01-04,2021-02-03,G1,XLC,DIS,-0.00703515264546084,,,,0.3504,1.0,1.0594830715394579,0.041288945118738055,0.01870365799708134,-1.0,-1.0
1 month,2021-01-04,2021-02-03,G2,XLB,IFF,0.22068894496951863,0.3987,0.04691296582718379,-1.0,,,,,,,
1 month,2021-01-04,2021-02-03,G4,XLB,DOW,0.024241497482452967,0.40130000000000005,0.04721874558641083,-1.0,,,,,,,
1 month,2021-01-04,2021-02-03,G1,XLB,DD,0.06569941531994128,,,,0.37479999999999997,1.0,1.0641502857506147,0.04415941003375354,0.019935541421733476,0.48777837542945846,-0.9222930776468594
1 month,2021-01-04,2021-02-03,G2,XLE,EQT,0.28709960231843556,0.7541,0.08863233036425432,-1.0,,,,,,,
1 month,2021-01-04,2021-02-03,G4,XLE,PSX,0.02017713901252316,0.4885,0.05747006580455721,-1.0,,,,,,,
1 month,2021-01-04,2021-02-03,G1,XLE,FANG,0.2991416357764829,,,,0.6948000000000001,1.0,1.1324140765992163,0.08174187702132918,0.03531375619589358,2.659588532551399,3.7213204466947767
1 month,2021-01-04,2021-02-03,G3,XLE,WMB,0.09054726738507468,,,,0.3818,1.0,1.0655026564333885,0.0449828060522825,0.020287337452934578,1.0129306135289489,0.23449471917092768
1 month,2021-01-04,2021-02-03,G2,XLP,WMT,-0.036375006961317236,0.233,0.02741378112019022,0.3268876264036096,,,,,,,
1 month,2021-01-04,2021-02-03,G4,XLP,PEP,-0.04332150712925997,0.2112,0.024847020316449673,0.7435292673938663,,,,,,,
1 month,2021-01-04,2021-02-03,G1,XLP,MO,0.02840363626689868,,,,0.30879999999999996,1.0,1.0516916637073752,0.03639389396441884,0.01658305787910239,-0.2195494031315267,-1.0
1 month,2021-01-04,2021-02-03,G3,XLP,KMB,-0.007571105851051141,,,,0.2568,1.0,1.0422413797555623,0.03027328352859088,0.013895699930049014,-1.0,-1.0
1 month,2021-01-04,2021-02-03,G2,XLU,XEL,-0.0377704359704345,0.26940000000000003,0.03169895604752285,0.19153564280821667,,,,,,,
1 month,2021-01-04,2021-02-03,G4,XLU,NRG,0.17899273958009854,0.32130000000000003,0.03780734088691252,-1.0,,,,,,,
1 month,2021-01-04,2021-02-03,G1,XLU,VST,0.11053194861530025,,,,0.39590000000000003,1.0,1.0682449978924775,0.04664122278337594,0.02099378436533404,1.3698338512406356,1.0142605062024432
1 month,2021-01-04,2021-02-03,G3,XLU,CNP,-0.008903810523469224,,,,0.3435,1.0,1.058176353005919,0.040477122304220445,0.0183537046943803,-1.0,-1.0
1 month,2021-02-03,2021-03-05,G2,XLK,AMD,-0.10661056788772283,0.45549999999999996,0.05360398640652583,0.9888552145954554,,,,,,,
1 month,2021-02-03,2021-03-05,G4,XLK,CSCO,0.01048735486479968,0.317,0.03731360252576469,-1.0,,,,,,,
1 month,2021-02-03,2021-03-05,G1,XLK,PLTR,-0.2459067824199871,,,,1.188,1.0,1.2669828544249124,0.13929275568190577,0.05646322467593121,-1.0,-1.0
1 month,2021-02-03,2021-03-05,G2,XLY,BKNG,0.1380160961504251,0.4316,0.05079419424518278,-1.0,,,,,,,
1 month,2021-02-03,2021-03-05,G1,XLY,GM,-0.009216732191472787,,,,0.5563,1.0,1.1011834686812132,0.06548105111981349,0.02883065707193819,-1.0,-1.0
1 month,2021-02-03,2021-03-05,G3,XLY,RCL,0.24618273575227545,,,,0.7003,1.0,1.1336821752824393,0.08237564624257071,0.03556598356503712,1.9885378383235226,2.1631505498537402
1 month,2021-02-03,2021-03-05,G2,XLV,VRTX,0.004644529514403084,0.32770000000000005,0.03857274367567108,-1.0,,,,,,,
1 month,2021-02-03,2021-03-05,G4,XLV,TMO,-0.10665313320337089,0.2688,0.03164053832759814,2.3707749248483476,,,,,,,
1 month,2021-02-03,2021-03-05,G1,XLV,LLY,0.05495567121211975,,,,0.3096,1.0,1.0518153394224923,0.036476605574434454,0.01662408248144929,0.5066004730066456,-0.8110974369182862
1 month,2021-02-03,2021-03-05,G3,XLV,MRK,-0.05419022522512773,,,,0.2916,1.0,1.048506431742864,0.03435812972105725,0.015698698602058855,-1.0,-1.0
1 month,2021-02-03,2021-03-05,G1,XLI,UBER,-0.027661030215381466,,,,0.6015999999999999,1.0,1.1111011212116315,0.0707991476844293,0.03097931685396401,-1.0,-1.0
1 month,2021-02-03,2021-03-05,G3,XLI,BA,0.0763296295754019,,,,0.48219999999999996,1.0,1.0855456583226233,0.05677607697331936,0.02525527653146795,0.3443977401128169,-1.0
1 month,2021-02-03,2021-03-05,G2,XLC,META,-0.008888123729374642,0.342,0.040255378957195415,-0.7792065567479664,,,,,,,
1 month,2021-02-03,2021-03-05,G4,XLC,CMCSA,0.09153951754119238,0.2668,0.03140510697082268,-1.0,,,,,,,
1 month,2021-02-03,2021-03-05,G1,XLC,GOOGL,0.018548931754717835,,,,0.2954,1.0,1.0492017843577883,0.03480538301115428,0.01589446427257122,-0.4670671559978693,-1.0
1 month,2021-02-03,2021-03-05,G3,XLC,VZ,0.02208429806378387,,,,0.1841,1.0,1.0295311470939523,0.021701850644419162,0.010068902525581163,0.017622802111716407,-1.0
1 month,2021-02-03,2021-03-05,G2,XLB,NEM,-0.02741824750091737,0.387,0.045549248988120516,-0.3980526987817482,,,,,,,
1 month,2021-02-03,2021-03-05,G1,XLB,IFF,0.042488252060384646,,,,0.45409999999999995,1.0,1.0798012069394,0.0534732755359178,0.02387936224255332,-0.20543015862483394,-1.0
1 month,2021-02-03,2021-03-05,G3,XLB,NUE,0.21796371731659514,,,,0.35,1.0,1.0593827819013537,0.04123050253703558,0.018683390085593957,4.28646763693476,7.4878030533397215
1 month,2021-02-03,2021-03-05,G2,XLE,HAL,0.2698945083554809,0.5426,0.06383829330304265,-1.0,,,,,,,
1 month,2021-02-03,2021-03-05,G1,XLE,FANG,0.3487425124244252,,,,0.6903,1.0,1.1313323492696585,0.08120345838239793,0.03510709647180972,3.2946756132251176,5.192769696273302
1 month,2021-02-03,2021-03-05,G3,XLE,DVN,0.40714233528768107,,,,0.7092,1.0,1.1357854763877984,0.08341875165845963,0.035973303999043985,3.880705203485169,6.5432842895691214
1 month,2021-02-03,2021-03-05,G2,XLP,WMT,-0.0855523013911117,0.3146,0.03703116618843269,1.3102783465089831,,,,,,,
1 month,2021-02-03,2021-03-05,G1,XLP,TGT,-0.0642030256808599,,,,0.385,1.0,1.066098350228428,0.045347866926281725,0.020447920003587042,-1.0,-1.0
1 month,2021-02-03,2021-03-05,G3,XLP,KO,0.04141925241189215,,,,0.25989999999999996,1.0,1.0427718794885426,0.030626711554656034,0.014057061298629476,0.3523898031943762,-1.0
1 month,2021-02-03,2021-03-05,G2,XLU,PCG,-0.09356722017486396,0.4632,0.054509100981391716,0.7165430816187159,,,,,,,
1 month,2021-02-03,2021-03-05,G4,XLU,EXC,-0.05778115555978425,0.2913,0.03428895735908005,0.6851243085256191,,,,,,,
1 month,2021-02-03,2021-03-05,G1,XLU,VST,-0.16338033930268225,,,,0.3791,1.0,1.0649558072678984,0.04465387398584039,0.020151729593326072,-1.0,-1.0
1 month,2021-02-03,2021-03-05,G3,XLU,WEC,-0.023707930113700426,,,,0.2764,1.0,1.0457420379491122,0.03256901605968247,0.014913449083545973,-1.0,-1.0
1 month,2021-03-05,2021-04-06,G2,XLK,PLTR,-0.028392496180126292,0.9698,0.11386662181775224,-0.7506512819395874,,,,,,,
1 month,2021-03-05,2021-04-06,G4,XLK,ORCL,0.06159793599277785,0.33399999999999996,0.03931933700449176,-1.0,,,,,,,
1 month,2021-03-05,2021-04-06,G1,XLK,AMAT,0.22996895613582313,,,,0.5158,1.0,1.0925369017898954,0.06071934196349064,0.026885936829089966,2.787408570305309,4.111670655910695
1 month,2021-03-05,2021-04-06,G3,XLK,APH,0.11166876717067464,,,,0.3073,1.0,1.0513800232775015,0.03620102252967341,0.016506110834302194,2.08468544166512,2.6525105458448763
1 month,2021-03-05,2021-04-06,G2,XLY,TSLA,0.15665186618984817,0.8184999999999999,0.096189168007877,-1.0,,,,,,,
1 month,2021-03-05,2021-04-06,G4,XLY,SBUX,0.07557052395553399,0.268,0.03155159958506426,-1.0,,,,,,,
1 month,2021-03-05,2021-04-06,G1,XLY,RCL,0.049127420140848255,,,,0.6258,1.0,1.1165020041340552,0.07363423896885804,0.03211583691063714,-0.3328182537253399,-1.0
1 month,2021-03-05,2021-04-06,G3,XLY,CMG,0.11649203491375237,,,,0.3754,1.0,1.0642309790057667,0.044213779388085614,0.019965723459607374,1.6347450167343904,1.6175388041267258
1 month,2021-03-05,2021-04-06,G2,XLV,AMGN,0.09383922400438527,0.2937,0.034576683360135044,-1.0,,,,,,,
1 month,2021-03-05,2021-04-06,G1,XLV,LLY,-0.11656650805357671,,,,0.41840000000000005,1.0,1.0726367359213314,0.04927111021009422,0.022115117863342186,-1.0,-1.0
1 month,2021-03-05,2021-04-06,G3,XLV,PFE,0.04826967219434053,,,,0.2418,1.0,1.0395399086590391,0.028490925444613093,0.013112835291787233,0.6942121549606264,-0.334258126404669
1 month,2021-03-05,2021-04-06,G2,XLI,UBER,0.045192622977279884,0.5417000000000001,0.0637379837368256,-1.0,,,,,,,
1 month,2021-03-05,2021-04-06,G4,XLI,GE,-0.014705931553522289,0.4539,0.053421244370889416,-0.7247175402462926,,,,,,,
1 month,2021-03-05,2021-04-06,G1,XLI,PH,0.057268824332768586,,,,0.3267,1.0,1.0549840904099343,0.038484042391546146,0.017498689817178115,0.4881187311380002,-0.8694340006763579
1 month,2021-03-05,2021-04-06,G3,XLI,CTAS,0.02805355522964703,,,,0.38530000000000003,1.0,1.066146044402561,0.04537829722988531,0.020462966955915488,-0.38178475301687886,-1.0
1 month,2021-03-05,2021-04-06,G2,XLC,TTWO,0.07722031865776247,0.3615,0.0425548958933459,-1.0,,,,,,,
1 month,2021-03-05,2021-04-06,G1,XLC,FOXA,-0.09778614457531576,,,,0.4778,1.0,1.084628811473926,0.05625416891068239,0.02504056684371555,-1.0,-1.0
1 month,2021-03-05,2021-04-06,G2,XLB,APD,0.09755454878347236,0.27390000000000003,0.032246113418151014,-1.0,,,,,,,
1 month,2021-03-05,2021-04-06,G4,XLB,LYB,-0.028732819425394518,0.3782,0.04451944325269426,-0.3546006570139304,,,,,,,
1 month,2021-03-05,2021-04-06,G1,XLB,STLD,0.12684625587547216,,,,0.4656,1.0,1.0821292924667412,0.05482025369140537,0.024443808219413693,1.3138575131285641,0.8293779351948962
1 month,2021-03-05,2021-04-06,G3,XLB,SHW,0.14971383605706245,,,,0.2923,1.0,1.0486240522199752,0.03443560835256074,0.015734777097210807,3.347646033264555,5.4246085732607385
1 month,2021-03-05,2021-04-06,G4,XLE,WMB,-0.003452482900254461,0.3519,0.041425464219279146,-0.9166579550689105,,,,,,,
1 month,2021-03-05,2021-04-06,G1,XLE,OXY,-0.18800752676024046,,,,0.7143999999999999,1.0,1.1370083886010152,0.08402347844429515,0.036210815683520574,-1.0,-1.0
1 month,2021-03-05,2021-04-06,G2,XLP,COST,0.13487946519318328,0.23399999999999999,0.027548892151785864,-1.0,,,,,,,
1 month,2021-03-05,2021-04-06,G4,XLP,MO,0.15846589207830197,0.2225,0.026194882392050547,-1.0,,,,,,,
1 month,2021-03-05,2021-04-06,G1,XLP,ADM,0.007814051880890238,,,,0.2733,1.0,1.0451712706470602,0.032199189775301514,0.014752868718733972,-0.7573214749992236,-1.0
1 month,2021-03-05,2021-04-06,G3,XLP,CL,0.04996039948759279,,,,0.1886,1.0,1.03028874392868,0.022226800639207726,0.010308169637783722,1.2477548747822627,0.9083558235991651
1 month,2021-03-05,2021-04-06,G2,XLU,VST,0.011528663383578719,0.44520000000000004,0.052398483812977986,-1.0,,,,,,,
1 month,2021-03-05,2021-04-06,G3,XLU,CNP,0.12487903131297995,,,,0.3393,1.0,1.0573490114067752,0.03996667034136271,0.018140344242130294,2.1245793118707432,2.722642691055927
1 month,2021-04-06,2021-05-05,G2,XLK,PLTR,-0.0911044605728012,0.6738,0.07924651876051281,0.1496335990243769,,,,,,,
1 month,2021-04-06,2021-05-05,G4,XLK,APH,-0.020210940129982813,0.2365,0.027848882633968883,-0.2742638763779218,,,,,,,
1 month,2021-04-06,2021-05-05,G1,XLK,AMAT,-0.06628930676617151,,,,0.4102,1.0,1.0710046667009947,0.048301582072999685,0.021707301871603076,-1.0,-1.0
1 month,2021-04-06,2021-05-05,G2,XLY,DASH,-0.020596514026004042,0.6746,0.079340322606234,-0.7404029458233417,,,,,,,
1 month,2021-04-06,2021-05-05,G1,XLY,LOW,0.03290389984286812,,,,0.2274,1.0,1.0369927744821936,0.026790160301860728,0.012358022187031071,0.22820839711745622,-1.0
1 month,2021-04-06,2021-05-05,G2,XLV,LLY,0.054759126543094894,0.2532,0.02981499199019324,-1.0,,,,,,,
1 month,2021-04-06,2021-05-05,G4,XLV,UNH,0.13209081659722055,0.23190000000000002,0.027307291071533894,-1.0,,,,,,,
1 month,2021-04-06,2021-05-05,G1,XLV,CVS,0.12014031320907925,,,,0.26239999999999997,1.0,1.043198424322459,0.030910744402425173,0.01418708426685705,2.886684566537109,4.42337575779167
1 month,2021-04-06,2021-05-05,G4,XLI,ADP,0.02243793670797367,0.2348,0.02764873062825556,-1.0,,,,,,,
1 month,2021-04-06,2021-05-05,G1,XLI,BA,-0.10577264445992696,,,,0.4072,1.0,1.0704138512682686,0.04794877705301046,0.021557858326162107,-1.0,-1.0
1 month,2021-04-06,2021-05-05,G2,XLC,CHTR,0.09840392557768918,0.29600000000000004,0.03485307640027282,-1.0,,,,,,,
1 month,2021-04-06,2021-05-05,G4,XLC,VZ,0.0035765338983493322,0.1714,0.020183168564830784,-1.0,,,,,,,
1 month,2021-04-06,2021-05-05,G1,XLC,META,0.02860309756565238,,,,0.3671,1.0,1.0626233129608564,0.04323212536986467,0.0195477368422447,-0.33838326658836126,-1.0
1 month,2021-04-06,2021-05-05,G3,XLC,FOXA,-0.019163279778082964,,,,0.4415,1.0,1.0772358515135085,0.051981970173874334,0.023258768231916513,-1.0,-1.0
1 month,2021-04-06,2021-05-05,G4,XLB,DOW,0.053715056296202324,0.32659999999999995,0.038454278445038945,-1.0,,,,,,,
1 month,2021-04-06,2021-05-05,G1,XLB,NUE,0.16270064627117176,,,,0.3615,1.0,1.0615510434819189,0.04257332375031159,0.01926515027730881,2.821657130305241,4.250392617408784
1 month,2021-04-06,2021-05-05,G3,XLB,DD,0.0502271133022556,,,,0.239,1.0,1.0390338128249592,0.028155919363338663,0.012966316992755278,0.7838917868068402,-0.13674017968630114
1 month,2021-04-06,2021-05-05,G2,XLE,OXY,0.06706098146699935,0.6002000000000001,0.07061227885036642,-1.0,,,,,,,
1 month,2021-04-06,2021-05-05,G1,XLE,KMI,0.06499092717271249,,,,0.3161,1.0,1.0529980416189577,0.03723135025742704,0.016957051347583914,0.7455968350153483,-0.29274935199959506
1 month,2021-04-06,2021-05-05,G4,XLP,MO,-0.05897269317370002,0.24350000000000002,0.02867302040018941,1.05673111345153,,,,,,,
1 month,2021-04-06,2021-05-05,G1,XLP,TGT,0.033977601078730046,,,,0.2346,1.0,1.0382578016714274,0.027637881776885993,0.012735829443593055,0.22938513714701614,-1.0
1 month,2021-04-06,2021-05-05,G2,XLU,NRG,-0.08165170378213382,0.3232,0.0380541801357986,1.1456697658642199,,,,,,,
1 month,2021-04-06,2021-05-05,G4,XLU,SO,0.03707795649441992,0.1766,0.020795557083051294,-1.0,,,,,,,
1 month,2021-04-06,2021-05-05,G1,XLU,D,0.020555199746309594,,,,0.17129999999999998,1.0,1.0273386663214523,0.020184090303139363,0.009386573070834483,0.01838623577265741,-1.0
1 month,2021-05-05,2021-06-04,G2,XLK,KLAC,0.019345333356674432,0.32270000000000004,0.03799841344858055,-1.0,,,,,,,
1 month,2021-05-05,2021-06-04,G1,XLK,IBM,0.02649202278781515,,,,0.1813,1.0,1.0290275185975024,0.021358848727571576,0.00991986412275839,0.2403300910885402,-1.0
1 month,2021-05-05,2021-06-04,G3,XLK,AVGO,0.0702295834984401,,,,0.36219999999999997,1.0,1.0616787600126825,0.0426528349492669,0.019300498823378382,0.6465396399084387,-0.5569636016142758
1 month,2021-05-05,2021-06-04,G2,XLY,F,0.3755383442703839,0.392,0.04615149387552901,-1.0,,,,,,,
1 month,2021-05-05,2021-06-04,G4,XLY,ORLY,-0.059811823974830314,0.2138,0.025179168056474428,1.375448777365408,,,,,,,
1 month,2021-05-05,2021-06-04,G1,XLY,ROST,-0.0718613031909624,,,,0.3218,1.0,1.0540522155321317,0.03789927548104423,0.01724851852646003,-1.0,-1.0
1 month,2021-05-05,2021-06-04,G2,XLV,ABT,-0.07779929260097007,0.20579999999999998,0.02423716215842503,2.2099175675947054,,,,,,,
1 month,2021-05-05,2021-06-04,G4,XLV,UNH,-0.016630323186194396,0.20829999999999999,0.024531542483086984,-0.32208408021387,,,,,,,
1 month,2021-05-05,2021-06-04,G1,XLV,BSX,-0.024599706881814565,,,,0.1905,1.0,1.0305966509370559,0.022442260752210192,0.010409097810419115,-1.0,-1.0
1 month,2021-05-05,2021-06-04,G2,XLI,UBER,-0.019538882259421797,0.4891,0.057567384651179256,-0.6605911076590567,,,,,,,
1 month,2021-05-05,2021-06-04,G4,XLI,ADP,0.020964655280333755,0.2047,0.024107633827415077,-1.0,,,,,,,
1 month,2021-05-05,2021-06-04,G1,XLI,RTX,0.06449565268572144,,,,0.2359,1.0,1.0384808705240387,0.027788056101755013,0.01280395916512435,1.320984686713945,1.0317764080771377
1 month,2021-05-05,2021-06-04,G2,XLC,LYV,0.1329186450032016,0.4213,0.04959728950528314,-1.0,,,,,,,
1 month,2021-05-05,2021-06-04,G4,XLC,T,-0.08616914138492049,0.15410000000000001,0.01814873495242225,3.747942025205445,,,,,,,
1 month,2021-05-05,2021-06-04,G1,XLC,OMC,-0.004448738837255606,,,,0.23379999999999998,1.0,1.0381109757804743,0.027540807836449913,0.012693890476177569,-1.0,-1.0
1 month,2021-05-05,2021-06-04,G4,XLB,CTVA,-0.033292194134014075,0.2812,0.0331141317578073,0.005377232219436312,,,,,,,
1 month,2021-05-05,2021-06-04,G1,XLB,STLD,0.08172124669181957,,,,0.3943,1.0,1.067879913904195,0.04642878573730282,0.02091376574534188,0.7601418041428831,-0.3381711856121632
1 month,2021-05-05,2021-06-04,G2,XLE,HAL,0.12589299727336045,0.44880000000000003,0.052830604141856786,-1.0,,,,,,,
1 month,2021-05-05,2021-06-04,G4,XLE,KMI,0.07253004172250077,0.23190000000000002,0.02731033229421673,-1.0,,,,,,,
1 month,2021-05-05,2021-06-04,G1,XLE,TRGP,0.2698323611190325,,,,0.38549999999999995,1.0,1.0661673304092911,0.04539372844600197,0.020472997528117882,4.944265218046833,8.94798296781042
1 month,2021-05-05,2021-06-04,G2,XLP,KR,0.06390633669985069,0.23850000000000002,0.02808739693145086,-1.0,,,,,,,
1 month,2021-05-05,2021-06-04,G4,XLP,GIS,0.03558134566115512,0.1698,0.019997759120223935,-1.0,,,,,,,
1 month,2021-05-05,2021-06-04,G1,XLP,PM,0.02577534063107767,,,,0.1813,1.0,1.0290275185975024,0.0213588487275716,0.009919864122758427,0.2067757471312126,-1.0
1 month,2021-05-05,2021-06-04,G2,XLU,VST,0.07011093991716155,0.3147,0.03705696439507392,-1.0,,,,,,,
1 month,2021-05-05,2021-06-04,G4,XLU,ED,0.01453893450203858,0.1859,0.02189378691825157,-1.0,,,,,,,
1 month,2021-05-05,2021-06-04,G1,XLU,CNP,0.05294904297254144,,,,0.24559999999999998,1.0,1.040196035993645,0.028930074601676178,0.013311488260957868,0.8302421857382147,-0.041954834133727026
1 month,2021-05-05,2021-06-04,G3,XLU,NEE,-0.014334469929804583,,,,0.2112,1.0,1.0341622567263717,0.024879792291758497,0.0115050140898322,-1.0,-1.0
1 month,2021-06-04,2021-07-06,G2,XLK,NOW,0.21239554300248376,0.2767,0.032581380927581935,-1.0,,,,,,,
1 month,2021-06-04,2021-07-06,G4,XLK,CSCO,-0.013327548799852429,0.17010000000000003,0.02003006966976997,-0.33462294342556376,,,,,,,
1 month,2021-06-04,2021-07-06,G1,XLK,NVDA,0.17777608662777777,,,,0.3725,1.0,1.063660909347915,0.043867372009830395,0.01981979475603655,3.0525811892250863,4.757636680122859
1 month,2021-06-04,2021-07-06,G2,XLY,TSLA,0.10104331603528438,0.5224,0.061476819217157586,-1.0,,,,,,,
1 month,2021-06-04,2021-07-06,G1,XLY,F,-0.09204754002418347,,,,0.5125,1.0,1.0918310621172582,0.06032646541746995,0.026726479814934603,-1.0,-1.0
1 month,2021-06-04,2021-07-06,G3,XLY,ROST,0.06154287418720439,,,,0.2763,1.0,1.0457024537961521,0.03254699501091768,0.01490827135438605,0.8908926666366681,0.06252562852581223
1 month,2021-06-04,2021-07-06,G2,XLV,DHR,0.15135197162072656,0.2168,0.025529375714850523,-1.0,,,,,,,
1 month,2021-06-04,2021-07-06,G4,XLV,JNJ,0.01205058739156284,0.1469,0.017297731283074158,-1.0,,,,,,,
1 month,2021-06-04,2021-07-06,G1,XLV,LLY,0.16533014869588403,,,,0.2746,1.0,1.045394992258268,0.03234688482988609,0.014820226679963385,4.111161385875754,7.092666801093241
1 month,2021-06-04,2021-07-06,G3,XLV,ABT,0.08719927662040594,,,,0.1974,1.0,1.031785716916785,0.023257690763139872,0.010775149294908045,2.749266318331329,4.14271850783612
1 month,2021-06-04,2021-07-06,G2,XLI,UBER,0.01235549876672315,0.5478999999999999,0.06447198534124567,-1.0,,,,,,,
1 month,2021-06-04,2021-07-06,G4,XLI,UNP,-0.010434859149585862,0.1887,0.022220492751926578,-0.5303947906969295,,,,,,,
1 month,2021-06-04,2021-07-06,G1,XLI,BA,-0.05513763956568862,,,,0.32170000000000004,1.0,1.0540396458321235,0.037890361849786156,0.017243409255462836,-1.0,-1.0
1 month,2021-06-04,2021-07-06,G2,XLC,MTCH,0.16899896797496217,0.34450000000000003,0.0405605255992278,-1.0,,,,,,,
1 month,2021-06-04,2021-07-06,G4,XLC,GOOGL,0.054408300855158576,0.2091,0.02462271006025152,-1.0,,,,,,,
1 month,2021-06-04,2021-07-06,G1,XLC,LYV,-0.048072624587870316,,,,0.35009999999999997,1.0,1.0593799886028858,0.041232107654995485,0.018688457285237655,-1.0,-1.0
1 month,2021-06-04,2021-07-06,G4,XLB,LIN,-0.03788388535434095,0.1796,0.02114885291721708,0.7912974052365773,,,,,,,
1 month,2021-06-04,2021-07-06,G1,XLB,NUE,-0.14556177147511273,,,,0.406,1.0,1.0701778380218485,0.04780765256170137,0.02149804446450739,-1.0,-1.0
1 month,2021-06-04,2021-07-06,G4,XLE,WMB,-0.04075944312510171,0.21109999999999998,0.024858210561068128,0.6396772818771381,,,,,,,
1 month,2021-06-04,2021-07-06,G1,XLE,DVN,-0.11036521590726123,,,,0.5375,1.0,1.097125361377204,0.06326322750724947,0.027930731599695013,-1.0,-1.0
1 month,2021-06-04,2021-07-06,G2,XLP,KMB,0.031170889259588552,0.1543,0.018169275232073494,-1.0,,,,,,,
1 month,2021-06-04,2021-07-06,G4,XLP,ADM,-0.13552406413503404,0.1941,0.02285639313758627,4.929372290686189,,,,,,,
1 month,2021-06-04,2021-07-06,G1,XLP,KR,-0.031080013195305733,,,,0.3144,1.0,1.0526825809186682,0.03703128840452609,0.016870028364860797,-1.0,-1.0
1 month,2021-06-04,2021-07-06,G2,XLU,NRG,0.20914427390012302,0.3346,0.03939565005232268,-1.0,,,,,,,
1 month,2021-06-04,2021-07-06,G4,XLU,DUK,-0.016259343581891073,0.1573,0.01852259809113499,-0.12218882567705847,,,,,,,
1 month,2021-06-04,2021-07-06,G1,XLU,CNP,-0.02007879684401237,,,,0.19579999999999997,1.0,1.031510886044538,0.02306927973508752,0.01069033436556072,-1.0,-1.0
1 month,2021-07-06,2021-08-04,G2,XLK,MU,0.01109967630326647,0.3211,0.03779608770368064,-1.0,,,,,,,
1 month,2021-07-06,2021-08-04,G4,XLK,MSFT,0.03187362583018172,0.2168,0.02551853448239528,-1.0,,,,,,,
1 month,2021-07-06,2021-08-04,G1,XLK,NOW,0.06263319235434905,,,,0.365,1.0,1.062242590868546,0.0429952202194951,0.019441820915572727,0.45674779742027205,-0.9799092128510347
1 month,2021-07-06,2021-08-04,G2,XLY,RCL,-0.12438233011854882,0.428,0.05037090953273854,1.4693286516437958,,,,,,,
1 month,2021-07-06,2021-08-04,G4,XLY,MCD,0.008936677831897555,0.1678,0.019748419639411333,-1.0,,,,,,,
1 month,2021-07-06,2021-08-04,G1,XLY,DASH,-0.02325326859250032,,,,0.5051,1.0,1.0903020013220914,0.05946700631426407,0.02636835910379126,-1.0,-1.0
1 month,2021-07-06,2021-08-04,G2,XLV,CVS,0.010641411000629875,0.2234,0.026295643687253713,-1.0,,,,,,,
1 month,2021-07-06,2021-08-04,G4,XLV,UNH,0.02749492457518765,0.2158,0.025400788653672655,-1.0,,,,,,,
1 month,2021-07-06,2021-08-04,G1,XLV,LLY,0.11490077957086009,,,,0.2366,1.0,1.0386315987892112,0.027883653245626246,0.012840633582931317,3.1207218637637846,4.939674260546721
1 month,2021-07-06,2021-08-04,G2,XLI,CAT,-0.037010598192303124,0.2874,0.033829922839564215,0.09401958638282948,,,,,,,
1 month,2021-07-06,2021-08-04,G4,XLI,ADP,0.05414929080404485,0.22089999999999999,0.026001286871626623,-1.0,,,,,,,
1 month,2021-07-06,2021-08-04,G1,XLI,TT,0.08271188705275923,,,,0.2207,1.0,1.0358422294891694,0.026011600637910682,0.01200572971839638,2.179807663670287,2.9039407568680815
1 month,2021-07-06,2021-08-04,G3,XLI,DE,0.03210765747877664,,,,0.2413,1.0,1.039461702671214,0.028437000020478796,0.013086680177893342,0.12908033391899476,-1.0
1 month,2021-07-06,2021-08-04,G2,XLC,DIS,-0.006390620493640808,0.2243,0.026401611316124788,-0.7579458156124849,,,,,,,
1 month,2021-07-06,2021-08-04,G4,XLC,CMCSA,0.0053765772592184735,0.2473,0.029109518934118995,-1.0,,,,,,,
1 month,2021-07-06,2021-08-04,G1,XLC,MTCH,-0.0661746471743393,,,,0.4107,1.0,1.071125253866978,0.04837046883463042,0.02173219648277188,-1.0,-1.0
1 month,2021-07-06,2021-08-04,G3,XLC,T,-0.01692211228807583,,,,0.2025,1.0,1.0326848985532953,0.02386858289540911,0.011045229039303422,-1.0,-1.0
1 month,2021-07-06,2021-08-04,G2,XLB,NEM,-0.03177340065029777,0.285,0.033547434794808685,-0.05288136500932683,,,,,,,
1 month,2021-07-06,2021-08-04,G1,XLB,IFF,-0.0008114171670504655,,,,0.24109999999999998,1.0,1.0394263271458555,0.028413453610065496,0.013076217053036866,-1.0,-1.0
1 month,2021-07-06,2021-08-04,G3,XLB,PKG,0.022178090480939217,,,,0.2376,1.0,1.0388080031449447,0.028001387669171148,0.012893012478698247,-0.20796459293491354,-1.0
1 month,2021-07-06,2021-08-04,G2,XLE,BKR,-0.07942877064971354,0.3859,0.04541986496488969,0.748767212564664,,,,,,,
1 month,2021-07-06,2021-08-04,G4,XLE,OKE,-0.06824659026398983,0.3004,0.03535999598922537,0.9300508485573746,,,,,,,
1 month,2021-07-06,2021-08-04,G1,XLE,FANG,-0.1617855318506255,,,,0.5526,1.0,1.100385537447433,0.06504655651003362,0.028653926969311204,-1.0,-1.0
1 month,2021-07-06,2021-08-04,G4,XLP,PEP,0.0329914673020264,0.16149999999999998,0.01900647104797838,-1.0,,,,,,,
1 month,2021-07-06,2021-08-04,G1,XLP,TGT,0.06143829593180383,,,,0.179,1.0,1.0286637819714621,0.02110126166423103,0.009797347160546966,1.9115934823910798,2.34524370967702
1 month,2021-07-06,2021-08-04,G1,XLU,NRG,0.026290202816675823,,,,0.33159999999999995,1.0,1.0559119299140596,0.03906552302821726,0.017748502906452482,-0.3270228892702586,-1.0
1 month,2021-07-06,2021-08-04,G3,XLU,WEC,0.05656014846834245,,,,0.1859,1.0,1.0298379761844874,0.021913820477338232,0.010164647649483157,1.5810263676675222,1.628932473150099
1 month,2021-08-04,2021-09-02,G2,XLK,PLTR,0.18878928860341215,0.5668,0.06667786038425322,-1.0,,,,,,,
1 month,2021-08-04,2021-09-02,G4,XLK,MSFT,0.053109685046751176,0.17370000000000002,0.02044108857104373,-1.0,,,,,,,
1 month,2021-08-04,2021-09-02,G1,XLK,AMD,-0.08057590271375059,,,,0.6248,1.0,1.1162923861916925,0.07352359132637257,0.03206902820408997,-1.0,-1.0
1 month,2021-08-04,2021-09-02,G2,XLY,F,-0.02327317432171494,0.3992,0.04698194639620983,-0.5046357993462693,,,,,,,
1 month,2021-08-04,2021-09-02,G4,XLY,HD,-0.002735923318254674,0.2195,0.025834277042729996,-0.8940971596097156,,,,,,,
1 month,2021-08-04,2021-09-02,G1,XLY,CMG,0.0020907376525036714,,,,0.2484,1.0,1.0407248078195908,0.02927493940072078,0.013457721878780183,-0.9285826821403382,-1.0
1 month,2021-08-04,2021-09-02,G4,XLV,BSX,0.018075080933037446,0.23079999999999998,0.0271647485931425,-1.0,,,,,,,
1 month,2021-08-04,2021-09-02,G1,XLV,PFE,0.036512652006819524,,,,0.2444,1.0,1.040014888555061,0.02880402444529752,0.013248779773727728,0.26762328216189224,-1.0
1 month,2021-08-04,2021-09-02,G2,XLI,UBER,-0.00980626247178329,0.4852,0.05709254009522852,-0.8282391630250343,,,,,,,
1 month,2021-08-04,2021-09-02,G4,XLI,ADP,-0.02580186520247707,0.17670000000000002,0.020794383682950984,0.24080932601198857,,,,,,,
1 month,2021-08-04,2021-09-02,G1,XLI,TT,0.006846664256494606,,,,0.22769999999999999,1.0,1.0370709362411645,0.02683785410778675,0.012373780185578038,-0.7448877906185503,-1.0
1 month,2021-08-04,2021-09-02,G2,XLC,TTWO,0.020661409633366157,0.29309999999999997,0.034498629250084185,-1.0,,,,,,,
1 month,2021-08-04,2021-09-02,G4,XLC,CMCSA,0.06520598693191149,0.2161,0.025433944743458965,-1.0,,,,,,,
1 month,2021-08-04,2021-09-02,G1,XLC,CHTR,0.06624676592938306,,,,0.2139,1.0,1.034662395248915,0.025212998158836673,0.011647465726853021,1.6274846613656258,1.7116946657032028
1 month,2021-08-04,2021-09-02,G3,XLC,T,-0.0075400731331001225,,,,0.2041,1.0,1.0329651974171303,0.02405905475267186,0.011129876000702785,-1.0,-1.0
1 month,2021-08-04,2021-09-02,G2,XLB,NEM,-0.050921430579876414,0.4328,0.05093306556632193,-0.00022843679869066769,,,,,,,
1 month,2021-08-04,2021-09-02,G4,XLB,SHW,0.044002605801840344,0.182,0.021418528942936905,-1.0,,,,,,,
1 month,2021-08-04,2021-09-02,G1,XLB,NUE,0.09895157266450583,,,,0.3749,1.0,1.0641494460759073,0.044161851860643336,0.019940572127487562,1.240657230062642,0.7452922797849271
1 month,2021-08-04,2021-09-02,G3,XLB,LYB,0.01431698865852038,,,,0.3215,1.0,1.054028370587679,0.037879060400129096,0.017233190265035305,-0.6220342187138442,-1.0
1 month,2021-08-04,2021-09-02,G2,XLE,EQT,0.08956058426693159,0.5036999999999999,0.05926641317786186,-1.0,,,,,,,
1 month,2021-08-04,2021-09-02,G3,XLE,PSX,-0.01162839340357047,,,,0.3654,1.0,1.062323592661297,0.04304430519763606,0.019462000374474802,-1.0,-1.0
1 month,2021-08-04,2021-09-02,G4,XLP,KO,0.01194293366841559,0.14529999999999998,0.01709638342259644,-1.0,,,,,,,
1 month,2021-08-04,2021-09-02,G1,XLP,KR,0.13411718252563554,,,,0.24359999999999998,1.0,1.0398731269248997,0.02870984031435748,0.013206961795695617,3.6714708635479623,6.135937625824872
1 month,2021-08-04,2021-09-02,G3,XLP,SYY,0.09212548898132145,,,,0.2664,1.0,1.0439424350954487,0.03139393551483416,0.014394922236520918,1.9344995289867537,2.3472257157200076
1 month,2021-08-04,2021-09-02,G2,XLU,PCG,0.0703576852909773,0.3704,0.04359440253187998,-1.0,,,,,,,
1 month,2021-08-04,2021-09-02,G4,XLU,PPL,0.0699964417897756,0.1945,0.022890520045424537,-1.0,,,,,,,
1 month,2021-08-04,2021-09-02,G1,XLU,EXC,0.07977990904017807,,,,0.20620000000000002,1.0,1.0333279614774094,0.02430633240810316,0.01124091436690822,2.2822684928632584,3.1323993802067553
1 month,2021-09-02,2021-10-04,G2,XLK,MU,-0.044212185923603875,0.3639,0.042831951779243475,0.03222440460976794,,,,,,,
1 month,2021-09-02,2021-10-04,G4,XLK,MSFT,-0.059903383784901565,0.1664,0.01958354354496029,2.058863358787654,,,,,,,
1 month,2021-09-02,2021-10-04,G1,XLK,PLTR,-0.12599019704832237,,,,0.43979999999999997,1.0,1.0769163886366027,0.051792154588143784,0.023174864000756887,-1.0,-1.0
1 month,2021-09-02,2021-10-04,G2,XLY,GM,0.10275770569371456,0.2994,0.035242302345527624,-1.0,,,,,,,
1 month,2021-09-02,2021-10-04,G4,XLY,MCD,0.013382320579482077,0.1246,0.014660480685257661,-1.0,,,,,,,
1 month,2021-09-02,2021-10-04,G1,XLY,RCL,0.09803457879827726,,,,0.4182,1.0,1.0726076878713044,0.04925242936953706,0.022105182666740383,0.9904516397096197,0.15026830179649875
1 month,2021-09-02,2021-10-04,G2,XLV,AMGN,-0.06425911427935505,0.17800000000000002,0.020949635332435546,2.067314216198554,,,,,,,
1 month,2021-09-02,2021-10-04,G4,XLV,MDT,-0.06728923249224028,0.18109999999999998,0.02131470193458783,2.156939876463793,,,,,,,
1 month,2021-09-02,2021-10-04,G1,XLV,ISRG,-0.09428573991805345,,,,0.2368,1.0,1.0386668704341273,0.027907200176193938,0.012851110597674811,-1.0,-1.0
1 month,2021-09-02,2021-10-04,G2,XLI,BA,0.013403937103358965,0.2967,0.03492452589798613,-1.0,,,,,,,
1 month,2021-09-02,2021-10-04,G4,XLI,NOC,-0.007141092564516227,0.1728,0.020337256295639542,-0.6488664714302046,,,,,,,
1 month,2021-09-02,2021-10-04,G1,XLI,GE,-0.012031102622578227,,,,0.2763,1.0,1.0457239410531525,0.03255724505439914,0.014908271354386122,-1.0,-1.0
1 month,2021-09-02,2021-10-04,G3,XLI,TDG,0.05613491064359266,,,,0.2532,1.0,1.041574878240611,0.029837968742803898,0.01370812768031615,0.8813248022163327,0.0621459576780119
1 month,2021-09-02,2021-10-04,G2,XLC,MTCH,0.03765902549204392,0.3722,0.04380835224015258,-1.0,,,,,,,
1 month,2021-09-02,2021-10-04,G4,XLC,CMCSA,-0.08048594008140642,0.1778,0.020926082505603818,2.8462019854816565,,,,,,,
1 month,2021-09-02,2021-10-04,G1,XLC,NFLX,0.025146539015334257,,,,0.2371,1.0,1.0387197865504856,0.027942520529083137,0.012866824961349463,-0.10006189351596695,-1.0
1 month,2021-09-02,2021-10-04,G3,XLC,NWSA,0.04007345239515825,,,,0.4339,1.0,1.0757336647384397,0.051098481533361134,0.022883346500460935,-0.21576040632450055,-1.0
1 month,2021-09-02,2021-10-04,G2,XLB,NEM,-0.05994128661955611,0.25420000000000004,0.029921830857256804,1.0032626648251664,,,,,,,
1 month,2021-09-02,2021-10-04,G4,XLB,SHW,-0.07583399341227937,0.16899999999999998,0.019889741373395685,2.812718928246807,,,,,,,
1 month,2021-09-02,2021-10-04,G1,XLB,NUE,-0.1571620957198796,,,,0.37939999999999996,1.0,1.065013799584192,0.044689162536320486,0.020166802395011587,-1.0,-1.0
1 month,2021-09-02,2021-10-04,G3,XLB,LYB,-0.026929811029183903,,,,0.2977,1.0,1.0496234848712387,0.035076083947244555,0.01601284807419142,-1.0,-1.0
1 month,2021-09-02,2021-10-04,G2,XLE,FANG,0.35013729221542467,0.4816,0.05667170148309082,-1.0,,,,,,,
1 month,2021-09-02,2021-10-04,G1,XLE,BKR,0.08993551807219191,,,,0.3678,1.0,1.0627794530942163,0.04332461244486748,0.019583027753364134,1.0758528004523757,0.3867143181324766
1 month,2021-09-02,2021-10-04,G3,XLE,PSX,0.0828089169816173,,,,0.3175,1.0,1.0532797341322344,0.037406305331074766,0.01702868482579369,1.2137689421260496,0.7340847605949323
1 month,2021-09-02,2021-10-04,G2,XLP,TGT,-0.08103826376504952,0.17809999999999998,0.020961411739395985,2.866068982975129,,,,,,,
1 month,2021-09-02,2021-10-04,G4,XLP,SYY,0.0451201256521645,0.2224,0.026177901364145377,-1.0,,,,,,,
1 month,2021-09-02,2021-10-04,G1,XLP,MNST,-0.09323769074170629,,,,0.17350000000000002,1.0,1.027731669483254,0.0204535550571255,0.00950403283168799,-1.0,-1.0
1 month,2021-09-02,2021-10-04,G3,XLP,ADM,0.015440773139511199,,,,0.19,1.0,1.0305382305406652,0.022396635192092666,0.01038254327092276,-0.31057620901184835,-1.0
1 month,2021-09-02,2021-10-04,G4,XLU,SO,-0.06611805997844966,0.1518,0.017864075670574044,2.7011744238947784,,,,,,,
1 month,2021-09-02,2021-10-04,G1,XLU,NRG,-0.11692543454066273,,,,0.24960000000000002,1.0,1.0409338671947406,0.029414155234810644,0.0135203565173334,-1.0,-1.0
1 month,2021-09-02,2021-10-04,G3,XLU,PCG,0.058189627455099036,,,,0.3663,1.0,1.0624917294507712,0.04314815318756592,0.019507395558897873,0.3486006504646326,-1.0
1 month,2021-10-04,2021-11-02,G2,XLK,PLTR,0.11868795817629807,0.5326,0.06266914928485982,-1.0,,,,,,,
1 month,2021-10-04,2021-11-02,G3,XLK,QCOM,0.0674928919123503,,,,0.32909999999999995,1.0,1.055433081587134,0.03876645753165837,0.01762109196327818,0.7410126230190826,-0.3156036895812857
1 month,2021-10-04,2021-11-02,G4,XLY,TSLA,0.49962244001915557,0.5051,0.0594385155623084,-1.0,,,,,,,
1 month,2021-10-04,2021-11-02,G1,XLY,ABNB,0.05088142928381467,,,,0.4363,1.0,1.076203629784972,0.05137583113863451,0.023001989963293737,-0.009623238084184194,-1.0
1 month,2021-10-04,2021-11-02,G3,XLY,NKE,0.14061423664350747,,,,0.24,1.0,1.0392215944421352,0.028279006379314575,0.01301865883949383,3.9723895796552258,6.788255568521715
1 month,2021-10-04,2021-11-02,G2,XLV,ISRG,0.11397216419532463,0.3931,0.04627202813188417,-1.0,,,,,,,
1 month,2021-10-04,2021-11-02,G1,XLV,MRK,0.07123983201665074,,,,0.2826,1.0,1.0468560125799953,0.03329388865816264,0.015234171451672206,1.1397269855765217,0.6006003026819553
1 month,2021-10-04,2021-11-02,G3,XLV,LLY,0.14231723975727117,,,,0.358,1.0,1.0608941486964334,0.04216683698247257,0.01908829931192134,2.375098772915504,3.2656021749400272
1 month,2021-10-04,2021-11-02,G4,XLI,TDG,-0.022142470831276517,0.3281,0.038625081274135255,-0.42673335302199245,,,,,,,
1 month,2021-10-04,2021-11-02,G1,XLI,UBER,-0.061898551082566367,,,,0.4569,1.0,1.0803584406914108,0.0537976051015815,0.024016965310219438,-1.0,-1.0
1 month,2021-10-04,2021-11-02,G3,XLI,TT,0.04595322470276075,,,,0.2784,1.0,1.0460939045154363,0.03279951572107974,0.015016971731220413,0.4010336339578149,-1.0
1 month,2021-10-04,2021-11-02,G4,XLC,FOX,0.011241988476876408,0.33380000000000004,0.03929580336943747,-1.0,,,,,,,
1 month,2021-10-04,2021-11-02,G1,XLC,LYV,0.08992546135369461,,,,0.43560000000000004,1.0,1.0760633872884708,0.05129352987177766,0.022967394134840176,0.7531540835362296,-0.39644550078949525
1 month,2021-10-04,2021-11-02,G3,XLC,TMUS,-0.07699678567931456,,,,0.28,1.0,1.0463839870665088,0.03298784967877083,0.015099746072937471,-1.0,-1.0
1 month,2021-10-04,2021-11-02,G2,XLB,NUE,0.1078733002740675,0.47340000000000004,0.055713334893735825,-1.0,,,,,,,
1 month,2021-10-04,2021-11-02,G3,XLB,PPG,0.12415799696517738,,,,0.2923,1.0,1.0486240522199752,0.03443560835256074,0.015734777097210762,2.6055119367724062,3.800445807306134
1 month,2021-10-04,2021-11-02,G4,XLE,OKE,0.08221513808804448,0.3129,0.036836364225500476,-1.0,,,,,,,
1 month,2021-10-04,2021-11-02,G1,XLE,FANG,0.1070805338216878,,,,0.5697,1.0,1.1040776263299434,0.06704972210998794,0.029469142648243213,0.5970317318546607,-0.8980999370226566
1 month,2021-10-04,2021-11-02,G3,XLE,PSX,0.024303094093186983,,,,0.40759999999999996,1.0,1.0705040002736923,0.04800106516207986,0.021577791650769503,-0.4936967750376885,-1.0
1 month,2021-10-04,2021-11-02,G2,XLP,KDP,0.09932734702855206,0.24239999999999998,0.02853786087505203,-1.0,,,,,,,
1 month,2021-10-04,2021-11-02,G4,XLP,GIS,0.0276380398535101,0.2066,0.024322700251414007,-1.0,,,,,,,
1 month,2021-10-04,2021-11-02,G3,XLP,KR,0.02700017337582472,,,,0.2762,1.0,1.045695531571146,0.03254055371676954,0.014903093473109101,-0.17026078871207495,-1.0
1 month,2021-10-04,2021-11-02,G2,XLU,VST,0.16745021613118904,0.39549999999999996,0.04655430416889508,-1.0,,,,,,,
1 month,2021-10-04,2021-11-02,G1,XLU,PCG,0.15478612495383115,,,,0.479,1.0,1.0848756943631401,0.056395200545825586,0.025099151046906996,1.7446684018448524,1.7853703282647913
1 month,2021-10-04,2021-11-02,G3,XLU,ETR,0.023870795694683755,,,,0.2464,1.0,1.0403550800434294,0.029032487746356347,0.01335328160368649,-0.17779020856799854,-1.0
1 month,2021-11-02,2021-12-02,G4,XLK,MSFT,-0.009117263591491342,0.1782,0.020971029801107037,-0.5652448316577179,,,,,,,
1 month,2021-11-02,2021-12-02,G1,XLK,NVDA,0.2169966565629211,,,,0.4207,1.0,1.073107800857335,0.04954841871665231,0.02222933122613702,3.379487018623915,5.472927783648434
1 month,2021-11-02,2021-12-02,G4,XLY,MCD,0.0037688922663456914,0.1442,0.016966828930057413,-1.0,,,,,,,
1 month,2021-11-02,2021-12-02,G1,XLY,TSLA,-0.07457337557362043,,,,0.6552,1.0,1.123200627251456,0.0770897370176241,0.03348608421395382,-1.0,-1.0
1 month,2021-11-02,2021-12-02,G3,XLY,ROST,-0.03474769427189994,,,,0.3233,1.0,1.0543639330818588,0.038090878048679236,0.01732513965822487,-1.0,-1.0
1 month,2021-11-02,2021-12-02,G2,XLV,AMGN,-0.053211215125590794,0.2547,0.029978515716095,0.7749783087833961,,,,,,,
1 month,2021-11-02,2021-12-02,G4,XLV,UNH,-0.013317695044047895,0.18489999999999998,0.021760037177668654,-0.3879746190086798,,,,,,,
1 month,2021-11-02,2021-12-02,G1,XLV,LLY,-0.031789405785954794,,,,0.2581,1.0,1.0424540681870784,0.03041686794451693,0.013963385523001148,-1.0,-1.0
1 month,2021-11-02,2021-12-02,G3,XLV,BMY,-0.054920793683707836,,,,0.231,1.0,1.0376501282317148,0.02722639131795005,0.01254702613125265,-1.0,-1.0
1 month,2021-11-02,2021-12-02,G2,XLI,BA,-0.04883206834147347,0.3069,0.03612279690028421,0.3518351991478612,,,,,,,
1 month,2021-11-02,2021-12-02,G4,XLI,ADP,0.032242351783305256,0.1838,0.021630500010821944,-1.0,,,,,,,
1 month,2021-11-02,2021-12-02,G1,XLI,GE,-0.1074140312792935,,,,0.2713,1.0,1.0448248841457888,0.03197073779108215,0.014649190824674916,-1.0,-1.0
1 month,2021-11-02,2021-12-02,G3,XLI,NOC,0.002572088621609625,,,,0.21239999999999998,1.0,1.0344019101940587,0.025036377331674232,0.011568339961681393,-0.89726594277058,-1.0
1 month,2021-11-02,2021-12-02,G2,XLC,CHTR,-0.016287565056401276,0.23260000000000003,0.027376675623486824,-0.40505687102388743,,,,,,,
1 month,2021-11-02,2021-12-02,G1,XLC,TTWO,-0.12264867488941233,,,,0.3668,1.0,1.062591973651618,0.04320900134240817,0.01953260996281752,-1.0,-1.0
1 month,2021-11-02,2021-12-02,G3,XLC,CMCSA,-0.02165642365746867,,,,0.231,1.0,1.0376501282317148,0.02722639131795013,0.012547026131252631,-1.0,-1.0
1 month,2021-11-02,2021-12-02,G2,XLB,NEM,-0.026320800792189125,0.2668,0.03140292681120293,-0.161836062274323,,,,,,,
1 month,2021-11-02,2021-12-02,G4,XLB,LIN,-0.0075932887337772925,0.1753,0.020629513105238386,-0.6319210882466637,,,,,,,
1 month,2021-11-02,2021-12-02,G1,XLB,FCX,-0.037613191739641505,,,,0.4439,1.0,1.077745292224677,0.05227618627695034,0.023377151028977448,-1.0,-1.0
1 month,2021-11-02,2021-12-02,G3,XLB,IP,-0.05398317900162308,,,,0.2384,1.0,1.0389534793496158,0.02809763432764894,0.012934904477299785,-1.0,-1.0
1 month,2021-11-02,2021-12-02,G4,XLE,EOG,-0.06744234912486802,0.38630000000000003,0.04546470453931298,0.48340014101600715,,,,,,,
1 month,2021-11-02,2021-12-02,G1,XLE,HAL,-0.13238777345372488,,,,0.38799999999999996,1.0,1.0666853283517401,0.04570275532762055,0.0205983304683854,-1.0,-1.0
1 month,2021-11-02,2021-12-02,G2,XLP,MNST,-0.03411340465708412,0.3593,0.042288585261892865,-0.19331884843581226,,,,,,,
1 month,2021-11-02,2021-12-02,G4,XLP,PG,0.022212872639633563,0.13720000000000002,0.0161423815110344,-1.0,,,,,,,
1 month,2021-11-02,2021-12-02,G1,XLP,TGT,-0.05348986738658079,,,,0.2896,1.0,1.0481454489063113,0.0341247761504759,0.015595576350912717,-1.0,-1.0
1 month,2021-11-02,2021-12-02,G3,XLP,MO,-0.02129089566685949,,,,0.20120000000000002,1.0,1.032465062118607,0.023717572511720148,0.01097642387818018,-1.0,-1.0
1 month,2021-11-02,2021-12-02,G4,XLU,ED,0.039663987853336025,0.16940000000000002,0.01993469233598156,-1.0,,,,,,,
1 month,2021-11-02,2021-12-02,G1,XLU,VST,0.05485663038573518,,,,0.3518,1.0,1.059728872333421,0.04144431070174817,0.018774577062499753,0.3236226989153721,-1.0
1 month,2021-11-02,2021-12-02,G3,XLU,ETR,-0.007719301501793341,,,,0.2253,1.0,1.036650491568171,0.026555277819487914,0.012247677121840994,-1.0,-1.0
1 month,2021-12-02,2022-01-03,G2,XLK,PLTR,-0.05891314453779051,0.5768,0.06785283408971132,-0.13175115928247316,,,,,,,
1 month,2021-12-02,2022-01-03,G1,XLK,LRCX,0.09906318705666894,,,,0.40700000000000003,1.0,1.0703991368766332,0.04793655871830199,0.02154789079597955,1.066547739457298,0.3302485357584919
1 month,2021-12-02,2022-01-03,G3,XLK,NOW,0.010860293547545918,,,,0.4019,1.0,1.069397417466925,0.047336775823644116,0.021293523144440368,-0.7705738644303427,-1.0
1 month,2021-12-02,2022-01-03,G2,XLY,DASH,-0.12509029249993575,0.6186,0.07275892323733343,0.7192433166156376,,,,,,,
1 month,2021-12-02,2022-01-03,G4,XLY,LOW,0.020448040704093673,0.2834,0.033357796680509984,-1.0,,,,,,,
1 month,2021-12-02,2022-01-03,G1,XLY,F,0.09562130790957979,,,,0.4966,1.0,1.0885313278568738,0.05846946083791921,0.02595606242289621,0.6354060143405058,-0.726846856152888
1 month,2021-12-02,2022-01-03,G3,XLY,RCL,0.17348999367203688,,,,0.6662,1.0,1.1257300568483468,0.07837898039837547,0.03399582912680565,1.2134760211250817,0.4048763642605617
1 month,2021-12-02,2022-01-03,G2,XLV,MRK,0.05019960862139827,0.2851,0.03355789441673162,-1.0,,,,,,,
1 month,2021-12-02,2022-01-03,G1,XLV,PFE,0.06806170670458567,,,,0.3771,1.0,1.0645720987356535,0.0444198302773844,0.0200512106119575,0.5322369824370585,-0.825965222925186
1 month,2021-12-02,2022-01-03,G3,XLV,MDT,-0.0046992924616148235,,,,0.2961,1.0,1.049332649150429,0.03488899789067945,0.01593050257792541,-1.0,-1.0
1 month,2021-12-02,2022-01-03,G2,XLI,UBER,0.15293814256060467,0.5366,0.06313224239379764,-1.0,,,,,,,
1 month,2021-12-02,2022-01-03,G3,XLI,TDG,0.10240738404078131,,,,0.3872,1.0,1.0665281077200683,0.04560784961678883,0.02055823384045332,1.2453894428533605,0.745250910129823
1 month,2021-12-02,2022-01-03,G2,XLC,DIS,0.06494568000651757,0.30510000000000004,0.035911832621786224,-1.0,,,,,,,
1 month,2021-12-02,2022-01-03,G3,XLC,FOXA,0.06538320891482963,,,,0.33759999999999996,1.0,1.0570418526548107,0.0397727463268171,0.01805390962679417,0.6439198937274404,-0.5379750739618596
1 month,2021-12-02,2022-01-03,G2,XLB,FCX,0.11805918350474842,0.5067,0.05961978971319788,-1.0,,,,,,,
1 month,2021-12-02,2022-01-03,G4,XLB,SHW,-0.0016192723824141053,0.2788,0.03281634585028347,-0.9506565298341982,,,,,,,
1 month,2021-12-02,2022-01-03,G3,XLB,IP,0.019834400933524288,,,,0.2843,1.0,1.0471779846826599,0.033500133121325694,0.015322009498507653,-0.4079306830903886,-1.0
1 month,2021-12-02,2022-01-03,G2,XLE,HAL,0.09156338583808865,0.5165,0.060771151993656305,-1.0,,,,,,,
1 month,2021-12-02,2022-01-03,G3,XLE,PSX,0.06108136337059977,,,,0.42829999999999996,1.0,1.0746177746888452,0.05044125416565787,0.022606190895959034,0.21094061559210742,-1.0
1 month,2021-12-02,2022-01-03,G2,XLP,KR,0.012094002326531239,0.3514,0.041360034753334426,-1.0,,,,,,,
1 month,2021-12-02,2022-01-03,G4,XLP,PG,0.10620685052130652,0.1858,0.021866885803974112,-1.0,,,,,,,
1 month,2021-12-02,2022-01-03,G3,XLP,SYY,0.1249641749189272,,,,0.38630000000000003,1.0,1.066353301278667,0.04550199034488984,0.02051311398309654,1.7463452471362375,1.857239212367137
1 month,2021-12-02,2022-01-03,G4,XLU,ED,0.08183998553970717,0.2054,0.024174902481788864,-1.0,,,,,,,
1 month,2021-12-02,2022-01-03,G1,XLU,PCG,0.017500005458012557,,,,0.384,1.0,1.0659070262637957,0.04523145766292622,0.020397754012459256,-0.6131010061973667,-1.0
1 month,2021-12-02,2022-01-03,G3,XLU,SRE,0.08774851528747218,,,,0.2502,1.0,1.0410431649131822,0.02948602533840656,0.013551665536354491,1.9759356942957207,2.4464656944930847
1 month,2022-01-03,2022-02-02,G2,XLK,PLTR,-0.2811657203864063,0.46619999999999995,0.05485593067046128,4.125530037498897,,,,,,,
1 month,2022-01-03,2022-02-02,G4,XLK,MSFT,-0.06359968569944818,0.24239999999999998,0.028526989765445303,1.229456603110867,,,,,,,
1 month,2022-01-03,2022-02-02,G1,XLK,AVGO,-0.09028835371028887,,,,0.2375,1.0,1.038801456982454,0.02799496980530463,0.012887775284078026,-1.0,-1.0
1 month,2022-01-03,2022-02-02,G2,XLY,GM,-0.12538837773172173,0.3754,0.04417904219981775,1.8381868752292454,,,,,,,
1 month,2022-01-03,2022-02-02,G4,XLY,HLT,-0.0640213349699651,0.3012,0.03544846029423947,0.806039936249894,,,,,,,
1 month,2022-01-03,2022-02-02,G1,XLY,F,-0.04749356177462982,,,,0.47619999999999996,1.0,1.0843222016742295,0.05607613215187891,0.024962423030579772,-1.0,-1.0
1 month,2022-01-03,2022-02-02,G4,XLV,JNJ,0.007170620757730672,0.1754,0.020637837679049493,-1.0,,,,,,,
1 month,2022-01-03,2022-02-02,G1,XLV,LLY,-0.07691457053912132,,,,0.3071,1.0,1.051364704666611,0.036187698227116344,0.01649584867352684,-1.0,-1.0
1 month,2022-01-03,2022-02-02,G3,XLV,MDT,-0.025730257664328238,,,,0.2345,1.0,1.0382726187260218,0.027641766567495802,0.01273058761380292,-1.0,-1.0
1 month,2022-01-03,2022-02-02,G2,XLI,BA,-0.001635698724585466,0.3489,0.041061499519493824,-0.9601646616970503,,,,,,,
1 month,2022-01-03,2022-02-02,G4,XLI,UNP,0.01408564625042974,0.21539999999999998,0.025348054823602993,-1.0,,,,,,,
1 month,2022-01-03,2022-02-02,G3,XLI,HON,0.003626604091519159,,,,0.21059999999999998,1.0,1.0340964666366679,0.024827737229362018,0.011473342730405236,-0.853929334839657,-1.0
1 month,2022-01-03,2022-02-02,G2,XLC,CHTR,-0.07310297663014653,0.30260000000000004,0.035613228468681465,1.0526916478362485,,,,,,,
1 month,2022-01-03,2022-02-02,G1,XLC,LYV,-0.09649993809068125,,,,0.4426,1.0,1.0774907277528485,0.05212656793888897,0.023313037217208236,-1.0,-1.0
1 month,2022-01-03,2022-02-02,G3,XLC,CMCSA,-0.00990310836079078,,,,0.24789999999999998,1.0,1.0406428091350843,0.029219367259737297,0.01343161757816768,-1.0,-1.0
1 month,2022-01-03,2022-02-02,G4,XLB,ECL,-0.16251152629115473,0.1993,0.023452283921701154,5.929454156095114,,,,,,,
1 month,2022-01-03,2022-02-02,G1,XLB,NEM,0.01853093742793699,,,,0.2803,1.0,1.0464599133906307,0.03303340828678178,0.015115261932143305,-0.4390243577937999,-1.0
1 month,2022-01-03,2022-02-02,G3,XLB,IP,0.019662176644405838,,,,0.2851,1.0,1.0473321531325854,0.03359839287111445,0.015363329883444306,-0.41478817990398464,-1.0
1 month,2022-01-03,2022-02-02,G2,XLE,OXY,0.2755954686641109,0.4637,0.05456207949232209,-1.0,,,,,,,
1 month,2022-01-03,2022-02-02,G4,XLE,CVX,0.13541834104060513,0.218,0.025654191764248758,-1.0,,,,,,,
1 month,2022-01-03,2022-02-02,G1,XLE,EQT,0.015123807149163282,,,,0.5094,1.0,1.0912143394273872,0.059977402921588936,0.026576549015198705,-0.7478415801208466,-1.0
1 month,2022-01-03,2022-02-02,G3,XLE,KMI,0.08153752572467643,,,,0.2839,1.0,1.0471138391636117,0.03345714820373236,0.01530134566668487,1.4370733939475593,1.2497162871115615
1 month,2022-01-03,2022-02-02,G2,XLP,TGT,-0.06182358499997875,0.242,0.02847989743404108,1.1707797629243952,,,,,,,
1 month,2022-01-03,2022-02-02,G4,XLP,KO,0.03170330375971142,0.13140000000000002,0.015455821439540463,-1.0,,,,,,,
1 month,2022-01-03,2022-02-02,G1,XLP,MNST,-0.09664389623549374,,,,0.2046,1.0,1.0330583169839391,0.024121239373987406,0.011156319962190242,-1.0,-1.0
1 month,2022-01-03,2022-02-02,G4,XLU,XEL,0.02428576863885401,0.1863,0.02192144560959396,-1.0,,,,,,,
1 month,2022-01-03,2022-02-02,G1,XLU,ETR,0.005475679680008616,,,,0.2027,1.0,1.0327304239561252,0.023897511315394238,0.011055812100404254,-0.7708682043187778,-1.0
1 month,2022-02-02,2022-03-04,G2,XLK,AMD,-0.11689473952759044,0.5655,0.06646216550859936,0.758816292443341,,,,,,,
1 month,2022-02-02,2022-03-04,G3,XLK,PLTR,-0.17717715546151835,,,,0.8037000000000001,1.0,1.15896376510599,0.09454150743973966,0.04023584254268106,-1.0,-1.0
1 month,2022-02-02,2022-03-04,G2,XLY,TSLA,-0.07438773614259753,0.5872999999999999,0.06902135346706244,0.07774960075356896,,,,,,,
1 month,2022-02-02,2022-03-04,G3,XLY,CMG,-0.02848637601260884,,,,0.408,1.0,1.070720889869208,0.04811149680309687,0.021597722661328353,-1.0,-1.0
1 month,2022-02-02,2022-03-04,G2,XLV,PFE,-0.09673201617514271,0.3618,0.0425210351844767,1.2749214772282165,,,,,,,
1 month,2022-02-02,2022-03-04,G4,XLV,AMGN,0.026108603623786752,0.2426,0.02849318016924472,-1.0,,,,,,,
1 month,2022-02-02,2022-03-04,G3,XLV,MDT,0.04778954317421902,,,,0.2777,1.0,1.0461020693435306,0.03278151766743201,0.014980745722650216,0.45781972814813665,-0.887357154181104
1 month,2022-02-02,2022-03-04,G2,XLI,TT,-0.0787150078478509,0.3361,0.039497482561469704,0.9929120223129972,,,,,,,
1 month,2022-02-02,2022-03-04,G4,XLI,RTX,0.08216658187534076,0.2236,0.02625632241963683,-1.0,,,,,,,
1 month,2022-02-02,2022-03-04,G3,XLI,ADP,0.0026936385622642334,,,,0.2529,1.0,1.0416455371288935,0.029862309931619778,0.013692487684606175,-0.9097980508395928,-1.0
1 month,2022-02-02,2022-03-04,G2,XLC,NFLX,-0.15774893434427362,0.4235,0.049777480187820494,2.1690823591120934,,,,,,,
1 month,2022-02-02,2022-03-04,G4,XLC,VZ,0.024349845107140666,0.16440000000000002,0.0192855760523721,-1.0,,,,,,,
1 month,2022-02-02,2022-03-04,G3,XLC,DIS,-0.013321954272108139,,,,0.35119999999999996,1.0,1.0597368517768857,0.04143063891408659,0.018744186724353785,-1.0,-1.0
1 month,2022-02-02,2022-03-04,G2,XLB,FCX,0.27215034285919515,0.4517,0.053092777871300054,-1.0,,,,,,,
1 month,2022-02-02,2022-03-04,G4,XLB,CTVA,0.07249942513029461,0.3725,0.04377970055932101,-1.0,,,,,,,
1 month,2022-02-02,2022-03-04,G1,XLB,AMCR,-0.05975257416996538,,,,0.2227,1.0,1.0363149961193312,0.026306965583677254,0.012110964618543576,-1.0,-1.0
1 month,2022-02-02,2022-03-04,G3,XLB,ECL,-0.12661054460940535,,,,0.3046,1.0,1.0510175959665606,0.03594744925776736,0.01636752091611422,-1.0,-1.0
1 month,2022-02-02,2022-03-04,G4,XLE,WMB,0.09093884029833532,0.2529,0.0297057053977822,-1.0,,,,,,,
1 month,2022-02-02,2022-03-04,G1,XLE,HAL,0.09049971798396306,,,,0.43729999999999997,1.0,1.0765429924423349,0.051556569410077774,0.023051400416527104,0.7553479414841184,-0.39453893084857206
1 month,2022-02-02,2022-03-04,G4,XLP,GIS,-0.009451619307130343,0.1955,0.02294777649043292,-0.5881248315682867,,,,,,,
1 month,2022-02-02,2022-03-04,G3,XLP,MNST,-0.06753812007202664,,,,0.3344,1.0,1.0565633838750672,0.03945406620478302,0.017891092677837526,-1.0,-1.0
1 month,2022-02-02,2022-03-04,G2,XLU,PCG,-0.08571446902712343,0.5056,0.059427005057193866,0.44234879318972853,,,,,,,
1 month,2022-02-02,2022-03-04,G4,XLU,ED,0.04123341795586466,0.1911,0.02242967745689034,-1.0,,,,,,,
1 month,2022-02-02,2022-03-04,G3,XLU,NEE,0.03762043925833036,,,,0.2783,1.0,1.0462107798112448,0.032852138704597966,0.015011797043166833,0.14514429628489078,-1.0
1 month,2022-03-04,2022-04-04,G2,XLK,PLTR,0.3348540203941859,0.8493,0.09966312650763817,-1.0,,,,,,,
1 month,2022-03-04,2022-04-04,G3,XLK,ADBE,0.036892027725752286,,,,0.4971,1.0,1.088869839095117,0.05863288781192403,0.025980343097709878,-0.37079633798542533,-1.0
1 month,2022-03-04,2022-04-04,G3,XLY,DASH,0.41564654151380576,,,,0.8721,1.0,1.1765881550402773,0.10258653805191012,0.043251470937392,3.051667493677223,4.527173557162339
1 month,2022-03-04,2022-04-04,G4,XLV,BSX,0.0045496079869140615,0.4147,0.048689627077353456,-1.0,,,,,,,
1 month,2022-03-04,2022-04-04,G3,XLV,PFE,0.04707053569902997,,,,0.3481,1.0,1.0592531756544936,0.04111477676529056,0.01858708519297192,0.14485689580023053,-1.0
1 month,2022-03-04,2022-04-04,G4,XLI,UNP,-0.026036502149334284,0.30820000000000003,0.03616201724221076,-0.28000415532840484,,,,,,,
1 month,2022-03-04,2022-04-04,G1,XLI,LMT,-0.030863329451979005,,,,0.34729999999999994,1.0,1.059101570058695,0.0410206623307452,0.018546519786484816,-1.0,-1.0
1 month,2022-03-04,2022-04-04,G3,XLI,UBER,0.22393558212913445,,,,0.6844,1.0,1.1301987330774834,0.08061524396432347,0.03483574383142431,1.777831724087294,1.690823813186205
1 month,2022-03-04,2022-04-04,G2,XLC,TTWO,-0.022656806249681916,0.53,0.06223949806757491,-0.6359738276635378,,,,,,,
1 month,2022-03-04,2022-04-04,G4,XLC,VZ,-0.04808576999568914,0.2157,0.025274297317692686,0.902556157793865,,,,,,,
1 month,2022-03-04,2022-04-04,G1,XLC,OMC,0.038681095559500944,,,,0.3039,1.0,1.0509922527467592,0.035914184219660646,0.01633157229595253,0.07704229958050135,-1.0
1 month,2022-03-04,2022-04-04,G3,XLC,NFLX,0.08229898439605021,,,,0.4866,1.0,1.0866909576979378,0.05739916894036374,0.025469714073983473,0.43380097509001825,-1.0
1 month,2022-03-04,2022-04-04,G4,XLB,PKG,0.044068405746919836,0.3069,0.03600904007801977,-1.0,,,,,,,
1 month,2022-03-04,2022-04-04,G1,XLB,FCX,0.01576547580078924,,,,0.5721,1.0,1.104851972554077,0.06744115426337355,0.029583240087670944,-0.7662336006406211,-1.0
1 month,2022-03-04,2022-04-04,G3,XLB,ECL,0.07459416284984699,,,,0.3469,1.0,1.0590257962883172,0.04097360491242093,0.018526233531161014,0.8205418588207776,-0.15965830100631007
1 month,2022-03-04,2022-04-04,G4,XLE,KMI,0.024416198883544737,0.29410000000000003,0.03450273754595467,-1.0,,,,,,,
1 month,2022-03-04,2022-04-04,G1,XLE,OXY,0.031664016822724905,,,,0.8862000000000001,1.0,1.1802868643261013,0.10423423458812546,0.04386600113368378,-0.6962224844088589,-1.0
1 month,2022-03-04,2022-04-04,G3,XLE,PSX,0.028113619223238517,,,,0.41850000000000004,1.0,1.0729007922104026,0.049394602390318364,0.02212008524559258,-0.4308362075458473,-1.0
1 month,2022-03-04,2022-04-04,G4,XLP,MO,0.0025589524343696546,0.2762,0.03239607430953806,-1.0,,,,,,,
1 month,2022-03-04,2022-04-04,G1,XLP,ADM,0.09214987538801478,,,,0.348,1.0,1.0592342207211611,0.041103012490323505,0.0185820150350997,1.2419251000083937,0.7713716518191962
1 month,2022-03-04,2022-04-04,G3,XLP,MNST,0.015740270340635076,,,,0.3795,1.0,1.0652651310505061,0.04480833148486717,0.020171826369835968,-0.6487200076630606,-1.0
1 month,2022-03-04,2022-04-04,G2,XLU,PCG,0.07767870857508496,0.4277,0.05021810023169445,-1.0,,,,,,,
1 month,2022-03-04,2022-04-04,G4,XLU,D,0.032043450440051524,0.2419,0.028358701795732102,-1.0,,,,,,,
1 month,2022-03-04,2022-04-04,G3,XLU,NEE,0.06744784827476558,,,,0.3184,1.0,1.0536765105164405,0.037620428779886084,0.017074719422132442,0.7928516623081874,-0.19346623403518737
1 month,2022-04-04,2022-05-04,G2,XLK,AMD,-0.1005157037279597,0.5434,0.06370867384745928,0.5777396963030377,,,,,,,
1 month,2022-04-04,2022-05-04,G4,XLK,MSFT,-0.07934052580058448,0.26280000000000003,0.030717686121626283,1.5828939551773762,,,,,,,
1 month,2022-04-04,2022-05-04,G1,XLK,NVDA,-0.25679832516181456,,,,0.4525,1.0,1.0799190817484692,0.053485344200409464,0.023800681912652277,-1.0,-1.0
1 month,2022-04-04,2022-05-04,G3,XLK,LRCX,-0.055326337215806265,,,,0.4299,1.0,1.0753743831490041,0.05082888890607326,0.022685424085717124,-1.0,-1.0
1 month,2022-04-04,2022-05-04,G4,XLY,CMG,-0.10940247382790869,0.3679,0.0430832811556878,1.5393254852750577,,,,,,,
1 month,2022-04-04,2022-05-04,G1,XLY,TSLA,-0.168344327467282,,,,0.6111,1.0,1.113671851350042,0.0721103148588425,0.03142640562359446,-1.0,-1.0
1 month,2022-04-04,2022-05-04,G3,XLY,HD,0.03184085609177756,,,,0.249,1.0,1.0412532916096056,0.029548824667235688,0.013489041965237319,0.07756760041570221,-1.0
1 month,2022-04-04,2022-05-04,G4,XLV,UNH,-0.00470564757117764,0.255,0.02979966376713596,-0.8420905816941726,,,,,,,
1 month,2022-04-04,2022-05-04,G3,XLV,GILD,0.023240420464983202,,,,0.2584,1.0,1.0429302402046414,0.03065518875579837,0.013979001598148992,-0.2418764519730019,-1.0
1 month,2022-04-04,2022-05-04,G4,XLI,WM,0.018445282978528876,0.1955,0.022795692339665302,-1.0,,,,,,,
1 month,2022-04-04,2022-05-04,G1,XLI,UBER,-0.23034780407270927,,,,0.5364,1.0,1.097362302172969,0.06334205097572204,0.027877926062048433,-1.0,-1.0
1 month,2022-04-04,2022-05-04,G3,XLI,TT,-0.08275411999044302,,,,0.2957,1.0,1.0496863177884157,0.03504478460299757,0.015909910166458263,-1.0,-1.0
1 month,2022-04-04,2022-05-04,G4,XLC,TMUS,-0.0016591112501419536,0.2838,0.03318909381958668,-0.9500103480028472,,,,,,,
1 month,2022-04-04,2022-05-04,G3,XLC,LYV,-0.14461561235398446,,,,0.4399,1.0,1.0773773691041568,0.05200437846450685,0.02317980068638258,-1.0,-1.0
1 month,2022-04-04,2022-05-04,G4,XLB,DOW,0.10310878895430453,0.3131,0.036636794210971886,-1.0,,,,,,,
1 month,2022-04-04,2022-05-04,G1,XLB,CTVA,0.00801070375833679,,,,0.30269999999999997,1.0,1.0509724765876283,0.03586846414714913,0.01626992893131457,-0.7766644335404719,-1.0
1 month,2022-04-04,2022-05-04,G3,XLB,SHW,0.09068076836864125,,,,0.26,1.0,1.0432167016630092,0.030843500750771868,0.01406226405376125,1.9400284066772802,2.3752791530704314
1 month,2022-04-04,2022-05-04,G4,XLE,WMB,0.09368515347486106,0.2469,0.028846294253283767,-1.0,,,,,,,
1 month,2022-04-04,2022-05-04,G1,XLE,EQT,0.1812429012208414,,,,0.5799,1.0,1.1067688252985488,0.06844900949971104,0.029953516672579186,1.64785279649089,1.4863216141318558
1 month,2022-04-04,2022-05-04,G4,XLP,MO,0.06980255272835723,0.225,0.02626847955206168,-1.0,,,,,,,
1 month,2022-04-04,2022-05-04,G1,XLP,ADM,0.007961953658707221,,,,0.3013,1.0,1.0507147802855241,0.03570373104005712,0.01619798426731775,-0.7769993939912185,-1.0
1 month,2022-04-04,2022-05-04,G3,XLP,MNST,0.04903151484956347,,,,0.3505,1.0,1.0599114179699634,0.041492028917718644,0.01870872460535218,0.1817092614775775,-1.0
1 month,2022-04-04,2022-05-04,G4,XLU,SO,0.019830359553361765,0.1793,0.020888436527043693,-1.0,,,,,,,
1 month,2022-04-04,2022-05-04,G1,XLU,PCG,0.07953603423992361,,,,0.3081,1.0,1.0519686276756266,0.03650384996125944,0.016547153465564075,1.178839610735119,0.6659908679560564
1 month,2022-05-04,2022-06-03,G3,XLK,PLTR,-0.18579235399836225,,,,0.828,1.0,1.1657231833484751,0.09763308134299975,0.04131378361473059,-1.0,-1.0
1 month,2022-05-04,2022-06-03,G3,XLY,AMZN,-0.028416910521819716,,,,0.3857,1.0,1.0669293674572207,0.04575182230300591,0.020483027516892353,-1.0,-1.0
1 month,2022-05-04,2022-06-03,G4,XLV,MRK,0.015702464832482166,0.2169,0.02518798347852028,-1.0,,,,,,,
1 month,2022-05-04,2022-06-03,G1,XLV,VRTX,-0.015564521650085483,,,,0.3207,1.0,1.0545621445000857,0.03810716599711549,0.017192308323368866,-1.0,-1.0
1 month,2022-05-04,2022-06-03,G3,XLV,DHR,0.036706518465446925,,,,0.312,1.0,1.0529454986542401,0.03708370069506114,0.01674709863338569,-0.010171105432969285,-1.0
1 month,2022-05-04,2022-06-03,G4,XLI,HON,-0.04872755451359723,0.2425,0.02820094489449736,0.7278695694733641,,,,,,,
1 month,2022-05-04,2022-06-03,G3,XLI,BA,-0.1128878198566644,,,,0.42590000000000006,1.0,1.0748372844730238,0.050477846785813026,0.022487272229937978,-1.0,-1.0
1 month,2022-05-04,2022-06-03,G2,XLC,WBD,-0.10986774487164785,0.6244,0.07308188744042098,0.5033512231223647,,,,,,,
1 month,2022-05-04,2022-06-03,G3,XLC,NFLX,-0.024655574481635467,,,,0.5073,1.0,1.0914736834568743,0.06004224396753536,0.02647490703650397,-1.0,-1.0
1 month,2022-05-04,2022-06-03,G2,XLB,NEM,-0.0683436909171713,0.3592,0.041930629001858497,0.6299228641226,,,,,,,
1 month,2022-05-04,2022-06-03,G4,XLB,DOW,-0.040803579437947546,0.2793,0.03253144573156164,0.254281158441118,,,,,,,
1 month,2022-05-04,2022-06-03,G1,XLB,STLD,-0.07339963729084342,,,,0.5009,1.0,1.0901348822409096,0.059290527528140215,0.026164762076171643,-1.0,-1.0
1 month,2022-05-04,2022-06-03,G3,XLB,DD,-0.022253416751674693,,,,0.3224,1.0,1.0548790970373108,0.03830714685084548,0.017279171013771487,-1.0,-1.0
1 month,2022-05-04,2022-06-03,G2,XLE,BKR,0.15725896821559515,0.4557,0.05327520741305653,-1.0,,,,,,,
1 month,2022-05-04,2022-06-03,G4,XLE,WMB,0.016806743213093833,0.2742,0.03193134374008916,-1.0,,,,,,,
1 month,2022-05-04,2022-06-03,G1,XLE,VLO,0.06469645800201218,,,,0.4437,1.0,1.0784032492345772,0.052569947622424326,0.02336728893492855,0.2306738151364489,-1.0
1 month,2022-05-04,2022-06-03,G3,XLE,OKE,-0.0011878888317287117,,,,0.32130000000000003,1.0,1.0546739706194455,0.038177747724661745,0.017222970676658095,-1.0,-1.0
1 month,2022-05-04,2022-06-03,G4,XLP,MO,-0.0457446052338395,0.2198,0.02552931162466653,0.7918464041012694,,,,,,,
1 month,2022-05-04,2022-06-03,G3,XLP,COST,-0.1252318835324192,,,,0.2984,1.0,1.0504363839601258,0.03548369055032202,0.016048862082757666,-1.0,-1.0
1 month,2022-05-04,2022-06-03,G1,XLU,VST,-0.0027006467569054005,,,,0.38159999999999994,1.0,1.0661340732333913,0.04526972854219533,0.020277296079248157,-1.0,-1.0
1 month,2022-05-04,2022-06-03,G3,XLU,NEE,0.08319491561003045,,,,0.2858,1.0,1.0481313185566965,0.03400121316781513,0.015399477261123323,1.4468219765987955,1.2769342399597954
1 month,2022-06-03,2022-07-06,G4,XLK,IBM,-0.021957566041486132,0.22760000000000002,0.02631755569889002,-0.16566848788270294,,,,,,,
1 month,2022-06-03,2022-07-06,G3,XLK,PLTR,0.09619694079613028,,,,0.6942,1.0,1.1332665756115998,0.0820880777062542,0.035286216755143776,0.17187469221003826,-1.0
1 month,2022-06-03,2022-07-06,G4,XLY,BKNG,-0.2504462695626144,0.3779,0.04399721158416003,4.692321411859216,,,,,,,
1 month,2022-06-03,2022-07-06,G3,XLY,TSLA,-0.011868347282801284,,,,0.7299,1.0,1.1417483634259302,0.0862698449599163,0.036916719701783465,-1.0,-1.0
1 month,2022-06-03,2022-07-06,G4,XLV,GILD,0.0010065744748191108,0.24100000000000002,0.027894356329365308,-1.0,,,,,,,
1 month,2022-06-03,2022-07-06,G3,XLV,ISRG,-0.05711918621657486,,,,0.4495,1.0,1.0798418234200164,0.05337337706188859,0.023653058179697175,-1.0,-1.0
1 month,2022-06-03,2022-07-06,G4,XLI,NOC,0.007316386067454994,0.2551,0.029553431324209636,-1.0,,,,,,,
1 month,2022-06-03,2022-07-06,G3,XLI,UBER,-0.10973083479872747,,,,0.6364,1.0,1.1199162430292096,0.0753131391676503,0.0326111916363837,-1.0,-1.0
1 month,2022-06-03,2022-07-06,G4,XLC,T,0.00909073066656818,0.21710000000000002,0.0250819467486435,-1.0,,,,,,,
1 month,2022-06-03,2022-07-06,G3,XLC,NFLX,-0.07498243673029203,,,,0.5242,1.0,1.0953064263322618,0.062147629270064376,0.027291145843850298,-1.0,-1.0
1 month,2022-06-03,2022-07-06,G2,XLB,NEM,-0.12341495715043893,0.3296,0.03831747285140827,2.220853254833142,,,,,,,
1 month,2022-06-03,2022-07-06,G4,XLB,LIN,-0.17357631790772665,0.2705,0.031365347363574984,4.5340154819807035,,,,,,,
1 month,2022-06-03,2022-07-06,G3,XLB,MLM,-0.1091307694503253,,,,0.32439999999999997,1.0,1.05551439163935,0.038666293223691216,0.01738130712520412,-1.0,-1.0
1 month,2022-06-03,2022-07-06,G4,XLE,EOG,-0.2820233200288611,0.3521,0.04096355334576953,5.884737699591844,,,,,,,
1 month,2022-06-03,2022-07-06,G1,XLE,EQT,-0.3404876821677605,,,,0.5919,1.0,1.1099527561319267,0.07009363631776272,0.030521564506606255,-1.0,-1.0
1 month,2022-06-03,2022-07-06,G4,XLP,MNST,0.0963638115743144,0.2883,0.033459464634819996,-1.0,,,,,,,
1 month,2022-06-03,2022-07-06,G1,XLP,CL,0.0264791436153351,,,,0.2274,1.0,1.037947815555196,0.027254435695666157,0.01235802218703106,-0.028446455064723097,-1.0
1 month,2022-06-03,2022-07-06,G3,XLP,TGT,-0.10078262276775085,,,,0.3148,1.0,1.0537263352385187,0.03753714270459643,0.01689050825706163,-1.0,-1.0
1 month,2022-06-03,2022-07-06,G4,XLU,SO,-0.05035853414489422,0.1956,0.02255175713671699,1.2330204178593447,,,,,,,
1 month,2022-06-03,2022-07-06,G1,XLU,VST,-0.15386155808976187,,,,0.34130000000000005,1.0,1.0586889760318994,0.0406538997460297,0.018241977094250683,-1.0,-1.0
1 month,2022-06-03,2022-07-06,G3,XLU,NEE,0.011183455242323115,,,,0.2942,1.0,1.0499265237884443,0.03511395286003032,0.01583266710553147,-0.681509646979874,-1.0
1 month,2022-07-06,2022-08-04,G3,XLK,NVDA,0.2699932488984771,,,,0.5832,1.0,1.1086785378524404,0.06935278749714227,0.030109923910048953,2.8930410534630964,4.357526360011792
1 month,2022-07-06,2022-08-04,G4,XLY,MCD,0.036506930267108384,0.2475,0.028356798368784332,-1.0,,,,,,,
1 month,2022-07-06,2022-08-04,G3,XLY,RCL,0.17097073165532461,,,,0.9174,1.0,1.190082172216185,0.10846166436433188,0.04521729103453114,0.5763240648882124,-1.0
1 month,2022-07-06,2022-08-04,G2,XLV,BSX,0.09479553131409646,0.381,0.04405330572210498,-1.0,,,,,,,
1 month,2022-07-06,2022-08-04,G4,XLV,MRK,-0.06775470185884014,0.263,0.03017977524816098,1.2450366611980925,,,,,,,
1 month,2022-07-06,2022-08-04,G1,XLV,LLY,-0.07378458665956256,,,,0.3746,1.0,1.0656626771159188,0.044857626204220506,0.01992547957085051,-1.0,-1.0
1 month,2022-07-06,2022-08-04,G3,XLV,ISRG,0.1807158485870446,,,,0.506,1.0,1.0921048389619554,0.060293285004302304,0.02641195504340114,1.9972798558603881,2.354958369400528
1 month,2022-07-06,2022-08-04,G3,XLI,UBER,0.48139536657998727,,,,0.7689,1.0,1.1518918472856128,0.0911088108653856,0.03867929642601444,4.2837410784699514,7.518860210517198
1 month,2022-07-06,2022-08-04,G4,XLC,T,-0.12217449251014323,0.2725,0.03129703066789863,2.90370875136911,,,,,,,
1 month,2022-07-06,2022-08-04,G3,XLC,WBD,0.22494737081288863,,,,0.6636,1.0,1.1267932608705462,0.07877899746888008,0.03387548740982262,1.8554231208863663,1.8974966103035782
1 month,2022-07-06,2022-08-04,G2,XLB,AMCR,-0.004742958672919295,0.4046,0.04682673596134899,-0.8987125928052263,,,,,,,
1 month,2022-07-06,2022-08-04,G3,XLB,NUE,0.267585415990083,,,,0.5527000000000001,1.0,1.1020362836856596,0.06577450548680028,0.028658705921002496,3.0682239115242362,4.776573888603284
1 month,2022-07-06,2022-08-04,G2,XLE,EQT,0.3033175337215068,0.7534000000000001,0.08773857362966968,-1.0,,,,,,,
1 month,2022-07-06,2022-08-04,G3,XLE,SLB,0.037274845589598815,,,,0.6073,1.0,1.1140155508917697,0.07217930639020427,0.03124771534894885,-0.4835798866216644,-1.0
1 month,2022-07-06,2022-08-04,G2,XLP,KR,-0.01476765819573389,0.324,0.037352865057879846,-0.6046445654744079,,,,,,,
1 month,2022-07-06,2022-08-04,G4,XLP,GIS,-0.0021143024002914235,0.2297,0.026263203393974293,-0.9194956392571467,,,,,,,
1 month,2022-07-06,2022-08-04,G3,XLP,TGT,0.15019652442913367,,,,0.3734,1.0,1.065431137166135,0.04471658467209771,0.019865096160692694,2.3588550093999787,3.2670514442676106
1 month,2022-07-06,2022-08-04,G2,XLU,VST,0.1806452090059485,0.40909999999999996,0.04735551047994661,-1.0,,,,,,,
1 month,2022-07-06,2022-08-04,G3,XLU,PCG,0.12410999899612518,,,,0.46299999999999997,1.0,1.0832111054689575,0.05524402572498198,0.024316358310863123,1.2465777496733228,0.6819497806501922
1 month,2022-08-04,2022-09-02,G4,XLK,AAPL,-0.05900491595671087,0.2587,0.02944423501045042,1.0039547957611634,,,,,,,
1 month,2022-08-04,2022-09-02,G1,XLK,AMD,-0.22779333042186267,,,,0.4877,1.0,1.088772064136513,0.058361580693941456,0.025523280990251508,-1.0,-1.0
1 month,2022-08-04,2022-09-02,G3,XLK,MU,-0.13138017034898897,,,,0.3961,1.0,1.0703142756803619,0.0476042162958723,0.02100378407737837,-1.0,-1.0
1 month,2022-08-04,2022-09-02,G4,XLY,ORLY,-0.005969489867594491,0.23379999999999998,0.026516722557089478,-0.7748782921892993,,,,,,,
1 month,2022-08-04,2022-09-02,G3,XLY,RCL,0.03929019644047993,,,,0.6625,1.0,1.1270376547257839,0.07886188145057661,0.033824546899280133,-0.5017846934693875,-1.0
1 month,2022-08-04,2022-09-02,G4,XLV,UNH,-0.032599503185933965,0.23579999999999998,0.026751868776043342,0.21858788478834112,,,,,,,
1 month,2022-08-04,2022-09-02,G3,XLV,MDT,-0.06447817039779524,,,,0.23559999999999998,1.0,1.040452769593683,0.028739544266338464,0.012788239239892953,-1.0,-1.0
1 month,2022-08-04,2022-09-02,G4,XLI,ETN,-0.07169193222044234,0.2475,0.0281274599727382,1.5488235443203124,,,,,,,
1 month,2022-08-04,2022-09-02,G3,XLI,CAT,-0.015301925037175312,,,,0.3032,1.0,1.0526553251133044,0.03668679558327654,0.016295616301057175,-1.0,-1.0
1 month,2022-08-04,2022-09-02,G4,XLC,LYV,-0.0806153908754006,0.4521,0.052170589654989795,0.5452267533972615,,,,,,,
1 month,2022-08-04,2022-09-02,G3,XLC,MTCH,-0.17059972653708233,,,,0.5355,1.0,1.0988308703247365,0.0639715131449976,0.027834709137750723,-1.0,-1.0
1 month,2022-08-04,2022-09-02,G2,XLB,NEM,-0.07972587809240406,0.3931,0.04524057521875108,0.762264907263152,,,,,,,
1 month,2022-08-04,2022-09-02,G4,XLB,MLM,-0.05202368060708551,0.2848,0.03251262694269683,0.6001069584065499,,,,,,,
1 month,2022-08-04,2022-09-02,G3,XLB,FCX,-0.015994577895466988,,,,0.5135000000000001,1.0,1.0941642802298113,0.061389874893026504,0.026774816094221485,-1.0,-1.0
1 month,2022-08-04,2022-09-02,G1,XLE,EQT,0.15026271398096558,,,,0.5899,1.0,1.11064539143301,0.07035253359882641,0.03042702495619531,1.135853625937818,0.3020439101420891
1 month,2022-08-04,2022-09-02,G3,XLE,EOG,0.21739120633090203,,,,0.4757,1.0,1.0862933684488707,0.056952812839753245,0.0249379956931742,2.817040730588154,4.256951661031616
1 month,2022-08-04,2022-09-02,G4,XLP,MDLZ,-0.05478589817148816,0.1956,0.022025407568285117,1.487395431918162,,,,,,,
1 month,2022-08-04,2022-09-02,G1,XLP,CL,-0.03362584147386072,,,,0.2122,1.0,1.0363525356718968,0.02598831259503488,0.011557787209291173,-1.0,-1.0
1 month,2022-08-04,2022-09-02,G3,XLP,TGT,-0.005573109345399785,,,,0.4686,1.0,1.0848355105488,0.05611921718483026,0.024590746984424188,-1.0,-1.0
1 month,2022-08-04,2022-09-02,G4,XLU,DTE,0.016589303504807917,0.2302,0.026093458022803186,-1.0,,,,,,,
1 month,2022-08-04,2022-09-02,G1,XLU,ETR,-0.01447235747610498,,,,0.2162,1.0,1.0370489764252726,0.026458609737987263,0.01176872380535621,-1.0,-1.0
1 month,2022-08-04,2022-09-02,G3,XLU,NRG,0.059529772394050884,,,,0.3129,1.0,1.0544504769274619,0.037826990155977826,0.01679320740579359,0.573738014803254,-0.6975386926480385
1 month,2022-09-02,2022-10-04,G2,XLK,PLTR,0.14324323366470293,0.6698000000000001,0.07750654689953353,-1.0,,,,,,,
1 month,2022-09-02,2022-10-04,G3,XLK,NVDA,-0.034885779053926314,,,,0.5770000000000001,1.0,1.1082105003203653,0.0690160506404905,0.029815946113178973,-1.0,-1.0
1 month,2022-09-02,2022-10-04,G3,XLY,RCL,0.06951240521289392,,,,0.6845,1.0,1.1325608076013056,0.08161259110216276,0.034840346802996885,-0.14826371428548202,-1.0
1 month,2022-09-02,2022-10-04,G4,XLV,AMGN,-0.03857744840260591,0.2341,0.02636504314824899,0.4632044478625488,,,,,,,
1 month,2022-09-02,2022-10-04,G1,XLV,VRTX,0.06974098173777543,,,,0.2957,1.0,1.0516569741742696,0.03598930054997149,0.015909910166458287,0.9378254278918072,0.13665051369245806
1 month,2022-09-02,2022-10-04,G3,XLV,ISRG,-0.010458118043707443,,,,0.3734,1.0,1.0662896656841,0.04511884308014284,0.019865096160692763,-1.0,-1.0
1 month,2022-09-02,2022-10-04,G4,XLI,WM,0.002146602842636014,0.20679999999999998,0.023156480438003172,-1.0,,,,,,,
1 month,2022-09-02,2022-10-04,G3,XLI,CAT,-0.006635782438087379,,,,0.3268,1.0,1.0574265791317683,0.03964389405815757,0.017503791621715132,-1.0,-1.0
1 month,2022-09-02,2022-10-04,G2,XLC,CHTR,-0.19305399438909532,0.3468,0.03960925558850663,3.873961692052439,,,,,,,
1 month,2022-09-02,2022-10-04,G4,XLC,TMUS,0.003944359394257857,0.2913,0.033087637973303,-1.0,,,,,,,
1 month,2022-09-02,2022-10-04,G3,XLC,WBD,-0.053598831581048056,,,,0.5831000000000001,1.0,1.109549915907251,0.06973127873259749,0.030105186462425885,-1.0,-1.0
1 month,2022-09-02,2022-10-04,G2,XLB,IFF,-0.10621027885521717,0.3144,0.03580223736959356,1.966582165209049,,,,,,,
1 month,2022-09-02,2022-10-04,G3,XLB,DOW,-0.054552650810385184,,,,0.3335,1.0,1.0586847055671016,0.04043115080721675,0.017845272975222,-1.0,-1.0
1 month,2022-09-02,2022-10-04,G1,XLE,DVN,0.00453991854395408,,,,0.5517,1.0,1.102708457548274,0.06604908310569622,0.028610910244441463,-0.9312644728665043,-1.0
1 month,2022-09-02,2022-10-04,G3,XLE,VLO,0.03303452451238886,,,,0.5058,1.0,1.0929429085376343,0.060664255887864775,0.026402268032094885,-0.4554532314143662,-1.0
1 month,2022-09-02,2022-10-04,G2,XLP,MDLZ,-0.04637756115182978,0.2243,0.025213236660455194,0.8394132326758745,,,,,,,
1 month,2022-09-02,2022-10-04,G4,XLP,GIS,0.02320113013764913,0.23879999999999998,0.026917441888802674,-1.0,,,,,,,
1 month,2022-09-02,2022-10-04,G1,XLP,KR,-0.07701827525720295,,,,0.3835,1.0,1.0682455493397227,0.04630527095917792,0.020372665544464413,-1.0,-1.0
1 month,2022-09-02,2022-10-04,G3,XLP,MNST,0.036882024649185,,,,0.2623,1.0,1.0455882971193218,0.032063990922676054,0.014181885183986052,0.1502630704371133,-1.0
1 month,2022-09-02,2022-10-04,G4,XLU,AEP,-0.10317528739773663,0.2152,0.024143713896341006,3.2733809653606336,,,,,,,
1 month,2022-09-02,2022-10-04,G1,XLU,DTE,-0.08922249976974284,,,,0.2434,1.0,1.0422120893899558,0.029842665051609707,0.0131965057607652,-1.0,-1.0
1 month,2022-09-02,2022-10-04,G3,XLU,NRG,-0.011092260036847379,,,,0.3045,1.0,1.053277835783004,0.037023445345676705,0.01636238585038704,-1.0,-1.0
1 month,2022-10-04,2022-11-02,G3,XLK,ADBE,0.021188595362698015,,,,0.4028,1.0,1.0724542498664933,0.04877519186129796,0.021338438926957602,-0.5655866321766201,-1.0
1 month,2022-10-04,2022-11-02,G3,XLY,NKE,0.018727484579644127,,,,0.37020000000000003,1.0,1.0661062475113847,0.04494704159616438,0.019703970546491253,-0.5833433321840201,-1.0
1 month,2022-10-04,2022-11-02,G4,XLV,VRTX,0.03116682630602119,0.3321,0.037669551473915354,-1.0,,,,,,,
1 month,2022-10-04,2022-11-02,G1,XLV,LLY,0.07599484962530534,,,,0.3326,1.0,1.0589461334274393,0.040530860290966975,0.017799441219930576,0.8749873326089301,-0.04217688706001954
1 month,2022-10-04,2022-11-02,G3,XLV,ISRG,0.17162852410921303,,,,0.4789,1.0,1.0877899686007886,0.05770790727968993,0.025094269804183188,1.974090245161551,2.340944214063115
1 month,2022-10-04,2022-11-02,G4,XLI,NOC,0.08162689084745622,0.3231,0.0366123672721177,-1.0,,,,,,,
1 month,2022-10-04,2022-11-02,G3,XLI,BA,0.10411212438902262,,,,0.5062,1.0,1.0934716069683694,0.060910994832827366,0.026421641497485732,0.709250106237183,-0.5972802287221344
1 month,2022-10-04,2022-11-02,G2,XLC,FOX,-0.0603735246200412,0.3496,0.03972506555580283,0.5197841407016168,,,,,,,
1 month,2022-10-04,2022-11-02,G3,XLC,CHTR,0.05694889805945769,,,,0.4622,1.0,1.0843616947170815,0.05574811679473152,0.02427712370093999,0.021539404983805355,-1.0
1 month,2022-10-04,2022-11-02,G2,XLB,AMCR,-0.03900709960090365,0.32659999999999995,0.037023499150656405,0.0535767957041442,,,,,,,
1 month,2022-10-04,2022-11-02,G3,XLB,IP,-0.015939917048110375,,,,0.3957,1.0,1.0710605284349135,0.047941522432123254,0.02098378407218138,-1.0,-1.0
1 month,2022-10-04,2022-11-02,G2,XLE,EQT,-0.09886461746249364,0.6643000000000001,0.07663971592484406,0.2899919613408297,,,,,,,
1 month,2022-10-04,2022-11-02,G3,XLE,BKR,0.1897369548869141,,,,0.5185,1.0,1.096063093633126,0.06235387044931644,0.02701628923174353,2.0429058135395035,2.467310423362045
1 month,2022-10-04,2022-11-02,G4,XLP,GIS,0.023804084653098467,0.2256,0.025158134627704797,-1.0,,,,,,,
1 month,2022-10-04,2022-11-02,G3,XLP,CHD,-0.011997340717947225,,,,0.282,1.0,1.0495787742457692,0.03458672161859646,0.015203159319009776,-1.0,-1.0
1 month,2022-10-04,2022-11-02,G2,XLU,VST,-0.0030516221612058025,0.40700000000000003,0.04646575175572243,-0.9343253461764991,,,,,,,
1 month,2022-10-04,2022-11-02,G4,XLU,PCG,0.05214959648909279,0.4561,0.0522296168389342,-1.0,,,,,,,
1 month,2022-10-04,2022-11-02,G3,XLU,EXC,-0.04923768394594852,,,,0.3097,1.0,1.054668949849275,0.037840846408446774,0.016629209880897212,-1.0,-1.0
1 month,2022-11-02,2022-12-02,G4,XLK,ORCL,0.10955793984154094,0.2966,0.03319803095408473,-1.0,,,,,,,
1 month,2022-11-02,2022-12-02,G3,XLK,ADBE,0.13382244670087062,,,,0.3892,1.0,1.0704145315199232,0.04747102451755688,0.020658457925100387,1.8190343069460666,2.0693440628937623
1 month,2022-11-02,2022-12-02,G4,XLY,MCD,0.016902052462084205,0.19870000000000002,0.02170438080390381,-1.0,,,,,,,
1 month,2022-11-02,2022-12-02,G3,XLY,DASH,0.22318262263317745,,,,0.9918,1.0,1.2126900318773715,0.11796242829046248,0.04839291614671472,0.8919805726924186,-0.7831792007740304
1 month,2022-11-02,2022-12-02,G4,XLV,BMY,0.04751468823810456,0.21309999999999998,0.023394562932838876,-1.0,,,,,,,
1 month,2022-11-02,2022-12-02,G3,XLV,DHR,0.13065896465945737,,,,0.3245,1.0,1.058043308041821,0.03987565850099032,0.017386412362527557,2.276659736069623,3.1765750807879654
1 month,2022-11-02,2022-12-02,G4,XLI,CTAS,0.11524846480085182,0.2973,0.03328022110912104,-1.0,,,,,,,
1 month,2022-11-02,2022-12-02,G3,XLI,UNP,0.11530665215887237,,,,0.2783,1.0,1.049518009427048,0.03445117000955944,0.015011797043166936,2.346958960374271,3.3824628419000646
1 month,2022-11-02,2022-12-02,G2,XLC,FOXA,0.08319449902056375,0.4366,0.049631941639518055,-1.0,,,,,,,
1 month,2022-11-02,2022-12-02,G4,XLC,T,0.03201278622459469,0.242,0.02678729007183677,-1.0,,,,,,,
1 month,2022-11-02,2022-12-02,G1,XLC,OMC,0.0980036500968724,,,,0.3345,1.0,1.0599221880574516,0.04104972383140114,0.017896183012094828,1.3874375013920122,1.1279097343653763
1 month,2022-11-02,2022-12-02,G3,XLC,CHTR,0.13085673849217083,,,,0.4118,1.0,1.074857004990399,0.050123523720843256,0.021786951916130427,1.6106851389970336,1.570333551813245
1 month,2022-11-02,2022-12-02,G2,XLB,NEM,0.2312169179092023,0.38020000000000004,0.04301278524295261,-1.0,,,,,,,
1 month,2022-11-02,2022-12-02,G4,XLB,CTVA,0.008233306481844727,0.37060000000000004,0.04188589840493862,-1.0,,,,,,,
1 month,2022-11-02,2022-12-02,G1,XLB,FCX,0.29700103696009106,,,,0.5339,1.0,1.099977368912249,0.06444619788303235,0.027757851496488302,3.608511389595672,6.097943732164144
1 month,2022-11-02,2022-12-02,G3,XLB,IFF,0.145448656148367,,,,0.414,1.0,1.0752928526910666,0.05038171138881975,0.021896410374484417,1.8869336141813502,2.2039865100012963
1 month,2022-11-02,2022-12-02,G2,XLE,EQT,-0.00998176574438625,0.5832,0.06682271755625709,-0.8506231696431278,,,,,,,
1 month,2022-11-02,2022-12-02,G4,XLE,COP,-0.030535693249037155,0.4021,0.04558327128878852,-0.33011185056067716,,,,,,,
1 month,2022-11-02,2022-12-02,G1,XLE,OXY,-0.04064689576636926,,,,0.4955,1.0,1.091870232354969,0.05994339994128347,0.02590263263465775,-1.0,-1.0
1 month,2022-11-02,2022-12-02,G3,XLE,OKE,0.13782581186028398,,,,0.3381,1.0,1.0606015353219533,0.04147237814999033,0.018079336028143357,2.3233158552378814,3.271411097073404
1 month,2022-11-02,2022-12-02,G4,XLP,MO,0.062221293255939836,0.23260000000000003,0.025683704528831373,-1.0,,,,,,,
1 month,2022-11-02,2022-12-02,G1,XLP,KR,0.027363411215778122,,,,0.3599,1.0,1.0647489009738655,0.044031661327824156,0.019184326511592922,-0.37855146976962073,-1.0
1 month,2022-11-02,2022-12-02,G3,XLP,CHD,0.1503298548201173,,,,0.2349,1.0,1.041738444518333,0.029355561505946242,0.012751554005432044,4.1210008294226155,7.515935411129133
1 month,2022-11-02,2022-12-02,G2,XLU,WEC,0.07302263124824493,0.2552,0.02833708073241054,-1.0,,,,,,,
1 month,2022-11-02,2022-12-02,G4,XLU,NRG,-0.048881817242413805,0.4035,0.04574758318194853,0.06851146754572279,,,,,,,
1 month,2022-11-02,2022-12-02,G3,XLU,PEG,0.0761350261336522,,,,0.3025,1.0,1.0539519794291863,0.03729261020157782,0.016259652929437124,1.0415579848693706,0.3643001360936049
1 month,2022-12-02,2023-01-04,G4,XLK,IBM,-0.04082826132424133,0.1856,0.02009213362321578,1.0320520503141402,,,,,,,
1 month,2022-12-02,2023-01-04,G3,XLK,ADBE,-0.00035134576059614453,,,,0.452,1.0,1.0830799591375757,0.05491550492042996,0.023776086846704157,-1.0,-1.0
1 month,2022-12-02,2023-01-04,G4,XLY,HD,-0.025183538592043808,0.2528,0.02797873883566332,-0.09990444029795031,,,,,,,
1 month,2022-12-02,2023-01-04,G3,XLY,TSLA,-0.4168120751632004,,,,0.5440999999999999,1.0,1.1023291701400753,0.06571570098577752,0.02824721529539922,-1.0,-1.0
1 month,2022-12-02,2023-01-04,G4,XLV,AMGN,-0.07397304972065555,0.228,0.02506764813815499,1.9509369731443824,,,,,,,
1 month,2022-12-02,2023-01-04,G1,XLV,GILD,-0.031684711979601654,,,,0.24,1.0,1.042798101626533,0.03003242587018755,0.013018658839493708,-1.0,-1.0
1 month,2022-12-02,2023-01-04,G4,XLI,TDG,0.018880146432319833,0.3069,0.034329851939919075,-1.0,,,,,,,
1 month,2022-12-02,2023-01-04,G2,XLC,WBD,-0.10129870623140691,0.509,0.05804450243302274,0.745190362313727,,,,,,,
1 month,2022-12-02,2023-01-04,G4,XLC,OMC,0.08342728272488698,0.2492,0.027556138163001336,-1.0,,,,,,,
1 month,2022-12-02,2023-01-04,G1,XLC,NWSA,-0.00732236616740678,,,,0.3994,1.0,1.0725730041975519,0.048743709554837186,0.02116869546820215,-1.0,-1.0
1 month,2022-12-02,2023-01-04,G3,XLC,LYV,-0.03936683042204636,,,,0.40659999999999996,1.0,1.0739907476814334,0.04958864526643692,0.021527953999635335,-1.0,-1.0
1 month,2022-12-02,2023-01-04,G4,XLB,PPG,-0.053386710515230584,0.2631,0.029187876067103543,0.8290714402272168,,,,,,,
1 month,2022-12-02,2023-01-04,G1,XLB,FCX,-0.030333089621212506,,,,0.4648,1.0,1.0856896667074416,0.0564170291562012,0.02440460305257351,-1.0,-1.0
1 month,2022-12-02,2023-01-04,G3,XLB,ECL,-0.006917338505369464,,,,0.2718,1.0,1.0484965389967875,0.033765447719356,0.014675116011773412,-1.0,-1.0
1 month,2022-12-02,2023-01-04,G4,XLE,CVX,-0.04910793085324061,0.2652,0.029434403626057835,0.6683854538763652,,,,,,,
1 month,2022-12-02,2023-01-04,G1,XLE,HAL,-0.008031522518313405,,,,0.4182,1.0,1.0762884786348694,0.05094985070974053,0.022105182666740355,-1.0,-1.0
1 month,2022-12-02,2023-01-04,G3,XLE,FANG,-0.10202130901592954,,,,0.414,1.0,1.0754546007617278,0.05045701216561776,0.02189641037448444,-1.0,-1.0
1 month,2022-12-02,2023-01-04,G4,XLP,SYY,-0.1013714996153674,0.2112,0.023095914918591233,3.3891527992150525,,,,,,,
1 month,2022-12-02,2023-01-04,G1,XLP,KR,-0.05465624880890718,,,,0.2413,1.0,1.0430287487380427,0.030185024168087733,0.013086680177893434,-1.0,-1.0
1 month,2022-12-02,2023-01-04,G4,XLU,PCG,0.014048539836291951,0.29960000000000003,0.03347285502259444,-1.0,,,,,,,
1 month,2022-12-02,2023-01-04,G1,XLU,PPL,0.03372821611528698,,,,0.2,1.0,1.035796459398281,0.02533785942371993,0.01091288793051235,0.33113912865553097,-1.0
1 month,2022-12-02,2023-01-04,G3,XLU,D,0.045311585299825596,,,,0.2539,1.0,1.04527441998681,0.03166410380766106,0.013744615632032147,0.4310079822585273,-0.9972960092875268
1 month,2023-01-04,2023-02-03,G4,XLK,AVGO,0.06672154733701285,0.3124,0.034894203900042636,-1.0,,,,,,,
1 month,2023-01-04,2023-02-03,G3,XLK,PLTR,0.2781154931496326,,,,0.624,1.0,1.1201145393667231,0.07515356439591113,0.032031571649373806,2.700629442996373,3.9326631709624023
1 month,2023-01-04,2023-02-03,G4,XLY,NKE,0.05280085873798335,0.3141,0.03509374627736566,-1.0,,,,,,,
1 month,2023-01-04,2023-02-03,G3,XLY,TSLA,0.6717704747263882,,,,0.838,1.0,1.1717068133949522,0.1001756063897998,0.041755259590340155,5.705928707957289,10.97606400337463
1 month,2023-01-04,2023-02-03,G4,XLV,MRK,-0.08154890179810415,0.23440000000000003,0.025739102852660983,2.168288431221426,,,,,,,
1 month,2023-01-04,2023-02-03,G3,XLV,CVS,-0.06107429630657035,,,,0.2425,1.0,1.0434064727125985,0.03040791098017953,0.013149445976615314,-1.0,-1.0
1 month,2023-01-04,2023-02-03,G4,XLI,TDG,0.12617587283132625,0.3232,0.036161876306532226,-1.0,,,,,,,
1 month,2023-01-04,2023-02-03,G3,XLI,ADP,-0.05641154432777373,,,,0.3072,1.0,1.05514634653607,0.03800204083711326,0.016500979829071245,-1.0,-1.0
1 month,2023-01-04,2023-02-03,G2,XLC,WBD,0.48554912391968585,0.6579999999999999,0.07541585626293465,-1.0,,,,,,,
1 month,2023-01-04,2023-02-03,G4,XLC,VZ,0.025104987571245463,0.2634,0.029142697265240675,-1.0,,,,,,,
1 month,2023-01-04,2023-02-03,G3,XLC,MTCH,0.1464742606805216,,,,0.6739,1.0,1.1315569824992169,0.08099493235934421,0.03435170606131392,0.8084373480388882,-0.565748549586474
1 month,2023-01-04,2023-02-03,G1,XLB,NEM,-0.03222674816379267,,,,0.37020000000000003,1.0,1.0670574046993169,0.04539638342729163,0.019703970546491187,-1.0,-1.0
1 month,2023-01-04,2023-02-03,G3,XLB,CTVA,0.030323203288863843,,,,0.2993,1.0,1.0536864036132108,0.03707474752053315,0.016095154948979284,-0.18210627673000868,-1.0
1 month,2023-01-04,2023-02-03,G2,XLE,EQT,-0.05871750559496258,0.5640999999999999,0.06441872454263099,-0.08850251209018267,,,,,,,
1 month,2023-01-04,2023-02-03,G3,XLE,FANG,0.0595618161648912,,,,0.4177,1.0,1.0763589365526003,0.05097020456372098,0.022080342154386062,0.1685614502572621,-1.0
1 month,2023-01-04,2023-02-03,G2,XLP,KDP,-0.01374837687396746,0.23079999999999998,0.025316630218497716,-0.45694285711365745,,,,,,,
1 month,2023-01-04,2023-02-03,G4,XLP,PG,-0.057315230451641,0.207,0.022523984193328947,1.5446310901166584,,,,,,,
1 month,2023-01-04,2023-02-03,G3,XLP,COST,0.12952548249265594,,,,0.2783,1.0,1.0498415408620312,0.034609796242371815,0.015011797043166889,2.7424514604359778,4.308088125724799
1 month,2023-01-04,2023-02-03,G4,XLU,SO,-0.07226608894261044,0.2143,0.023380473826214873,2.0908735845029627,,,,,,,
1 month,2023-01-04,2023-02-03,G1,XLU,DTE,-0.05687523717859766,,,,0.2194,1.0,1.0393333005168617,0.027697091878701806,0.011937293696913752,-1.0,-1.0
1 month,2023-01-04,2023-02-03,G3,XLU,NRG,0.08514603900993056,,,,0.3418,1.0,1.061628548979345,0.04206322723124305,0.018267376033452992,1.0242393324182988,0.2874038388172473
1 month,2023-02-03,2023-03-07,G4,XLK,CSCO,0.005757888556417123,0.2862,0.03176715668459325,-1.0,,,,,,,
1 month,2023-02-03,2023-03-07,G1,XLK,NVDA,0.10388411057054148,,,,0.5598,1.0,1.106007702864464,0.0676825492263975,0.02899766198004322,0.5348728994094198,-1.0
1 month,2023-02-03,2023-03-07,G4,XLY,HLT,0.0021960554177646863,0.2998,0.033363346320112314,-1.0,,,,,,,
1 month,2023-02-03,2023-03-07,G1,XLY,TSLA,-0.011948568611020338,,,,0.7177,1.0,1.142004959886033,0.08616739411214973,0.03636136357885443,-1.0,-1.0
1 month,2023-02-03,2023-03-07,G2,XLV,LLY,-0.08093945837607652,0.23370000000000002,0.025605959482404312,2.160961745319321,,,,,,,
1 month,2023-02-03,2023-03-07,G4,XLV,TMO,-0.06623461151545873,0.2396,0.02629827534998379,1.5185914526330175,,,,,,,
1 month,2023-02-03,2023-03-07,G1,XLV,BSX,-0.030515454479099535,,,,0.2021,1.0,1.0364277848225958,0.02572062549655835,0.011024061038678753,-1.0,-1.0
1 month,2023-02-03,2023-03-07,G3,XLV,PFE,-0.08443029632247445,,,,0.2115,1.0,1.0380593470588009,0.026823273855259528,0.011520847663424597,-1.0,-1.0
1 month,2023-02-03,2023-03-07,G4,XLI,TDG,0.06909597474885953,0.30879999999999996,0.03441965087823753,-1.0,,,,,,,
1 month,2023-02-03,2023-03-07,G3,XLI,NOC,0.07552988648522274,,,,0.258,1.0,1.046279990454398,0.03227948761300039,0.01395817985824338,1.3398725342469016,1.0955379804445142
1 month,2023-02-03,2023-03-07,G4,XLC,VZ,-0.08672595197139088,0.20879999999999999,0.022684588688977842,2.8231220834755497,,,,,,,
1 month,2023-02-03,2023-03-07,G1,XLC,WBD,-0.03891053038269032,,,,0.6336999999999999,1.0,1.1224252066503135,0.07633830091791148,0.03248515804156976,-1.0,-1.0
1 month,2023-02-03,2023-03-07,G4,XLB,LYB,-0.03996126222739638,0.26739999999999997,0.02956071226948077,0.35183692000051603,,,,,,,
1 month,2023-02-03,2023-03-07,G1,XLB,IP,-0.11211641429503094,,,,0.24100000000000002,1.0,1.0432455703391155,0.030284509783713037,0.013070985259306372,-1.0,-1.0
1 month,2023-02-03,2023-03-07,G2,XLE,EQT,0.05905356456867361,0.5185,0.0590202020913104,-1.0,,,,,,,
1 month,2023-02-03,2023-03-07,G1,XLE,BKR,0.01211340652353865,,,,0.36450000000000005,1.0,1.0660676893549301,0.04477859822308295,0.019416593284219352,-0.7294822302567225,-1.0
1 month,2023-02-03,2023-03-07,G3,XLE,FANG,0.0528347942623415,,,,0.3831,1.0,1.0696640391688947,0.04696123830838606,0.02035259214266395,0.12507242495150694,-1.0
1 month,2023-02-03,2023-03-07,G4,XLP,MO,-0.007674201815234927,0.1765,0.018896675363869884,-0.5938861377749083,,,,,,,
1 month,2023-02-03,2023-03-07,G3,XLP,ADM,-0.025687632353253886,,,,0.2318,1.0,1.041617403143613,0.029204968923999108,0.012588999751579085,-1.0,-1.0
1 month,2023-02-03,2023-03-07,G4,XLU,SRE,-0.048749326728410924,0.22579999999999997,0.024679014703393058,0.9753352114867251,,,,,,,
1 month,2023-02-03,2023-03-07,G3,XLU,NEE,-0.005941158718482331,,,,0.2581,1.0,1.0462979395984464,0.03229122330767179,0.013963385523001174,-1.0,-1.0
1 month,2023-03-07,2023-04-05,G4,XLK,ORCL,0.07390223291847775,0.3175,0.03530461618432395,-1.0,,,,,,,
1 month,2023-03-07,2023-04-05,G1,XLK,NVDA,0.15428544526213495,,,,0.4963,1.0,1.0927734210512718,0.06037050052412001,0.02594149234040769,1.5556429700378724,1.3711829452097168
1 month,2023-03-07,2023-04-05,G3,XLK,IBM,0.030331404965257436,,,,0.1907,1.0,1.034736417177052,0.024524040992676334,0.010419718525330567,0.23680289778978025,-1.0
1 month,2023-03-07,2023-04-05,G4,XLY,MCD,0.05574073339610819,0.1693,0.01792288254354708,-1.0,,,,,,,
1 month,2023-03-07,2023-04-05,G1,XLY,ABNB,-0.09138180148428798,,,,0.4252,1.0,1.078247565314526,0.052033329098414,0.022452572039633075,-1.0,-1.0
1 month,2023-03-07,2023-04-05,G3,XLY,HD,0.00020813572208622233,,,,0.24960000000000002,1.0,1.045052971288764,0.0314314367910099,0.013520356517333403,-0.9933781034742329,-1.0
1 month,2023-03-07,2023-04-05,G2,XLV,MCK,0.1062462425299957,0.2072,0.022364928083686234,-1.0,,,,,,,
1 month,2023-03-07,2023-04-05,G3,XLV,PFE,0.029995048766833454,,,,0.2321,1.0,1.041946063564493,0.029378608230435265,0.01260473730548836,0.02098263238214315,-1.0
1 month,2023-03-07,2023-04-05,G4,XLI,RTX,0.00590733092454121,0.204,0.02198972452269635,-1.0,,,,,,,
1 month,2023-03-07,2023-04-05,G1,XLI,UBER,-0.08845924441728992,,,,0.43060000000000004,1.0,1.0793282500873225,0.05266668047058648,0.022720077061164193,-1.0,-1.0
1 month,2023-03-07,2023-04-05,G3,XLI,ADP,-0.031194728359351886,,,,0.2218,1.0,1.0401339859232965,0.028170543230735694,0.012063616604100973,-1.0,-1.0
1 month,2023-03-07,2023-04-05,G2,XLC,NWSA,0.03391122976474459,0.3417,0.03814411055758574,-1.0,,,,,,,
1 month,2023-03-07,2023-04-05,G1,XLC,OMC,0.03946716163576025,,,,0.2464,1.0,1.0444821954949788,0.031056039533461463,0.013353281603686441,0.270836920246583,-1.0
1 month,2023-03-07,2023-04-05,G3,XLC,LYV,-0.02064052595362542,,,,0.3477,1.0,1.063137073824809,0.042941599878947766,0.018566803673633697,-1.0,-1.0
1 month,2023-03-07,2023-04-05,G2,XLB,NEM,0.236817174509808,0.3215,0.035773959717296494,-1.0,,,,,,,
1 month,2023-03-07,2023-04-05,G1,XLB,LIN,0.007913624658933749,,,,0.2487,1.0,1.0448923201905842,0.031325855400067444,0.01347338261388422,-0.7473772205780953,-1.0
1 month,2023-03-07,2023-04-05,G3,XLB,SHW,0.01056670256435166,,,,0.2868,1.0,1.0517761311149751,0.03579592154365705,0.015451103490011749,-0.7048070811233524,-1.0
1 month,2023-03-07,2023-04-05,G1,XLE,VLO,-0.013653619792366789,,,,0.3696,1.0,1.067332001319772,0.04551105331127654,0.019673742773865605,-1.0,-1.0
1 month,2023-03-07,2023-04-05,G3,XLE,CVX,0.035664360174837206,,,,0.2505,1.0,1.0452137166723403,0.03153701887361325,0.013567317971363615,0.13087290583059175,-1.0
1 month,2023-03-07,2023-04-05,G2,XLP,KDP,0.022158159153802925,0.174,0.018473488541372103,-1.0,,,,,,,
1 month,2023-03-07,2023-04-05,G4,XLP,MO,-0.02524868284368509,0.177,0.018824984427100726,0.34123260188925886,,,,,,,
1 month,2023-03-07,2023-04-05,G1,XLP,KR,0.02451498214007297,,,,0.2173,1.0,1.039346135698748,0.027642797247280783,0.011826687678952539,-0.1131511792828922,-1.0
1 month,2023-03-07,2023-04-05,G3,XLP,KMB,0.10813522453862001,,,,0.18359999999999999,1.0,1.0335196267774218,0.023691889837172367,0.010042297594159918,3.5642295858119653,6.430132104887109
1 month,2023-03-07,2023-04-05,G2,XLU,CEG,-0.017971732484656222,0.3218,0.03580916042874677,-0.4981247181034466,,,,,,,
1 month,2023-03-07,2023-04-05,G1,XLU,PCG,0.010410341010832491,,,,0.2534,1.0,1.0457323158182745,0.03187723234193163,0.013718553576700853,-0.6734239378385838,-1.0
1 month,2023-03-07,2023-04-05,G3,XLU,NEE,0.06210186830726472,,,,0.26530000000000004,1.0,1.0478706405024676,0.033273344643810016,0.014337791166599402,0.8664149628497813,-0.0074323416043753365
1 month,2023-04-05,2023-05-05,G4,XLK,AAPL,0.05990479989151587,0.2887,0.03198409735720783,-1.0,,,,,,,
1 month,2023-04-05,2023-05-05,G1,XLK,PLTR,-0.07142859276929636,,,,0.6093,1.0,1.1170894213147344,0.07355392936453996,0.03134178697707576,-1.0,-1.0
1 month,2023-04-05,2023-05-05,G3,XLK,QCOM,-0.1158972004560016,,,,0.40380000000000005,1.0,1.0738772186389878,0.04946527991596907,0.021388331587233612,-1.0,-1.0
1 month,2023-04-05,2023-05-05,G4,XLY,ORLY,0.09603311247108737,0.228,0.024861948773483432,-1.0,,,,,,,
1 month,2023-04-05,2023-05-05,G1,XLY,TSLA,-0.08333336760364707,,,,0.6285000000000001,1.0,1.1214133317978803,0.07580200327312246,0.03224215392882418,-1.0,-1.0
1 month,2023-04-05,2023-05-05,G3,XLY,GM,-0.05215155582771336,,,,0.42590000000000006,1.0,1.0782633660520677,0.05205776464615207,0.022487272229937922,-1.0,-1.0
1 month,2023-04-05,2023-05-05,G4,XLV,UNH,-0.02935812688479711,0.2384,0.02608202094982699,0.12560782545463867,,,,,,,
1 month,2023-04-05,2023-05-05,G3,XLV,CVS,-0.08346057692909936,,,,0.2699,1.0,1.048580996698399,0.03375344685563539,0.014576580027741847,-1.0,-1.0
1 month,2023-04-05,2023-05-05,G4,XLI,RTX,-0.02207347916091773,0.2235,0.02433407324663178,-0.09289830201472327,,,,,,,
1 month,2023-04-05,2023-05-05,G3,XLI,MMM,0.010362706194897209,,,,0.32170000000000004,1.0,1.0581105933094006,0.039832067853623546,0.017243409255462836,-0.7398401149300506,-1.0
1 month,2023-04-05,2023-05-05,G2,XLC,FOX,-0.0525467184239391,0.4346,0.04910279252221156,0.0701370680734652,,,,,,,
1 month,2023-04-05,2023-05-05,G4,XLC,TTWO,0.02917836569141219,0.3016,0.03349789891225881,-1.0,,,,,,,
1 month,2023-04-05,2023-05-05,G3,XLC,LYV,0.12151163138848098,,,,0.3593,1.0,1.0652291744897022,0.044244214469878924,0.019154007879141212,1.7463846481262548,1.9384167143457485
1 month,2023-04-05,2023-05-05,G4,XLB,PPG,-0.006621119636733175,0.3264,0.03640815982794907,-0.818141876216154,,,,,,,
1 month,2023-04-05,2023-05-05,G1,XLB,NEM,-0.06433650851739081,,,,0.3772,1.0,1.0686785101200695,0.046344498671793244,0.020056237950762727,-1.0,-1.0
1 month,2023-04-05,2023-05-05,G3,XLB,IFF,0.06786957334250032,,,,0.29460000000000003,1.0,1.0530853101772637,0.03665189890600392,0.015853268577818547,0.8517341629844633,-0.06743123081114577
1 month,2023-04-05,2023-05-05,G3,XLE,DVN,-0.05921918705913509,,,,0.4251,1.0,1.0781035244448183,0.051963925147368556,0.022447614295000425,-1.0,-1.0
1 month,2023-04-05,2023-05-05,G4,XLP,HSY,0.061288158926235514,0.1772,0.01890500568456029,-1.0,,,,,,,
1 month,2023-04-05,2023-05-05,G3,XLP,ADM,-0.0434454806287341,,,,0.2681,1.0,1.0482555561583755,0.033542231556483414,0.014483179368333245,-1.0,-1.0
1 month,2023-04-05,2023-05-05,G4,XLU,SO,0.048111969534122334,0.20920000000000002,0.022656799883741054,-1.0,,,,,,,
1 month,2023-04-05,2023-05-05,G3,XLU,CEG,0.039085088373145505,,,,0.3285,1.0,1.0593853449959574,0.04063003534532768,0.017590499478585642,-0.03802475087828794,-1.0
1 month,2023-05-05,2023-06-06,G2,XLK,PLTR,1.0863698186911934,0.6825,0.07797854944310172,-1.0,,,,,,,
1 month,2023-05-05,2023-06-06,G4,XLK,MSFT,0.07648292521027122,0.21239999999999998,0.022878497511551583,-1.0,,,,,,,
1 month,2023-05-05,2023-06-06,G1,XLK,NVDA,0.34776834324269745,,,,0.4644,1.0,1.0863861441099747,0.0567266926148324,0.024384997073211418,5.130594385327623,9.718976030547443
1 month,2023-05-05,2023-06-06,G3,XLK,QCOM,0.07711041187910905,,,,0.2968,1.0,1.0538147593190499,0.03706875735000529,0.015966533486322085,1.0801995370664348,0.45903007562759535
1 month,2023-05-05,2023-06-06,G4,XLY,AZO,-0.1369195857451877,0.2494,0.027217088147189865,4.030647841706186,,,,,,,
1 month,2023-05-05,2023-06-06,G1,XLY,CMG,0.014746942304541877,,,,0.2188,1.0,1.0398093144555753,0.027920436756620655,0.011905698977753175,-0.4718226497282477,-1.0
1 month,2023-05-05,2023-06-06,G3,XLY,GM,0.062481311452341926,,,,0.3624,1.0,1.0661522957170133,0.04476438635464824,0.019310597083388767,0.3957817037260487,-1.0
1 month,2023-05-05,2023-06-06,G4,XLV,VRTX,-0.05079144147141568,0.22039999999999998,0.02381638761512765,1.132625748799705,,,,,,,
1 month,2023-05-05,2023-06-06,G3,XLV,CVS,-0.0024048625889557806,,,,0.2376,1.0,1.0431201549620748,0.030124856133843424,0.012893012478698134,-1.0,-1.0
1 month,2023-05-05,2023-06-06,G4,XLI,TDG,0.03679649690841824,0.2837,0.031240370660604613,-1.0,,,,,,,
1 month,2023-05-05,2023-06-06,G1,XLI,WM,-0.029945139537558507,,,,0.16,1.0,1.029714881550249,0.02103145244553903,0.008782047067440447,-1.0,-1.0
1 month,2023-05-05,2023-06-06,G3,XLI,CAT,0.0538844592480312,,,,0.2762,1.0,1.050046630486944,0.03465221847409934,0.01490309347310906,0.555007489298468,-0.7424810648868205
1 month,2023-05-05,2023-06-06,G2,XLC,FOX,0.036066663708401725,0.3522,0.039276217007716115,-1.0,,,,,,,
1 month,2023-05-05,2023-06-06,G3,XLC,NWSA,0.10689266917996765,,,,0.41609999999999997,1.0,1.0766426302860423,0.05106302285349477,0.022000828307606683,1.0933478514708015,0.37495000056277794
1 month,2023-05-05,2023-06-06,G2,XLB,AMCR,-0.028673608029898823,0.3189,0.03536973184282313,-0.18931791291719968,,,,,,,
1 month,2023-05-05,2023-06-06,G4,XLB,APD,-0.06134159389680205,0.2704,0.029680230885636823,1.066749215434411,,,,,,,
1 month,2023-05-05,2023-06-06,G3,XLB,NUE,0.008361727667468344,,,,0.35979999999999995,1.0,1.0656533966408896,0.044459391067129636,0.019179273774457987,-0.8119243771278171,-1.0
1 month,2023-05-05,2023-06-06,G2,XLE,EQT,0.16025835247094378,0.4486,0.05058254425659467,-1.0,,,,,,,
1 month,2023-05-05,2023-06-06,G3,XLE,DVN,-0.027998208925577917,,,,0.4177,1.0,1.076960685978174,0.05125066668560156,0.022080342154386073,-1.0,-1.0
1 month,2023-05-05,2023-06-06,G4,XLP,GIS,-0.0671416921308351,0.1641,0.01721973381115401,2.8991132422351567,,,,,,,
1 month,2023-05-05,2023-06-06,G1,XLP,MDLZ,-0.05518296079789742,,,,0.1503,1.0,1.0280871582243705,0.01989643158038785,0.008261497127840875,-1.0,-1.0
1 month,2023-05-05,2023-06-06,G3,XLP,TGT,-0.14524265315714435,,,,0.3874,1.0,1.0709917071979453,0.047696895714383555,0.020568258871896457,-1.0,-1.0
1 month,2023-05-05,2023-06-06,G4,XLU,AEE,-0.09859651695423555,0.21760000000000002,0.023488112109365997,3.19771995702114,,,,,,,
1 month,2023-05-05,2023-06-06,G1,XLU,PCG,-0.019108264508686523,,,,0.2253,1.0,1.040949409545184,0.02868254003357054,0.01224767712184092,-1.0,-1.0
1 month,2023-05-05,2023-06-06,G3,XLU,VST,0.05593491056304867,,,,0.3318,1.0,1.0603327443073975,0.041174710014945166,0.0177586917602232,0.35847734064784054,-1.0
1 month,2023-06-06,2023-07-07,G4,XLK,IBM,-0.004597359156355729,0.1477,0.015269839307104353,-0.6989255051153829,,,,,,,
1 month,2023-06-06,2023-07-07,G1,XLK,PLTR,-0.00776195894327214,,,,0.6114999999999999,1.0,1.1179984903253852,0.07399269414789184,0.03144520387555619,-1.0,-1.0
1 month,2023-06-06,2023-07-07,G4,XLY,MAR,0.026312811891181953,0.22010000000000002,0.02374925799938782,-1.0,,,,,,,
1 month,2023-06-06,2023-07-07,G1,XLY,TSLA,0.24002528445703653,,,,0.507,1.0,1.0952974535263489,0.06175204423934829,0.026460381742453506,2.886920464150285,4.469604797820579
1 month,2023-06-06,2023-07-07,G3,XLY,NKE,-0.016291522948395754,,,,0.3833,1.0,1.070261383676575,0.04724842429396,0.02036262913552412,-1.0,-1.0
1 month,2023-06-06,2023-07-07,G2,XLV,MDT,0.03548188955900122,0.1848,0.019612454736847522,-1.0,,,,,,,
1 month,2023-06-06,2023-07-07,G4,XLV,ISRG,0.04931587249467473,0.1885,0.020045889819098793,-1.0,,,,,,,
1 month,2023-06-06,2023-07-07,G3,XLV,ABBV,0.0005171632037812568,,,,0.1821,1.0,1.033529141256085,0.023653587915154293,0.009962459143875751,-0.9781359510600987,-1.0
1 month,2023-06-06,2023-07-07,G4,XLI,CTAS,-0.00899716747674617,0.1861,0.019764737274719106,-0.5447868923482049,,,,,,,
1 month,2023-06-06,2023-07-07,G1,XLI,UBER,0.06608695273073573,,,,0.3157,1.0,1.0573840436015964,0.03931887562578796,0.01693657924746474,0.6807945720449688,-0.48614717281579034
1 month,2023-06-06,2023-07-07,G3,XLI,DE,0.08789133260783233,,,,0.2245,1.0,1.0408755556978717,0.028622487147389134,0.012205622912013617,2.0707091300362257,2.851976851069558
1 month,2023-06-06,2023-07-07,G2,XLC,DIS,-0.03819446697607187,0.2255,0.024382334879345633,0.5664811087647967,,,,,,,
1 month,2023-06-06,2023-07-07,G4,XLC,TTWO,0.055350900435046535,0.2232,0.02411268468762783,-1.0,,,,,,,
1 month,2023-06-06,2023-07-07,G1,XLC,NFLX,0.09719753652093188,,,,0.33770000000000006,1.0,1.0615140315574898,0.041899600913202766,0.018058995204169204,1.31977237020185,0.9759407741137289
1 month,2023-06-06,2023-07-07,G3,XLC,T,0.013932383900065792,,,,0.2768,1.0,1.050223000455014,0.03475582842942183,0.014934158479133076,-0.5991353240692232,-1.0
1 month,2023-06-06,2023-07-07,G2,XLB,NEM,0.005953790555998095,0.2943,0.032451167205001165,-1.0,,,,,,,
1 month,2023-06-06,2023-07-07,G4,XLB,VMC,0.07020484227216617,0.1911,0.020350493630600243,-1.0,,,,,,,
1 month,2023-06-06,2023-07-07,G3,XLB,IFF,-0.018016686476549526,,,,0.26280000000000003,1.0,1.0476895329774716,0.03311375977952621,0.014207879069032158,-1.0,-1.0
1 month,2023-06-06,2023-07-07,G2,XLE,TRGP,0.08781333250335166,0.2673,0.02928416061579739,-1.0,,,,,,,
1 month,2023-06-06,2023-07-07,G1,XLE,EQT,0.06290154502205225,,,,0.3917,1.0,1.0719005638184695,0.048233645854206246,0.020783656107824944,0.3041009840347142,-1.0
1 month,2023-06-06,2023-07-07,G3,XLE,OKE,0.04822103935061617,,,,0.2325,1.0,1.0422847865922045,0.029560455488082144,0.01262571854433386,0.6312684819778056,-0.5298285212388298
1 month,2023-06-06,2023-07-07,G2,XLP,KMB,0.006883721328199144,0.1476,0.0152581452415419,-1.0,,,,,,,
1 month,2023-06-06,2023-07-07,G3,XLP,TGT,-0.0199695408954349,,,,0.2733,1.0,1.0495874746573206,0.0343452995611246,0.01475286871873397,-1.0,-1.0
1 month,2023-06-06,2023-07-07,G2,XLU,PPL,-0.0054507338541708306,0.18899999999999997,0.020104465739201584,-0.7288794477367049,,,,,,,
1 month,2023-06-06,2023-07-07,G4,XLU,VST,0.08852151766446714,0.2741,0.030081741505026616,-1.0,,,,,,,
1 month,2023-06-06,2023-07-07,G3,XLU,AEP,0.01018699123720479,,,,0.209,1.0,1.0381661310262487,0.0268055040750993,0.011388858305465436,-0.6199664364204969,-1.0
1 month,2023-07-07,2023-08-07,G2,XLK,MU,0.14394053825404174,0.3215,0.03561867882239301,-1.0,,,,,,,
1 month,2023-07-07,2023-08-07,G4,XLK,CSCO,0.03961565940386036,0.15869999999999998,0.016534744696845086,-1.0,,,,,,,
1 month,2023-07-07,2023-08-07,G1,XLK,ADBE,0.09161908311174272,,,,0.28300000000000003,1.0,1.0513998599851875,0.03550646992740332,0.015254843171758445,1.5803489701755087,1.6364887972767779
1 month,2023-07-07,2023-08-07,G4,XLY,MCD,-0.0023962400937718176,0.1671,0.017517766116551984,-0.8632108638836274,,,,,,,
1 month,2023-07-07,2023-08-07,G1,XLY,TSLA,-0.0837371874097167,,,,0.5585,1.0,1.1063527595234222,0.06780834571426395,0.028935651116223177,-1.0,-1.0
1 month,2023-07-07,2023-08-07,G2,XLV,PFE,0.015410088681344858,0.2325,0.025180447296187517,-1.0,,,,,,,
1 month,2023-07-07,2023-08-07,G1,XLV,SYK,-0.02718606675102664,,,,0.2095,1.0,1.0383000372736855,0.026888047175644855,0.011415263980839654,-1.0,-1.0
1 month,2023-07-07,2023-08-07,G3,XLV,TMO,0.07408558733408732,,,,0.2659,1.0,1.0482959196071542,0.03350086006882193,0.014368955859353324,1.21145329349428,0.7948184947722206
1 month,2023-07-07,2023-08-07,G4,XLI,TT,0.10127393332270862,0.2143,0.023046880628518358,-1.0,,,,,,,
1 month,2023-07-07,2023-08-07,G1,XLI,WM,-0.05152652482114206,,,,0.1757,1.0,1.032484685542895,0.022928329662773528,0.009621415971547347,-1.0,-1.0
1 month,2023-07-07,2023-08-07,G3,XLI,MMM,0.08161169475887142,,,,0.3037,1.0,1.0552034910469568,0.0379344939570589,0.016321299907164764,1.1513848280473757,0.6180208599881105
1 month,2023-07-07,2023-08-07,G2,XLC,DIS,-0.02041972014809934,0.2545,0.027760148120042027,-0.2644232278661045,,,,,,,
1 month,2023-07-07,2023-08-07,G4,XLC,FOX,-0.024436098575797205,0.3193,0.03536061730638717,-0.30894592806265075,,,,,,,
1 month,2023-07-07,2023-08-07,G1,XLC,CHTR,0.1276818570808509,,,,0.374,1.0,1.0685050297635417,0.04618053025812393,0.019895290502796866,1.7648417280438133,1.974413834720846
1 month,2023-07-07,2023-08-07,G2,XLB,IFF,0.022267504360569124,0.3041,0.03357765742743492,-1.0,,,,,,,
1 month,2023-07-07,2023-08-07,G4,XLB,ECL,0.006052277722593313,0.1979,0.021124932501841182,-1.0,,,,,,,
1 month,2023-07-07,2023-08-07,G1,XLB,NUE,0.04513749618129004,,,,0.32380000000000003,1.0,1.0589457272090907,0.04029222655415367,0.01735067256533067,0.1202532111404715,-1.0
1 month,2023-07-07,2023-08-07,G3,XLB,IP,0.13647828000356177,,,,0.2667,1.0,1.0484403668104483,0.033594685530914985,0.014410500230369461,3.062496131358924,5.109289183978339
1 month,2023-07-07,2023-08-07,G4,XLE,WMB,0.05316232246124297,0.2026,0.021675664517170283,-1.0,,,,,,,
1 month,2023-07-07,2023-08-07,G1,XLE,TRGP,0.06859894617386386,,,,0.239,1.0,1.0434824028733716,0.03034632378818307,0.012966316992755212,1.2605356303677357,0.9370607177447476
1 month,2023-07-07,2023-08-07,G3,XLE,FANG,0.12228086438997998,,,,0.3074,1.0,1.0558887327869197,0.03836850092803607,0.016511241689225648,2.187011778733023,3.0210259684093934
1 month,2023-07-07,2023-08-07,G2,XLP,GIS,-0.022748557466508612,0.1557,0.016183767259425132,0.4056404236325306,,,,,,,
1 month,2023-07-07,2023-08-07,G4,XLP,CHD,-0.03324243846163388,0.1563,0.01625395814697648,1.0451903567758074,,,,,,,
1 month,2023-07-07,2023-08-07,G1,XLP,PM,-0.005015394620682456,,,,0.1875,1.0,1.0345001505406148,0.024310283806815474,0.010249711572871622,-1.0,-1.0
1 month,2023-07-07,2023-08-07,G3,XLP,HSY,-0.05802932149968554,,,,0.1765,1.0,1.0326208296285457,0.023022003580343803,0.009664081765562197,-1.0,-1.0
1 month,2023-07-07,2023-08-07,G4,XLU,PEG,-0.032619046988080935,0.17559999999999998,0.018512864541783785,0.7619664917041489,,,,,,,
1 month,2023-07-07,2023-08-07,G1,XLU,NRG,-0.005773760876880973,,,,0.3061,1.0,1.0556477861285676,0.03821601171159659,0.016444528849572357,-1.0,-1.0
1 month,2023-07-07,2023-08-07,G3,XLU,XEL,-0.05037343229088276,,,,0.18710000000000002,1.0,1.0344315714643468,0.024263429233415103,0.010228449371736411,-1.0,-1.0
1 month,2023-08-07,2023-09-06,G2,XLK,MSFT,0.010526056303308273,0.2427,0.026357034417186617,-1.0,,,,,,,
1 month,2023-08-07,2023-09-06,G4,XLK,CSCO,0.0782870420241728,0.2493,0.027130926603170066,-1.0,,,,,,,
1 month,2023-08-07,2023-09-06,G1,XLK,PLTR,-0.14952749386367026,,,,0.8732,1.0,1.1816783180380508,0.10461438815938325,0.043299499697634816,-1.0,-1.0
1 month,2023-08-07,2023-09-06,G2,XLY,F,-0.06723357572176947,0.2878,0.03164608346414019,1.1245464955546658,,,,,,,
1 month,2023-08-07,2023-09-06,G1,XLY,BKNG,-0.03139050604015092,,,,0.2635,1.0,1.0479035083406918,0.03323949934251005,0.014244264085908231,-1.0,-1.0
1 month,2023-08-07,2023-09-06,G2,XLV,SYK,0.009885991994346588,0.2029,0.02169171993404105,-1.0,,,,,,,
1 month,2023-08-07,2023-09-06,G4,XLV,ABBV,-0.031397397296423435,0.17620000000000002,0.01856425708896843,0.6912821852203779,,,,,,,
1 month,2023-08-07,2023-09-06,G1,XLV,AMGN,-0.007561075703106379,,,,0.1938,1.0,1.0356226731052192,0.025068909142919902,0.010584259202713157,-1.0,-1.0
1 month,2023-08-07,2023-09-06,G3,XLV,BMY,-0.013229569496849392,,,,0.1814,1.0,1.0334962138454915,0.023616521115674704,0.009925189052730135,-1.0,-1.0
1 month,2023-08-07,2023-09-06,G2,XLI,HON,-0.021520379308737958,0.17559999999999998,0.01849400812502367,0.16364063232022708,,,,,,,
1 month,2023-08-07,2023-09-06,G1,XLI,CAT,0.004438294305328494,,,,0.2357,1.0,1.0429379809049497,0.029979675433976227,0.012793479369494723,-0.8519565591994833,-1.0
1 month,2023-08-07,2023-09-06,G2,XLC,LYV,-0.0954943303731306,0.30219999999999997,0.03333508111583353,1.8646797060821485,,,,,,,
1 month,2023-08-07,2023-09-06,G4,XLC,CMCSA,-0.011441119854000203,0.19039999999999999,0.020227245193726966,-0.4343708327840684,,,,,,,
1 month,2023-08-07,2023-09-06,G1,XLC,WBD,-0.205943361500887,,,,0.4654,1.0,1.0867517717027024,0.05691769173567453,0.024434007776581276,-1.0,-1.0
1 month,2023-08-07,2023-09-06,G3,XLC,T,0.04282642542780746,,,,0.2194,1.0,1.0400682123679246,0.02806883568108518,0.011937293696913771,0.5257642288549542,-0.7689415096994803
1 month,2023-08-07,2023-09-06,G2,XLB,NEM,-0.03901632609990868,0.3196,0.035376016585341515,0.10290331885686554,,,,,,,
1 month,2023-08-07,2023-09-06,G1,XLB,PKG,-0.05403486656721901,,,,0.1787,1.0,1.0330355044975912,0.02330035269780097,0.009781360528022144,-1.0,-1.0
1 month,2023-08-07,2023-09-06,G4,XLE,FANG,0.05649028375510978,0.253,0.02756479704417151,-1.0,,,,,,,
1 month,2023-08-07,2023-09-06,G1,XLE,VLO,0.0366618880887426,,,,0.2942,1.0,1.0534922476057553,0.03684011516663775,0.01583266710553128,-0.0048378534401721796,-1.0
1 month,2023-08-07,2023-09-06,G2,XLP,HSY,-0.07576558778768061,0.16,0.01666816264713178,3.5455272660612165,,,,,,,
1 month,2023-08-07,2023-09-06,G4,XLP,PG,-0.03046124841523601,0.1358,0.013838936711151145,1.2011263618751058,,,,,,,
1 month,2023-08-07,2023-09-06,G1,XLP,ADM,-0.10706847335322711,,,,0.2009,1.0,1.0368481111202148,0.02590074751777312,0.010960542005913808,-1.0,-1.0
1 month,2023-08-07,2023-09-06,G3,XLP,GIS,-0.10332140904896325,,,,0.17300000000000001,1.0,1.0320656009642948,0.022632989469198134,0.009477344161936595,-1.0,-1.0
1 month,2023-08-07,2023-09-06,G2,XLU,NEE,-0.036347483671510306,0.23629999999999998,0.02560664675944025,0.41945503497486447,,,,,,,
1 month,2023-08-07,2023-09-06,G1,XLU,CEG,0.030604580269035564,,,,0.2248,1.0,1.0410155393611364,0.028701823195621173,0.012221394404528803,0.06629394448031767,-1.0
1 month,2023-08-07,2023-09-06,G3,XLU,AEP,-0.045839133613389316,,,,0.2096,1.0,1.0383575470831947,0.026920233505708963,0.011420544647572329,-1.0,-1.0
1 month,2023-09-06,2023-10-05,G2,XLK,PLTR,0.033333347877385844,0.5409,0.06130472511021602,-1.0,,,,,,,
1 month,2023-09-06,2023-10-05,G4,XLK,IBM,-0.044171217260677076,0.1384,0.014127009242395513,2.126721056295353,,,,,,,
1 month,2023-09-06,2023-10-05,G1,XLK,INTU,-0.06125856303744237,,,,0.2505,1.0,1.0456046714091702,0.03173220225425801,0.013567317971363633,-1.0,-1.0
1 month,2023-09-06,2023-10-05,G2,XLY,GM,-0.07647773952697312,0.303,0.03341214569641539,1.2889203292076523,,,,,,,
1 month,2023-09-06,2023-10-05,G4,XLY,ORLY,-0.046560613084219105,0.1783,0.018794080466532474,1.4774084141616748,,,,,,,
1 month,2023-09-06,2023-10-05,G1,XLY,TJX,-0.03228289252647343,,,,0.155,1.0,1.029060593809823,0.020544496741266727,0.00851390970734338,-1.0,-1.0
1 month,2023-09-06,2023-10-05,G2,XLV,JNJ,-0.005505983209785126,0.1533,0.015868591086920736,-0.6530263348758604,,,,,,,
1 month,2023-09-06,2023-10-05,G1,XLV,LLY,-0.032985443877288745,,,,0.1996,1.0,1.036657386834816,0.025765921127373418,0.010891704267940235,-1.0,-1.0
1 month,2023-09-06,2023-10-05,G3,XLV,CVS,0.06472320979491597,,,,0.21420000000000003,1.0,1.0391933049089002,0.027476742700546848,0.01166328667157038,1.3555634123118945,1.1889117197338384
1 month,2023-09-06,2023-10-05,G2,XLI,HON,-0.024334571381468773,0.163,0.01700326042964019,0.4311708911455918,,,,,,,
1 month,2023-09-06,2023-10-05,G1,XLI,ETN,-0.12274956967914985,,,,0.2113,1.0,1.0386876535833842,0.027136879682308948,0.011510292103691129,-1.0,-1.0
1 month,2023-09-06,2023-10-05,G3,XLI,RTX,-0.16920131549952355,,,,0.17920000000000003,1.0,1.033154724983392,0.02337654853392011,0.009808004125708116,-1.0,-1.0
1 month,2023-09-06,2023-10-05,G2,XLC,WBD,-0.12184505190760597,0.4468,0.05027648425693689,1.4234998470640758,,,,,,,
1 month,2023-09-06,2023-10-05,G1,XLC,MTCH,-0.18603631243476604,,,,0.3664,1.0,1.0671143868666848,0.04532545087942874,0.01951243873352881,-1.0,-1.0
1 month,2023-09-06,2023-10-05,G3,XLC,OMC,-0.08218867715015421,,,,0.21850000000000003,1.0,1.0399448400554114,0.027980711872956355,0.011889899518422058,-1.0,-1.0
1 month,2023-09-06,2023-10-05,G2,XLB,IFF,-0.08021460869185304,0.25379999999999997,0.027642063461958775,1.9019037888486512,,,,,,,
1 month,2023-09-06,2023-10-05,G4,XLB,LYB,-0.09009712777278445,0.2052,0.021944970548777927,3.105593469470471,,,,,,,
1 month,2023-09-06,2023-10-05,G1,XLB,STLD,0.03278037756749952,,,,0.3504,1.0,1.0640489494063634,0.043448850446459596,0.018703657997081263,-0.24554096988380436,-1.0
1 month,2023-09-06,2023-10-05,G4,XLE,EOG,-0.11012611327739952,0.24609999999999999,0.026739194254849125,3.118527739758961,,,,,,,
1 month,2023-09-06,2023-10-05,G1,XLE,COP,-0.07378513327794112,,,,0.23309999999999997,1.0,1.0425124439600009,0.029692131505012747,0.012657185761167396,-1.0,-1.0
1 month,2023-09-06,2023-10-05,G2,XLP,KR,-0.022364915292034326,0.2688,0.0294010689997365,-0.23931625437718762,,,,,,,
1 month,2023-09-06,2023-10-05,G3,XLP,GIS,-0.05328670870389407,,,,0.2234,1.0,1.040803831338635,0.02855504878876405,0.012147782154534008,-1.0,-1.0
1 month,2023-09-06,2023-10-05,G2,XLU,PPL,-0.04966896281234556,0.16920000000000002,0.017728808732267117,1.8015961795530058,,,,,,,
1 month,2023-09-06,2023-10-05,G1,XLU,VST,-0.0238647103546481,,,,0.225,1.0,1.0410849168827354,0.02874259740224951,0.012231907956955465,-1.0,-1.0
1 month,2023-09-06,2023-10-05,G3,XLU,DTE,-0.0578984937897824,,,,0.2109,1.0,1.0386179842258743,0.02709000355827958,0.011489179112213649,-1.0,-1.0
1 month,2023-10-05,2023-11-03,G2,XLK,KLAC,0.08358633783325908,0.4075,0.04565771210543547,-1.0,,,,,,,
1 month,2023-10-05,2023-11-03,G1,XLK,PLTR,0.19481333891744534,,,,0.5996,1.0,1.1154924309142327,0.07266643402339377,0.03088503853517605,1.680926091057783,1.5682632033264716
1 month,2023-10-05,2023-11-03,G3,XLK,AAPL,0.00994771411153117,,,,0.2768,1.0,1.0503671640874654,0.03482703396566558,0.014934158479133016,-0.7143680360108142,-1.0
1 month,2023-10-05,2023-11-03,G2,XLY,ABNB,-0.0188014922336619,0.4793,0.054075486520677,-0.6523102528819096,,,,,,,
1 month,2023-10-05,2023-11-03,G1,XLY,TSLA,-0.1541625955045921,,,,0.537,1.0,1.101816945175361,0.0653350535926299,0.02790673114777452,-1.0,-1.0
1 month,2023-10-05,2023-11-03,G3,XLY,MCD,0.06200680756126298,,,,0.2137,1.0,1.039127406231528,0.027429021705095112,0.011636917651188029,1.260627747789664,0.9661049442417469
1 month,2023-10-05,2023-11-03,G2,XLV,LLY,0.0486263421098021,0.3079,0.033976376742937915,-1.0,,,,,,,
1 month,2023-10-05,2023-11-03,G4,XLV,UNH,0.028417688342325054,0.2437,0.02644749054948367,-1.0,,,,,,,
1 month,2023-10-05,2023-11-03,G1,XLV,VRTX,0.059300548206153714,,,,0.2816,1.0,1.0512412090024872,0.03538996505914246,0.015182481528332408,0.675631725181213,-0.4691685157905964
1 month,2023-10-05,2023-11-03,G3,XLV,ABT,0.0017728113546371382,,,,0.27,1.0,1.0491335785570357,0.03402957322692912,0.014581767504255518,-0.947903802883012,-1.0
1 month,2023-10-05,2023-11-03,G2,XLI,UBER,0.07038779077980584,0.493,0.05568118086360171,-1.0,,,,,,,
1 month,2023-10-05,2023-11-03,G3,XLI,RTX,0.19227421835261604,,,,0.2948,1.0,1.0536588728695964,0.03693808545763545,0.015863568407664553,4.205310886324542,7.737967519089027
1 month,2023-10-05,2023-11-03,G2,XLC,MTCH,-0.2008685001610151,0.5104,0.05772026913208077,2.4800340189227037,,,,,,,
1 month,2023-10-05,2023-11-03,G1,XLC,CHTR,-0.027027684146387454,,,,0.3615,1.0,1.066194184092578,0.044761204171125,0.019265150277308827,-1.0,-1.0
1 month,2023-10-05,2023-11-03,G3,XLC,OMC,0.06501153898861278,,,,0.3169,1.0,1.0577529932765317,0.03953013968151104,0.016997988357856,0.6446068623182672,-0.5729761922841748
1 month,2023-10-05,2023-11-03,G2,XLB,FCX,-0.0021908807825141707,0.42469999999999997,0.04767456616420137,-0.9540450819212856,,,,,,,
1 month,2023-10-05,2023-11-03,G4,XLB,IP,-0.01001408539447235,0.2993,0.03296770679715058,-0.6962456182928107,,,,,,,
1 month,2023-10-05,2023-11-03,G1,XLB,PKG,0.03749601331364305,,,,0.2108,1.0,1.0386219107519918,0.027089173760723485,0.01148390047430662,0.3841696924698519,-1.0
1 month,2023-10-05,2023-11-03,G3,XLB,PPG,-0.0229957110543223,,,,0.29309999999999997,1.0,1.0533463491224775,0.036738702161991744,0.015776000592423338,-1.0,-1.0
1 month,2023-10-05,2023-11-03,G2,XLE,BKR,0.0611489183488545,0.3362,0.037295669545726176,-1.0,,,,,,,
1 month,2023-10-05,2023-11-03,G3,XLE,DVN,0.1047841846253339,,,,0.3771,1.0,1.069203846584103,0.046590802822834426,0.020051210611957488,1.2490315314759624,0.7744733088590983
1 month,2023-10-05,2023-11-03,G2,XLP,KVUE,-0.01973674092447486,0.3002,0.03307326438196696,-0.40324182407478715,,,,,,,
1 month,2023-10-05,2023-11-03,G3,XLP,GIS,0.06427044701826934,,,,0.2175,1.0,1.0397912399715195,0.027874368627520858,0.011837224541586398,1.305718485577247,1.0679853593002164
1 month,2023-10-05,2023-11-03,G2,XLU,PCG,0.10104321341992772,0.3061,0.033765258337226205,-1.0,,,,,,,
1 month,2023-10-05,2023-11-03,G3,XLU,NEE,0.2008089149306873,,,,0.4213,1.0,1.077894517452907,0.05177406331050301,0.022259113493944015,2.8785620075129543,4.521980806253639
1 month,2023-11-03,2023-12-05,G2,XLK,NVDA,0.03477605960079955,0.5123,0.05797431533710338,-1.0,,,,,,,
1 month,2023-11-03,2023-12-05,G4,XLK,MSFT,0.05803878902051873,0.2047,0.02190548771278562,-1.0,,,,,,,
1 month,2023-11-03,2023-12-05,G1,XLK,PLTR,-0.031233465942365757,,,,0.518,1.0,1.0977044790702306,0.06307971621425092,0.026992157526551062,-1.0,-1.0
1 month,2023-11-03,2023-12-05,G3,XLK,ORCL,0.05997226314259385,,,,0.2216,1.0,1.0404477687386677,0.028323677058786467,0.012053093114285303,1.1173897378550088,0.6198741865509809
1 month,2023-11-03,2023-12-05,G2,XLY,TSLA,0.08528820664767345,0.4582,0.05163328721140173,-1.0,,,,,,,
1 month,2023-11-03,2023-12-05,G1,XLY,CMG,0.09101559936789694,,,,0.1936,1.0,1.0355822782998299,0.025042411018837647,0.010573648231878018,2.6344583314854235,4.242591757586907
1 month,2023-11-03,2023-12-05,G3,XLY,MAR,0.062313663970824607,,,,0.2375,1.0,1.0432507671056535,0.030187695066904933,0.012887775284078001,1.0642074140711628,0.4791456589658356
1 month,2023-11-03,2023-12-05,G2,XLV,PFE,-0.05687136035895568,0.255,0.027802224950599533,1.045568671572429,,,,,,,
1 month,2023-11-03,2023-12-05,G4,XLV,GILD,-0.03149894322783975,0.2503,0.027251080583263962,0.15587868641013003,,,,,,,
1 month,2023-11-03,2023-12-05,G1,XLV,LLY,0.03773584491585802,,,,0.2735,1.0,1.049705711527485,0.03440928944084587,0.01476323315690505,0.09667608744815959,-1.0
1 month,2023-11-03,2023-12-05,G3,XLV,BMY,-0.049034519355102946,,,,0.1761,1.0,1.0325866960178158,0.02299283102605923,0.009642750133735134,-1.0,-1.0
1 month,2023-11-03,2023-12-05,G4,XLI,CTAS,0.0656202271617925,0.1691,0.017735883261461752,-1.0,,,,,,,
1 month,2023-11-03,2023-12-05,G1,XLI,RTX,0.007006132618123884,,,,0.1795,1.0,1.0331659803796023,0.023390941663064525,0.009823988388789836,-0.7004766751572469,-1.0
1 month,2023-11-03,2023-12-05,G3,XLI,CAT,0.05997906977294809,,,,0.2245,1.0,1.0409568325362262,0.028663623115124125,0.012205622912013528,1.092515294805866,0.5584814780734504
1 month,2023-11-03,2023-12-05,G2,XLC,MTCH,0.09782608622307132,0.3864,0.04321405321255029,-1.0,,,,,,,
1 month,2023-11-03,2023-12-05,G4,XLC,VZ,0.06662961361670416,0.1716,0.018028525665881732,-1.0,,,,,,,
1 month,2023-11-03,2023-12-05,G1,XLC,NFLX,0.05271068844009785,,,,0.2749,1.0,1.0499598016212146,0.03457348502405844,0.014835767171183366,0.5245986455637419,-0.8145773799802917
1 month,2023-11-03,2023-12-05,G3,XLC,CMCSA,-0.03635954803882857,,,,0.1807,1.0,1.033370745684256,0.02353146294497572,0.009887911228332888,-1.0,-1.0
1 month,2023-11-03,2023-12-05,G2,XLB,DD,0.022531235548514328,0.18170000000000003,0.0192110947675951,-1.0,,,,,,,
1 month,2023-11-03,2023-12-05,G1,XLB,LIN,0.03237806418024247,,,,0.16,1.0,1.0298613088336626,0.021108419207874207,0.008782047067440481,0.5338933655517115,-0.7134204215426097
1 month,2023-11-03,2023-12-05,G3,XLB,SHW,0.13047706102072265,,,,0.2005,1.0,1.0367729542494695,0.025850819782289994,0.010939363983396405,4.047308445905088,7.565772828610129
1 month,2023-11-03,2023-12-05,G2,XLE,CVX,-0.02203414718580643,0.2086,0.022362517642830173,-0.014683966370355184,,,,,,,
1 month,2023-11-03,2023-12-05,G1,XLE,TRGP,-0.004198910228377484,,,,0.2386,1.0,1.0434457661610295,0.030316666847173428,0.012945375933180955,-1.0,-1.0
1 month,2023-11-03,2023-12-05,G2,XLP,HSY,0.005806246347466848,0.2243,0.024202704336933018,-1.0,,,,,,,
1 month,2023-11-03,2023-12-05,G4,XLP,CL,0.038225098406338365,0.146,0.015033604210814523,-1.0,,,,,,,
1 month,2023-11-03,2023-12-05,G1,XLP,KO,0.042070759075501174,,,,0.165,1.0,1.0307045805341795,0.021693492974413617,0.009049786569542223,0.9393261898912064,0.25596095045772027
1 month,2023-11-03,2023-12-05,G3,XLP,SYY,0.09236073011656565,,,,0.19920000000000002,1.0,1.036548209267147,0.025698500108812885,0.010870518098043624,2.594012480319503,4.134301819474753
1 month,2023-11-03,2023-12-05,G4,XLU,PEG,-0.015568492272143741,0.1779,0.01876611557209712,-0.17039345663563366,,,,,,,
1 month,2023-11-03,2023-12-05,G1,XLU,NRG,0.07244442084596514,,,,0.25370000000000004,1.0,1.046136775212323,0.032087252205968725,0.013734191270263627,1.2577321479864656,0.9154856020246203
1 month,2023-12-05,2024-01-05,G2,XLK,CSCO,0.05319776019514055,0.1524,0.015785887098045782,-1.0,,,,,,,
1 month,2023-12-05,2024-01-05,G4,XLK,IBM,-0.013817461114197016,0.1442,0.01482712925867648,-0.06809599666021549,,,,,,,
1 month,2023-12-05,2024-01-05,G1,XLK,CRM,0.0003984468502131744,,,,0.2113,1.0,1.0386389927813384,0.027112066380303595,0.011510292103691167,-0.985303707779991,-1.0
1 month,2023-12-05,2024-01-05,G2,XLY,TJX,0.042159258910983155,0.1464,0.015084305123392157,-1.0,,,,,,,
1 month,2023-12-05,2024-01-05,G1,XLY,RCL,0.07314725584804882,,,,0.3207,1.0,1.0583915070165424,0.03994124632408376,0.01719230832336879,0.8313713912312899,-0.14172381311649418
1 month,2023-12-05,2024-01-05,G3,XLY,F,0.11792465446105083,,,,0.29109999999999997,1.0,1.0529081476983022,0.03646929157434666,0.015672923711874075,2.23353290865682,3.1483330078031972
1 month,2023-12-05,2024-01-05,G2,XLV,VRTX,0.17605536404933586,0.3404,0.03782296183245248,-1.0,,,,,,,
1 month,2023-12-05,2024-01-05,G4,XLV,JNJ,0.01627258508692586,0.1408,0.014429756943162257,-1.0,,,,,,,
1 month,2023-12-05,2024-01-05,G1,XLV,MDT,0.08193869106587592,,,,0.1779,1.0,1.0328847239660481,0.023199176216206308,0.009738722556055145,2.5319655449073992,4.037002216407533
1 month,2023-12-05,2024-01-05,G2,XLI,DE,0.10044462673301013,0.2072,0.02220252152595414,-1.0,,,,,,,
1 month,2023-12-05,2024-01-05,G1,XLI,UBER,-0.006727607062895102,,,,0.314,1.0,1.0571411805300954,0.03915535237865699,0.016849546074310967,-1.0,-1.0
1 month,2023-12-05,2024-01-05,G2,XLC,TKO,0.06328604137381233,0.3204,0.03547701237308527,-1.0,,,,,,,
1 month,2023-12-05,2024-01-05,G4,XLC,NWSA,0.12218649632904799,0.2677,0.029295745378666374,-1.0,,,,,,,
1 month,2023-12-05,2024-01-05,G1,XLC,TTWO,0.00924988681961203,,,,0.2332,1.0,1.04248127429434,0.029679230319498276,0.01266242975588266,-0.6883380492001759,-1.0
1 month,2023-12-05,2024-01-05,G4,XLB,VMC,0.04527852550925893,0.22469999999999998,0.024253692243091953,-1.0,,,,,,,
1 month,2023-12-05,2024-01-05,G1,XLB,NUE,0.0321514596911161,,,,0.1868,1.0,1.0344056548242562,0.024241472025641055,0.010212501067454062,0.3262998079121755,-1.0
1 month,2023-12-05,2024-01-05,G3,XLB,CTVA,0.07837779763102892,,,,0.31489999999999996,1.0,1.0573088221014901,0.03926092003197929,0.016895627855413153,0.9963311498351992,0.247007551885011
1 month,2023-12-05,2024-01-05,G2,XLE,EQT,0.009123963874134056,0.3293,0.036520962724904335,-1.0,,,,,,,
1 month,2023-12-05,2024-01-05,G4,XLE,KMI,0.029714348305204474,0.1539,0.015961323834685022,-1.0,,,,,,,
1 month,2023-12-05,2024-01-05,G1,XLE,OKE,0.03334310058204926,,,,0.195,1.0,1.0358149129506935,0.025202044342958693,0.010647911836254369,0.32303158141871724,-1.0
1 month,2023-12-05,2024-01-05,G3,XLE,CVX,0.05277876272049031,,,,0.2076,1.0,1.0379952805294683,0.026678442431856086,0.011314901645869827,0.9783299889152621,0.30654977424556074
1 month,2023-12-05,2024-01-05,G2,XLP,WMT,0.010030355742424168,0.13699999999999998,0.013985760172620081,-1.0,,,,,,,
1 month,2023-12-05,2024-01-05,G4,XLP,PG,0.004497190569652254,0.14029999999999998,0.014371328543782301,-1.0,,,,,,,
1 month,2023-12-05,2024-01-05,G1,XLP,CHD,0.004064743729345066,,,,0.17600000000000002,1.0,1.0325611913835637,0.02297670559093011,0.009637416830425103,-0.8230928401263258,-1.0
1 month,2023-12-05,2024-01-05,G3,XLP,HSY,-0.0015428883883574773,,,,0.18469999999999998,1.0,1.0340459749149027,0.02399550942531167,0.010100823240717953,-1.0,-1.0
1 month,2023-12-05,2024-01-05,G4,XLU,AEP,0.06001780088864539,0.19030000000000002,0.020222400158318544,-1.0,,,,,,,
1 month,2023-12-05,2024-01-05,G1,XLU,DTE,0.04690654104770253,,,,0.22690000000000002,1.0,1.041370300405803,0.02894064118707215,0.012331755755541985,0.6207844444253647,-0.551058198715011
1 month,2024-01-05,2024-02-06,G2,XLK,PLTR,0.3685858238875013,0.47490000000000004,0.05360528502344172,-1.0,,,,,,,
1 month,2024-01-05,2024-02-06,G1,XLK,AVGO,0.16522742487569086,,,,0.2632,1.0,1.0478149926092244,0.033187198009993236,0.014228671424596117,3.9786494426536994,7.251819777319735
1 month,2024-01-05,2024-02-06,G3,XLK,AAPL,0.04481733761437301,,,,0.2347,1.0,1.0427267556953395,0.029845166122848436,0.012741071118790645,0.501661523004971,-0.8359178832342944
1 month,2024-01-05,2024-02-06,G2,XLY,AZO,0.10228825674307451,0.1923,0.02046599314613479,-1.0,,,,,,,
1 month,2024-01-05,2024-02-06,G4,XLY,MCD,-0.015017822767233735,0.1411,0.014473844131534196,0.03758356320242329,,,,,,,
1 month,2024-01-05,2024-02-06,G1,XLY,GM,0.056682748678938744,,,,0.3323,1.0,1.0605489520249225,0.04129222551360434,0.01778416128907293,0.3727220553966917,-1.0
1 month,2024-01-05,2024-02-06,G1,XLV,VRTX,-0.0008883436186974958,,,,0.3016,1.0,1.0548213646807214,0.03769113215707606,0.016213403466308205,-1.0,-1.0
1 month,2024-01-05,2024-02-06,G4,XLI,LMT,-0.06473170678744955,0.1929,0.020536284926319027,2.152065089654567,,,,,,,
1 month,2024-01-05,2024-02-06,G1,XLI,CAT,0.12212375355210048,,,,0.24280000000000002,1.0,1.0441632770329043,0.030794911250577806,0.01316513395819565,2.965712145048284,4.921738188669438
1 month,2024-01-05,2024-02-06,G4,XLC,NWSA,0.010233251949913091,0.2887,0.03176835930373234,-1.0,,,,,,,
1 month,2024-01-05,2024-02-06,G1,XLC,MTCH,-0.017448261250464725,,,,0.48829999999999996,1.0,1.0914430012692562,0.05958562985744873,0.025552492153625938,-1.0,-1.0
1 month,2024-01-05,2024-02-06,G4,XLB,DD,-0.14278242332548252,0.1924,0.02047770836251253,5.97257822007402,,,,,,,
1 month,2024-01-05,2024-02-06,G1,XLB,FCX,-0.02640845792542279,,,,0.3543,1.0,1.0647232603722834,0.0438727822196447,0.018901146230227397,-1.0,-1.0
1 month,2024-01-05,2024-02-06,G2,XLE,HAL,-0.03197130109005841,0.32630000000000003,0.03617876967833647,-0.11629661886477705,,,,,,,
1 month,2024-01-05,2024-02-06,G4,XLE,WMB,-0.03516168733422942,0.2011,0.02149704919056103,0.635651806093845,,,,,,,
1 month,2024-01-05,2024-02-06,G1,XLE,PSX,0.0788966758656422,,,,0.2562,1.0,1.0465564816758774,0.0323662687770995,0.013864451690084805,1.437620363625756,1.3325981375010207
1 month,2024-01-05,2024-02-06,G4,XLP,KO,0.004524896263838674,0.1355,0.013819526141618509,-1.0,,,,,,,
1 month,2024-01-05,2024-02-06,G1,XLP,COST,0.08509741878901478,,,,0.1654,1.0,1.0307442060462018,0.02172565292878642,0.009071188565469509,2.9169096122428155,4.991851271807373
1 month,2024-01-05,2024-02-06,G2,XLU,EXC,-0.06609757786306059,0.1898,0.02017312338112913,2.2765168097316715,,,,,,,
1 month,2024-01-05,2024-02-06,G4,XLU,XEL,-0.08300659685561984,0.21489999999999998,0.02311434884265529,2.591128498607724,,,,,,,
1 month,2024-01-05,2024-02-06,G1,XLU,PPL,-0.07423425377891413,,,,0.1481,1.0,1.0278377125050653,0.019701791008086344,0.00814322535045478,-1.0,-1.0
1 month,2024-01-05,2024-02-06,G3,XLU,AEE,-0.07656984197181038,,,,0.2094,1.0,1.0382886137490446,0.02687937487751065,0.011409983158001114,-1.0,-1.0
1 month,2024-02-06,2024-03-07,G2,XLK,TXN,0.106712298593574,0.2217,0.023910206659019162,-1.0,,,,,,,
1 month,2024-02-06,2024-03-07,G1,XLK,NVDA,0.3583886198305526,,,,0.5498,1.0,1.104477973143637,0.06679327450179176,0.028520060734923584,4.365639317786984,7.90287889099743
1 month,2024-02-06,2024-03-07,G2,XLY,TSLA,-0.03484609397270422,0.42719999999999997,0.04801157257976664,-0.2742146924096117,,,,,,,
1 month,2024-02-06,2024-03-07,G1,XLY,AMZN,0.04534444992311526,,,,0.2375,1.0,1.0432250436602408,0.03017475671922077,0.012887775284078092,0.5027279372970586,-0.8355490985715168
1 month,2024-02-06,2024-03-07,G2,XLV,BMY,0.08160779643450033,0.2184,0.023523375340677954,-1.0,,,,,,,
1 month,2024-02-06,2024-03-07,G4,XLV,TMO,0.06671623420927686,0.2144,0.023054518185683947,-1.0,,,,,,,
1 month,2024-02-06,2024-03-07,G1,XLV,ISRG,0.007672740423523061,,,,0.244,1.0,1.0443793176400054,0.03093691267938737,0.013227872016954148,-0.7519875204407418,-1.0
1 month,2024-02-06,2024-03-07,G2,XLI,BA,-0.026608509938806146,0.28309999999999996,0.03111026941777786,-0.14470332668990793,,,,,,,
1 month,2024-02-06,2024-03-07,G1,XLI,UBER,0.12686252712565294,,,,0.483,1.0,1.0903456726958065,0.058965633395976255,0.02529428540442702,1.1514655201568638,0.44368001886525743
1 month,2024-02-06,2024-03-07,G2,XLC,WBD,-0.13207546812435855,0.5643,0.06407955031797018,1.0611172748401745,,,,,,,
1 month,2024-02-06,2024-03-07,G4,XLC,VZ,-0.03819949724101146,0.1788,0.018883555518839,1.022897499514964,,,,,,,
1 month,2024-02-06,2024-03-07,G1,XLC,META,0.12758056845529708,,,,0.2702,1.0,1.0490818289821024,0.034009448153458986,0.014592141999824806,2.7513272158848974,4.379521352940309
1 month,2024-02-06,2024-03-07,G2,XLB,DD,0.08884700732411788,0.2332,0.025258407287159553,-1.0,,,,,,,
1 month,2024-02-06,2024-03-07,G1,XLB,STLD,0.10185574306992318,,,,0.2987,1.0,1.0542887454174337,0.0373522418765885,0.016064294395375045,1.7268977162456185,1.9610387161594907
1 month,2024-02-06,2024-03-07,G3,XLB,NEM,0.014775706646785292,,,,0.3873,1.0,1.0710980796879725,0.04774460465735988,0.02056324642905307,-0.6905261494398479,-1.0
1 month,2024-02-06,2024-03-07,G2,XLE,BKR,0.05663182273302558,0.2747,0.030125044436816392,-1.0,,,,,,,
1 month,2024-02-06,2024-03-07,G1,XLE,MPC,0.07922914770971712,,,,0.26739999999999997,1.0,1.0485754382769876,0.033681057288080796,0.014446843539064504,1.3523355289014352,1.1218274670062982
1 month,2024-02-06,2024-03-07,G3,XLE,EQT,0.09352820030302755,,,,0.3765,1.0,1.068997914331885,0.046477920454438826,0.02002104350605601,1.012314651528159,0.22522514691716955
1 month,2024-02-06,2024-03-07,G2,XLP,ADM,0.026101646039279558,0.3064,0.033843247055591226,-1.0,,,,,,,
1 month,2024-02-06,2024-03-07,G4,XLP,PG,0.010442865211519159,0.1191,0.011904168735524547,-1.0,,,,,,,
1 month,2024-02-06,2024-03-07,G1,XLP,COST,0.10523515581400344,,,,0.2119,1.0,1.0387264512174024,0.027173685573830104,0.011541956911123401,2.872686151758203,4.762342132165151
1 month,2024-02-06,2024-03-07,G2,XLU,WEC,0.05218586953382287,0.19399999999999998,0.020663941405553443,-1.0,,,,,,,
1 month,2024-02-06,2024-03-07,G1,XLU,VST,0.42579723635285505,,,,0.29469999999999996,1.0,1.0535521509368153,0.03688305766182131,0.015858418568261447,10.544521071353847,22.47302688560886
1 month,2024-02-06,2024-03-07,G3,XLU,NEE,0.00951204750719703,,,,0.2993,1.0,1.054399398593715,0.037422619896632675,0.016095154948979253,-0.7458209090258545,-1.0
1 month,2024-03-07,2024-04-08,G2,XLK,ADBE,-0.12905543141453402,0.4755,0.053672147292938885,1.4045140342561364,,,,,,,
1 month,2024-03-07,2024-04-08,G1,XLK,NVDA,-0.05973954604180265,,,,0.5607,1.0,1.106844384847301,0.06807208973201896,0.02904057906436991,-1.0,-1.0
1 month,2024-03-07,2024-04-08,G2,XLY,BKNG,0.03548544911558538,0.23379999999999998,0.025326698041485362,-1.0,,,,,,,
1 month,2024-03-07,2024-04-08,G1,XLY,DASH,0.031756725408805586,,,,0.386,1.0,1.0708489210829215,0.04759421586806568,0.02049807140622496,-0.33276082335640766,-1.0
1 month,2024-03-07,2024-04-08,G2,XLV,GILD,-0.04790792670833488,0.2029,0.021704722706483794,1.207258178609373,,,,,,,
1 month,2024-03-07,2024-04-08,G1,XLV,LLY,-0.0036787935021509455,,,,0.306,1.0,1.0556422751066818,0.03821062951779254,0.01643939604019826,-1.0,-1.0
1 month,2024-03-07,2024-04-08,G2,XLI,DE,0.098451300352971,0.23,0.024881180414976226,-1.0,,,,,,,
1 month,2024-03-07,2024-04-08,G1,XLI,UBER,-0.05515684020680167,,,,0.35969999999999996,1.0,1.0657638606314783,0.04450952054567545,0.019174220890021028,-1.0,-1.0
1 month,2024-03-07,2024-04-08,G2,XLC,WBD,-0.02517154680958833,0.43200000000000005,0.04857225712147881,-0.4817711117143577,,,,,,,
1 month,2024-03-07,2024-04-08,G1,XLC,LYV,0.022783811231278817,,,,0.2786,1.0,1.0506108485061711,0.034996782041863246,0.015027320651352616,-0.348974108418744,-1.0
1 month,2024-03-07,2024-04-08,G3,XLC,FOX,0.09651476966886152,,,,0.3575,1.0,1.065342335461513,0.04425147405270993,0.019063020153577914,1.181052083234523,0.6352306169858275
1 month,2024-03-07,2024-04-08,G2,XLB,FCX,0.25596594776438786,0.3538,0.039401083072040335,-1.0,,,,,,,
1 month,2024-03-07,2024-04-08,G1,XLB,MLM,0.01572138298882919,,,,0.22190000000000001,1.0,1.0404790060120634,0.028348004885441015,0.012068878115962621,-0.44541483422336725,-1.0
1 month,2024-03-07,2024-04-08,G1,XLE,TRGP,0.10732353485936641,,,,0.2069,1.0,1.0378608778754197,0.026589870924504287,0.011277911834850945,3.0362563309948563,5.159177159843872
1 month,2024-03-07,2024-04-08,G2,XLP,MDLZ,-0.042074488523702325,0.1718,0.018061947122742988,1.3294547502424905,,,,,,,
1 month,2024-03-07,2024-04-08,G4,XLP,CL,-0.0047652092859632456,0.1765,0.018612225178608253,-0.743974229828247,,,,,,,
1 month,2024-03-07,2024-04-08,G1,XLP,TGT,-0.010726289744529605,,,,0.2314,1.0,1.0421505369886934,0.029461716496927106,0.01256801417969196,-1.0,-1.0
1 month,2024-03-07,2024-04-08,G3,XLP,ADM,0.16460839965195406,,,,0.3856,1.0,1.0707709444709064,0.04754730250824517,0.020478012595430844,2.461992394277452,3.582351668344274
1 month,2024-03-07,2024-04-08,G1,XLU,VST,0.2107164647870272,,,,0.3864,1.0,1.0709269174568397,0.04764112915234701,0.020518127883755087,3.422994763898169,5.81297768111016
1 month,2024-03-07,2024-04-08,G3,XLU,AEE,0.012770920674008979,,,,0.2271,1.0,1.0413926599495646,0.028957596310246685,0.012342262793260318,-0.558978565168755,-1.0
1 month,2024-04-08,2024-05-07,G2,XLK,AMD,-0.09105357137404368,0.5537,0.06283794081071412,0.4490222021807355,,,,,,,
1 month,2024-04-08,2024-05-07,G1,XLK,MU,-0.030418938900444226,,,,0.42210000000000003,1.0,1.0779636833812867,0.05182572578842544,0.022298815127699812,-1.0,-1.0
1 month,2024-04-08,2024-05-07,G2,XLY,NKE,0.04200002978571882,0.22579999999999997,0.024390843625609178,-1.0,,,,,,,
1 month,2024-04-08,2024-05-07,G1,XLY,GM,0.02119992458127684,,,,0.3306,1.0,1.0602314437935672,0.041094078397629415,0.01769754970224512,-0.4841124218398387,-1.0
1 month,2024-04-08,2024-05-07,G2,XLV,ABT,-0.03459523992549707,0.25370000000000004,0.027662192200805135,0.2506326206673577,,,,,,,
1 month,2024-04-08,2024-05-07,G4,XLV,ELV,0.05131367006613807,0.2644,0.028917030508472386,-1.0,,,,,,,
1 month,2024-04-08,2024-05-07,G1,XLV,MRK,0.030183343972217225,,,,0.2255,1.0,1.0411069251708154,0.02876785984270203,0.01225818912266525,0.04920366468881476,-1.0
1 month,2024-04-08,2024-05-07,G2,XLI,BA,-0.026712882297551976,0.3686,0.04113914756748389,-0.35067000953938965,,,,,,,
1 month,2024-04-08,2024-05-07,G1,XLI,GE,0.08024694167919622,,,,0.8422,1.0,1.1735805538953465,0.10098402123648777,0.04194031242491142,-0.2053501069117527,-1.0
1 month,2024-04-08,2024-05-07,G2,XLC,CHTR,-0.018494737296226305,0.5103,0.05775303183004362,-0.6797616209889581,,,,,,,
1 month,2024-04-08,2024-05-07,G1,XLC,TKO,0.030562254763913943,,,,0.29969999999999997,1.0,1.0544731911636531,0.037469538628735324,0.016115725635863623,-0.1843439796059877,-1.0
1 month,2024-04-08,2024-05-07,G2,XLB,PPG,-0.04074041502701009,0.23550000000000001,0.025528072878071913,0.5959064055322914,,,,,,,
1 month,2024-04-08,2024-05-07,G4,XLB,ECL,0.02702942592795421,0.213,0.022890426182005316,-1.0,,,,,,,
1 month,2024-04-08,2024-05-07,G1,XLB,FCX,0.030847456533147355,,,,0.3851,1.0,1.0706691013709917,0.04748658069465833,0.02045293580024047,-0.3503963418318454,-1.0
1 month,2024-04-08,2024-05-07,G3,XLB,APD,0.04637448681449108,,,,0.2681,1.0,1.0487019496798515,0.03376315448233051,0.014483179368333312,0.373523520699484,-1.0
1 month,2024-04-08,2024-05-07,G1,XLE,VLO,-0.13389343207837778,,,,0.32189999999999996,1.0,1.058598612866108,0.04007357115350556,0.017253627647986873,-1.0,-1.0
1 month,2024-04-08,2024-05-07,G2,XLP,COST,0.08532902839402645,0.17989999999999998,0.01901237003735261,-1.0,,,,,,,
1 month,2024-04-08,2024-05-07,G4,XLP,KO,0.05652103443991896,0.14980000000000002,0.01548973568903091,-1.0,,,,,,,
1 month,2024-04-08,2024-05-07,G1,XLP,ADM,-0.025166201974294644,,,,0.278,1.0,1.050497348071023,0.03492427831677405,0.01499627206698556,-1.0,-1.0
1 month,2024-04-08,2024-05-07,G3,XLP,MNST,-0.01761012273248297,,,,0.23010000000000003,1.0,1.0419169042730878,0.02930714347881653,0.012499793965380186,-1.0,-1.0
1 month,2024-04-08,2024-05-07,G4,XLU,SO,0.09834456876024489,0.1547,0.016062823234576692,-1.0,,,,,,,
1 month,2024-04-08,2024-05-07,G1,XLU,VST,0.09836031574533988,,,,0.5062,1.0,1.0951877554029752,0.06168474121639809,0.026421641497485788,0.594564778999056,-0.8799256911170178
1 month,2024-04-08,2024-05-07,G3,XLU,XEL,0.01738172077136757,,,,0.2926,1.0,1.0531661992981125,0.03663673792997007,0.015750237041603984,-0.5255658185346019,-1.0
1 month,2024-05-07,2024-06-06,G2,XLK,IBM,0.008847287214692523,0.17129999999999998,0.017997408863982624,-1.0,,,,,,,
1 month,2024-05-07,2024-06-06,G1,XLK,PLTR,0.11168230558880765,,,,0.4639,1.0,1.0864293044334825,0.05673487962556943,0.024360486414626095,0.9684946249268926,0.036637804578613986
1 month,2024-05-07,2024-06-06,G2,XLY,DASH,-0.012893716642855213,0.34380000000000005,0.03822176925001016,-0.6626603923403739,,,,,,,
1 month,2024-05-07,2024-06-06,G1,XLY,CMG,0.005629870041837348,,,,0.19079999999999997,1.0,1.0350921434869862,0.02471001575847444,0.010425028646906582,-0.7721624260839832,-1.0
1 month,2024-05-07,2024-06-06,G3,XLY,SBUX,0.1322497510380567,,,,0.2091,1.0,1.0382560560534673,0.026854231993005174,0.011394139752788674,3.9247266156226033,7.249301572905916
1 month,2024-05-07,2024-06-06,G2,XLV,CVS,0.0932901655898628,0.2245,0.02423024682034903,-1.0,,,,,,,
1 month,2024-05-07,2024-06-06,G1,XLV,AMGN,0.025178606005697768,,,,0.19269999999999998,1.0,1.035418862184495,0.02493259306586751,0.010525891087256909,0.009867122091164582,-1.0
1 month,2024-05-07,2024-06-06,G3,XLV,BMY,-0.07175296457009328,,,,0.20600000000000002,1.0,1.0377174036874193,0.026490939670264908,0.011230342255116528,-1.0,-1.0
1 month,2024-05-07,2024-06-06,G2,XLI,CAT,-0.04843466994684276,0.2189,0.02357380522358485,1.0545970193384577,,,,,,,
1 month,2024-05-07,2024-06-06,G1,XLI,GE,-0.04834711516018053,,,,0.242,1.0,1.0440407964651104,0.030711010361418954,0.013123296258171168,-1.0,-1.0
1 month,2024-05-07,2024-06-06,G2,XLC,META,0.05450196547817754,0.2867,0.031524165643198716,-1.0,,,,,,,
1 month,2024-05-07,2024-06-06,G4,XLC,FOX,0.07135664521973828,0.35710000000000003,0.03978178754904358,-1.0,,,,,,,
1 month,2024-05-07,2024-06-06,G1,XLC,GOOGL,0.03199990141449516,,,,0.2345,1.0,1.042711093721223,0.02983164539123618,0.012730587613802918,0.0726830851876481,-1.0
1 month,2024-05-07,2024-06-06,G2,XLB,NUE,-0.04918810323734213,0.25120000000000003,0.02736075130674192,0.7977614242347866,,,,,,,
1 month,2024-05-07,2024-06-06,G1,XLB,NEM,0.03173652046299247,,,,0.3566,1.0,1.0651831957301363,0.04415218564414217,0.019017508379864986,-0.2812015985169466,-1.0
1 month,2024-05-07,2024-06-06,G2,XLE,MPC,-0.024072990050434173,0.26239999999999997,0.028674175887087133,-0.16046444908378443,,,,,,,
1 month,2024-05-07,2024-06-06,G1,XLE,EQT,0.003702778223894976,,,,0.25379999999999997,1.0,1.046146086642681,0.032094687243886484,0.013739403527871301,-0.8846295589124239,-1.0
1 month,2024-05-07,2024-06-06,G2,XLP,TGT,-0.08902796059682849,0.37689999999999996,0.04210412474004869,1.114471234029636,,,,,,,
1 month,2024-05-07,2024-06-06,G4,XLP,CHD,0.01184678561197483,0.1332,0.013541906991444487,-1.0,,,,,,,
1 month,2024-05-07,2024-06-06,G1,XLP,KDP,0.020703829507508154,,,,0.1448,1.0,1.0273065164111579,0.019326308768941838,0.007965672568999153,0.0712769704259284,-1.0
1 month,2024-05-07,2024-06-06,G3,XLP,MNST,-0.04060723395573307,,,,0.201,1.0,1.0368509240654704,0.025905036222730424,0.010965836119956237,-1.0,-1.0
1 month,2024-05-07,2024-06-06,G4,XLU,SRE,0.02703087718782382,0.18780000000000002,0.019929558090505103,-1.0,,,,,,,
1 month,2024-05-07,2024-06-06,G1,XLU,VST,0.05529752951611666,,,,0.6297999999999999,1.0,1.1222040491160679,0.07616876728177815,0.03230293864641609,-0.27401307006125664,-1.0
1 month,2024-05-07,2024-06-06,G3,XLU,XEL,-0.0036350981858827014,,,,0.21780000000000002,1.0,1.0397736384514238,0.027873913118345337,0.01185302866838973,-1.0,-1.0
1 month,2024-06-06,2024-07-09,G2,XLK,CRM,0.0414521958514793,0.24280000000000002,0.026379892990731905,-1.0,,,,,,,
1 month,2024-06-06,2024-07-09,G1,XLK,NVDA,0.0858925215865558,,,,0.4678,1.0,1.0872199014968222,0.057187971545216786,0.02455157575416811,0.5019333483203405,-1.0
1 month,2024-06-06,2024-07-09,G2,XLY,ABNB,0.03707480917171546,0.2832,0.031117825343064568,-1.0,,,,,,,
1 month,2024-06-06,2024-07-09,G4,XLY,TJX,0.04881692888481726,0.1481,0.015287004250357755,-1.0,,,,,,,
1 month,2024-06-06,2024-07-09,G1,XLY,RCL,0.05551613431653579,,,,0.27649999999999997,1.0,1.050233208552144,0.03475261020981376,0.014918626660594746,0.5974666070077996,-0.6458839084467508
1 month,2024-06-06,2024-07-09,G3,XLY,MCD,-0.05714939446932288,,,,0.1869,1.0,1.0344142926467996,0.024248790125904404,0.010217817326363421,-1.0,-1.0
1 month,2024-06-06,2024-07-09,G2,XLV,BMY,0.014708553034192606,0.21539999999999998,0.023167644852968416,-1.0,,,,,,,
1 month,2024-06-06,2024-07-09,G4,XLV,BSX,0.005123481024387422,0.18059999999999998,0.01909032278580282,-1.0,,,,,,,
1 month,2024-06-06,2024-07-09,G1,XLV,VRTX,0.0009474006883913866,,,,0.22690000000000002,1.0,1.041361741037126,0.028936313231496102,0.012331755755541875,-0.9672591086220316,-1.0
1 month,2024-06-06,2024-07-09,G2,XLI,DE,-0.056734091250902896,0.18239999999999998,0.019301122174948147,1.9394193113051643,,,,,,,
1 month,2024-06-06,2024-07-09,G1,XLI,BA,-0.04273321885920012,,,,0.2815,1.0,1.0511434852742907,0.035339048419825034,0.015177311701163187,-1.0,-1.0
1 month,2024-06-06,2024-07-09,G2,XLC,DIS,-0.03667869993576389,0.1945,0.020718470914932435,0.7703381724627363,,,,,,,
1 month,2024-06-06,2024-07-09,G4,XLC,FOX,0.024390345589112128,0.3211,0.03556333312573881,-1.0,,,,,,,
1 month,2024-06-06,2024-07-09,G1,XLC,NWSA,0.00036094851211121437,,,,0.42369999999999997,1.0,1.0782918425572237,0.05201747510238837,0.022378190782951772,-0.9930610143725601,-1.0
1 month,2024-06-06,2024-07-09,G2,XLB,MLM,-0.03738581770464944,0.22399999999999998,0.024175730924503026,0.5464193335622181,,,,,,,
1 month,2024-06-06,2024-07-09,G4,XLB,AMCR,-0.059055256083490604,0.312,0.03449591660541174,0.7119491781884115,,,,,,,
1 month,2024-06-06,2024-07-09,G1,XLB,APD,-0.049165409145563665,,,,0.1918,1.0,1.035255540373169,0.024822774674251955,0.010478121215195892,-1.0,-1.0
1 month,2024-06-06,2024-07-09,G3,XLB,LYB,-0.021419434674429638,,,,0.1791,1.0,1.0330807791937808,0.023335281649425364,0.009802675722109013,-1.0,-1.0
1 month,2024-06-06,2024-07-09,G2,XLE,SLB,0.035272532723554795,0.2441,0.026532326964331176,-1.0,,,,,,,
1 month,2024-06-06,2024-07-09,G4,XLE,KMI,0.0090862579082156,0.1547,0.016058859612223322,-1.0,,,,,,,
1 month,2024-06-06,2024-07-09,G1,XLE,WMB,0.03529132945771085,,,,0.15710000000000002,1.0,1.0293565755152563,0.02076022434030491,0.008626575907476407,0.6999493299884267,-0.31203828655689614
1 month,2024-06-06,2024-07-09,G3,XLE,DVN,-0.0073778515671001355,,,,0.23559999999999998,1.0,1.042897137044567,0.029956298409640102,0.012788239239892975,-1.0,-1.0
1 month,2024-06-06,2024-07-09,G2,XLP,TGT,0.017019431361944948,0.2053,0.02198393244043819,-1.0,,,,,,,
1 month,2024-06-06,2024-07-09,G1,XLP,WMT,0.04095310547407749,,,,0.1324,1.0,1.025239905323736,0.01787299642149028,0.007296944377033325,1.2913396561102597,1.153394535909806
1 month,2024-06-06,2024-07-09,G2,XLU,AEE,-0.0008972886629270427,0.2043,0.021866746611448898,-0.958965607510299,,,,,,,
1 month,2024-06-06,2024-07-09,G4,XLU,SO,-0.006738716732467953,0.16920000000000002,0.017755583640468572,-0.6204733750847213,,,,,,,
1 month,2024-06-06,2024-07-09,G1,XLU,VST,0.062343055528581326,,,,0.5383,1.0,1.1020122863503699,0.06545009288620587,0.027969125165153742,-0.04747185558661415,-1.0
1 month,2024-07-09,2024-08-07,G1,XLK,ADBE,-0.09257627399373192,,,,0.23670000000000002,1.0,1.0430850322424834,0.030081819439460852,0.012845872167536283,-1.0,-1.0
1 month,2024-07-09,2024-08-07,G2,XLY,NKE,0.002208202914349977,0.2214,0.023874220568648904,-1.0,,,,,,,
1 month,2024-07-09,2024-08-07,G1,XLY,TSLA,-0.2690122962591214,,,,0.7086,1.0,1.1404933603126424,0.08537976958930779,0.035945876364142745,-1.0,-1.0
1 month,2024-07-09,2024-08-07,G2,XLV,DHR,0.09808567408353985,0.2922,0.03217679767365354,-1.0,,,,,,,
1 month,2024-07-09,2024-08-07,G1,XLV,LLY,-0.17196782735910676,,,,0.3131,1.0,1.056957998495623,0.03904217985657094,0.016803452149695548,-1.0,-1.0
1 month,2024-07-09,2024-08-07,G2,XLI,RTX,0.12896873589181634,0.2236,0.02413211767958568,-1.0,,,,,,,
1 month,2024-07-09,2024-08-07,G1,XLI,GEV,-0.03994680350186952,,,,0.5146999999999999,1.0,1.0969811218674912,0.06268164440397289,0.026832801293775365,-1.0,-1.0
1 month,2024-07-09,2024-08-07,G2,XLC,TTWO,-0.09165775566057044,0.3268,0.036235310519989655,1.52951483912374,,,,,,,
1 month,2024-07-09,2024-08-07,G4,XLC,VZ,-0.00873639176435037,0.2261,0.024425193219370003,-0.6423204645348652,,,,,,,
1 month,2024-07-09,2024-08-07,G1,XLC,META,-0.07750937918959855,,,,0.4725,1.0,1.0881788681347964,0.05773565399361196,0.024781577281237678,-1.0,-1.0
1 month,2024-07-09,2024-08-07,G3,XLC,WBD,0.05040870270671993,,,,0.505,1.0,1.0949373881536328,0.06154492488884414,0.026363514413806764,-0.1809446059482117,-1.0
1 month,2024-07-09,2024-08-07,G2,XLB,NUE,-0.03367735267859384,0.32520000000000004,0.03604763127587736,-0.06575407352409468,,,,,,,
1 month,2024-07-09,2024-08-07,G1,XLB,NEM,0.0571885231963396,,,,0.3427,1.0,1.062519316725334,0.04251423393773787,0.01831308478007134,0.34516179404978153,-1.0
1 month,2024-07-09,2024-08-07,G3,XLB,STLD,-0.04128773389106655,,,,0.3259,1.0,1.0593499500095744,0.040543612522309536,0.017457870009617307,-1.0,-1.0
1 month,2024-07-09,2024-08-07,G2,XLE,VLO,0.020215567010914315,0.3109,0.034370250645480244,-1.0,,,,,,,
1 month,2024-07-09,2024-08-07,G4,XLE,BKR,0.030500608131270424,0.255,0.027813815620848444,-1.0,,,,,,,
1 month,2024-07-09,2024-08-07,G1,XLE,TRGP,0.01192627976853311,,,,0.2127,1.0,1.0388675987311147,0.027268319692689662,0.011584167920805277,-0.5626323916199907,-1.0
1 month,2024-07-09,2024-08-07,G3,XLE,EQT,-0.16869806523326225,,,,0.3287,1.0,1.0598758130984627,0.04087205107686634,0.017600697569762222,-1.0,-1.0
1 month,2024-07-09,2024-08-07,G2,XLP,HSY,0.09340626789805295,0.2651,0.028998295673900408,-1.0,,,,,,,
1 month,2024-07-09,2024-08-07,G4,XLP,MO,0.07130617657151861,0.1777,0.01875394267833917,-1.0,,,,,,,
1 month,2024-07-09,2024-08-07,G1,XLP,COST,-0.08501591242501394,,,,0.1789,1.0,1.0330398845558846,0.023308333437454302,0.009792018441015762,-1.0,-1.0
1 month,2024-07-09,2024-08-07,G2,XLU,EXC,0.09904143582623437,0.1884,0.02000710623647911,-1.0,,,,,,,
1 month,2024-07-09,2024-08-07,G4,XLU,PEG,0.0448531229347624,0.1916,0.020381965296656715,-1.0,,,,,,,
1 month,2024-07-09,2024-08-07,G1,XLU,VST,-0.19091922198421296,,,,0.5987,1.0,1.1152004117565273,0.07252095517195328,0.030842595747098023,-1.0,-1.0
1 month,2024-07-09,2024-08-07,G3,XLU,ED,0.13888568524265188,,,,0.1532,1.0,1.028695284379185,0.020300449980903287,0.008417282712535407,5.841507718957073,12.090970640604256
1 month,2024-08-07,2024-09-06,G2,XLK,AMAT,-0.01918713765418878,0.5735,0.06522005152376682,-0.705809222686725,,,,,,,
1 month,2024-08-07,2024-09-06,G3,XLK,AVGO,0.005357035507774999,,,,0.6206,1.0,1.1199732365453143,0.07502680837542014,0.031872286134146825,-0.9285983820480632,-1.0
1 month,2024-08-07,2024-09-06,G2,XLY,F,0.08290653248297164,0.31170000000000003,0.03452507489298614,-1.0,,,,,,,
1 month,2024-08-07,2024-09-06,G1,XLY,DASH,0.017038437165382225,,,,0.3885,1.0,1.0712064089833753,0.04782591954625973,0.020623386124849184,-0.6437405213107994,-1.0
1 month,2024-08-07,2024-09-06,G3,XLY,AMZN,0.05295813043512898,,,,0.3478,1.0,1.0633614652557615,0.04305169326054532,0.01857187427543633,0.23010563404860251,-1.0
1 month,2024-08-07,2024-09-06,G2,XLV,MRK,0.047559740484640844,0.23199999999999998,0.025176527879173554,-1.0,,,,,,,
1 month,2024-08-07,2024-09-06,G4,XLV,ABBV,0.03141156516085286,0.23309999999999997,0.025305517427097603,-1.0,,,,,,,
1 month,2024-08-07,2024-09-06,G1,XLV,BMY,0.047311794271841956,,,,0.2994,1.0,1.054293921918759,0.037373766837185345,0.0161002978468439,0.2659091730825638,-1.0
1 month,2024-08-07,2024-09-06,G2,XLI,ETN,0.026253188811045547,0.38939999999999997,0.04363984712560528,-1.0,,,,,,,
1 month,2024-08-07,2024-09-06,G4,XLI,MMM,0.052619486233149715,0.1941,0.020733611252954077,-1.0,,,,,,,
1 month,2024-08-07,2024-09-06,G1,XLI,LMT,0.038794608648589746,,,,0.22329999999999997,1.0,1.040598093099103,0.028448038962866396,0.01214252297238059,0.3637006297421397,-1.0
1 month,2024-08-07,2024-09-06,G3,XLI,BA,-0.03442789871880947,,,,0.353,1.0,1.0643524830229882,0.043661700751133604,0.01883534178245583,-1.0,-1.0
1 month,2024-08-07,2024-09-06,G2,XLC,DIS,0.023034040396967104,0.2992,0.03305866760350085,-1.0,,,,,,,
1 month,2024-08-07,2024-09-06,G4,XLC,FOX,0.029188677931843765,0.4354,0.049034721677861944,-1.0,,,,,,,
1 month,2024-08-07,2024-09-06,G1,XLC,MTCH,0.024892570765856936,,,,0.3811,1.0,1.069764929807387,0.04695792948454346,0.020252190088620142,-0.4698963297764114,-1.0
1 month,2024-08-07,2024-09-06,G3,XLC,GOOGL,-0.05045958107642523,,,,0.3185,1.0,1.0578386276483205,0.039614443338468405,0.017079833628874327,-1.0,-1.0
1 month,2024-08-07,2024-09-06,G2,XLB,FCX,0.012145727744745871,0.4158,0.04673620253350189,-1.0,,,,,,,
1 month,2024-08-07,2024-09-06,G4,XLB,LIN,0.03696526774460129,0.23170000000000002,0.02514134921088086,-1.0,,,,,,,
1 month,2024-08-07,2024-09-06,G1,XLB,SHW,0.06430538789260387,,,,0.2626,1.0,1.0475863446294529,0.03305694624723667,0.014197481973794723,0.9452912380852296,0.17760623285245813
1 month,2024-08-07,2024-09-06,G3,XLB,DOW,-0.015768743825828158,,,,0.2321,1.0,1.042147335711985,0.029479891044130478,0.012604737305488289,-1.0,-1.0
1 month,2024-08-07,2024-09-06,G2,XLE,DVN,-0.04239054617800475,0.2709,0.029738881046733338,0.4254250558852515,,,,,,,
1 month,2024-08-07,2024-09-06,G4,XLE,OKE,0.09631588346119124,0.2329,0.025282064654745848,-1.0,,,,,,,
1 month,2024-08-07,2024-09-06,G1,XLE,KMI,0.015865377526283364,,,,0.2248,1.0,1.0408615372343795,0.02862391414406884,0.012221394404528706,-0.44572997786290436,-1.0
1 month,2024-08-07,2024-09-06,G3,XLE,EQT,0.070813909592232,,,,0.41119999999999995,1.0,1.075670576872546,0.05048835323429299,0.0217570874825246,0.40257911094104215,-1.0
1 month,2024-08-07,2024-09-06,G2,XLP,TGT,0.14230245937690578,0.4947,0.05598703581411391,-1.0,,,,,,,
1 month,2024-08-07,2024-09-06,G4,XLP,KDP,0.06593415606133801,0.21969999999999998,0.023734317392176272,-1.0,,,,,,,
1 month,2024-08-07,2024-09-06,G1,XLP,HSY,0.006914380472540671,,,,0.2339,1.0,1.0424653276853346,0.029690965988646727,0.012699133388283311,-0.7671217408290223,-1.0
1 month,2024-08-07,2024-09-06,G3,XLP,ADM,0.030907683047846968,,,,0.22649999999999998,1.0,1.0411604206457625,0.02882324382545495,0.012310739819397877,0.07231799567788699,-1.0
1 month,2024-08-07,2024-09-06,G2,XLU,VST,-0.00338044334804799,0.6309,0.07194083810333339,-0.9530107872361392,,,,,,,
1 month,2024-08-07,2024-09-06,G4,XLU,AEE,0.0331717990595235,0.22039999999999998,0.02381638761512752,-1.0,,,,,,,
1 month,2024-08-07,2024-09-06,G1,XLU,ED,0.029060878390811284,,,,0.17550000000000002,1.0,1.0323378046533545,0.02284621837737058,0.009610747941444826,0.2720213871192043,-1.0
1 month,2024-08-07,2024-09-06,G3,XLU,CNP,0.07270306260416537,,,,0.3429,1.0,1.0624306268320114,0.04247687238387069,0.01832324064817181,0.7115917091808326,-0.43937669272607904
1 month,2024-09-06,2024-10-07,G1,XLK,PLTR,0.2822287994551511,,,,0.5487,1.0,1.1039546437189358,0.06653716031055704,0.0284674410457149,3.241671843791802,5.262387808230848
1 month,2024-09-06,2024-10-07,G3,XLK,AVGO,0.28215945229305395,,,,0.5853,1.0,1.111940850732111,0.0708245975904524,0.030209379065027017,2.98391889107028,4.634627616626612
1 month,2024-09-06,2024-10-07,G2,XLY,CMG,0.056818167282433274,0.3533,0.03947834899287858,-1.0,,,,,,,
1 month,2024-09-06,2024-10-07,G4,XLY,LOW,0.1014315136658337,0.2412,0.026326473027770362,-1.0,,,,,,,
1 month,2024-09-06,2024-10-07,G1,XLY,TSLA,0.1428368372504174,,,,0.5828,1.0,1.111389617463583,0.07053179328269829,0.03009097330774043,1.0251411541163216,0.04507153906999717
1 month,2024-09-06,2024-10-07,G2,XLV,PFE,0.022408949660074118,0.21239999999999998,0.022948866945027343,-1.0,,,,,,,
1 month,2024-09-06,2024-10-07,G4,XLV,ABT,-0.004391454547652218,0.1826,0.01945570342593962,-0.7742844629407094,,,,,,,
1 month,2024-09-06,2024-10-07,G1,XLV,LLY,-0.004774519150936407,,,,0.3063,1.0,1.0554202307567055,0.038110549987576556,0.016454794017194758,-1.0,-1.0
1 month,2024-09-06,2024-10-07,G3,XLV,CVS,0.1298701030260634,,,,0.30519999999999997,1.0,1.0552165351021492,0.03798148715489414,0.01639832815093298,2.4193001052442717,3.552510916770925
1 month,2024-09-06,2024-10-07,G4,XLI,MMM,0.04860048848960785,0.2489,0.02722969014587895,-1.0,,,,,,,
1 month,2024-09-06,2024-10-07,G1,XLI,GEV,0.32375337236738244,,,,0.4622,1.0,1.0857823956354362,0.05639829390063782,0.02427712370093998,4.740481670203875,8.8022722816514
1 month,2024-09-06,2024-10-07,G2,XLC,GOOGL,0.08134304361859757,0.2952,0.03266157248406104,-1.0,,,,,,,
1 month,2024-09-06,2024-10-07,G1,XLC,NFLX,0.05429799592752138,,,,0.3016,1.0,1.0545509028790496,0.03755910046491583,0.016213403466308274,0.44566816711282664,-1.0
1 month,2024-09-06,2024-10-07,G3,XLC,CHTR,-0.008734646842186056,,,,0.35810000000000003,1.0,1.0651770451497478,0.044188119271367475,0.01909335470135615,-1.0,-1.0
1 month,2024-09-06,2024-10-07,G2,XLB,STLD,0.17609619818374433,0.3822,0.042868829343665184,-1.0,,,,,,,
1 month,2024-09-06,2024-10-07,G1,XLB,NEM,0.05244328603583859,,,,0.3207,1.0,1.0581001269725787,0.03980010266571489,0.017192308323368807,0.3176671044372723,-1.0
1 month,2024-09-06,2024-10-07,G2,XLE,VLO,0.07295608353542304,0.3404,0.037964854342175856,-1.0,,,,,,,
1 month,2024-09-06,2024-10-07,G4,XLE,KMI,0.11594881603339546,0.1917,0.020522158102571502,-1.0,,,,,,,
1 month,2024-09-06,2024-10-07,G1,XLE,TRGP,0.07720628782197636,,,,0.2632,1.0,1.0475463272785732,0.033053851835348716,0.014228671424596046,1.3357727930337537,1.0845207298927524
1 month,2024-09-06,2024-10-07,G3,XLE,SLB,0.12235393264217076,,,,0.3048,1.0,1.055142499719717,0.03793455523940727,0.016377790596181826,2.225395206823639,3.103815623221048
1 month,2024-09-06,2024-10-07,G4,XLP,KDP,-0.013214683343000577,0.1789,0.019022167202717603,-0.30530085230705395,,,,,,,
1 month,2024-09-06,2024-10-07,G1,XLP,WMT,0.032097972529156804,,,,0.1648,1.0,1.0303785786558146,0.021517152810620832,0.009039084618604467,0.49173883792437656,-0.8097823014286974
1 month,2024-09-06,2024-10-07,G2,XLU,CEG,0.6091500332878617,0.44270000000000004,0.0499650384072085,-1.0,,,,,,,
1 month,2024-09-06,2024-10-07,G4,XLU,WEC,0.005232095625981703,0.17600000000000002,0.018682403025773425,-1.0,,,,,,,
1 month,2024-09-06,2024-10-07,G1,XLU,NRG,0.2323878616133288,,,,0.3912,1.0,1.071582538538663,0.04807123133405104,0.02075862374961337,3.834239838760232,6.746434687302461
1 month,2024-10-07,2024-11-05,G2,XLK,ADBE,-0.0018058165140121263,0.2913,0.032364884259967884,-0.944204450122329,,,,,,,
1 month,2024-10-07,2024-11-05,G4,XLK,AVGO,-0.006739848600109566,0.44439999999999996,0.05033017717284973,-0.8660873261589599,,,,,,,
1 month,2024-10-07,2024-11-05,G1,XLK,PLTR,0.3147339128455935,,,,0.6072,1.0,1.1164543726947715,0.07323606083222364,0.031243010360136263,3.2975265090597503,5.346364766559494
1 month,2024-10-07,2024-11-05,G3,XLK,LRCX,-0.052226629770611654,,,,0.45530000000000004,1.0,1.0840331830973828,0.05543230423626641,0.023938348618857325,-1.0,-1.0
1 month,2024-10-07,2024-11-05,G2,XLY,AZO,0.002089481424339734,0.2451,0.026942849912794227,-1.0,,,,,,,
1 month,2024-10-07,2024-11-05,G4,XLY,MCD,-0.011733473540031736,0.21719999999999998,0.023669194776942907,-0.5042723822839222,,,,,,,
1 month,2024-10-07,2024-11-05,G1,XLY,TSLA,0.04405597529245808,,,,0.7123999999999999,1.0,1.14074185857933,0.08554834453579116,0.03611950628607481,-0.4850166238573307,-1.0
1 month,2024-10-07,2024-11-05,G2,XLV,MCK,0.08602972394828035,0.3053,0.03400802168771098,-1.0,,,,,,,
1 month,2024-10-07,2024-11-05,G4,XLV,CVS,-0.14242614160562073,0.38420000000000004,0.04326750382881914,2.2917577628029253,,,,,,,
1 month,2024-10-07,2024-11-05,G1,XLV,BMY,0.04696866847263825,,,,0.3375,1.0,1.0609241087338153,0.04161080741743962,0.018048823900855385,0.1287612855345166,-1.0
1 month,2024-10-07,2024-11-05,G3,XLV,MRK,-0.06391010460670754,,,,0.2821,1.0,1.0506413520636357,0.03510875557389489,0.015208328387208609,-1.0,-1.0
1 month,2024-10-07,2024-11-05,G2,XLI,BA,-0.03149255048925792,0.48810000000000003,0.05545520414249769,-0.43210829396038797,,,,,,,
1 month,2024-10-07,2024-11-05,G4,XLI,MMM,-0.06177249275820551,0.38549999999999995,0.04342004589850964,0.4226722123369693,,,,,,,
1 month,2024-10-07,2024-11-05,G1,XLI,GEV,0.20274997084644752,,,,0.5264,1.0,1.0988302477317455,0.06376900277338103,0.02739711057528215,2.17944396224871,2.7930906191421156
1 month,2024-10-07,2024-11-05,G2,XLC,CHTR,0.17811256817961718,0.47159999999999996,0.05352033510497303,-1.0,,,,,,,
1 month,2024-10-07,2024-11-05,G4,XLC,OMC,0.023002260500443183,0.2827,0.0313555360669082,-1.0,,,,,,,
1 month,2024-10-07,2024-11-05,G1,XLC,META,-0.02111923498925694,,,,0.4797,1.0,1.0890376269518889,0.058293851856805405,0.02513331580549588,-1.0,-1.0
1 month,2024-10-07,2024-11-05,G4,XLB,AMCR,-0.0765075786904843,0.26530000000000004,0.029313418352193057,1.6099848803461185,,,,,,,
1 month,2024-10-07,2024-11-05,G1,XLB,FCX,-0.07196886565328486,,,,0.41479999999999995,1.0,1.0758935498447004,0.050681465517563126,0.021936196134222236,-1.0,-1.0
1 month,2024-10-07,2024-11-05,G3,XLB,VMC,0.14747994246159069,,,,0.3176,1.0,1.0571882589235013,0.039275268226381374,0.01703380037973701,2.7550333612369258,4.300736272892935
1 month,2024-10-07,2024-11-05,G4,XLE,EOG,-0.08381446489706723,0.2928,0.032540934290310686,1.5756625224501812,,,,,,,
1 month,2024-10-07,2024-11-05,G1,XLE,EQT,0.006434201495305603,,,,0.40399999999999997,1.0,1.0737577699499223,0.04941436327387345,0.021398308381049978,-0.8697908650639719,-1.0
1 month,2024-10-07,2024-11-05,G3,XLE,DVN,-0.07674260324708015,,,,0.3833,1.0,1.0697046994520594,0.04698553590868956,0.0203626291355241,-1.0,-1.0
1 month,2024-10-07,2024-11-05,G2,XLP,MDLZ,-0.027464632911078812,0.1678,0.017876083104428966,0.5363898651978287,,,,,,,
1 month,2024-10-07,2024-11-05,G1,XLP,KR,0.02555405716007675,,,,0.24489999999999998,1.0,1.043940447713696,0.030743018930802685,0.01327491100459459,-0.16878504295253216,-1.0
1 month,2024-10-07,2024-11-05,G3,XLP,CL,-0.03894527910581902,,,,0.2122,1.0,1.0381829576044541,0.026906256112427623,0.011557787209291176,-1.0,-1.0
1 month,2024-10-07,2024-11-05,G4,XLU,PEG,-0.06890423242775834,0.22649999999999998,0.02476031939412846,1.7828490953997114,,,,,,,
1 month,2024-10-07,2024-11-05,G1,XLU,VST,-0.07137953975128586,,,,0.6444,1.0,1.1248661080685174,0.07759173618502335,0.03298405731127034,-1.0,-1.0
1 month,2024-11-05,2024-12-05,G2,XLK,AMD,-0.0021177682055789626,0.41659999999999997,0.04711301222231546,-0.9550491869298086,,,,,,,
1 month,2024-11-05,2024-12-05,G4,XLK,APH,0.06713523770717522,0.29059999999999997,0.0323256594305563,-1.0,,,,,,,
1 month,2024-11-05,2024-12-05,G1,XLK,NVDA,0.03688098467686518,,,,0.6036,1.0,1.1155568862597314,0.07277366250554781,0.0310735414292136,-0.49320972166195987,-1.0
1 month,2024-11-05,2024-12-05,G3,XLK,LRCX,-0.015576004039995595,,,,0.4623,1.0,1.0853700972165226,0.05621160141333644,0.02428202852288105,-1.0,-1.0
1 month,2024-11-05,2024-12-05,G2,XLY,NKE,0.012837455046283308,0.28309999999999996,0.031445336980537156,-1.0,,,,,,,
1 month,2024-11-05,2024-12-05,G1,XLY,BKNG,0.07588229697849136,,,,0.2255,1.0,1.0404225865627017,0.028422768002342398,0.012258189122665143,1.669771535701158,1.8927364442620136
1 month,2024-11-05,2024-12-05,G2,XLV,LLY,0.02596245303711986,0.3014,0.03359332945108935,-1.0,,,,,,,
1 month,2024-11-05,2024-12-05,G4,XLV,ABBV,-0.1264875106536315,0.247,0.027208263257898643,3.6488638195939176,,,,,,,
1 month,2024-11-05,2024-12-05,G1,XLV,MCK,0.15787193187647386,,,,0.36090000000000005,1.0,1.0652889571141293,0.04431450353152644,0.019234845782582593,2.5625341433456392,3.8132943621611792
1 month,2024-11-05,2024-12-05,G2,XLI,LMT,-0.047598112605970466,0.18899999999999997,0.02040309514124349,1.3328868623346306,,,,,,,
1 month,2024-11-05,2024-12-05,G1,XLI,GEV,0.10247991747357643,,,,0.4611,1.0,1.0851248891500895,0.05607085465626248,0.024223161309833423,0.8276860251519396,-0.2835357820764045
1 month,2024-11-05,2024-12-05,G3,XLI,MMM,0.059430051336382794,,,,0.3042,1.0,1.0546109987541537,0.03765958917773439,0.016346979750362832,0.5780854925395662,-0.7052022663622639
1 month,2024-11-05,2024-12-05,G2,XLC,TKO,0.21254953613696448,0.37020000000000003,0.04166833264605827,-1.0,,,,,,,
1 month,2024-11-05,2024-12-05,G4,XLC,FOX,0.08829333615251778,0.24480000000000002,0.026950068441068387,-1.0,,,,,,,
1 month,2024-11-05,2024-12-05,G1,XLC,CHTR,0.05690676679679885,,,,0.3588,1.0,1.0648865381039785,0.0440680449444989,0.019128738300570037,0.2913385848741308,-1.0
1 month,2024-11-05,2024-12-05,G2,XLB,NEM,-0.10185947867587897,0.32270000000000004,0.0360934333142208,1.822105555576126,,,,,,,
1 month,2024-11-05,2024-12-05,G4,XLB,SW,0.06332673049799253,0.44630000000000003,0.05059726640350269,-1.0,,,,,,,
1 month,2024-11-05,2024-12-05,G1,XLB,IP,-0.006688972855516617,,,,0.2027,1.0,1.0364464347207263,0.025747678345079926,0.011055812100404143,-1.0,-1.0
1 month,2024-11-05,2024-12-05,G3,XLB,LYB,-0.07842352912066841,,,,0.2635,1.0,1.047182855740906,0.0328824182102177,0.014244264085908216,-1.0,-1.0
1 month,2024-11-05,2024-12-05,G2,XLE,MPC,0.009394764084134977,0.3824,0.04310003718044633,-1.0,,,,,,,
1 month,2024-11-05,2024-12-05,G1,XLE,TRGP,0.11798192424699461,,,,0.3362,1.0,1.0605896825912944,0.041415565180580316,0.017982695941729413,1.8487338934666058,2.191526000421313
1 month,2024-11-05,2024-12-05,G3,XLE,DVN,-0.08591777005507262,,,,0.38520000000000004,1.0,1.0699848042421547,0.04716621793521579,0.020457951451014936,-1.0,-1.0
1 month,2024-11-05,2024-12-05,G2,XLP,KDP,0.011346278705581359,0.21789999999999998,0.023793387266965848,-1.0,,,,,,,
1 month,2024-11-05,2024-12-05,G4,XLP,MO,0.05019375285138161,0.1474,0.01552685305281206,-1.0,,,,,,,
1 month,2024-11-05,2024-12-05,G1,XLP,MNST,-0.018665720289000487,,,,0.3556,1.0,1.0642743622609752,0.04369248514766838,0.01896692573133959,-1.0,-1.0
1 month,2024-11-05,2024-12-05,G3,XLP,KO,-0.030178704344444585,,,,0.1985,1.0,1.0357204715608521,0.02525498800199221,0.010833436266301377,-1.0,-1.0
1 month,2024-11-05,2024-12-05,G2,XLU,CEG,0.09729070342362367,0.4592,0.05211039815303235,-1.0,,,,,,,
1 month,2024-11-05,2024-12-05,G1,XLU,ETR,0.06184447445419772,,,,0.23920000000000002,1.0,1.0428405284991027,0.030030465699958306,0.012976786596544028,1.0593911220725252,0.4644569989427101
1 month,2024-12-05,2025-01-07,G2,XLK,TXN,-0.004041695569814596,0.25170000000000003,0.027798665156223288,-0.8546082861496763,,,,,,,
1 month,2024-12-05,2025-01-07,G1,XLK,PLTR,-0.026158408389679755,,,,0.5507,1.0,1.1038618878301998,0.06653842548731718,0.028563100876493625,-1.0,-1.0
1 month,2024-12-05,2025-01-07,G3,XLK,LRCX,0.03387895356675186,,,,0.5451,1.0,1.1026548202075002,0.06588209016703676,0.028295115156524036,-0.48576383231231113,-1.0
1 month,2024-12-05,2025-01-07,G4,XLY,MAR,-0.07761209310843908,0.16760000000000003,0.01793149268494932,3.3282561285922574,,,,,,,
1 month,2024-12-05,2025-01-07,G1,XLY,TSLA,0.0673089820414674,,,,0.5678,1.0,1.1075736071082003,0.0685423536569436,0.02937875996210802,-0.017994299140197123,-1.0
1 month,2024-12-05,2025-01-07,G2,XLV,ABBV,0.019072449836255334,0.19510000000000002,0.02115665070863127,-1.0,,,,,,,
1 month,2024-12-05,2025-01-07,G4,XLV,BSX,0.016127240739635562,0.1999,0.021719766703096697,-1.0,,,,,,,
1 month,2024-12-05,2025-01-07,G1,XLV,MCK,-0.03667348378211266,,,,0.18780000000000002,1.0,1.033801039875565,0.02395948947162643,0.010265656570506532,-1.0,-1.0
1 month,2024-12-05,2025-01-07,G3,XLV,PFE,0.05564205294845648,,,,0.2422,1.0,1.0432931519569704,0.03034277915066058,0.01313375660795616,0.8337823530329171,-0.05975865397068414
1 month,2024-12-05,2025-01-07,G2,XLI,GD,-0.056332988556537456,0.1659,0.01773219141981192,2.176876857622763,,,,,,,
1 month,2024-12-05,2025-01-07,G4,XLI,CTAS,-0.15455594426815877,0.3157,0.035311206829257,3.376965789232157,,,,,,,
1 month,2024-12-05,2025-01-07,G1,XLI,DE,-0.07423751030918779,,,,0.1845,1.0,1.0332361029813697,0.023572425946690376,0.010090183632879784,-1.0,-1.0
1 month,2024-12-05,2025-01-07,G2,XLC,MTCH,-1.6153173534760867e-05,0.4163,0.04711796280309732,-0.9996571758927213,,,,,,,
1 month,2024-12-05,2025-01-07,G4,XLC,T,-0.06840122759638334,0.1728,0.01854118025055079,2.6891517515100682,,,,,,,
1 month,2024-12-05,2025-01-07,G1,XLC,WBD,-0.01591760968504441,,,,0.39630000000000004,1.0,1.0720720653041202,0.04843030236165776,0.02101378320835891,-1.0,-1.0
1 month,2024-12-05,2025-01-07,G2,XLB,IFF,-0.06802178910943923,0.23879999999999998,0.026284569796372986,1.5878981332548032,,,,,,,
1 month,2024-12-05,2025-01-07,G1,XLB,APD,-0.10523304712571713,,,,0.22690000000000002,1.0,1.0405891377618748,0.028547112773713388,0.012331755755541914,-1.0,-1.0
1 month,2024-12-05,2025-01-07,G3,XLB,DOW,-0.06589229072517311,,,,0.2205,1.0,1.0394660594544984,0.027796049499284534,0.011995202809751731,-1.0,-1.0
1 month,2024-12-05,2025-01-07,G2,XLE,OXY,0.06814834608209686,0.2504,0.027646077332622202,-1.0,,,,,,,
1 month,2024-12-05,2025-01-07,G4,XLE,CVX,-0.06113100848256359,0.16579999999999998,0.01772046813259125,2.449740042145516,,,,,,,
1 month,2024-12-05,2025-01-07,G1,XLE,EQT,0.08323948289533045,,,,0.34909999999999997,1.0,1.062953464261149,0.04289083263152029,0.018637778634533447,0.9407290040379912,0.08843543170934298
1 month,2024-12-05,2025-01-07,G3,XLE,DVN,-0.029058062449931144,,,,0.326,1.0,1.0585897121205714,0.040179404864901715,0.017462973007822284,-1.0,-1.0
1 month,2024-12-05,2025-01-07,G2,XLP,TGT,0.07803666556784772,0.2299,0.02524003216273691,-1.0,,,,,,,
1 month,2024-12-05,2025-01-07,G4,XLP,CHD,-0.05826324172216213,0.16829999999999998,0.01801356081629479,2.234410026775942,,,,,,,
1 month,2024-12-05,2025-01-07,G1,XLP,WMT,-0.04500329250432311,,,,0.1714,1.0,1.0310056210389265,0.022036181023090837,0.00939191381403418,-1.0,-1.0
1 month,2024-12-05,2025-01-07,G3,XLP,CL,-0.08107247555790631,,,,0.2507,1.0,1.0448071032120556,0.031340445839907506,0.013577752159811676,-1.0,-1.0
1 month,2024-12-05,2025-01-07,G2,XLU,EXC,-0.011848400805547943,0.17989999999999998,0.01937377146232365,-0.3884308572241808,,,,,,,
1 month,2024-12-05,2025-01-07,G4,XLU,AEE,-0.03976285830586812,0.2052,0.022341588168967436,0.779768654096799,,,,,,,
1 month,2024-12-05,2025-01-07,G1,XLU,VST,0.017123062604257777,,,,0.5511,1.0,1.103948266374079,0.06658530512617271,0.028582226266970684,-0.7428402171949007,-1.0
1 month,2025-01-07,2025-02-07,G2,XLK,ADBE,0.024702463906463912,0.2596,0.028779093486213377,-1.0,,,,,,,
1 month,2025-01-07,2025-02-07,G1,XLK,KLAC,0.08472335401693232,,,,0.39590000000000003,1.0,1.0718817440701447,0.04833089886681266,0.020993784365333952,0.7529852745012602,-0.38831371594002584
1 month,2025-01-07,2025-02-07,G3,XLK,LRCX,0.06204866545980403,,,,0.469,1.0,1.0865460692589888,0.05690764390506857,0.02461032920817595,0.09033973649148996,-1.0
1 month,2025-01-07,2025-02-07,G2,XLY,CMG,-0.01241595447255317,0.3655,0.04121092106279507,-0.6987217428692174,,,,,,,
1 month,2025-01-07,2025-02-07,G1,XLY,TSLA,-0.08302056864412366,,,,0.703,1.0,1.1382069467122822,0.08432206858258444,0.03568966089742754,-1.0,-1.0
1 month,2025-01-07,2025-02-07,G3,XLY,F,-0.053278725463080434,,,,0.39380000000000004,1.0,1.0714703617221786,0.04808444662802156,0.020888752295945247,-1.0,-1.0
1 month,2025-01-07,2025-02-07,G2,XLV,CVS,0.1947667139489324,0.40700000000000003,0.04608150675761917,-1.0,,,,,,,
1 month,2025-01-07,2025-02-07,G1,XLV,DHR,-0.13525721785589362,,,,0.3013,1.0,1.0538846506632114,0.037226562142771175,0.01619798426731779,-1.0,-1.0
1 month,2025-01-07,2025-02-07,G3,XLV,MDT,0.12695621353399855,,,,0.1957,1.0,1.0350504359509336,0.024831152393894527,0.01068503209874983,4.112779766323472,7.601357182054523
1 month,2025-01-07,2025-02-07,G2,XLI,CAT,0.0060992598821687505,0.28800000000000003,0.03211315179251818,-1.0,,,,,,,
1 month,2025-01-07,2025-02-07,G1,XLI,BA,0.052055018678771825,,,,0.3876,1.0,1.0702589886416771,0.047356808638251424,0.020578283320336458,0.09920875531138384,-1.0
1 month,2025-01-07,2025-02-07,G3,XLI,LMT,-0.04218030131731443,,,,0.2502,1.0,1.0446087691871389,0.031227632492304484,0.013551665536354422,-1.0,-1.0
1 month,2025-01-07,2025-02-07,G2,XLC,OMC,-0.00980730432970811,0.3,0.033521927828749465,-0.7074361480697089,,,,,,,
1 month,2025-01-07,2025-02-07,G4,XLC,FOXA,0.0723135771863479,0.3024,0.03380368193751898,-1.0,,,,,,,
1 month,2025-01-07,2025-02-07,G1,XLC,GOOGL,-0.05192096932395596,,,,0.34840000000000004,1.0,1.062709345515045,0.04275573572732844,0.018602294778818636,-1.0,-1.0
1 month,2025-01-07,2025-02-07,G3,XLC,NWSA,0.05217393072765586,,,,0.5945,1.0,1.1133313632508028,0.07161973886754151,0.03064438528733347,-0.2715146473216018,-1.0
1 month,2025-01-07,2025-02-07,G2,XLB,NUE,0.07404343002692526,0.3743,0.04224380856385865,-1.0,,,,,,,
1 month,2025-01-07,2025-02-07,G3,XLB,LYB,0.03667133407650969,,,,0.2664,1.0,1.0475162475111086,0.03312939178713941,0.014394922236520927,0.10691238499419753,-1.0
1 month,2025-01-07,2025-02-07,G2,XLE,VLO,0.08207887654810642,0.33270000000000005,0.03736073484010164,-1.0,,,,,,,
1 month,2025-01-07,2025-02-07,G1,XLE,EQT,0.06147444985314965,,,,0.2988,1.0,1.0534236701314341,0.03693306799877943,0.016069438197959186,0.6644826217843933,-0.4990005485855804
1 month,2025-01-07,2025-02-07,G3,XLE,DVN,-0.04439338982625329,,,,0.31980000000000003,1.0,1.0573190628628004,0.0393983901277114,0.01714630469953778,-1.0,-1.0
1 month,2025-01-07,2025-02-07,G2,XLP,PG,0.04770136197719843,0.1972,0.02145513527589909,-1.0,,,,,,,
1 month,2025-01-07,2025-02-07,G1,XLP,TGT,-0.056732388332361716,,,,0.2692,1.0,1.04802188551041,0.03345809938604609,0.014540263421988397,-1.0,-1.0
1 month,2025-01-07,2025-02-07,G3,XLP,PEP,-0.0056395040358322435,,,,0.1938,1.0,1.034723348746659,0.024608224497856757,0.010584259202713166,-1.0,-1.0
1 month,2025-01-07,2025-02-07,G2,XLU,XEL,0.014625202251971503,0.20329999999999998,0.02217090911105363,-1.0,,,,,,,
1 month,2025-01-07,2025-02-07,G1,XLU,CEG,0.21186851683392383,,,,0.4531,1.0,1.0832989592982114,0.05504250341111625,0.023830191300257084,2.849180246244676,4.395238163040908
1 month,2025-01-07,2025-02-07,G3,XLU,ED,0.09181812233446984,,,,0.1981,1.0,1.0354641856796813,0.025112754789065043,0.010812243199250945,2.656234575047523,4.212048565342359
1 month,2025-02-07,2025-03-11,G2,XLK,AMD,-0.10040903372538601,0.4019,0.045472236696257176,1.208139317977528,,,,,,,
1 month,2025-02-07,2025-03-11,G4,XLK,LRCX,-0.10626277190013611,0.40369999999999995,0.04568346825687953,1.3260662107048726,,,,,,,
1 month,2025-02-07,2025-03-11,G1,XLK,PLTR,-0.29589531685939285,,,,0.6307,1.0,1.1214722535034674,0.07586963692765003,0.03234500721222443,-1.0,-1.0
1 month,2025-02-07,2025-03-11,G3,XLK,APH,-0.1169053978792658,,,,0.2866,1.0,1.0512063237763443,0.03551136664445141,0.015440779456431191,-1.0,-1.0
1 month,2025-02-07,2025-03-11,G2,XLY,GM,0.021377035158144153,0.3284,0.03684532094907295,-1.0,,,,,,,
1 month,2025-02-07,2025-03-11,G1,XLY,SBUX,-0.10766056614005193,,,,0.22089999999999999,1.0,1.0394489675020522,0.02779914667254973,0.012016256005327276,-1.0,-1.0
1 month,2025-02-07,2025-03-11,G2,XLV,DHR,-0.0055619392457642025,0.21739999999999998,0.0238152702851918,-0.766454918245352,,,,,,,
1 month,2025-02-07,2025-03-11,G1,XLV,VRTX,0.040526695467581586,,,,0.2902,1.0,1.0518651763394375,0.03593399113530078,0.015626519380306254,0.12780946917330094,-1.0
1 month,2025-02-07,2025-03-11,G3,XLV,CVS,0.2031106103107485,,,,0.4325,1.0,1.0791619573822806,0.05263595170596864,0.022814099732299326,2.85878099906602,4.432984618410608
1 month,2025-02-07,2025-03-11,G2,XLI,ETN,-0.09489227334349704,0.2847,0.03171520632437947,1.9920118561723932,,,,,,,
1 month,2025-02-07,2025-03-11,G1,XLI,WM,-0.0031122247462800345,,,,0.1624,1.0,1.0293981311543903,0.020936237277253064,0.008910611633370825,-1.0,-1.0
1 month,2025-02-07,2025-03-11,G3,XLI,CTAS,-0.02537433315075055,,,,0.19390000000000002,1.0,1.034761815722974,0.024630793524018504,0.010589564452535108,-1.0,-1.0
1 month,2025-02-07,2025-03-11,G2,XLC,WBD,0.020669295403627608,0.6236,0.07146509162914497,-1.0,,,,,,,
1 month,2025-02-07,2025-03-11,G4,XLC,T,0.05990222750356966,0.1729,0.01859434526427923,-1.0,,,,,,,
1 month,2025-02-07,2025-03-11,G1,XLC,TMUS,0.04584102131429968,,,,0.1773,1.0,1.0319212758576697,0.022683492326241568,0.009706737439710098,1.0208978694726043,0.43402925474058884
1 month,2025-02-07,2025-03-11,G3,XLC,VZ,0.08901718735162856,,,,0.1603,1.0,1.0290445262625636,0.020690039311484942,0.008798122649431419,3.3024175068732475,5.816529330031637
1 month,2025-02-07,2025-03-11,G2,XLB,PKG,-0.0607459773655854,0.21030000000000001,0.022982043302973983,1.643193060110744,,,,,,,
1 month,2025-02-07,2025-03-11,G1,XLB,NEM,-0.025919321823503205,,,,0.4499,1.0,1.0826715927516548,0.054677330070068114,0.02367274874216618,-1.0,-1.0
1 month,2025-02-07,2025-03-11,G2,XLE,OXY,-0.005636549265952251,0.3035,0.033922242389740946,-0.8338391312345298,,,,,,,
1 month,2025-02-07,2025-03-11,G1,XLE,VLO,-0.07551848522907878,,,,0.3236,1.0,1.0580513192488024,0.03985495588195165,0.017340459850593806,-1.0,-1.0
1 month,2025-02-07,2025-03-11,G3,XLE,OKE,-0.033295175034158686,,,,0.2722,1.0,1.048586207306444,0.03382087894791541,0.014695853418543086,-1.0,-1.0
1 month,2025-02-07,2025-03-11,G2,XLP,ADM,0.07482808515844597,0.2985,0.03333526623883837,-1.0,,,,,,,
1 month,2025-02-07,2025-03-11,G1,XLP,COST,-0.10856387870330109,,,,0.2701,1.0,1.0482061456254337,0.0335743521269112,0.014586954828281188,-1.0,-1.0
1 month,2025-02-07,2025-03-11,G3,XLP,HSY,0.16880338214238888,,,,0.25730000000000003,1.0,1.0459007536269127,0.03207173809326117,0.013921735915076623,4.263306330686747,7.828110895450761
1 month,2025-02-07,2025-03-11,G2,XLU,NEE,0.09330581821179185,0.2545,0.02816994014855546,-1.0,,,,,,,
1 month,2025-02-07,2025-03-11,G4,XLU,AEP,0.05039227274325975,0.2018,0.021984608397953246,-1.0,,,,,,,
1 month,2025-02-07,2025-03-11,G1,XLU,CEG,-0.32544491094318495,,,,0.5349,1.0,1.1003746574435587,0.06464534611684292,0.02780589165610318,-1.0,-1.0
1 month,2025-02-07,2025-03-11,G3,XLU,SRE,-0.1608928909479319,,,,0.2805,1.0,1.0500934300941822,0.0347952544031511,0.015125605078860386,-1.0,-1.0
1 month,2025-03-11,2025-04-09,G2,XLK,PLTR,0.17885968659367357,0.8532,0.0983254087986233,-1.0,,,,,,,
1 month,2025-03-11,2025-04-09,G3,XLK,AVGO,-0.023040351339275733,,,,0.6483,1.0,1.1254537600423684,0.07791725020247546,0.033165522369689504,-1.0,-1.0
1 month,2025-03-11,2025-04-09,G2,XLY,RCL,0.011295054506663682,0.541,0.06180181881336077,-1.0,,,,,,,
1 month,2025-03-11,2025-04-09,G1,XLY,NKE,-0.20021567955995345,,,,0.518,1.0,1.0967503425492273,0.06265073036463963,0.026992157526550986,-1.0,-1.0
1 month,2025-03-11,2025-04-09,G3,XLY,TSLA,0.1805013880018591,,,,0.8533,1.0,1.1754565884012158,0.1018823484003197,0.042428338607780905,0.7716649727450984,-0.881098346855419
1 month,2025-03-11,2025-04-09,G2,XLV,ISRG,0.05920361928635276,0.4097,0.046401801810609614,-1.0,,,,,,,
1 month,2025-03-11,2025-04-09,G4,XLV,MCK,0.028429883064796657,0.2579,0.02858287406974426,-1.0,,,,,,,
1 month,2025-03-11,2025-04-09,G1,XLV,GILD,-0.07376832664727917,,,,0.2746,1.0,1.0489927453372665,0.03408865356593472,0.01482022667996345,-1.0,-1.0
1 month,2025-03-11,2025-04-09,G2,XLI,GEV,0.14988920645096981,0.6759000000000001,0.07760266157275823,-1.0,,,,,,,
1 month,2025-03-11,2025-04-09,G4,XLI,TDG,-0.0021214350041915964,0.3369,0.03785717989889629,-0.9439621490597767,,,,,,,
1 month,2025-03-11,2025-04-09,G1,XLI,LMT,-0.014161450270977927,,,,0.2808,1.0,1.0501195768450093,0.03481652223327649,0.015141118659922915,-1.0,-1.0
1 month,2025-03-11,2025-04-09,G3,XLI,ETN,0.004534068546861558,,,,0.4728,1.0,1.0873197437052675,0.05735010445194535,0.02479624764207196,-0.9209405355022353,-1.0
1 month,2025-03-11,2025-04-09,G2,XLC,MTCH,-0.06354247278348091,0.4191,0.047504842259526815,0.3375999111067012,,,,,,,
1 month,2025-03-11,2025-04-09,G4,XLC,T,0.01768553176163601,0.322,0.03610803758330774,-1.0,,,,,,,
1 month,2025-03-11,2025-04-09,G1,XLC,FOXA,-0.022951429247694,,,,0.3147,1.0,1.0563612504154207,0.03879632035874185,0.016885388508836408,-1.0,-1.0
1 month,2025-03-11,2025-04-09,G3,XLC,LYV,0.08311411263630708,,,,0.40979999999999994,1.0,1.074611444787349,0.04995880488333007,0.021687383581984233,0.6636529402655915,-0.6079440465090833
1 month,2025-03-11,2025-04-09,G2,XLB,VMC,0.0659516325313001,0.37439999999999996,0.04225897818883177,-1.0,,,,,,,
1 month,2025-03-11,2025-04-09,G4,XLB,AMCR,-0.09800008152079465,0.308,0.034464493688313315,1.8435085223383325,,,,,,,
1 month,2025-03-11,2025-04-09,G1,XLB,LYB,-0.19104911196115082,,,,0.31579999999999997,1.0,1.056566074530746,0.03892545595841789,0.016941697497212586,-1.0,-1.0
1 month,2025-03-11,2025-04-09,G3,XLB,SW,-0.02020203320071512,,,,0.5127,1.0,1.0956308010346651,0.06202931019611524,0.026736148182320972,-1.0,-1.0
1 month,2025-03-11,2025-04-09,G2,XLE,TRGP,-0.04161381354069893,0.43810000000000004,0.049734178266913315,-0.16327533718631182,,,,,,,
1 month,2025-03-11,2025-04-09,G4,XLE,CVX,-0.05224582966109492,0.2726,0.030308590137380628,0.7237961061296083,,,,,,,
1 month,2025-03-11,2025-04-09,G1,XLE,SLB,-0.10229548030113489,,,,0.37229999999999996,1.0,1.0672828995479549,0.045557764676915184,0.019809726164925566,-1.0,-1.0
1 month,2025-03-11,2025-04-09,G3,XLE,HAL,-0.10502841875743818,,,,0.3901,1.0,1.0707398332177906,0.04764690696179917,0.020703539753153307,-1.0,-1.0
1 month,2025-03-11,2025-04-09,G2,XLP,TGT,-0.1336466697396177,0.34700000000000003,0.03904279496386203,2.423081515125156,,,,,,,
1 month,2025-03-11,2025-04-09,G4,XLP,CHD,-0.09163030012707196,0.2444,0.026998102290966785,2.393953365297465,,,,,,,
1 month,2025-03-11,2025-04-09,G1,XLP,MNST,0.05468043604552575,,,,0.254,1.0,1.0452811478282038,0.031670310890270115,0.013749827582752111,0.7265519190822007,-0.31640683050364105
1 month,2025-03-11,2025-04-09,G2,XLU,VST,0.03378747893773615,0.753,0.08662098298755062,-1.0,,,,,,,
1 month,2025-03-11,2025-04-09,G4,XLU,SO,-0.025527232269194067,0.2486,0.027491133028494832,-0.07143760707371094,,,,,,,
1 month,2025-03-11,2025-04-09,G1,XLU,NEE,-0.08712652594095582,,,,0.3172,1.0,1.0568269692172,0.03908980996708654,0.017013337265633116,-1.0,-1.0
1 month,2025-03-11,2025-04-09,G3,XLU,PCG,0.039824296878742116,,,,0.43670000000000003,1.0,1.0799763141581546,0.05311518985539128,0.023021755860889486,-0.25022772229251766,-1.0
1 month,2025-04-09,2025-05-09,G3,XLK,MU,0.10260692895671175,,,,0.6254,1.0,1.1202724763645302,0.07524899392449816,0.032097115025984176,0.36356545922279637,-1.0
1 month,2025-04-09,2025-05-09,G3,XLY,TSLA,0.09573841436411445,,,,0.8078,1.0,1.163854380006799,0.09658263814918974,0.04041823146025945,-0.008740947661538212,-1.0
1 month,2025-04-09,2025-05-09,G4,XLV,CVS,-0.0359019464066036,0.3846,0.04344195429075476,-0.1735651171143524,,,,,,,
1 month,2025-04-09,2025-05-09,G3,XLV,TMO,-0.11116736093441426,,,,0.4125,1.0,1.0751749955586911,0.05028923093075915,0.0218217871854078,-1.0,-1.0
1 month,2025-04-09,2025-05-09,G3,XLI,GEV,0.22261979937336163,,,,0.7273999999999999,1.0,1.1440531556714422,0.08718589734185957,0.03680307276129231,1.5533923049556964,1.1347848917808818
1 month,2025-04-09,2025-05-09,G2,XLC,MTCH,-0.06885922558783752,0.5402,0.061693511182670295,0.11615021203688736,,,,,,,
1 month,2025-04-09,2025-05-09,G3,XLC,WBD,-0.020518415697767023,,,,0.5908,1.0,1.1125345655448875,0.07119627732699081,0.030469574431604956,-1.0,-1.0
1 month,2025-04-09,2025-05-09,G2,XLB,DOW,-0.012726066546113302,0.5075,0.0578598526445452,-0.7800535956374741,,,,,,,
1 month,2025-04-09,2025-05-09,G3,XLB,FCX,0.1271197264306667,,,,0.6567000000000001,1.0,1.1274142959497875,0.07891370354889156,0.033555688558086466,0.610870111449132,-1.0
1 month,2025-04-09,2025-05-09,G3,XLE,HAL,-0.07748069361013465,,,,0.5325,1.0,1.0998618966158704,0.06436400371164608,0.02769057211483199,-1.0,-1.0
1 month,2025-04-09,2025-05-09,G2,XLP,GIS,-0.05151402820042472,0.4175,0.04730283180212265,0.08902630641477005,,,,,,,
1 month,2025-04-09,2025-05-09,G3,XLP,TGT,-0.013205107573402652,,,,0.4382,1.0,1.08030744990897,0.053304707745581166,0.023095857598116172,-1.0,-1.0
1 month,2025-04-09,2025-05-09,G3,XLU,CEG,0.25954982860293496,,,,0.6374,1.0,1.1229945024429886,0.07665416506624856,0.032657846207315905,2.3859846803969287,3.1813941217395953
1 month,2025-05-09,2025-06-10,G4,XLK,INTU,0.16550412534633097,0.354,0.039855934110297975,-1.0,,,,,,,
1 month,2025-05-09,2025-06-10,G1,XLK,PLTR,0.13222501366851858,,,,0.5798,1.0,1.1100967724895983,0.06990228860772497,0.029948774757381558,0.8915691646454376,-0.26113033477383507
1 month,2025-05-09,2025-06-10,G3,XLK,AAPL,0.02219208180074994,,,,0.302,1.0,1.0540242542617506,0.03731378887315641,0.016233960289386055,-0.40525788265058693,-1.0
1 month,2025-05-09,2025-06-10,G2,XLY,SBUX,0.14662072455812192,0.3179,0.035618230536414316,-1.0,,,,,,,
1 month,2025-05-09,2025-06-10,G4,XLY,ROST,-0.012649464210142236,0.3286,0.03687432750406239,-0.6569574263083546,,,,,,,
1 month,2025-05-09,2025-06-10,G1,XLY,TSLA,0.09330780413416684,,,,0.6114999999999999,1.0,1.1171323007887828,0.07361589245775613,0.03144520387555613,0.2674953874628465,-1.0
1 month,2025-05-09,2025-06-10,G3,XLY,AMZN,0.12716255755834105,,,,0.3127,1.0,1.0560065725690972,0.038569922022196515,0.016782962061958014,2.296935821782596,3.2397751199434204
1 month,2025-05-09,2025-06-10,G2,XLV,UNH,-0.2018968408341717,0.35100000000000003,0.039503789666207635,4.11082208922549,,,,,,,
1 month,2025-05-09,2025-06-10,G4,XLV,BSX,-0.034221312964941686,0.2371,0.026132869681040147,0.3095122496160414,,,,,,,
1 month,2025-05-09,2025-06-10,G3,XLV,BMY,0.07578044508663706,,,,0.3532,1.0,1.063634195892091,0.043324170652996874,0.018845467167897485,0.7491493534543905,-0.3554816611160003
1 month,2025-05-09,2025-06-10,G4,XLI,CTAS,0.036720512890159984,0.22649999999999998,0.02488868502908178,-1.0,,,,,,,
1 month,2025-05-09,2025-06-10,G1,XLI,UBER,0.043231517167013456,,,,0.3436,1.0,1.0618082552150796,0.04219729103472572,0.018358781516586237,0.02450930159086817,-1.0
1 month,2025-05-09,2025-06-10,G2,XLC,MTCH,0.1662987309576478,0.35979999999999995,0.040536734639499965,-1.0,,,,,,,
1 month,2025-05-09,2025-06-10,G4,XLC,T,0.0208332895562775,0.2443,0.02697802348427043,-1.0,,,,,,,
1 month,2025-05-09,2025-06-10,G1,XLC,NFLX,0.055603270960125295,,,,0.3157,1.0,1.0565648162031127,0.03892210532885405,0.01693657924746468,0.4285781945845848,-1.0
1 month,2025-05-09,2025-06-10,G3,XLC,FOX,0.0768407902841457,,,,0.441,1.0,1.0808601014484225,0.05362788219087639,0.02323409480108107,0.4328514784650308,-1.0
1 month,2025-05-09,2025-06-10,G2,XLB,IP,0.08601181832347238,0.33390000000000003,0.037496493790132666,-1.0,,,,,,,
1 month,2025-05-09,2025-06-10,G4,XLB,SHW,0.027454634766273855,0.2237,0.02456004887845521,-1.0,,,,,,,
1 month,2025-05-09,2025-06-10,G1,XLB,MLM,0.024510624125409608,,,,0.2571,1.0,1.0458537089426612,0.032042731785612115,0.013911321980824039,-0.23506446674389259,-1.0
1 month,2025-05-09,2025-06-10,G3,XLB,NUE,0.08210360959602991,,,,0.3868,1.0,1.0701135830660486,0.04726788205940354,0.02053818202837878,0.7369851581851465,-0.41620799185566215
1 month,2025-05-09,2025-06-10,G2,XLE,HAL,0.07723480720309084,0.41509999999999997,0.047026830023088384,-1.0,,,,,,,
1 month,2025-05-09,2025-06-10,G1,XLE,VLO,0.08231697061856336,,,,0.3328,1.0,1.0597674138545015,0.04092950702529015,0.017809627096242918,1.011188909939717,0.26614423997787373
1 month,2025-05-09,2025-06-10,G3,XLE,TRGP,0.03490836939986086,,,,0.3937,1.0,1.0714613535721365,0.04807766854719976,0.02088374916990633,-0.27391717496471557,-1.0
1 month,2025-05-09,2025-06-10,G2,XLP,CHD,0.08851833864434022,0.2347,0.025851159638881006,-1.0,,,,,,,
1 month,2025-05-09,2025-06-10,G4,XLP,MNST,0.03344263795946456,0.22649999999999998,0.02488868502908184,-1.0,,,,,,,
1 month,2025-05-09,2025-06-10,G1,XLP,KVUE,-0.11178029400662204,,,,0.2404,1.0,1.042875049166546,0.030082368976911297,0.01303959125831502,-1.0,-1.0
1 month,2025-05-09,2025-06-10,G3,XLP,PEP,0.02174569993596953,,,,0.2462,1.0,1.043905878841668,0.030763196838818067,0.013342834191446553,-0.29312613217979877,-1.0
1 month,2025-05-09,2025-06-10,G2,XLU,PEG,0.014173903692073608,0.2122,0.023210380541564973,-1.0,,,,,,,
1 month,2025-05-09,2025-06-10,G4,XLU,PCG,-0.13660237227828398,0.2439,0.026931069638202076,4.072296574678629,,,,,,,
1 month,2025-05-09,2025-06-10,G1,XLU,CEG,0.07387527362146762,,,,0.5206000000000001,1.0,1.097318933966348,0.06296365669197604,0.0271176045507643,0.17330024180254067,-1.0
1 month,2025-05-09,2025-06-10,G3,XLU,SRE,0.00729249510664598,,,,0.25329999999999997,1.0,1.0451730777320156,0.03159664916615653,0.01371334070524676,-0.7692003646242033,-1.0
1 month,2025-06-10,2025-07-11,G4,XLK,APH,0.06968118853891281,0.2787,0.031001581732251655,-1.0,,,,,,,
1 month,2025-06-10,2025-07-11,G1,XLK,MU,0.09205551414541469,,,,0.5655,1.0,1.106999304481395,0.06824069292040372,0.02926928361057584,0.3489826994105798,-1.0
1 month,2025-06-10,2025-07-11,G3,XLK,AAPL,0.04189064597353198,,,,0.27149999999999996,1.0,1.0484784210198614,0.033748026375646174,0.014659561356707072,0.24127691223335757,-1.0
1 month,2025-06-10,2025-07-11,G4,XLY,HLT,0.09375254533148647,0.2318,0.025496227528671637,-1.0,,,,,,,
1 month,2025-06-10,2025-07-11,G1,XLY,DASH,0.11848165360781593,,,,0.341,1.0,1.0613461840723197,0.04190669473764354,0.018226735950542496,1.8272726911432464,2.1347066030106
1 month,2025-06-10,2025-07-11,G2,XLV,UNH,0.008126621146105073,0.3467,0.0389841055752115,-1.0,,,,,,,
1 month,2025-06-10,2025-07-11,G4,XLV,GILD,0.002983869933977923,0.37520000000000003,0.042329276932431444,-1.0,,,,,,,
1 month,2025-06-10,2025-07-11,G1,XLV,ABBV,0.015567342285084829,,,,0.2676,1.0,1.0477733117471728,0.03329020121955203,0.01445722596768804,-0.532374641342157,-1.0
1 month,2025-06-10,2025-07-11,G3,XLV,TMO,0.05010533727097788,,,,0.3042,1.0,1.0544610525213154,0.03758678034204213,0.016346979750362804,0.3330574424043782,-1.0
1 month,2025-06-10,2025-07-11,G4,XLI,ADP,-0.032931977328734985,0.1839,0.019875550745596635,0.6569089204248055,,,,,,,
1 month,2025-06-10,2025-07-11,G1,XLI,GEV,0.15871127117536132,,,,0.4229,1.0,1.0772614329549,0.05151860902820903,0.022338507556431367,2.0806590893876593,2.6461629325371616
1 month,2025-06-10,2025-07-11,G3,XLI,NOC,0.052782144476511306,,,,0.2275,1.0,1.0406262412473877,0.02858320587822708,0.01236327500823032,0.8466138718441498,-0.016773207662901135
1 month,2025-06-10,2025-07-11,G2,XLC,OMC,-0.0062833255816169276,0.2917,0.03252769503453194,-0.8068315146540067,,,,,,,
1 month,2025-06-10,2025-07-11,G1,XLC,META,0.022298033759641456,,,,0.2807,1.0,1.05014883747863,0.03482803595475148,0.015135947618095991,-0.35976769437670575,-1.0
1 month,2025-06-10,2025-07-11,G3,XLC,WBD,0.17182809930331278,,,,0.511,1.0,1.0953219938525747,0.06185226319115035,0.026653949338942242,1.7780406154628388,1.8703478226755808
1 month,2025-06-10,2025-07-11,G4,XLB,CTVA,0.02823194509150806,0.1825,0.019711332768088063,-1.0,,,,,,,
1 month,2025-06-10,2025-07-11,G1,XLB,FCX,0.09883870300471664,,,,0.3923,1.0,1.0712182320170405,0.04792783208898852,0.020813690135879827,1.062240220279541,0.327033832413135
1 month,2025-06-10,2025-07-11,G3,XLB,LYB,0.06553322237027359,,,,0.3215,1.0,1.0576775683810433,0.0396176526247511,0.01723319026503532,0.6541419803689139,-0.5441555586391549
1 month,2025-06-10,2025-07-11,G2,XLE,OKE,-0.004650001883923616,0.2893,0.03224595040728317,-0.8557957875270648,,,,,,,
1 month,2025-06-10,2025-07-11,G4,XLE,MPC,0.10587802424199055,0.3081,0.03445294311384061,-1.0,,,,,,,
1 month,2025-06-10,2025-07-11,G1,XLE,VLO,0.160084867744827,,,,0.31980000000000003,1.0,1.0573599079722853,0.03941808983227165,0.01714630469953776,3.0612030777241106,4.991084468206792
1 month,2025-06-10,2025-07-11,G3,XLE,TRGP,0.040997905678124,,,,0.3456,1.0,1.0622182937369824,0.04244665447062703,0.018460286841750398,-0.03413104779566567,-1.0
1 month,2025-06-10,2025-07-11,G2,XLP,KVUE,-0.00836437797881251,0.24489999999999998,0.027033860991625257,-0.6905962495921791,,,,,,,
1 month,2025-06-10,2025-07-11,G1,XLP,PM,0.012481328237986311,,,,0.2155,1.0,1.0385236421750845,0.027174865330383085,0.011731827895368793,-0.5407032165111987,-1.0
1 month,2025-06-10,2025-07-11,G3,XLP,GIS,-0.042166342984115035,,,,0.2985,1.0,1.0534090948744828,0.03691763943328322,0.016054006337780116,-1.0,-1.0
1 month,2025-06-10,2025-07-11,G2,XLU,EXC,0.013746525160935219,0.1837,0.019852090748615138,-1.0,,,,,,,
1 month,2025-06-10,2025-07-11,G4,XLU,D,0.03200859524222954,0.209,0.022820416489528275,-1.0,,,,,,,
1 month,2025-06-10,2025-07-11,G1,XLU,NRG,0.013451671289242961,,,,0.3923,1.0,1.0712182320170405,0.04792783208898858,0.020813690135879893,-0.719334868636097,-1.0
1 month,2025-06-10,2025-07-11,G3,XLU,ED,-0.017675783008424095,,,,0.1797,1.0,1.0323486946185656,0.022974579644579083,0.009834643774476097,-1.0,-1.0
1 month,2025-07-11,2025-08-11,G2,XLK,ADBE,-0.0817394019764236,0.2638,0.029257897853963145,1.7937551215885317,,,,,,,
1 month,2025-07-11,2025-08-11,G1,XLK,ORCL,0.0959404009531113,,,,0.3337,1.0,1.0599561119451066,0.04104435192682202,0.017855456172801105,1.3374811989762572,1.0153105392411619
1 month,2025-07-11,2025-08-11,G2,XLY,TSLA,0.08140087467302948,0.5577000000000001,0.06374067416954993,-1.0,,,,,,,
1 month,2025-07-11,2025-08-11,G4,XLY,HD,0.04718010373716286,0.2014,0.02193397174494474,-1.0,,,,,,,
1 month,2025-07-11,2025-08-11,G1,XLY,RCL,-0.10531454954928365,,,,0.41340000000000005,1.0,1.0753612867972941,0.050398545760289876,0.02186656499530746,-1.0,-1.0
1 month,2025-07-11,2025-08-11,G3,XLY,ROST,0.11679509365694796,,,,0.233,1.0,1.0415843453159588,0.029223176653427132,0.012651941611769744,2.996659741755036,4.944601283254633
1 month,2025-07-11,2025-08-11,G2,XLV,ELV,-0.14641747495848578,0.45909999999999995,0.052179547036042294,1.806031927746516,,,,,,,
1 month,2025-07-11,2025-08-11,G4,XLV,GILD,0.09877789352061273,0.2708,0.030079640798150224,-1.0,,,,,,,
1 month,2025-07-11,2025-08-11,G1,XLV,PFE,-0.025179916681075554,,,,0.2619,1.0,1.046734789846167,0.032615557016301436,0.014161087323014274,-1.0,-1.0
1 month,2025-07-11,2025-08-11,G2,XLI,LMT,-0.08823347489503952,0.2842,0.03165271820402929,1.787548112812872,,,,,,,
1 month,2025-07-11,2025-08-11,G4,XLI,UNP,-0.06571676754576838,0.226,0.024820876537786453,1.647640885918086,,,,,,,
1 month,2025-07-11,2025-08-11,G1,XLI,GEV,0.2075140846805057,,,,0.5023,1.0,1.0934823691213498,0.06082686865218281,0.026232655089445462,2.411552974510367,3.3469376306112375
1 month,2025-07-11,2025-08-11,G4,XLC,FOX,-0.01897597949171881,0.3764,0.042475695093021744,-0.5532508779394563,,,,,,,
1 month,2025-07-11,2025-08-11,G1,XLC,WBD,-0.08098890420621607,,,,0.5075,1.0,1.0945737340423394,0.06143660975027663,0.026484589869678683,-1.0,-1.0
1 month,2025-07-11,2025-08-11,G4,XLB,LYB,-0.2511231575507936,0.3721,0.0419710105432407,4.983252590310485,,,,,,,
1 month,2025-07-11,2025-08-11,G1,XLB,NEM,0.14535166789317677,,,,0.38539999999999996,1.0,1.0698601853233305,0.04711267750239248,0.020467982314947914,2.085192258194104,2.688271829056367
1 month,2025-07-11,2025-08-11,G2,XLE,EXE,-0.07208484664575543,0.3128,0.035010194992562894,1.0589672996985073,,,,,,,
1 month,2025-07-11,2025-08-11,G1,XLE,VLO,-0.13200184102442092,,,,0.308,1.0,1.0551532322603896,0.0380274090768987,0.016542023662631522,-1.0,-1.0
1 month,2025-07-11,2025-08-11,G2,XLP,COST,0.020384505583635804,0.1981,0.021546769284618378,-1.0,,,,,,,
1 month,2025-07-11,2025-08-11,G4,XLP,PM,-0.05330441328136981,0.3251,0.03645410906311721,0.46223332983060206,,,,,,,
1 month,2025-07-11,2025-08-11,G1,XLP,ADM,0.060793555516538644,,,,0.30510000000000004,1.0,1.0546162359723463,0.037686967173830015,0.016393193987903624,0.6131188067251512,-0.6231777926406248
1 month,2025-07-11,2025-08-11,G3,XLP,GIS,-0.043233889702011585,,,,0.25920000000000004,1.0,1.0462494882699802,0.03229860453988525,0.014020637725998623,-1.0,-1.0
1 month,2025-07-11,2025-08-11,G2,XLU,ETR,0.10201827756662807,0.24989999999999998,0.027626200462523925,-1.0,,,,,,,
1 month,2025-07-11,2025-08-11,G4,XLU,AEE,0.05363829100528528,0.2198,0.0240932135938851,-1.0,,,,,,,
1 month,2025-07-11,2025-08-11,G1,XLU,VST,0.01780437903080956,,,,0.613,1.0,1.1174888081762686,0.07380035702677679,0.03151567824816801,-0.7587494187277497,-1.0
1 month,2025-07-11,2025-08-11,G3,XLU,PCG,0.12593134039332443,,,,0.43060000000000004,1.0,1.0787890165903058,0.05241672169817498,0.022720077061164256,1.4025031767240232,1.0749191860620817
1 month,2025-08-11,2025-09-10,G2,XLK,IBM,0.08709271099074933,0.2324,0.025611121867898868,-1.0,,,,,,,
1 month,2025-08-11,2025-09-10,G4,XLK,CSCO,-0.03594169355019994,0.2994,0.033476859246128636,0.07362800333058006,,,,,,,
1 month,2025-08-11,2025-09-10,G1,XLK,PLTR,-0.08725633797734667,,,,0.4772,1.0,1.0881796546753952,0.05784501033777932,0.025011267139157523,-1.0,-1.0
1 month,2025-08-11,2025-09-10,G2,XLY,CMG,-0.06991830663365972,0.3006,0.033617743138010435,1.079803702069622,,,,,,,
1 month,2025-08-11,2025-09-10,G1,XLY,ORLY,0.014575310409948194,,,,0.21739999999999998,1.0,1.0387640928949986,0.027351835609550984,0.01183195618808319,-0.4671176509682373,-1.0
1 month,2025-08-11,2025-09-10,G3,XLY,MAR,0.019843068170518396,,,,0.23739999999999997,1.0,1.0422817096775319,0.029699454533506264,0.012882537935039042,-0.3318709558072199,-1.0
1 month,2025-08-11,2025-09-10,G2,XLV,VRTX,0.037627508036679025,0.2382,0.02629196898330268,-1.0,,,,,,,
1 month,2025-08-11,2025-09-10,G4,XLV,GILD,-0.04333029474323913,0.1975,0.02151499463123418,1.0139579621523502,,,,,,,
1 month,2025-08-11,2025-09-10,G1,XLV,JNJ,0.018756722323017838,,,,0.15,1.0,1.0272455597084906,0.01944522591543418,0.008245373712456565,-0.035407333162937205,-1.0
1 month,2025-08-11,2025-09-10,G2,XLI,LMT,0.09617180896167765,0.2059,0.02250074387771602,-1.0,,,,,,,
1 month,2025-08-11,2025-09-10,G1,XLI,GEV,-0.011064123958346661,,,,0.43200000000000005,1.0,1.0789862871144706,0.05254240846036289,0.022789361939679093,-1.0,-1.0
1 month,2025-08-11,2025-09-10,G2,XLC,CHTR,0.01634660573450275,0.3799,0.04292685155278799,-1.0,,,,,,,
1 month,2025-08-11,2025-09-10,G4,XLC,T,0.03766878393094575,0.1998,0.021784891270221825,-1.0,,,,,,,
1 month,2025-08-11,2025-09-10,G1,XLC,GOOGL,0.19096474654269024,,,,0.3132,1.0,1.0560370423168377,0.03859840812412509,0.016808574296685565,3.9474772619788947,7.027314027011714
1 month,2025-08-11,2025-09-10,G3,XLC,CMCSA,0.06590254045122346,,,,0.2396,1.0,1.042671466782239,0.029957711684353232,0.012997723952364326,1.1998522832985294,0.7873185916337835
1 month,2025-08-11,2025-09-10,G2,XLB,IP,-0.004985184694954903,0.2849,0.03177450475035622,-0.84310739902566,,,,,,,
1 month,2025-08-11,2025-09-10,G1,XLB,NEM,0.14259971357747125,,,,0.3335,1.0,1.059836542721934,0.04098159518821446,0.01784527297522212,2.4796037812232417,3.637820389211895
1 month,2025-08-11,2025-09-10,G3,XLB,DOW,0.15833063520020785,,,,0.5893,1.0,1.1121250942843217,0.07098652143039734,0.03039865256661228,1.2304323695513348,0.5199864801453367
1 month,2025-08-11,2025-09-10,G2,XLE,SLB,0.12602312597225795,0.30519999999999997,0.03415779639064863,-1.0,,,,,,,
1 month,2025-08-11,2025-09-10,G3,XLE,FANG,0.02780438477116909,,,,0.39890000000000003,1.0,1.072417493881349,0.04865820701025839,0.021143719054539222,-0.428577695735742,-1.0
1 month,2025-08-11,2025-09-10,G2,XLP,MDLZ,0.011533341579128775,0.1833,0.019848889695434715,-1.0,,,,,,,
1 month,2025-08-11,2025-09-10,G4,XLP,MNST,-0.013037983323073377,0.2194,0.02408518405615422,-0.45867204947757256,,,,,,,
1 month,2025-08-11,2025-09-10,G1,XLP,MO,0.008527518743809415,,,,0.1729,1.0,1.0311015471094565,0.022130322040264095,0.009472005952994885,-0.6146681133562155,-1.0
1 month,2025-08-11,2025-09-10,G3,XLP,PG,0.015292262074646734,,,,0.1865,1.0,1.03341949448055,0.023725711716788982,0.010196551345761522,-0.3554561288955739,-1.0
1 month,2025-08-11,2025-09-10,G2,XLU,NEE,-0.0118790901136403,0.2753,0.030647430300460344,-0.6123952319271009,,,,,,,
1 month,2025-08-11,2025-09-10,G4,XLU,SRE,0.013720547385445148,0.24,0.026503270982056744,-1.0,,,,,,,
1 month,2025-08-11,2025-09-10,G1,XLU,PCG,0.00992729204817766,,,,0.4131,1.0,1.0752187547681806,0.05032464413260413,0.021851640357641172,-0.8027349776777447,-1.0
1 month,2025-09-10,2025-10-09,G2,XLK,AMAT,0.3480603335974404,0.2963,0.03320301522053399,-1.0,,,,,,,
1 month,2025-09-10,2025-10-09,G4,XLK,AAPL,0.12015525443726882,0.2332,0.025793730888781407,-1.0,,,,,,,
1 month,2025-09-10,2025-10-09,G1,XLK,AVGO,-0.06482903688059427,,,,0.4068,1.0,1.0737848408917239,0.04949760695555915,0.021537922687152062,-1.0,-1.0
1 month,2025-09-10,2025-10-09,G2,XLY,SBUX,-0.03740345207735807,0.3,0.0336374804684065,0.11195760076289529,,,,,,,
1 month,2025-09-10,2025-10-09,G4,XLY,LOW,-0.11960231760563311,0.2147,0.023621743363218182,4.063229913498593,,,,,,,
1 month,2025-09-10,2025-10-09,G1,XLY,RCL,-0.09829693557755859,,,,0.37329999999999997,1.0,1.0672435962392626,0.04556532993460724,0.019860063257501854,-1.0,-1.0
1 month,2025-09-10,2025-10-09,G4,XLV,BSX,-0.07554883896250386,0.2302,0.025441499308553554,1.969512057691663,,,,,,,
1 month,2025-09-10,2025-10-09,G1,XLV,UNH,0.06698688482619786,,,,0.39020000000000005,1.0,1.0705261696695134,0.04754917236187878,0.020708548117084224,0.40879181484770966,-1.0
1 month,2025-09-10,2025-10-09,G3,XLV,AMGN,0.06075179343518622,,,,0.2268,1.0,1.040229504030732,0.028363984331595034,0.012326502004103367,1.1418638765610214,0.6648915805653881
1 month,2025-09-10,2025-10-09,G2,XLI,CTAS,-0.04791469071727128,0.2692,0.030020820303058072,0.5960486833329606,,,,,,,
1 month,2025-09-10,2025-10-09,G1,XLI,LMT,0.09461704837559326,,,,0.2152,1.0,1.0381981929414206,0.02700211543772848,0.011716013026499434,2.504060583467857,3.815533689367177
1 month,2025-09-10,2025-10-09,G4,XLC,T,-0.10616436107386329,0.1932,0.021097982442810838,4.0319674576295315,,,,,,,
1 month,2025-09-10,2025-10-09,G1,XLC,GOOGL,0.009867473152514572,,,,0.2787,1.0,1.0495087845514939,0.034458024124912244,0.015032494883442903,-0.7136378709137707,-1.0
1 month,2025-09-10,2025-10-09,G4,XLB,DD,0.022864704661318846,0.2799,0.03127725996283197,-1.0,,,,,,,
1 month,2025-09-10,2025-10-09,G1,XLB,NEM,0.08644655864713013,,,,0.34020000000000006,1.0,1.0609157023298021,0.04167933055470462,0.018186086371962656,1.0740870233908404,0.4038675389053952
1 month,2025-09-10,2025-10-09,G3,XLB,AMCR,-0.04981767593036113,,,,0.2853,1.0,1.050711397422267,0.03523302551044829,0.015373658463554127,-1.0,-1.0
1 month,2025-09-10,2025-10-09,G2,XLE,EQT,0.07328514722659607,0.35109999999999997,0.03963739971072739,-1.0,,,,,,,
1 month,2025-09-10,2025-10-09,G4,XLE,PSX,-0.0025109285283155813,0.28559999999999997,0.03194657928439897,-0.9214022726514026,,,,,,,
1 month,2025-09-10,2025-10-09,G1,XLE,VLO,0.022144962825633385,,,,0.28809999999999997,1.0,1.0512231501049956,0.035561813521563505,0.015518194939007324,-0.3772825221018229,-1.0
1 month,2025-09-10,2025-10-09,G3,XLE,KMI,0.0051132473714934346,,,,0.2241,1.0,1.039755317474824,0.02804698767035119,0.012184592082507016,-0.817689962587364,-1.0
1 month,2025-09-10,2025-10-09,G2,XLP,KDP,-0.04945429432023796,0.2564,0.028517808290261532,0.7341548065994261,,,,,,,
1 month,2025-09-10,2025-10-09,G4,XLP,HSY,0.03760769814039899,0.2398,0.02656865912991219,-1.0,,,,,,,
1 month,2025-09-10,2025-10-09,G1,XLP,ADM,-0.0016283853328704634,,,,0.2579,1.0,1.0457522217386124,0.03201561428810379,0.013952974040287905,-1.0,-1.0
1 month,2025-09-10,2025-10-09,G3,XLP,CL,-0.06478370154284996,,,,0.2147,1.0,1.038110983763135,0.026943416897128068,0.011689651796422012,-1.0,-1.0
1 month,2025-09-10,2025-10-09,G2,XLU,CEG,0.19759375956008518,0.4228,0.048053744828140336,-1.0,,,,,,,
1 month,2025-10-09,2025-11-07,G2,XLK,TXN,-0.09486461164593774,0.42590000000000006,0.04845093942200331,0.9579519567138945,,,,,,,
1 month,2025-10-09,2025-11-07,G1,XLK,AMD,0.0027909910180250463,,,,0.6826000000000001,1.0,1.1330781063257367,0.08179703293255416,0.034752868066504454,-0.9658790677612182,-1.0
1 month,2025-10-09,2025-11-07,G2,XLY,LOW,-0.0015494620811792315,0.23370000000000002,0.025884556728561315,-0.9401395164913332,,,,,,,
1 month,2025-10-09,2025-11-07,G1,XLY,TSLA,-0.013821966784089534,,,,0.5946,1.0,1.1130333080780965,0.07149154100386311,0.030649107344239382,-1.0,-1.0
1 month,2025-10-09,2025-11-07,G3,XLY,HD,-0.01742180370594182,,,,0.2403,1.0,1.0425470706532631,0.029916240580090757,0.013034358384992655,-1.0,-1.0
1 month,2025-10-09,2025-11-07,G2,XLV,BSX,0.02816609681488469,0.3095,0.03478569240067378,-1.0,,,,,,,
1 month,2025-10-09,2025-11-07,G1,XLV,ELV,-0.11266864098888996,,,,0.42829999999999996,1.0,1.077988222078815,0.05198929515717285,0.02260619089595905,-1.0,-1.0
1 month,2025-10-09,2025-11-07,G2,XLI,HON,0.008217537950722109,0.26539999999999997,0.029606996196319985,-1.0,,,,,,,
1 month,2025-10-09,2025-11-07,G1,XLI,CAT,0.1286230212883146,,,,0.3732,1.0,1.0671567371476203,0.04552171332272837,0.019855030207770394,1.82553120038421,2.0957537459015834
1 month,2025-10-09,2025-11-07,G2,XLC,MTCH,0.012007329277089251,0.392,0.04447199230011931,-1.0,,,,,,,
1 month,2025-10-09,2025-11-07,G1,XLC,TTWO,-0.09618606960371257,,,,0.4338,1.0,1.079090201592306,0.05263474847684746,0.02287840123359428,-1.0,-1.0
1 month,2025-10-09,2025-11-07,G3,XLC,LYV,-0.08013096885868454,,,,0.34149999999999997,1.0,1.0610945613145115,0.04179989627416281,0.01825213711494994,-1.0,-1.0
1 month,2025-10-09,2025-11-07,G2,XLB,LYB,-0.09754550819092556,0.4936,0.05639406864305973,0.7297121938182807,,,,,,,
1 month,2025-10-09,2025-11-07,G4,XLB,MLM,-0.036556697530693794,0.24480000000000002,0.027187958192820525,0.3445915015548058,,,,,,,
1 month,2025-10-09,2025-11-07,G1,XLB,NEM,-0.02135904956816015,,,,0.4596,1.0,1.0843105265146495,0.055662150097663655,0.024149548597304647,-1.0,-1.0
1 month,2025-10-09,2025-11-07,G3,XLB,IFF,0.03075650183188161,,,,0.38670000000000004,1.0,1.0697757509337151,0.04710653274200563,0.020533168710913163,-0.34708627356783517,-1.0
1 month,2025-10-09,2025-11-07,G2,XLE,SLB,0.1065498093499615,0.39590000000000003,0.04492979168881501,-1.0,,,,,,,
1 month,2025-10-09,2025-11-07,G4,XLE,WMB,-0.055784420563077086,0.2712,0.030288098708342398,0.8417934086999026,,,,,,,
1 month,2025-10-09,2025-11-07,G1,XLE,EXE,0.06104924296294589,,,,0.32380000000000003,1.0,1.05776269039013,0.03972157056891215,0.017350672565330603,0.5369292323684143,-0.8105806815014807
1 month,2025-10-09,2025-11-07,G2,XLP,KVUE,0.002375327015906148,0.5646,0.06471910462043906,-1.0,,,,,,,
1 month,2025-10-09,2025-11-07,G4,XLP,HSY,-0.11408244543329615,0.3095,0.034785692400673716,2.2795795500993594,,,,,,,
1 month,2025-10-09,2025-11-07,G1,XLP,MNST,0.010140585108146638,,,,0.2853,1.0,1.0506449023270807,0.03520058282919573,0.015373658463554174,-0.7119199657189785,-1.0
1 month,2025-10-09,2025-11-07,G3,XLP,KMB,-0.13132583537611542,,,,0.24480000000000002,1.0,1.0433462228174797,0.030444653471096244,0.013269685066398437,-1.0,-1.0
1 month,2025-10-09,2025-11-07,G4,XLU,DTE,-0.02370255193325088,0.20149999999999998,0.022104003406712296,0.07231941187871471,,,,,,,
1 month,2025-10-09,2025-11-07,G1,XLU,NEE,0.0026280947738042126,,,,0.3078,1.0,1.0547832063275235,0.03784276056131546,0.016531763605959426,-0.9305522447405474,-1.0
1 month,2025-11-07,2025-12-09,G2,XLK,ORCL,-0.07410338586855425,0.49729999999999996,0.056870154367323594,0.30302768988319273,,,,,,,
1 month,2025-11-07,2025-12-09,G1,XLK,MU,0.06094489938972547,,,,0.6557999999999999,1.0,1.126770754507629,0.07862175915848187,0.033513929505983635,-0.22483419295063445,-1.0
1 month,2025-11-07,2025-12-09,G2,XLY,DASH,0.12569139171569743,0.429,0.048856424125470935,-1.0,,,,,,,
1 month,2025-11-07,2025-12-09,G4,XLY,MAR,-0.02283717474036251,0.2704,0.03023461094701757,-0.24466781529347925,,,,,,,
1 month,2025-11-07,2025-12-09,G1,XLY,GM,0.09277787397553028,,,,0.2781,1.0,1.0492505052022956,0.03431458570574331,0.015001447211055308,1.7037445467395442,1.901544641716776
1 month,2025-11-07,2025-12-09,G3,XLY,CMG,0.10264790369354726,,,,0.35100000000000003,1.0,1.0628146030213093,0.04287543688496381,0.018734055429384923,1.3940958075588803,1.1262508175223154
1 month,2025-11-07,2025-12-09,G2,XLV,UNH,0.00482935723501976,0.3369,0.038044106894022975,-1.0,,,,,,,
1 month,2025-11-07,2025-12-09,G1,XLV,ISRG,-0.0033392769949777135,,,,0.28,1.0,1.0495960020782857,0.034537723726861966,0.01509974607293747,-1.0,-1.0
1 month,2025-11-07,2025-12-09,G3,XLV,BSX,-0.07488500415070498,,,,0.24359999999999998,1.0,1.04305058175029,0.03026291509435952,0.013206961795695638,-1.0,-1.0
1 month,2025-11-07,2025-12-09,G2,XLI,GEV,0.08723223917234835,0.5111,0.05848874322447465,-1.0,,,,,,,
1 month,2025-11-07,2025-12-09,G1,XLI,CAT,0.05551400609435708,,,,0.3139,1.0,1.055832210142536,0.03851888840171523,0.016844425126888104,0.4412151647627811,-1.0
1 month,2025-11-07,2025-12-09,G3,XLI,ADP,0.016013621926547428,,,,0.2223,1.0,1.03929186985089,0.027761630877033358,0.012089922609908694,-0.42317430854556737,-1.0
1 month,2025-11-07,2025-12-09,G2,XLC,CHTR,-0.06699716040501802,0.4598,0.052470792429345256,0.2768467427899688,,,,,,,
1 month,2025-11-07,2025-12-09,G4,XLC,WBD,0.2465813909914083,0.3943,0.044783419100750524,-1.0,,,,,,,
1 month,2025-11-07,2025-12-09,G1,XLC,GOOGL,0.13792414398680042,,,,0.3289,1.0,1.0586353167529714,0.04028036631810531,0.017610895064644316,2.42410351727129,3.5022599330007624
1 month,2025-11-07,2025-12-09,G3,XLC,LYV,-0.010248290078376798,,,,0.29359999999999997,1.0,1.0520814703140342,0.03613491279832511,0.01580176036491267,-1.0,-1.0
1 month,2025-11-07,2025-12-09,G2,XLB,IP,-0.0014461601673351199,0.3734,0.0423297921068196,-0.9658358783410586,,,,,,,
1 month,2025-11-07,2025-12-09,G4,XLB,DD,0.025552289146473672,0.2717,0.03038728442109289,-1.0,,,,,,,
1 month,2025-11-07,2025-12-09,G1,XLB,NUE,0.09583532588505839,,,,0.32130000000000003,1.0,1.05721170376994,0.039387894430476106,0.017222970676658192,1.4331162472829866,1.2425644704524705
1 month,2025-11-07,2025-12-09,G3,XLB,LYB,0.023030049612957848,,,,0.5113,1.0,1.0949414361115475,0.06168787732423136,0.026668457936314695,-0.6266681459646932,-1.0
1 month,2025-11-07,2025-12-09,G2,XLE,OXY,0.005809705446069291,0.3564,0.04033381137291607,-1.0,,,,,,,
1 month,2025-11-07,2025-12-09,G4,XLE,TRGP,0.06759266075322956,0.32909999999999995,0.03712817425878134,-1.0,,,,,,,
1 month,2025-11-07,2025-12-09,G1,XLE,HAL,0.04322450636127817,,,,0.35969999999999996,1.0,1.0644760867977572,0.04389695768263403,0.019174220890021,-0.01531885936646138,-1.0
1 month,2025-11-07,2025-12-09,G3,XLE,EOG,0.03775725127632046,,,,0.2647,1.0,1.0468258902776402,0.032740875366666165,0.014306620974291672,0.15321447131378596,-1.0
1 month,2025-11-07,2025-12-09,G2,XLP,KMB,0.0027962919573145673,0.3246,0.03659974001068868,-1.0,,,,,,,
1 month,2025-11-07,2025-12-09,G1,XLP,KO,0.00045772098026231056,,,,0.1808,1.0,1.0321179554999151,0.022889372008441274,0.009893237105362508,-0.9800029035268654,-1.0
1 month,2025-11-07,2025-12-09,G3,XLP,KVUE,0.02099537271872509,,,,0.36619999999999997,1.0,1.0657234473571209,0.044660134647771695,0.019502352237331867,-0.529885592949671,-1.0
1 month,2025-11-07,2025-12-09,G2,XLU,VST,-0.13712059108971708,0.5692,0.06530078674306103,1.099830613515353,,,,,,,
1 month,2025-11-07,2025-12-09,G4,XLU,ETR,-0.03434321378327343,0.2361,0.026206477438810112,0.310485694365519,,,,,,,
1 month,2025-11-07,2025-12-09,G1,XLU,NRG,-0.03333327378628981,,,,0.45289999999999997,1.0,1.0828612972491347,0.05483683425546204,0.023820355406327737,-1.0,-1.0
1 month,2025-11-07,2025-12-09,G3,XLU,SO,-0.05737863170571178,,,,0.1852,1.0,1.0328692814772713,0.023405838120708684,0.010127419502091103,-1.0,-1.0
1 month,2025-12-09,2026-01-09,G2,XLK,ORCL,-0.10149969136600923,0.6114,0.07030160005969836,0.4437749820746353,,,,,,,
1 month,2025-12-09,2026-01-09,G1,XLK,AMAT,0.12742362962791454,,,,0.3914,1.0,1.07049836013307,0.047567131417659114,0.02076863712947534,1.6788167760019452,1.7409246519144337
1 month,2025-12-09,2026-01-09,G2,XLY,AMZN,0.08538086552388657,0.2747,0.03079239295839328,-1.0,,,,,,,
1 month,2025-12-09,2026-01-09,G1,XLY,ROST,0.08145969858062707,,,,0.1839,1.0,1.032540982445151,0.023199177364013536,0.010058261026022563,2.5113184102375508,3.8635361529109513
1 month,2025-12-09,2026-01-09,G3,XLY,LOW,0.10112516537252869,,,,0.23079999999999998,1.0,1.0406786203359015,0.028706477553000657,0.012536531178205862,2.5227298502862845,3.8216324099054146
1 month,2025-12-09,2026-01-09,G2,XLV,MCK,0.026477597803864716,0.2369,0.026352722043658416,-1.0,,,,,,,
1 month,2025-12-09,2026-01-09,G4,XLV,BMY,0.11589617185451306,0.22820000000000001,0.025330946093009055,-1.0,,,,,,,
1 month,2025-12-09,2026-01-09,G1,XLV,MRK,0.1505284586288973,,,,0.23329999999999998,1.0,1.0411194763551743,0.029000090874807927,0.012667673595921327,4.190620239044142,7.636864649634639
1 month,2025-12-09,2026-01-09,G3,XLV,ABT,0.03851538578580738,,,,0.2409,1.0,1.0424641142909048,0.029892691284096155,0.013065753311366354,0.2884549410343247,-1.0
1 month,2025-12-09,2026-01-09,G2,XLI,ETN,-0.05047394224811719,0.3002,0.03378740806871913,0.4938684300808114,,,,,,,
1 month,2025-12-09,2026-01-09,G4,XLI,UNP,-0.013473812448153821,0.1902,0.020868647707339354,-0.3543514348840565,,,,,,,
1 month,2025-12-09,2026-01-09,G1,XLI,GEV,-0.003744781054893065,,,,0.5006,1.0,1.0925829065716228,0.06038228350316932,0.026150210014649518,-1.0,-1.0
1 month,2025-12-09,2026-01-09,G2,XLC,NFLX,-0.07496639508462188,0.3418,0.03867299483332395,0.9384688309689548,,,,,,,
1 month,2025-12-09,2026-01-09,G4,XLC,WBD,0.022292963753154593,0.3642,0.04130335949384524,-1.0,,,,,,,
1 month,2025-12-09,2026-01-09,G1,XLC,GOOGL,0.03623697613430399,,,,0.2985,1.0,1.0528741566200792,0.036657920926886405,0.016054006337780174,-0.011483051464428295,-1.0
1 month,2025-12-09,2026-01-09,G3,XLC,NWSA,0.020038404170382718,,,,0.3059,1.0,1.054239910749912,0.0375270407003603,0.016434263080441273,-0.466027595131146,-1.0
1 month,2025-12-09,2026-01-09,G2,XLB,PKG,0.1411336260535616,0.2206,0.024438392175452996,-1.0,,,,,,,
1 month,2025-12-09,2026-01-09,G1,XLB,FCX,0.26183023679554585,,,,0.3614,1.0,1.0646924296037927,0.04404475648664015,0.019260099896235203,4.944640354067239,9.235554761078259
1 month,2025-12-09,2026-01-09,G3,XLB,LYB,0.1386161338276124,,,,0.46840000000000004,1.0,1.0859131952923797,0.05660464025176817,0.024580955024768782,1.4488475363692914,1.1440557733467664
1 month,2025-12-09,2026-01-09,G2,XLE,MPC,-0.07633832679236896,0.2893,0.03250719876913835,1.3483514323861998,,,,,,,
1 month,2025-12-09,2026-01-09,G4,XLE,OKE,-0.030149366450933468,0.2926,0.03289478768531737,-0.0834606765256416,,,,,,,
1 month,2025-12-09,2026-01-09,G1,XLE,FANG,-0.06802799716829655,,,,0.3024,1.0,1.0535931342722398,0.03711597236835831,0.016254514702622222,-1.0,-1.0
1 month,2025-12-09,2026-01-09,G2,XLP,MDLZ,0.027484347702373402,0.2027,0.0223363579981858,-1.0,,,,,,,
1 month,2025-12-09,2026-01-09,G1,XLP,KDP,-0.03578511409235419,,,,0.2501,1.0,1.0441007895257548,0.03097323255283475,0.013546447750704354,-1.0,-1.0
1 month,2025-12-09,2026-01-09,G3,XLP,PG,0.016042366755154136,,,,0.2254,1.0,1.0397288311241188,0.02807228332624158,0.012252933199825686,-0.4285335977583987,-1.0
1 month,2025-12-09,2026-01-09,G2,XLU,VST,0.010873013766685702,0.4744,0.054238454326542715,-1.0,,,,,,,
1 month,2025-12-09,2026-01-09,G3,XLU,PCG,0.06066976854888595,,,,0.2777,1.0,1.0490700364732646,0.03421492884212226,0.014980745722650192,0.7731958125306697,-0.22569061044249783
1 month,2026-01-09,2026-02-10,G2,XLK,AVGO,-0.01313162814718849,0.419,0.04778861181558774,-0.7252142791286263,,,,,,,
1 month,2026-01-09,2026-02-10,G1,XLK,MU,0.08160194354303396,,,,0.5863,1.0,1.1108871342896967,0.07038304377475575,0.03025671770573995,0.15939776353210378,-1.0
1 month,2026-01-09,2026-02-10,G2,XLY,AZO,0.07122422200008116,0.2571,0.028775323229525262,-1.0,,,,,,,
1 month,2026-01-09,2026-02-10,G4,XLY,F,-0.04436620584460271,0.28550000000000003,0.032111307892169795,0.38163808193627635,,,,,,,
1 month,2026-01-09,2026-02-10,G1,XLY,RCL,0.11492773551426261,,,,0.4454,1.0,1.0811247222599498,0.05385709243316627,0.02345109855120255,1.1339387315956895,0.4414255767382569
1 month,2026-01-09,2026-02-10,G1,XLV,MRK,0.059893229792096214,,,,0.26890000000000003,1.0,1.047373507616864,0.03313113591569854,0.014524696874470803,0.8077626418995516,-0.13803900463922747
1 month,2026-01-09,2026-02-10,G2,XLI,ETN,0.16319980852189464,0.3553,0.040309402463964084,-1.0,,,,,,,
1 month,2026-01-09,2026-02-10,G4,XLI,DE,0.2158047854655898,0.25780000000000003,0.028857548342352768,-1.0,,,,,,,
1 month,2026-01-09,2026-02-10,G1,XLI,BA,0.034366595320620696,,,,0.2963,1.0,1.0523664413100162,0.036349624603357285,0.01594079787788587,-0.05455432633418067,-1.0
1 month,2026-01-09,2026-02-10,G2,XLC,NFLX,-0.08104180722329524,0.4586,0.05243649653316979,0.5455229197479003,,,,,,,
1 month,2026-01-09,2026-02-10,G4,XLC,FOX,-0.1345980212433403,0.2596,0.02906898450279549,3.630296639031072,,,,,,,
1 month,2026-01-09,2026-02-10,G1,XLC,CMCSA,0.15223015099700987,,,,0.3608,1.0,1.0644733167014102,0.04392501442016846,0.019229794518155534,2.4656824364549843,3.5635866890176677
1 month,2026-01-09,2026-02-10,G3,XLC,T,0.1559547636519505,,,,0.2133,1.0,1.0375112931597263,0.026600360544846307,0.011615819629591852,4.8628815721885355,9.196738092461741
1 month,2026-01-09,2026-02-10,G4,XLB,DOW,0.276110846746102,0.5235,0.06005044583464166,-1.0,,,,,,,
1 month,2026-01-09,2026-02-10,G1,XLB,FCX,0.12184023160568325,,,,0.4143,1.0,1.0748998966033823,0.05020660610493197,0.021911331116293082,1.426776893682809,1.1422858681276788
1 month,2026-01-09,2026-02-10,G2,XLE,EXE,0.005707010487832953,0.2888,0.03249893432462336,-1.0,,,,,,,
1 month,2026-01-09,2026-02-10,G1,XLE,SLB,0.11327434994750174,,,,0.3528,1.0,1.062944410077137,0.042985543399757326,0.018825215806265637,1.6351731533104497,1.6735385340768971
1 month,2026-01-09,2026-02-10,G2,XLP,KMB,0.08129077500085158,0.3139,0.03544715384829245,-1.0,,,,,,,
1 month,2026-01-09,2026-02-10,G1,XLP,TGT,0.07306689022273316,,,,0.3507,1.0,1.0625443622563817,0.042738926008125434,0.01871885737841257,0.7096098813723539,-0.43786483578391555
1 month,2026-01-09,2026-02-10,G2,XLU,NRG,0.051238177067764124,0.4068,0.04635640957717909,-1.0,,,,,,,
1 month,2026-01-09,2026-02-10,G4,XLU,ED,0.092934322809336,0.1578,0.01711407189415392,-1.0,,,,,,,
1 month,2026-01-09,2026-02-10,G3,XLU,XEL,0.043630473887057875,,,,0.23079999999999998,1.0,1.0405768384268348,0.028655801532552077,0.012536531178205862,0.5225703541216642,-0.7564210213482476
1 month,2026-02-10,2026-03-12,G2,XLK,INTU,0.032606316299473415,0.5826,0.06694544661606774,-1.0,,,,,,,
1 month,2026-02-10,2026-03-12,G1,XLK,CSCO,-0.09908451805743768,,,,0.35229999999999995,1.0,1.0629163792824126,0.04295876328261021,0.01879989828096808,-1.0,-1.0
1 month,2026-02-10,2026-03-12,G2,XLY,AMZN,0.012417819781880945,0.3148,0.035520033631406836,-1.0,,,,,,,
1 month,2026-02-10,2026-03-12,G4,XLY,MAR,-0.11807116189658651,0.2664,0.029835247177094584,2.957438703146838,,,,,,,
1 month,2026-02-10,2026-03-12,G1,XLY,SBUX,0.03379533098220744,,,,0.2917,1.0,1.051588570293336,0.03584162262179932,0.01570385312641035,-0.05709260602357091,-1.0
1 month,2026-02-10,2026-03-12,G3,XLY,BKNG,-0.012568590460428908,,,,0.4384,1.0,1.07978134879577,0.053066986275417345,0.02310573539924591,-1.0,-1.0
1 month,2026-02-10,2026-03-12,G2,XLV,BSX,-0.07676763566656142,0.2901,0.03261896874704797,1.3534660541194747,,,,,,,
1 month,2026-02-10,2026-03-12,G4,XLV,MDT,-0.13843427347653525,0.2595,0.029024792786097153,3.7695180632898477,,,,,,,
1 month,2026-02-10,2026-03-12,G1,XLV,GILD,-0.013720004009136644,,,,0.3933,1.0,1.07083283425963,0.04777289375874615,0.02086373521169998,-1.0,-1.0
1 month,2026-02-10,2026-03-12,G3,XLV,DHR,-0.1524004699762571,,,,0.2564,1.0,1.0451911515603824,0.03169540266609609,0.01387486838322661,-1.0,-1.0
1 month,2026-02-10,2026-03-12,G2,XLI,UBER,-0.007210867745535698,0.3518,0.03986532191984913,-0.8191192896915906,,,,,,,
1 month,2026-02-10,2026-03-12,G4,XLI,CTAS,-0.028124521233289124,0.2159,0.023903921429247875,0.17656516385956378,,,,,,,
1 month,2026-02-10,2026-03-12,G1,XLI,GEV,0.05225160834686826,,,,0.4985,1.0,1.0921061415647075,0.06011894047615128,0.026048310398963787,-0.13086278745055346,-1.0
1 month,2026-02-10,2026-03-12,G3,XLI,ADP,-0.08016670086164412,,,,0.2764,1.0,1.0487977684392995,0.03404454518557698,0.014913449083545931,-1.0,-1.0
1 month,2026-02-10,2026-03-12,G2,XLC,TTWO,-0.007166293567042126,0.37070000000000003,0.04208466147572183,-0.8297172101247309,,,,,,,
1 month,2026-02-10,2026-03-12,G1,XLC,VZ,0.06836895804975662,,,,0.21719999999999998,1.0,1.038257132559472,0.02709132111417242,0.011821419014188038,1.5236479890229644,1.5472259678930662
1 month,2026-02-10,2026-03-12,G3,XLC,FOXA,-0.0843736771460849,,,,0.3044,1.0,1.0539261595028309,0.03733327968631284,0.016357250634190097,-1.0,-1.0
1 month,2026-02-10,2026-03-12,G4,XLB,LYB,0.30476024913098176,0.3826,0.04348190622500561,-1.0,,,,,,,
1 month,2026-02-10,2026-03-12,G1,XLB,NUE,-0.1370904792542319,,,,0.3431,1.0,1.0611681995118896,0.041878377594459296,0.018333395923226404,-1.0,-1.0
1 month,2026-02-10,2026-03-12,G1,XLE,TRGP,0.09720820736524338,,,,0.3295,1.0,1.0586026888171436,0.04028120632027767,0.017641483971984062,1.4132397275378668,1.188337364895621
1 month,2026-02-10,2026-03-12,G4,XLP,MNST,-0.039665715078032626,0.3136,0.03537909550089206,0.12116249769676757,,,,,,,
1 month,2026-02-10,2026-03-12,G1,XLP,PEP,-0.0400714322978023,,,,0.228,1.0,1.0401498103767517,0.028359728850306964,0.012389536789063708,-1.0,-1.0
1 month,2026-02-10,2026-03-12,G2,XLU,CEG,0.11364638418063766,0.5363,0.061517559367899766,-1.0,,,,,,,
1 month,2026-02-10,2026-03-12,G4,XLU,ED,0.05154249041073533,0.21559999999999999,0.023868689197811002,-1.0,,,,,,,
1 month,2026-02-10,2026-03-12,G1,XLU,NEE,0.01679488403103324,,,,0.2568,1.0,1.0452628254362302,0.03174238532662242,0.013895699930049087,-0.47090037946999097,-1.0
1 month,2026-03-12,2026-04-13,G2,XLK,APH,0.10715086005426722,0.5461,0.06266003828881347,-1.0,,,,,,,
1 month,2026-03-12,2026-04-13,G1,XLK,MU,0.052767296208653836,,,,0.7563,1.0,1.1504720116756317,0.09032165243345165,0.03811196105061877,-0.4157846453536447,-1.0
1 month,2026-03-12,2026-04-13,G3,XLK,QCOM,0.0006863868448547805,,,,0.38189999999999996,1.0,1.0686241303653274,0.046440634507974844,0.020292357920678895,-0.9852201234516513,-1.0
1 month,2026-03-12,2026-04-13,G2,XLY,NKE,-0.2072787729916047,0.5192,0.05950559763961182,2.4833491505616423,,,,,,,
1 month,2026-03-12,2026-04-13,G1,XLY,ABNB,0.02051691807822409,,,,0.39649999999999996,1.0,1.0714726166431117,0.04815475676701479,0.021023781758320138,-0.5739378733135287,-1.0
1 month,2026-03-12,2026-04-13,G3,XLY,BKNG,0.05062933902723632,,,,0.3936,1.0,1.0709047245148158,0.047814292846919744,0.020878745898467985,0.05887457520973993,-1.0
1 month,2026-03-12,2026-04-13,G2,XLV,BSX,-0.0783370168857247,0.455,0.0519738679392688,0.5072385410541524,,,,,,,
1 month,2026-03-12,2026-04-13,G4,XLV,AMGN,-0.048859393605069634,0.2857,0.03209580939001249,0.5222982231528841,,,,,,,
1 month,2026-03-12,2026-04-13,G1,XLV,VRTX,-0.07964364649981948,,,,0.2995,1.0,1.0530349686386193,0.036764050986359806,0.016105440593942363,-1.0,-1.0
1 month,2026-03-12,2026-04-13,G3,XLV,DHR,0.05383614006175952,,,,0.3292,1.0,1.0585593987891273,0.040252224125187676,0.017626190189016143,0.33746994686118903,-1.0
1 month,2026-03-12,2026-04-13,G2,XLI,MMM,0.024748488263956592,0.3128,0.03527874591446191,-1.0,,,,,,,
1 month,2026-03-12,2026-04-13,G1,XLI,NOC,-0.0746842188064687,,,,0.31670000000000004,1.0,1.0562214462067365,0.038784176351773496,0.016987755003918328,-1.0,-1.0
1 month,2026-03-12,2026-04-13,G3,XLI,ADP,-0.05040098443312113,,,,0.3493,1.0,1.0623582899882895,0.042612695527989866,0.01864791554776102,-1.0,-1.0
1 month,2026-03-12,2026-04-13,G1,XLC,LYV,0.03368259512091876,,,,0.3127,1.0,1.055477255285567,0.03831438831595457,0.016782962061957868,-0.12088913326347361,-1.0
1 month,2026-03-12,2026-04-13,G3,XLC,FOX,0.07183691191594632,,,,0.40299999999999997,1.0,1.072749266122472,0.04891784233578066,0.021348418617986503,0.46852167809947853,-1.0
1 month,2026-03-12,2026-04-13,G2,XLB,VMC,0.12637890306471444,0.3293,0.03721658107215548,-1.0,,,,,,,
1 month,2026-03-12,2026-04-13,G4,XLB,DOW,0.06732298562715622,0.53,0.060772168669934776,-1.0,,,,,,,
1 month,2026-03-12,2026-04-13,G3,XLB,IFF,0.030187743343063733,,,,0.3715,1.0,1.066611087759334,0.04521952468103393,0.01976944593615303,-0.3324179421168212,-1.0
1 month,2026-03-12,2026-04-13,G1,XLE,OXY,-0.0059920986371240215,,,,0.4355,1.0,1.0792115801683968,0.052732755076875706,0.02296245130132065,-1.0,-1.0
1 month,2026-03-12,2026-04-13,G2,XLP,GIS,-0.10803729088230318,0.3669,0.04163200846920523,1.5950535382461126,,,,,,,
1 month,2026-03-12,2026-04-13,G4,XLP,TGT,0.018401750225928604,0.3311,0.03742797443587274,-1.0,,,,,,,
1 month,2026-03-12,2026-04-13,G1,XLP,KR,-0.09244925294625583,,,,0.2778,1.0,1.0490649225127744,0.03421530186063606,0.014985921322788955,-1.0,-1.0
1 month,2026-03-12,2026-04-13,G3,XLP,KDP,-0.02450801019567761,,,,0.3259,1.0,1.057940357044493,0.039864665774923314,0.017457870009617328,-1.0,-1.0
1 month,2026-03-12,2026-04-13,G2,XLU,NRG,0.11926359990155966,0.5051,0.05785181543534251,-1.0,,,,,,,
1 month,2026-03-12,2026-04-13,G4,XLU,AEE,0.01618180958723836,0.20550000000000002,0.022676352891406414,-1.0,,,,,,,
1 month,2026-03-12,2026-04-13,G1,XLU,SO,-0.01952156752819667,,,,0.21660000000000001,1.0,1.0381651759575379,0.02702727045829979,0.011789803756953376,-1.0,-1.0
1 month,2026-04-13,2026-05-12,G2,XLK,NOW,-0.0006736757269084626,0.6983,0.08049030964311846,-0.9916303499154691,,,,,,,
1 month,2026-04-13,2026-05-12,G1,XLK,LRCX,0.08199907914903859,,,,0.6969,1.0,1.1362041412426194,0.08337216574867756,0.03541010746437015,-0.016469364653163954,-1.0
1 month,2026-04-13,2026-05-12,G3,XLK,IBM,-0.07142606984564626,,,,0.4707,1.0,1.0863592853306785,0.05686271238820603,0.024693528445040254,-1.0,-1.0
1 month,2026-04-13,2026-05-12,G2,XLY,NKE,-0.013050620056739515,0.3408,0.038567980289324656,-0.6616203400116376,,,,,,,
1 month,2026-04-13,2026-05-12,G4,XLY,HLT,-0.04183214648330924,0.32170000000000004,0.03632486940783883,0.15161175154237405,,,,,,,
1 month,2026-04-13,2026-05-12,G1,XLY,AMZN,0.10809124182143481,,,,0.4164,1.0,1.0753959473582717,0.050490046734499944,0.02201573996429187,1.1408425781387872,0.4850872383209821
1 month,2026-04-13,2026-05-12,G3,XLY,BKNG,-0.09416083848629464,,,,0.40409999999999996,1.0,1.072964069707146,0.0490461543379996,0.02140329656071447,-1.0,-1.0
1 month,2026-04-13,2026-05-12,G2,XLV,BSX,-0.1437163942259565,0.4285,0.04886463965874533,1.9411123305037101,,,,,,,
1 month,2026-04-13,2026-05-12,G4,XLV,MRK,-0.06475238493919266,0.3134,0.03535006662306357,0.8317471825341929,,,,,,,
1 month,2026-04-13,2026-05-12,G1,XLV,CVS,0.22916052446631152,,,,0.3122,1.0,1.0553826309245722,0.038254828156026204,0.016757346077354275,4.9903686805664655,9.370251514742023
1 month,2026-04-13,2026-05-12,G3,XLV,TMO,-0.10681988428419564,,,,0.36869999999999997,1.0,1.0660696296923216,0.044889924706310126,0.019628391208997235,-1.0,-1.0
1 month,2026-04-13,2026-05-12,G2,XLI,CTAS,-0.05840158834912601,0.266,0.029782780529656598,0.9609179301097088,,,,,,,
1 month,2026-04-13,2026-05-12,G4,XLI,CAT,0.15427805843838205,0.4108,0.0467869810540611,-1.0,,,,,,,
1 month,2026-04-13,2026-05-12,G1,XLI,GEV,0.08158442983233072,,,,0.516,1.0,1.0957941259999953,0.062176870520492034,0.026895596031056915,0.3121347078001029,-1.0
1 month,2026-04-13,2026-05-12,G3,XLI,ADP,0.09432901062682397,,,,0.3518,1.0,1.0628324617921945,0.042905441918637245,0.018774577062499905,1.1985325499199533,0.677616956684491
1 month,2026-04-13,2026-05-12,G2,XLC,TMUS,0.00452118781572608,0.3593,0.04074045173342463,-1.0,,,,,,,
1 month,2026-04-13,2026-05-12,G1,XLC,NFLX,-0.1502520303388971,,,,0.4044,1.0,1.073023159566911,0.04908137266717766,0.021418260230798812,-1.0,-1.0
1 month,2026-04-13,2026-05-12,G3,XLC,FOX,0.05724445567583647,,,,0.4048,1.0,1.0731019634566994,0.049128330329343196,0.0214382097636645,0.16520254794097156,-1.0
1 month,2026-04-13,2026-05-12,G1,XLB,FCX,-0.027261533268444493,,,,0.5075,1.0,1.0940035046961545,0.06117990456264679,0.026484589869678644,-1.0,-1.0
1 month,2026-04-13,2026-05-12,G3,XLB,IP,-0.10313775772126099,,,,0.5222,1.0,1.0971061836980704,0.06290401680482974,0.02719475616554773,-1.0,-1.0
1 month,2026-04-13,2026-05-12,G2,XLE,EQT,-0.030551518035494052,0.3768,0.04279530499520635,-0.2861011730395139,,,,,,,
1 month,2026-04-13,2026-05-12,G1,XLE,HAL,0.08003103286241764,,,,0.3994,1.0,1.072039788609141,0.04849439135700056,0.02116869546820219,0.6503152348743644,-0.6224970846559504
1 month,2026-04-13,2026-05-12,G2,XLP,PM,0.14857135618593698,0.3465,0.03923735629200965,-1.0,,,,,,,
1 month,2026-04-13,2026-05-12,G4,XLP,MO,0.04610104331485876,0.2606,0.029148518647222114,-1.0,,,,,,,
1 month,2026-04-13,2026-05-12,G1,XLP,WMT,0.048396699221048056,,,,0.289,1.0,1.051105298212286,0.03552995529034041,0.015564627873368242,0.3621379150512405,-1.0
1 month,2026-04-13,2026-05-12,G3,XLP,GIS,-0.01244213856471188,,,,0.3013,1.0,1.0533650547320919,0.03697462548197962,0.016197984267317753,-1.0,-1.0
1 month,2026-04-13,2026-05-12,G2,XLU,CEG,0.006444549683759071,0.517,0.059248456244222834,-1.0,,,,,,,
1 month,2026-04-13,2026-05-12,G4,XLU,AEP,-0.011615425068881247,0.244,0.027198772733215158,-0.572943044790529,,,,,,,
1 month,2026-04-13,2026-05-12,G1,XLU,DTE,-0.03342135987218786,,,,0.20929999999999999,1.0,1.0368922291648515,0.026169124928518157,0.011404702179050319,-1.0,-1.0
1 month,2026-04-13,2026-05-12,G3,XLU,VST,-0.07161809641452399,,,,0.6009,1.0,1.1142039309711458,0.07212994394894408,0.03094632555778894,-1.0,-1.0
1 month,2026-05-12,2026-06-11,G2,XLK,APH,0.19230470451458137,0.4919,0.05630426925643246,-1.0,,,,,,,
1 month,2026-05-12,2026-06-11,G1,XLK,MU,0.2991076562011754,,,,0.977,1.0,1.208127573784332,0.11607935589608798,0.04776638883906312,1.5767515153076048,0.9046883096685012
1 month,2026-05-12,2026-06-11,G2,XLY,MCD,0.04315720192259631,0.1865,0.020446201543772982,-1.0,,,,,,,
1 month,2026-05-12,2026-06-11,G4,XLY,SBUX,-0.03472058328644967,0.2853,0.03204967483629011,0.08333652256388202,,,,,,,
1 month,2026-05-12,2026-06-11,G1,XLY,TSLA,-0.07913258125406164,,,,0.47369999999999995,1.0,1.0869759210827652,0.057214710945228,0.024840251107134153,-1.0,-1.0
1 month,2026-05-12,2026-06-11,G3,XLY,F,0.2268557881303177,,,,0.31079999999999997,1.0,1.0551226998529104,0.03809040054891847,0.016685601364971808,4.955720729136804,9.292292409545848
1 month,2026-05-12,2026-06-11,G2,XLV,SYK,0.038003090352971336,0.2717,0.030452279916594428,-1.0,,,,,,,
1 month,2026-05-12,2026-06-11,G1,XLV,UNH,0.023108491486201643,,,,0.3048,1.0,1.054011357667331,0.0373857036414324,0.01637779059618187,-0.38188961995108905,-1.0
1 month,2026-05-12,2026-06-11,G3,XLV,MRK,0.07466410007876845,,,,0.3372,1.0,1.0600638054727012,0.04119090692076498,0.01803356583159791,0.8126354979848482,-0.19038227145931552
1 month,2026-05-12,2026-06-11,G2,XLI,NOC,-0.005997215491854391,0.2974,0.03347086414465795,-0.8208228067869717,,,,,,,
1 month,2026-05-12,2026-06-11,G4,XLI,UNP,0.015338114530591307,0.21100000000000002,0.023323065106121307,-1.0,,,,,,,
1 month,2026-05-12,2026-06-11,G1,XLI,CAT,-0.015907669390882728,,,,0.3766,1.0,1.0675948376567608,0.04581752103061642,0.020026071722909412,-1.0,-1.0
1 month,2026-05-12,2026-06-11,G3,XLI,CTAS,0.10249392686419956,,,,0.2492,1.0,1.0439153634901432,0.030855229995555573,0.013499480764134745,2.3217683640330304,3.3393197410738216
1 month,2026-05-12,2026-06-11,G2,XLC,CHTR,-0.05935640135195841,0.5503,0.06315335825419152,-0.06012280276450821,,,,,,,
1 month,2026-05-12,2026-06-11,G1,XLC,GOOGL,-0.07581344423268666,,,,0.31679999999999997,1.0,1.0562383391332373,0.038795085486503185,0.016992871755766213,-1.0,-1.0
1 month,2026-05-12,2026-06-11,G3,XLC,OMC,0.004709597046180125,,,,0.3018,1.0,1.0534572945145935,0.037033351141995546,0.016223682179100436,-0.872828223724009,-1.0
1 month,2026-05-12,2026-06-11,G2,XLB,ECL,0.047397666933280735,0.2491,0.02779778563502203,-1.0,,,,,,,
1 month,2026-05-12,2026-06-11,G4,XLB,DD,-0.06953157117543118,0.344,0.03894377241018574,0.7854349199423027,,,,,,,
1 month,2026-05-12,2026-06-11,G1,XLB,NUE,0.13518681035202262,,,,0.3713,1.0,1.0665707521611754,0.045195214085487725,0.019759374412653106,1.991175350919098,2.4725825199662315
1 month,2026-05-12,2026-06-11,G3,XLB,IP,0.07914119689169974,,,,0.47350000000000003,1.0,1.0869347761311465,0.057191244660615065,0.024830473546663272,0.38379916998380237,-1.0
1 month,2026-05-12,2026-06-11,G2,XLE,COP,-0.021294650309693686,0.3308,0.0373935973201897,-0.43052683251214774,,,,,,,
1 month,2026-05-12,2026-06-11,G1,XLE,MPC,0.03895138975489654,,,,0.451,1.0,1.0823386161760855,0.054551032277993794,0.023726886049388173,-0.2859642040062771,-1.0
1 month,2026-05-12,2026-06-11,G2,XLP,KR,-0.0025103155488094275,0.2741,0.03073417419648624,-0.9183216854059338,,,,,,,
1 month,2026-05-12,2026-06-11,G4,XLP,KO,0.031238215547606085,0.1548,0.01672532844115809,-1.0,,,,,,,
1 month,2026-05-12,2026-06-11,G1,XLP,MNST,0.07173629714318408,,,,0.2444,1.0,1.0430607423855598,0.030291452851616493,0.013248779773727803,1.3682025914896294,1.1643921362847083
1 month,2026-05-12,2026-06-11,G3,XLP,GIS,-0.009082930147216395,,,,0.34259999999999996,1.0,1.0610848212180615,0.041825062955137625,0.01830800662361457,-1.0,-1.0
1 month,2026-05-12,2026-06-11,G2,XLU,NRG,-0.09931549958818708,0.4376,0.049932709068098366,0.9889868072797807,,,,,,,
1 month,2026-05-12,2026-06-11,G1,XLU,XEL,-0.020400642178861617,,,,0.2302,1.0,1.0405481197726358,0.028623654165337704,0.012505042603180755,-1.0,-1.0
1 month,2026-05-12,2026-06-11,G3,XLU,PCG,-0.00118961459855349,,,,0.3065,1.0,1.054325802324523,0.03758536889893616,0.01646505858335511,-1.0,-1.0
1 month,2026-06-11,2026-07-14,G2,XLK,INTU,0.024452249725197772,0.5272,0.0604358763291531,-1.0,,,,,,,
1 month,2026-06-11,2026-07-14,G1,XLK,IBM,-0.21022380663060602,,,,0.4395,1.0,1.080032086095223,0.05320957728916218,0.02316005308669986,-1.0,-1.0
1 month,2026-06-11,2026-07-14,G2,XLY,TSLA,-0.007440814896951475,0.49060000000000004,0.05614299059593305,-0.86746671636173,,,,,,,
1 month,2026-06-11,2026-07-14,G1,XLY,F,-0.05234535813920593,,,,0.4075,1.0,1.073652059325523,0.049453509716769886,0.02157280853657343,-1.0,-1.0
1 month,2026-06-11,2026-07-14,G3,XLY,MCD,-0.05558867128919853,,,,0.23070000000000002,1.0,1.0406533030323026,0.028690898412640692,0.012531283469454639,-1.0,-1.0
1 month,2026-06-11,2026-07-14,G2,XLV,BSX,-0.09624755728354084,0.28300000000000003,0.0317710611743935,2.0294095861397716,,,,,,,
1 month,2026-06-11,2026-07-14,G1,XLV,LLY,-0.007243948099657449,,,,0.3788,1.0,1.0680384993290408,0.046084090731375586,0.020136655475703966,-1.0,-1.0
1 month,2026-06-11,2026-07-14,G3,XLV,MDT,-0.0039152399192514675,,,,0.2788,1.0,1.049262175074293,0.034340336817408876,0.015037668963557224,-1.0,-1.0
1 month,2026-06-11,2026-07-14,G2,XLI,GEV,0.17618709619199868,0.5216,0.05977914055393489,-1.0,,,,,,,
1 month,2026-06-11,2026-07-14,G4,XLI,MMM,-0.008422521498136049,0.2643,0.029574673485889453,-0.7152116826529116,,,,,,,
1 month,2026-06-11,2026-07-14,G1,XLI,WM,0.07075281968515323,,,,0.2776,1.0,1.0490441106408948,0.03419939233473064,0.014975569970476811,1.0688326562253385,0.44960820102711097
1 month,2026-06-11,2026-07-14,G3,XLI,HON,-0.031008670368172564,,,,0.3201,1.0,1.0568711494765208,0.039191006158906,0.0171616405868751,-1.0,-1.0
1 month,2026-06-11,2026-07-14,G2,XLC,T,-0.06239403783115205,0.2772,0.031089830579541473,1.006895395313287,,,,,,,
1 month,2026-06-11,2026-07-14,G4,XLC,FOX,-0.19328552416217437,0.4216,0.048046054297217186,3.022921902524873,,,,,,,
1 month,2026-06-11,2026-07-14,G1,XLC,TKO,-0.1329912753551129,,,,0.36619999999999997,1.0,1.065606078196729,0.044604650776517034,0.019502352237331953,-1.0,-1.0
1 month,2026-06-11,2026-07-14,G2,XLB,DOW,-0.09872142351433255,0.3669,0.04162426433751331,1.3717277670986059,,,,,,,
1 month,2026-06-11,2026-07-14,G4,XLB,PPG,-0.030277313719459742,0.33039999999999997,0.03733807255756697,-0.18910346342118056,,,,,,,
1 month,2026-06-11,2026-07-14,G1,XLB,STLD,-0.16337241834021432,,,,0.4917,1.0,1.090717965339129,0.059334613723318004,0.025717926746499684,-1.0,-1.0
1 month,2026-06-11,2026-07-14,G3,XLB,IP,0.04434905746606743,,,,0.32630000000000003,1.0,1.05803097553294,0.03991914828790392,0.01747828110708861,0.11097203643259501,-1.0
1 month,2026-06-11,2026-07-14,G2,XLE,EXE,0.00838308469770399,0.2797,0.03138346486158536,-1.0,,,,,,,
1 month,2026-06-11,2026-07-14,G4,XLE,PSX,0.13110607709215039,0.3171,0.03577609367056963,-1.0,,,,,,,
1 month,2026-06-11,2026-07-14,G1,XLE,TRGP,0.04540225430275169,,,,0.3265,1.0,1.058068466117927,0.039942636480599716,0.0174884857605331,0.13668646597236078,-1.0
1 month,2026-06-11,2026-07-14,G3,XLE,BKR,-0.08979212006436454,,,,0.3765,1.0,1.0675930326901566,0.04581404204200337,0.020021043506056074,-1.0,-1.0
1 month,2026-06-11,2026-07-14,G2,XLP,WMT,-0.056431602159242034,0.2671,0.02990354483488098,0.8871208236629329,,,,,,,
1 month,2026-06-11,2026-07-14,G4,XLP,KVUE,0.03818491277270453,0.2698,0.03022067093265476,-1.0,,,,,,,
1 month,2026-06-11,2026-07-14,G1,XLP,KDP,-0.02415813640677955,,,,0.3276,1.0,1.0582747502744674,0.04007182123612543,0.01754460068791862,-1.0,-1.0
1 month,2026-06-11,2026-07-14,G3,XLP,HSY,-0.0518689784252514,,,,0.2932,1.0,1.051892197424965,0.03603165656165552,0.01578115284916423,-1.0,-1.0
1 month,2026-06-11,2026-07-14,G2,XLU,CEG,0.03939847258072415,0.4631,0.0529165060989487,-1.0,,,,,,,
1 month,2026-06-11,2026-07-14,G4,XLU,D,0.06912585004888627,0.2609,0.029175330238398068,-1.0,,,,,,,
1 month,2026-06-11,2026-07-14,G1,XLU,DTE,0.030635249108551088,,,,0.27649999999999997,1.0,1.048844367106888,0.03407019312705337,0.014918626660594743,-0.10081962276212841,-1.0
1 month,2026-07-14,2026-08-12,G2,XLK,ORCL,0.1980615589678123,0.6014,0.06909965209832462,-1.0,,,,,,,
1 month,2026-07-14,2026-08-12,G1,XLK,AMD,-0.11894990536227013,,,,0.8623000000000001,1.0,1.177316168026043,0.10274221152547991,0.04282292888561641,-1.0,-1.0
1 month,2026-07-14,2026-08-12,G2,XLY,ROST,0.12365917008293881,0.29410000000000003,0.03304211974350406,-1.0,,,,,,,
1 month,2026-07-14,2026-08-12,G1,XLY,DASH,0.13152997012676937,,,,0.6417,1.0,1.1234870728876574,0.07694805439917456,0.0328583098712738,0.7093345784215226,-0.7552248648630726
1 month,2026-07-14,2026-08-12,G2,XLV,PFE,0.10392840047982488,0.2412,0.026829258214124872,-1.0,,,,,,,
1 month,2026-07-14,2026-08-12,G4,XLV,MDT,0.14451448478498685,0.2582,0.028825804584661534,-1.0,,,,,,,
1 month,2026-07-14,2026-08-12,G1,XLV,TMO,0.12908421923895252,,,,0.3983,1.0,1.0719093193013385,0.04840518258139309,0.02111374256944203,1.6667437731878798,1.7079471936142339
1 month,2026-07-14,2026-08-12,G2,XLI,HON,0.056852834511085026,0.376,0.04265958631179923,-1.0,,,,,,,
1 month,2026-07-14,2026-08-12,G1,XLI,GEV,-0.02449318966273406,,,,0.6928,1.0,1.135328662199719,0.08293051085204323,0.03522193989070235,-1.0,-1.0
1 month,2026-07-14,2026-08-12,G2,XLC,FOXA,0.14907965966722547,0.4086,0.04648671089808128,-1.0,,,,,,,
1 month,2026-07-14,2026-08-12,G4,XLC,WBD,0.006186320201085227,0.7415999999999999,0.08551216825195929,-1.0,,,,,,,
1 month,2026-07-14,2026-08-12,G1,XLC,META,-0.12433438446976874,,,,0.5408,1.0,1.1011604506133448,0.06512422016809392,0.028089048305285826,-1.0,-1.0
1 month,2026-07-14,2026-08-12,G3,XLC,VZ,0.1061925639723007,,,,0.32530000000000003,1.0,1.0579105453996895,0.039833830009275026,0.017427248886265248,1.665888867517245,1.7704899888509091
1 month,2026-07-14,2026-08-12,G2,XLB,STLD,0.1278336652754699,0.5081,0.05816194127341044,-1.0,,,,,,,
1 month,2026-07-14,2026-08-12,G4,XLB,CTVA,-0.11046995615656274,0.2762,0.03093984033119755,2.5704759615444,,,,,,,
1 month,2026-07-14,2026-08-12,G1,XLB,APD,0.015597907558237978,,,,0.3231,1.0,1.0574987042417863,0.039575471746245844,0.01731492544973624,-0.6058693208194645,-1.0
1 month,2026-07-14,2026-08-12,G3,XLB,LYB,0.07258750745884024,,,,0.5136,1.0,1.095374909626038,0.06193458042212236,0.02677964895806095,0.1720028934419442,-1.0
1 month,2026-07-14,2026-08-12,G2,XLE,HAL,-0.06013548436868221,0.46759999999999996,0.053410878516197594,0.12590329983891357,,,,,,,
1 month,2026-07-14,2026-08-12,G1,XLE,VLO,0.09971183729463462,,,,0.4219,1.0,1.0765753137247882,0.05117542069097968,0.022288890582341684,0.9484321955405073,0.038029393359588326
1 month,2026-07-14,2026-08-12,G3,XLE,SLB,0.10664698499281777,,,,0.3546,1.0,1.0634511732976168,0.04327448365026266,0.018916328328846405,1.4644311380979467,1.2835198746962715
1 month,2026-07-14,2026-08-12,G2,XLP,COST,0.03183052582842838,0.23440000000000003,0.02603066515364813,-1.0,,,,,,,
1 month,2026-07-14,2026-08-12,G4,XLP,GIS,0.047175020951540025,0.2772,0.031057286909970692,-1.0,,,,,,,
1 month,2026-07-14,2026-08-12,G1,XLP,MNST,-0.061728424853501385,,,,0.33840000000000003,1.0,1.060374929529626,0.04137219371824204,0.018094590086482325,-1.0,-1.0
1 month,2026-07-14,2026-08-12,G4,XLU,ED,-0.03733475942059894,0.20559999999999998,0.022648690522693398,0.6484290508182122,,,,,,,
1 month,2026-07-14,2026-08-12,G1,XLU,NRG,-0.12483155309375649,,,,0.531,1.0,1.0990647391840738,0.06397511266972984,0.027618457066697223,-1.0,-1.0
1 month,2026-08-12,2026-09-11,G2,XLK,AMD,0.06874704969778156,0.5461,0.06261496426810778,-1.0,,,,,,,
1 month,2026-08-12,2026-09-11,G1,XLK,MSFT,0.008393153523299723,,,,0.2627,1.0,1.046422808342107,0.03248484284860903,0.014202680597872993,-0.7416286246969165,-1.0
1 month,2026-08-12,2026-09-11,G2,XLY,TSLA,0.11581323179381608,0.36939999999999995,0.0418816686993449,-1.0,,,,,,,
1 month,2026-08-12,2026-09-11,G1,XLY,ABNB,-0.05499874350848022,,,,0.341,1.0,1.0608726095177876,0.04168042067951025,0.01822673595054248,-1.0,-1.0
1 month,2026-08-12,2026-09-11,G3,XLY,MAR,-0.054176286573721644,,,,0.2566,1.0,1.045327504696136,0.03176842724478163,0.013885284463198732,-1.0,-1.0
1 month,2026-08-12,2026-09-11,G2,XLV,CVS,-0.0006334201628012126,0.24719999999999998,0.027530976851875905,-0.9769924559448364,,,,,,,
1 month,2026-08-12,2026-09-11,G4,XLV,PFE,0.053591785482068,0.1864,0.020391603625318253,-1.0,,,,,,,
1 month,2026-08-12,2026-09-11,G1,XLV,ABT,-0.08078628093065532,,,,0.23870000000000002,1.0,1.0421384292078733,0.029666204612588783,0.012950611429589034,-1.0,-1.0
1 month,2026-08-12,2026-09-11,G2,XLI,CAT,-0.043279534032664824,0.36579999999999996,0.0414589826417487,0.043912109630080964,,,,,,,
1 month,2026-08-12,2026-09-11,G1,XLI,MMM,-0.09842106768583714,,,,0.2214,1.0,1.0390914996323026,0.027634569834275032,0.012042569002972885,-1.0,-1.0
1 month,2026-08-12,2026-09-11,G2,XLC,TMUS,0.03529785139708541,0.262,0.0292691522241029,-1.0,,,,,,,
1 month,2026-08-12,2026-09-11,G4,XLC,LYV,-0.08190798998862736,0.294,0.03302740708624975,1.4800006181147642,,,,,,,
1 month,2026-08-12,2026-09-11,G1,XLC,CHTR,-0.029623198722414146,,,,0.5307,1.0,1.099007107566002,0.06394275600907146,0.02760403033187923,-1.0,-1.0
1 month,2026-08-12,2026-09-11,G2,XLB,CTVA,0.11318456105855645,0.2525,0.028153426550872905,-1.0,,,,,,,
1 month,2026-08-12,2026-09-11,G1,XLB,NEM,0.07836032428326511,,,,0.41729999999999995,1.0,1.0756665745393048,0.05063836726516412,0.022060467151265747,0.5474496614975168,-0.8778924432792087
1 month,2026-08-12,2026-09-11,G2,XLE,TRGP,0.08032153010655985,0.307,0.034554159143910905,-1.0,,,,,,,
1 month,2026-08-12,2026-09-11,G1,XLE,SLB,0.07110585657387358,,,,0.3039,1.0,1.0539351123020841,0.037323570014395666,0.016331572295952477,0.9051193802320661,0.051383416160428075
1 month,2026-08-12,2026-09-11,G2,XLP,MO,0.07145087952195106,0.2164,0.023913947708855843,-1.0,,,,,,,
1 month,2026-08-12,2026-09-11,G1,XLP,TGT,0.011883128773082285,,,,0.4046,1.0,1.0731542878251878,0.04914761753612582,0.021428235286819912,-0.7582155683467724,-1.0
1 month,2026-08-12,2026-09-11,G2,XLU,NRG,-0.05967184119933622,0.47979999999999995,0.054839180854018,0.08812422560035649,,,,,,,
1 month,2026-08-12,2026-09-11,G1,XLU,CEG,0.02335198189908283,,,,0.4146,1.0,1.0751307815823623,0.0503214470841959,0.021926250559780234,-0.5359437525711225,-1.0
1 month,2026-08-12,2026-09-11,G3,XLU,DTE,-0.04398606862623944,,,,0.1886,1.0,1.0334088827576355,0.023783348863902397,0.010308169637783771,-1.0,-1.0
